2025-07-19 15:26:06 [INFO] GripperOptimized:__init__:66 - 夾爪模組啟動 - 優化版本 - 基地址: 500-539
2025-07-19 15:26:06 [INFO] GripperOptimized:__init__:67 - 性能參數: 主循環=20.0ms, 狀態更新=50.0ms
2025-07-19 15:26:06 [INFO] GripperOptimized:fast_loop:438 - 夾爪主循環啟動 - 高性能模式
2025-07-19 15:26:06 [INFO] GripperOptimized:start:509 - 夾爪模組已啟動 - 高性能模式
2025-07-19 15:26:06 [INFO] GripperOptimized:connect_main_server:158 - 主服務器連接成功: 127.0.0.1:502
2025-07-19 15:26:06 [INFO] GripperOptimized:connect_rtu_devices:183 - RTU設備連接成功: COM11
2025-07-19 15:26:14 [INFO] GripperOptimized:stop:519 - 正在停止夾爪模組...
2025-07-19 15:26:14 [INFO] GripperOptimized:stop:528 - 最終性能統計: 總循環=402, 總指令=0, 總錯誤=0
2025-07-19 15:26:14 [INFO] GripperOptimized:stop:532 - 夾爪模組已停止
2025-07-19 15:27:05 [INFO] GripperOptimized:__init__:66 - 夾爪模組啟動 - 優化版本 - 基地址: 500-539
2025-07-19 15:27:05 [INFO] GripperOptimized:__init__:67 - 性能參數: 主循環=1.0ms, 狀態更新=50.0ms
2025-07-19 15:27:05 [INFO] GripperOptimized:fast_loop:438 - 夾爪主循環啟動 - 高性能模式
2025-07-19 15:27:05 [INFO] GripperOptimized:start:509 - 夾爪模組已啟動 - 高性能模式
2025-07-19 15:27:05 [INFO] GripperOptimized:connect_main_server:158 - 主服務器連接成功: 127.0.0.1:502
2025-07-19 15:27:05 [INFO] GripperOptimized:connect_rtu_devices:183 - RTU設備連接成功: COM11
2025-07-19 15:27:05 [WARNING] GripperOptimized:fast_loop:492 - 主循環執行時間過長: 20.7ms
2025-07-19 15:27:05 [WARNING] GripperOptimized:fast_loop:492 - 主循環執行時間過長: 14.0ms
2025-07-19 15:27:05 [WARNING] GripperOptimized:fast_loop:492 - 主循環執行時間過長: 7.0ms
2025-07-19 15:27:05 [WARNING] GripperOptimized:fast_loop:492 - 主循環執行時間過長: 7.0ms
2025-07-19 15:27:05 [WARNING] GripperOptimized:fast_loop:492 - 主循環執行時間過長: 5.5ms
2025-07-19 15:27:05 [WARNING] GripperOptimized:fast_loop:492 - 主循環執行時間過長: 7.5ms
2025-07-19 15:27:05 [WARNING] GripperOptimized:fast_loop:492 - 主循環執行時間過長: 7.0ms
2025-07-19 15:27:05 [WARNING] GripperOptimized:fast_loop:492 - 主循環執行時間過長: 7.5ms
2025-07-19 15:27:05 [WARNING] GripperOptimized:fast_loop:492 - 主循環執行時間過長: 7.5ms
2025-07-19 15:27:05 [WARNING] GripperOptimized:fast_loop:492 - 主循環執行時間過長: 6.5ms
2025-07-19 15:27:05 [WARNING] GripperOptimized:fast_loop:492 - 主循環執行時間過長: 7.4ms
2025-07-19 15:27:05 [WARNING] GripperOptimized:fast_loop:492 - 主循環執行時間過長: 7.0ms
2025-07-19 15:27:05 [WARNING] GripperOptimized:fast_loop:492 - 主循環執行時間過長: 6.7ms
2025-07-19 15:27:05 [WARNING] GripperOptimized:fast_loop:492 - 主循環執行時間過長: 7.0ms
2025-07-19 15:27:05 [WARNING] GripperOptimized:fast_loop:492 - 主循環執行時間過長: 7.1ms
2025-07-19 15:27:05 [WARNING] GripperOptimized:fast_loop:492 - 主循環執行時間過長: 7.5ms
2025-07-19 15:27:05 [WARNING] GripperOptimized:fast_loop:492 - 主循環執行時間過長: 7.1ms
2025-07-19 15:27:05 [WARNING] GripperOptimized:fast_loop:492 - 主循環執行時間過長: 7.1ms
2025-07-19 15:27:05 [WARNING] GripperOptimized:fast_loop:492 - 主循環執行時間過長: 8.1ms
2025-07-19 15:27:05 [WARNING] GripperOptimized:fast_loop:492 - 主循環執行時間過長: 14.1ms
2025-07-19 15:27:06 [WARNING] GripperOptimized:fast_loop:492 - 主循環執行時間過長: 6.0ms
2025-07-19 15:27:06 [WARNING] GripperOptimized:fast_loop:492 - 主循環執行時間過長: 8.0ms
2025-07-19 15:27:06 [WARNING] GripperOptimized:fast_loop:492 - 主循環執行時間過長: 6.6ms
2025-07-19 15:27:06 [WARNING] GripperOptimized:fast_loop:492 - 主循環執行時間過長: 8.0ms
2025-07-19 15:27:06 [WARNING] GripperOptimized:fast_loop:492 - 主循環執行時間過長: 7.5ms
2025-07-19 15:27:06 [WARNING] GripperOptimized:fast_loop:492 - 主循環執行時間過長: 8.0ms
2025-07-19 15:27:06 [WARNING] GripperOptimized:fast_loop:492 - 主循環執行時間過長: 5.6ms
2025-07-19 15:27:06 [WARNING] GripperOptimized:fast_loop:492 - 主循環執行時間過長: 8.0ms
2025-07-19 15:27:06 [WARNING] GripperOptimized:fast_loop:492 - 主循環執行時間過長: 8.0ms
2025-07-19 15:27:06 [WARNING] GripperOptimized:fast_loop:492 - 主循環執行時間過長: 7.1ms
2025-07-19 15:27:06 [WARNING] GripperOptimized:fast_loop:492 - 主循環執行時間過長: 7.1ms
2025-07-19 15:27:06 [WARNING] GripperOptimized:fast_loop:492 - 主循環執行時間過長: 7.5ms
2025-07-19 15:27:06 [WARNING] GripperOptimized:fast_loop:492 - 主循環執行時間過長: 8.0ms
2025-07-19 15:27:06 [WARNING] GripperOptimized:fast_loop:492 - 主循環執行時間過長: 7.0ms
2025-07-19 15:27:06 [WARNING] GripperOptimized:fast_loop:492 - 主循環執行時間過長: 6.3ms
2025-07-19 15:27:06 [WARNING] GripperOptimized:fast_loop:492 - 主循環執行時間過長: 6.5ms
2025-07-19 15:27:06 [WARNING] GripperOptimized:fast_loop:492 - 主循環執行時間過長: 7.5ms
2025-07-19 15:27:06 [WARNING] GripperOptimized:fast_loop:492 - 主循環執行時間過長: 7.3ms
2025-07-19 15:27:06 [WARNING] GripperOptimized:fast_loop:492 - 主循環執行時間過長: 5.3ms
2025-07-19 15:27:06 [WARNING] GripperOptimized:fast_loop:492 - 主循環執行時間過長: 8.0ms
2025-07-19 15:27:06 [WARNING] GripperOptimized:fast_loop:492 - 主循環執行時間過長: 6.2ms
2025-07-19 15:27:06 [WARNING] GripperOptimized:fast_loop:492 - 主循環執行時間過長: 13.8ms
2025-07-19 15:27:06 [WARNING] GripperOptimized:fast_loop:492 - 主循環執行時間過長: 7.5ms
2025-07-19 15:27:06 [WARNING] GripperOptimized:fast_loop:492 - 主循環執行時間過長: 6.7ms
2025-07-19 15:27:06 [WARNING] GripperOptimized:fast_loop:492 - 主循環執行時間過長: 5.3ms
2025-07-19 15:27:06 [WARNING] GripperOptimized:fast_loop:492 - 主循環執行時間過長: 7.6ms
2025-07-19 15:27:06 [WARNING] GripperOptimized:fast_loop:492 - 主循環執行時間過長: 7.3ms
2025-07-19 15:27:06 [WARNING] GripperOptimized:fast_loop:492 - 主循環執行時間過長: 6.8ms
2025-07-19 15:27:06 [INFO] GripperOptimized:stop:519 - 正在停止夾爪模組...
2025-07-19 15:27:06 [INFO] GripperOptimized:stop:528 - 最終性能統計: 總循環=530, 總指令=0, 總錯誤=0
2025-07-19 15:27:06 [INFO] GripperOptimized:stop:532 - 夾爪模組已停止
2025-07-19 15:27:39 [INFO] GripperOptimized:__init__:66 - 夾爪模組啟動 - 優化版本 - 基地址: 500-539
2025-07-19 15:27:39 [INFO] GripperOptimized:__init__:67 - 性能參數: 主循環=20.0ms, 狀態更新=10.0ms
2025-07-19 15:27:39 [INFO] GripperOptimized:fast_loop:438 - 夾爪主循環啟動 - 高性能模式
2025-07-19 15:27:39 [INFO] GripperOptimized:start:509 - 夾爪模組已啟動 - 高性能模式
2025-07-19 15:27:39 [INFO] GripperOptimized:connect_main_server:158 - 主服務器連接成功: 127.0.0.1:502
2025-07-19 15:27:39 [INFO] GripperOptimized:connect_rtu_devices:183 - RTU設備連接成功: COM11
2025-07-19 15:27:39 [WARNING] GripperOptimized:fast_loop:492 - 主循環執行時間過長: 43.4ms
2025-07-19 15:28:00 [INFO] GripperOptimized:fast_loop:484 - 性能統計: 循環=1000, 平均耗時=7.3ms, 最大耗時=43.4ms, 指令數=0
2025-07-19 15:29:55 [INFO] GripperOptimized:process_commands:412 - 收到PGC指令: 代碼=3, 參數1=470, 參數2=0, ID=4
2025-07-19 15:29:55 [INFO] GripperOptimized:process_commands:418 - PGC指令執行成功
2025-07-19 15:29:55 [WARNING] GripperOptimized:fast_loop:492 - 主循環執行時間過長: 43.9ms
2025-07-19 15:30:05 [INFO] GripperOptimized:process_commands:412 - 收到PGC指令: 代碼=8, 參數1=0, 參數2=0, ID=14114
2025-07-19 15:30:05 [INFO] GripperOptimized:process_commands:418 - PGC指令執行成功
2025-07-19 15:30:05 [WARNING] GripperOptimized:fast_loop:492 - 主循環執行時間過長: 35.9ms
2025-07-19 15:30:09 [INFO] GripperOptimized:process_commands:412 - 收到PGC指令: 代碼=7, 參數1=0, 參數2=0, ID=17906
2025-07-19 15:30:09 [INFO] GripperOptimized:process_commands:418 - PGC指令執行成功
2025-07-19 15:30:09 [WARNING] GripperOptimized:fast_loop:492 - 主循環執行時間過長: 35.9ms
2025-07-19 15:30:11 [INFO] GripperOptimized:process_commands:412 - 收到PGC指令: 代碼=8, 參數1=0, 參數2=0, ID=19935
2025-07-19 15:30:11 [INFO] GripperOptimized:process_commands:418 - PGC指令執行成功
2025-07-19 15:30:11 [WARNING] GripperOptimized:fast_loop:492 - 主循環執行時間過長: 36.3ms
2025-07-19 15:30:14 [INFO] GripperOptimized:process_commands:412 - 收到PGC指令: 代碼=5, 參數1=100, 參數2=0, ID=22442
2025-07-19 15:30:14 [INFO] GripperOptimized:process_commands:418 - PGC指令執行成功
2025-07-19 15:30:14 [WARNING] GripperOptimized:fast_loop:492 - 主循環執行時間過長: 35.3ms
2025-07-19 15:30:14 [INFO] GripperOptimized:process_commands:412 - 收到PGC指令: 代碼=6, 參數1=100, 參數2=0, ID=22975
2025-07-19 15:30:14 [INFO] GripperOptimized:process_commands:418 - PGC指令執行成功
2025-07-19 15:30:14 [WARNING] GripperOptimized:fast_loop:492 - 主循環執行時間過長: 34.8ms
2025-07-19 15:30:16 [INFO] GripperOptimized:fast_loop:484 - 性能統計: 循環=2000, 平均耗時=7.6ms, 最大耗時=43.9ms, 指令數=6
2025-07-19 15:30:16 [INFO] GripperOptimized:process_commands:412 - 收到PGC指令: 代碼=7, 參數1=0, 參數2=0, ID=25030
2025-07-19 15:30:16 [INFO] GripperOptimized:process_commands:418 - PGC指令執行成功
2025-07-19 15:30:16 [WARNING] GripperOptimized:fast_loop:492 - 主循環執行時間過長: 34.6ms
2025-07-19 15:30:17 [INFO] GripperOptimized:process_commands:412 - 收到PGC指令: 代碼=8, 參數1=0, 參數2=0, ID=26166
2025-07-19 15:30:18 [INFO] GripperOptimized:process_commands:418 - PGC指令執行成功
2025-07-19 15:30:18 [WARNING] GripperOptimized:fast_loop:492 - 主循環執行時間過長: 35.2ms
2025-07-19 15:30:19 [INFO] GripperOptimized:process_commands:412 - 收到PGC指令: 代碼=7, 參數1=0, 參數2=0, ID=28049
2025-07-19 15:30:19 [INFO] GripperOptimized:process_commands:418 - PGC指令執行成功
2025-07-19 15:30:19 [WARNING] GripperOptimized:fast_loop:492 - 主循環執行時間過長: 34.5ms
2025-07-19 15:30:20 [INFO] GripperOptimized:process_commands:412 - 收到PGC指令: 代碼=8, 參數1=0, 參數2=0, ID=28833
2025-07-19 15:30:20 [INFO] GripperOptimized:process_commands:418 - PGC指令執行成功
2025-07-19 15:30:20 [WARNING] GripperOptimized:fast_loop:492 - 主循環執行時間過長: 36.1ms
2025-07-19 15:30:21 [INFO] GripperOptimized:process_commands:412 - 收到PGC指令: 代碼=7, 參數1=0, 參數2=0, ID=29315
2025-07-19 15:30:21 [INFO] GripperOptimized:process_commands:418 - PGC指令執行成功
2025-07-19 15:30:21 [WARNING] GripperOptimized:fast_loop:492 - 主循環執行時間過長: 34.8ms
2025-07-19 15:30:21 [INFO] GripperOptimized:process_commands:412 - 收到PGC指令: 代碼=8, 參數1=0, 參數2=0, ID=29642
2025-07-19 15:30:21 [INFO] GripperOptimized:process_commands:418 - PGC指令執行成功
2025-07-19 15:30:21 [WARNING] GripperOptimized:fast_loop:492 - 主循環執行時間過長: 34.8ms
2025-07-19 15:30:21 [INFO] GripperOptimized:process_commands:412 - 收到PGC指令: 代碼=7, 參數1=0, 參數2=0, ID=29964
2025-07-19 15:30:21 [INFO] GripperOptimized:process_commands:418 - PGC指令執行成功
2025-07-19 15:30:21 [WARNING] GripperOptimized:fast_loop:492 - 主循環執行時間過長: 34.8ms
2025-07-19 15:30:22 [INFO] GripperOptimized:process_commands:412 - 收到PGC指令: 代碼=8, 參數1=0, 參數2=0, ID=30248
2025-07-19 15:30:22 [INFO] GripperOptimized:process_commands:418 - PGC指令執行成功
2025-07-19 15:30:22 [WARNING] GripperOptimized:fast_loop:492 - 主循環執行時間過長: 35.5ms
2025-07-19 15:30:22 [INFO] GripperOptimized:process_commands:412 - 收到PGC指令: 代碼=7, 參數1=0, 參數2=0, ID=30519
2025-07-19 15:30:22 [INFO] GripperOptimized:process_commands:418 - PGC指令執行成功
2025-07-19 15:30:22 [WARNING] GripperOptimized:fast_loop:492 - 主循環執行時間過長: 35.7ms
2025-07-19 15:30:22 [INFO] GripperOptimized:process_commands:412 - 收到PGC指令: 代碼=8, 參數1=0, 參數2=0, ID=30746
2025-07-19 15:30:22 [INFO] GripperOptimized:process_commands:418 - PGC指令執行成功
2025-07-19 15:30:22 [WARNING] GripperOptimized:fast_loop:492 - 主循環執行時間過長: 35.5ms
2025-07-19 15:30:22 [INFO] GripperOptimized:process_commands:412 - 收到PGC指令: 代碼=7, 參數1=0, 參數2=0, ID=30957
2025-07-19 15:30:22 [INFO] GripperOptimized:process_commands:418 - PGC指令執行成功
2025-07-19 15:30:22 [WARNING] GripperOptimized:fast_loop:492 - 主循環執行時間過長: 35.6ms
2025-07-19 15:30:23 [INFO] GripperOptimized:process_commands:412 - 收到PGC指令: 代碼=7, 參數1=0, 參數2=0, ID=31349
2025-07-19 15:30:23 [INFO] GripperOptimized:process_commands:418 - PGC指令執行成功
2025-07-19 15:30:23 [WARNING] GripperOptimized:fast_loop:492 - 主循環執行時間過長: 36.1ms
2025-07-19 15:30:23 [INFO] GripperOptimized:process_commands:412 - 收到PGC指令: 代碼=7, 參數1=0, 參數2=0, ID=31542
2025-07-19 15:30:23 [INFO] GripperOptimized:process_commands:418 - PGC指令執行成功
2025-07-19 15:30:23 [WARNING] GripperOptimized:fast_loop:492 - 主循環執行時間過長: 36.0ms
2025-07-19 15:30:23 [INFO] GripperOptimized:process_commands:412 - 收到PGC指令: 代碼=8, 參數1=0, 參數2=0, ID=31884
2025-07-19 15:30:23 [INFO] GripperOptimized:process_commands:418 - PGC指令執行成功
2025-07-19 15:30:23 [WARNING] GripperOptimized:fast_loop:492 - 主循環執行時間過長: 35.8ms
2025-07-19 15:30:23 [INFO] GripperOptimized:process_commands:412 - 收到PGC指令: 代碼=7, 參數1=0, 參數2=0, ID=32066
2025-07-19 15:30:23 [INFO] GripperOptimized:process_commands:418 - PGC指令執行成功
2025-07-19 15:30:23 [WARNING] GripperOptimized:fast_loop:492 - 主循環執行時間過長: 36.2ms
2025-07-19 15:30:24 [INFO] GripperOptimized:process_commands:412 - 收到PGC指令: 代碼=8, 參數1=0, 參數2=0, ID=32239
2025-07-19 15:30:24 [INFO] GripperOptimized:process_commands:418 - PGC指令執行成功
2025-07-19 15:30:24 [WARNING] GripperOptimized:fast_loop:492 - 主循環執行時間過長: 36.6ms
2025-07-19 15:30:24 [INFO] GripperOptimized:process_commands:412 - 收到PGC指令: 代碼=7, 參數1=0, 參數2=0, ID=32419
2025-07-19 15:30:24 [INFO] GripperOptimized:process_commands:418 - PGC指令執行成功
2025-07-19 15:30:24 [WARNING] GripperOptimized:fast_loop:492 - 主循環執行時間過長: 34.9ms
2025-07-19 15:30:24 [INFO] GripperOptimized:process_commands:412 - 收到PGC指令: 代碼=8, 參數1=0, 參數2=0, ID=32601
2025-07-19 15:30:24 [INFO] GripperOptimized:process_commands:418 - PGC指令執行成功
2025-07-19 15:30:24 [WARNING] GripperOptimized:fast_loop:492 - 主循環執行時間過長: 36.1ms
2025-07-19 15:30:24 [INFO] GripperOptimized:process_commands:412 - 收到PGC指令: 代碼=7, 參數1=0, 參數2=0, ID=32776
2025-07-19 15:30:24 [INFO] GripperOptimized:process_commands:418 - PGC指令執行成功
2025-07-19 15:30:24 [WARNING] GripperOptimized:fast_loop:492 - 主循環執行時間過長: 36.2ms
2025-07-19 15:30:24 [INFO] GripperOptimized:process_commands:412 - 收到PGC指令: 代碼=8, 參數1=0, 參數2=0, ID=32972
2025-07-19 15:30:24 [INFO] GripperOptimized:process_commands:418 - PGC指令執行成功
2025-07-19 15:30:24 [WARNING] GripperOptimized:fast_loop:492 - 主循環執行時間過長: 35.6ms
2025-07-19 15:30:24 [INFO] GripperOptimized:process_commands:412 - 收到PGC指令: 代碼=7, 參數1=0, 參數2=0, ID=33152
2025-07-19 15:30:24 [INFO] GripperOptimized:process_commands:418 - PGC指令執行成功
2025-07-19 15:30:25 [WARNING] GripperOptimized:fast_loop:492 - 主循環執行時間過長: 36.6ms
2025-07-19 15:30:25 [INFO] GripperOptimized:process_commands:412 - 收到PGC指令: 代碼=8, 參數1=0, 參數2=0, ID=33350
2025-07-19 15:30:25 [INFO] GripperOptimized:process_commands:418 - PGC指令執行成功
2025-07-19 15:30:25 [WARNING] GripperOptimized:fast_loop:492 - 主循環執行時間過長: 35.7ms
2025-07-19 15:30:25 [INFO] GripperOptimized:process_commands:412 - 收到PGC指令: 代碼=7, 參數1=0, 參數2=0, ID=33594
2025-07-19 15:30:25 [INFO] GripperOptimized:process_commands:418 - PGC指令執行成功
2025-07-19 15:30:25 [WARNING] GripperOptimized:fast_loop:492 - 主循環執行時間過長: 35.7ms
2025-07-19 15:30:25 [INFO] GripperOptimized:process_commands:412 - 收到PGC指令: 代碼=8, 參數1=0, 參數2=0, ID=33784
2025-07-19 15:30:25 [INFO] GripperOptimized:process_commands:418 - PGC指令執行成功
2025-07-19 15:30:25 [WARNING] GripperOptimized:fast_loop:492 - 主循環執行時間過長: 36.7ms
2025-07-19 15:30:25 [INFO] GripperOptimized:process_commands:412 - 收到PGC指令: 代碼=7, 參數1=0, 參數2=0, ID=33979
2025-07-19 15:30:25 [INFO] GripperOptimized:process_commands:418 - PGC指令執行成功
2025-07-19 15:30:25 [WARNING] GripperOptimized:fast_loop:492 - 主循環執行時間過長: 36.5ms
2025-07-19 15:30:26 [INFO] GripperOptimized:process_commands:412 - 收到PGC指令: 代碼=8, 參數1=0, 參數2=0, ID=34243
2025-07-19 15:30:26 [INFO] GripperOptimized:process_commands:418 - PGC指令執行成功
2025-07-19 15:30:26 [WARNING] GripperOptimized:fast_loop:492 - 主循環執行時間過長: 35.8ms
2025-07-19 15:30:26 [INFO] GripperOptimized:process_commands:412 - 收到PGC指令: 代碼=7, 參數1=0, 參數2=0, ID=34445
2025-07-19 15:30:26 [INFO] GripperOptimized:process_commands:418 - PGC指令執行成功
2025-07-19 15:30:26 [WARNING] GripperOptimized:fast_loop:492 - 主循環執行時間過長: 36.5ms
2025-07-19 15:30:26 [INFO] GripperOptimized:process_commands:412 - 收到PGC指令: 代碼=8, 參數1=0, 參數2=0, ID=34630
2025-07-19 15:30:26 [INFO] GripperOptimized:process_commands:418 - PGC指令執行成功
2025-07-19 15:30:26 [WARNING] GripperOptimized:fast_loop:492 - 主循環執行時間過長: 36.0ms
2025-07-19 15:30:26 [INFO] GripperOptimized:process_commands:412 - 收到PGC指令: 代碼=7, 參數1=0, 參數2=0, ID=34818
2025-07-19 15:30:26 [INFO] GripperOptimized:process_commands:418 - PGC指令執行成功
2025-07-19 15:30:26 [WARNING] GripperOptimized:fast_loop:492 - 主循環執行時間過長: 34.9ms
2025-07-19 15:30:26 [INFO] GripperOptimized:process_commands:412 - 收到PGC指令: 代碼=8, 參數1=0, 參數2=0, ID=35011
2025-07-19 15:30:26 [INFO] GripperOptimized:process_commands:418 - PGC指令執行成功
2025-07-19 15:30:26 [WARNING] GripperOptimized:fast_loop:492 - 主循環執行時間過長: 35.3ms
2025-07-19 15:30:27 [INFO] GripperOptimized:process_commands:412 - 收到PGC指令: 代碼=7, 參數1=0, 參數2=0, ID=35196
2025-07-19 15:30:27 [INFO] GripperOptimized:process_commands:418 - PGC指令執行成功
2025-07-19 15:30:27 [WARNING] GripperOptimized:fast_loop:492 - 主循環執行時間過長: 35.0ms
2025-07-19 15:30:27 [INFO] GripperOptimized:process_commands:412 - 收到PGC指令: 代碼=8, 參數1=0, 參數2=0, ID=35391
2025-07-19 15:30:27 [INFO] GripperOptimized:process_commands:418 - PGC指令執行成功
2025-07-19 15:30:27 [WARNING] GripperOptimized:fast_loop:492 - 主循環執行時間過長: 36.3ms
2025-07-19 15:30:27 [INFO] GripperOptimized:process_commands:412 - 收到PGC指令: 代碼=7, 參數1=0, 參數2=0, ID=35590
2025-07-19 15:30:27 [INFO] GripperOptimized:process_commands:418 - PGC指令執行成功
2025-07-19 15:30:27 [WARNING] GripperOptimized:fast_loop:492 - 主循環執行時間過長: 37.6ms
2025-07-19 15:30:27 [INFO] GripperOptimized:process_commands:412 - 收到PGC指令: 代碼=8, 參數1=0, 參數2=0, ID=35769
2025-07-19 15:30:27 [INFO] GripperOptimized:process_commands:418 - PGC指令執行成功
2025-07-19 15:30:27 [WARNING] GripperOptimized:fast_loop:492 - 主循環執行時間過長: 35.9ms
2025-07-19 15:30:27 [INFO] GripperOptimized:process_commands:412 - 收到PGC指令: 代碼=7, 參數1=0, 參數2=0, ID=35977
2025-07-19 15:30:27 [INFO] GripperOptimized:process_commands:418 - PGC指令執行成功
2025-07-19 15:30:27 [WARNING] GripperOptimized:fast_loop:492 - 主循環執行時間過長: 35.0ms
2025-07-19 15:30:27 [INFO] GripperOptimized:process_commands:412 - 收到PGC指令: 代碼=8, 參數1=0, 參數2=0, ID=36159
2025-07-19 15:30:27 [INFO] GripperOptimized:process_commands:418 - PGC指令執行成功
2025-07-19 15:30:28 [WARNING] GripperOptimized:fast_loop:492 - 主循環執行時間過長: 35.9ms
2025-07-19 15:30:28 [INFO] GripperOptimized:process_commands:412 - 收到PGC指令: 代碼=7, 參數1=0, 參數2=0, ID=36359
2025-07-19 15:30:28 [INFO] GripperOptimized:process_commands:418 - PGC指令執行成功
2025-07-19 15:30:28 [WARNING] GripperOptimized:fast_loop:492 - 主循環執行時間過長: 36.0ms
2025-07-19 15:30:28 [INFO] GripperOptimized:process_commands:412 - 收到PGC指令: 代碼=8, 參數1=0, 參數2=0, ID=36553
2025-07-19 15:30:28 [INFO] GripperOptimized:process_commands:418 - PGC指令執行成功
2025-07-19 15:30:28 [WARNING] GripperOptimized:fast_loop:492 - 主循環執行時間過長: 35.7ms
2025-07-19 15:30:28 [INFO] GripperOptimized:process_commands:412 - 收到PGC指令: 代碼=7, 參數1=0, 參數2=0, ID=36742
2025-07-19 15:30:28 [INFO] GripperOptimized:process_commands:418 - PGC指令執行成功
2025-07-19 15:30:28 [WARNING] GripperOptimized:fast_loop:492 - 主循環執行時間過長: 36.2ms
2025-07-19 15:30:28 [INFO] GripperOptimized:process_commands:412 - 收到PGC指令: 代碼=8, 參數1=0, 參數2=0, ID=36928
2025-07-19 15:30:28 [INFO] GripperOptimized:process_commands:418 - PGC指令執行成功
2025-07-19 15:30:28 [WARNING] GripperOptimized:fast_loop:492 - 主循環執行時間過長: 35.9ms
2025-07-19 15:30:29 [INFO] GripperOptimized:process_commands:412 - 收到PGC指令: 代碼=7, 參數1=0, 參數2=0, ID=37176
2025-07-19 15:30:29 [INFO] GripperOptimized:process_commands:418 - PGC指令執行成功
2025-07-19 15:30:29 [WARNING] GripperOptimized:fast_loop:492 - 主循環執行時間過長: 36.7ms
2025-07-19 15:30:29 [INFO] GripperOptimized:process_commands:412 - 收到PGC指令: 代碼=7, 參數1=0, 參數2=0, ID=37668
2025-07-19 15:30:29 [INFO] GripperOptimized:process_commands:418 - PGC指令執行成功
2025-07-19 15:30:29 [WARNING] GripperOptimized:fast_loop:492 - 主循環執行時間過長: 37.6ms
2025-07-19 15:30:29 [INFO] GripperOptimized:process_commands:412 - 收到PGC指令: 代碼=8, 參數1=0, 參數2=0, ID=37838
2025-07-19 15:30:29 [INFO] GripperOptimized:process_commands:418 - PGC指令執行成功
2025-07-19 15:30:29 [WARNING] GripperOptimized:fast_loop:492 - 主循環執行時間過長: 34.3ms
2025-07-19 15:30:29 [INFO] GripperOptimized:process_commands:412 - 收到PGC指令: 代碼=7, 參數1=0, 參數2=0, ID=38020
2025-07-19 15:30:29 [INFO] GripperOptimized:process_commands:418 - PGC指令執行成功
2025-07-19 15:30:29 [WARNING] GripperOptimized:fast_loop:492 - 主循環執行時間過長: 34.8ms
2025-07-19 15:30:30 [INFO] GripperOptimized:process_commands:412 - 收到PGC指令: 代碼=8, 參數1=0, 參數2=0, ID=38265
2025-07-19 15:30:30 [INFO] GripperOptimized:process_commands:418 - PGC指令執行成功
2025-07-19 15:30:30 [WARNING] GripperOptimized:fast_loop:492 - 主循環執行時間過長: 35.2ms
2025-07-19 15:30:30 [INFO] GripperOptimized:process_commands:412 - 收到PGC指令: 代碼=7, 參數1=0, 參數2=0, ID=38469
2025-07-19 15:30:30 [INFO] GripperOptimized:process_commands:418 - PGC指令執行成功
2025-07-19 15:30:30 [WARNING] GripperOptimized:fast_loop:492 - 主循環執行時間過長: 40.8ms
2025-07-19 15:30:30 [INFO] GripperOptimized:process_commands:412 - 收到PGC指令: 代碼=8, 參數1=0, 參數2=0, ID=38675
2025-07-19 15:30:30 [INFO] GripperOptimized:process_commands:418 - PGC指令執行成功
2025-07-19 15:30:30 [WARNING] GripperOptimized:fast_loop:492 - 主循環執行時間過長: 37.6ms
2025-07-19 15:30:30 [INFO] GripperOptimized:process_commands:412 - 收到PGC指令: 代碼=7, 參數1=0, 參數2=0, ID=38837
2025-07-19 15:30:30 [INFO] GripperOptimized:process_commands:418 - PGC指令執行成功
2025-07-19 15:30:30 [WARNING] GripperOptimized:fast_loop:492 - 主循環執行時間過長: 37.8ms
2025-07-19 15:30:30 [INFO] GripperOptimized:process_commands:412 - 收到PGC指令: 代碼=8, 參數1=0, 參數2=0, ID=39008
2025-07-19 15:30:30 [INFO] GripperOptimized:process_commands:418 - PGC指令執行成功
2025-07-19 15:30:30 [WARNING] GripperOptimized:fast_loop:492 - 主循環執行時間過長: 34.9ms
2025-07-19 15:30:31 [INFO] GripperOptimized:process_commands:412 - 收到PGC指令: 代碼=7, 參數1=0, 參數2=0, ID=39177
2025-07-19 15:30:31 [INFO] GripperOptimized:process_commands:418 - PGC指令執行成功
2025-07-19 15:30:31 [WARNING] GripperOptimized:fast_loop:492 - 主循環執行時間過長: 35.4ms
2025-07-19 15:30:31 [INFO] GripperOptimized:process_commands:412 - 收到PGC指令: 代碼=8, 參數1=0, 參數2=0, ID=39340
2025-07-19 15:30:31 [INFO] GripperOptimized:process_commands:418 - PGC指令執行成功
2025-07-19 15:30:31 [WARNING] GripperOptimized:fast_loop:492 - 主循環執行時間過長: 35.5ms
2025-07-19 15:30:31 [INFO] GripperOptimized:process_commands:412 - 收到PGC指令: 代碼=7, 參數1=0, 參數2=0, ID=39509
2025-07-19 15:30:31 [INFO] GripperOptimized:process_commands:418 - PGC指令執行成功
2025-07-19 15:30:31 [WARNING] GripperOptimized:fast_loop:492 - 主循環執行時間過長: 36.4ms
2025-07-19 15:30:31 [INFO] GripperOptimized:process_commands:412 - 收到PGC指令: 代碼=8, 參數1=0, 參數2=0, ID=39682
2025-07-19 15:30:31 [INFO] GripperOptimized:process_commands:418 - PGC指令執行成功
2025-07-19 15:30:31 [WARNING] GripperOptimized:fast_loop:492 - 主循環執行時間過長: 35.3ms
2025-07-19 15:30:31 [INFO] GripperOptimized:process_commands:412 - 收到PGC指令: 代碼=7, 參數1=0, 參數2=0, ID=39863
2025-07-19 15:30:31 [INFO] GripperOptimized:process_commands:418 - PGC指令執行成功
2025-07-19 15:30:31 [WARNING] GripperOptimized:fast_loop:492 - 主循環執行時間過長: 35.7ms
2025-07-19 15:30:31 [INFO] GripperOptimized:process_commands:412 - 收到PGC指令: 代碼=8, 參數1=0, 參數2=0, ID=40031
2025-07-19 15:30:31 [INFO] GripperOptimized:process_commands:418 - PGC指令執行成功
2025-07-19 15:30:31 [WARNING] GripperOptimized:fast_loop:492 - 主循環執行時間過長: 36.9ms
2025-07-19 15:30:32 [INFO] GripperOptimized:process_commands:412 - 收到PGC指令: 代碼=7, 參數1=0, 參數2=0, ID=40203
2025-07-19 15:30:32 [INFO] GripperOptimized:process_commands:418 - PGC指令執行成功
2025-07-19 15:30:32 [WARNING] GripperOptimized:fast_loop:492 - 主循環執行時間過長: 35.4ms
2025-07-19 15:30:32 [INFO] GripperOptimized:process_commands:412 - 收到PGC指令: 代碼=8, 參數1=0, 參數2=0, ID=40367
2025-07-19 15:30:32 [INFO] GripperOptimized:process_commands:418 - PGC指令執行成功
2025-07-19 15:30:32 [WARNING] GripperOptimized:fast_loop:492 - 主循環執行時間過長: 35.7ms
2025-07-19 15:30:32 [INFO] GripperOptimized:process_commands:412 - 收到PGC指令: 代碼=7, 參數1=0, 參數2=0, ID=40807
2025-07-19 15:30:32 [INFO] GripperOptimized:process_commands:418 - PGC指令執行成功
2025-07-19 15:30:32 [WARNING] GripperOptimized:fast_loop:492 - 主循環執行時間過長: 34.4ms
2025-07-19 15:30:32 [INFO] GripperOptimized:process_commands:412 - 收到PGC指令: 代碼=8, 參數1=0, 參數2=0, ID=40973
2025-07-19 15:30:32 [INFO] GripperOptimized:process_commands:418 - PGC指令執行成功
2025-07-19 15:30:32 [WARNING] GripperOptimized:fast_loop:492 - 主循環執行時間過長: 35.4ms
2025-07-19 15:30:32 [INFO] GripperOptimized:process_commands:412 - 收到PGC指令: 代碼=8, 參數1=0, 參數2=0, ID=41154
2025-07-19 15:30:33 [INFO] GripperOptimized:process_commands:418 - PGC指令執行成功
2025-07-19 15:30:33 [WARNING] GripperOptimized:fast_loop:492 - 主循環執行時間過長: 36.5ms
2025-07-19 15:30:33 [INFO] GripperOptimized:process_commands:412 - 收到PGC指令: 代碼=7, 參數1=0, 參數2=0, ID=41350
2025-07-19 15:30:33 [INFO] GripperOptimized:process_commands:418 - PGC指令執行成功
2025-07-19 15:30:33 [WARNING] GripperOptimized:fast_loop:492 - 主循環執行時間過長: 34.6ms
2025-07-19 15:30:33 [INFO] GripperOptimized:process_commands:412 - 收到PGC指令: 代碼=8, 參數1=0, 參數2=0, ID=41527
2025-07-19 15:30:33 [INFO] GripperOptimized:process_commands:418 - PGC指令執行成功
2025-07-19 15:30:33 [WARNING] GripperOptimized:fast_loop:492 - 主循環執行時間過長: 36.4ms
2025-07-19 15:30:33 [INFO] GripperOptimized:process_commands:412 - 收到PGC指令: 代碼=7, 參數1=0, 參數2=0, ID=41706
2025-07-19 15:30:33 [INFO] GripperOptimized:process_commands:418 - PGC指令執行成功
2025-07-19 15:30:33 [WARNING] GripperOptimized:fast_loop:492 - 主循環執行時間過長: 35.5ms
2025-07-19 15:30:33 [INFO] GripperOptimized:process_commands:412 - 收到PGC指令: 代碼=8, 參數1=0, 參數2=0, ID=41883
2025-07-19 15:30:33 [INFO] GripperOptimized:process_commands:418 - PGC指令執行成功
2025-07-19 15:30:33 [WARNING] GripperOptimized:fast_loop:492 - 主循環執行時間過長: 34.9ms
2025-07-19 15:30:33 [INFO] GripperOptimized:process_commands:412 - 收到PGC指令: 代碼=7, 參數1=0, 參數2=0, ID=42064
2025-07-19 15:30:33 [INFO] GripperOptimized:process_commands:418 - PGC指令執行成功
2025-07-19 15:30:33 [WARNING] GripperOptimized:fast_loop:492 - 主循環執行時間過長: 35.6ms
2025-07-19 15:30:34 [INFO] GripperOptimized:process_commands:412 - 收到PGC指令: 代碼=8, 參數1=0, 參數2=0, ID=42272
2025-07-19 15:30:34 [INFO] GripperOptimized:process_commands:418 - PGC指令執行成功
2025-07-19 15:30:34 [WARNING] GripperOptimized:fast_loop:492 - 主循環執行時間過長: 34.4ms
2025-07-19 15:30:34 [INFO] GripperOptimized:process_commands:412 - 收到PGC指令: 代碼=7, 參數1=0, 參數2=0, ID=42460
2025-07-19 15:30:34 [INFO] GripperOptimized:process_commands:418 - PGC指令執行成功
2025-07-19 15:30:34 [WARNING] GripperOptimized:fast_loop:492 - 主循環執行時間過長: 37.4ms
2025-07-19 15:30:34 [INFO] GripperOptimized:process_commands:412 - 收到PGC指令: 代碼=8, 參數1=0, 參數2=0, ID=42664
2025-07-19 15:30:34 [INFO] GripperOptimized:process_commands:418 - PGC指令執行成功
2025-07-19 15:30:34 [WARNING] GripperOptimized:fast_loop:492 - 主循環執行時間過長: 36.5ms
2025-07-19 15:30:34 [INFO] GripperOptimized:process_commands:412 - 收到PGC指令: 代碼=7, 參數1=0, 參數2=0, ID=42866
2025-07-19 15:30:34 [INFO] GripperOptimized:process_commands:418 - PGC指令執行成功
2025-07-19 15:30:34 [WARNING] GripperOptimized:fast_loop:492 - 主循環執行時間過長: 35.0ms
2025-07-19 15:30:34 [INFO] GripperOptimized:process_commands:412 - 收到PGC指令: 代碼=8, 參數1=0, 參數2=0, ID=43045
2025-07-19 15:30:34 [INFO] GripperOptimized:process_commands:418 - PGC指令執行成功
2025-07-19 15:30:34 [WARNING] GripperOptimized:fast_loop:492 - 主循環執行時間過長: 34.7ms
2025-07-19 15:30:35 [INFO] GripperOptimized:process_commands:412 - 收到PGC指令: 代碼=7, 參數1=0, 參數2=0, ID=43231
2025-07-19 15:30:35 [INFO] GripperOptimized:process_commands:418 - PGC指令執行成功
2025-07-19 15:30:35 [WARNING] GripperOptimized:fast_loop:492 - 主循環執行時間過長: 35.4ms
2025-07-19 15:30:35 [INFO] GripperOptimized:process_commands:412 - 收到PGC指令: 代碼=8, 參數1=0, 參數2=0, ID=43597
2025-07-19 15:30:35 [INFO] GripperOptimized:process_commands:418 - PGC指令執行成功
2025-07-19 15:30:35 [WARNING] GripperOptimized:fast_loop:492 - 主循環執行時間過長: 36.3ms
2025-07-19 15:30:35 [INFO] GripperOptimized:process_commands:412 - 收到PGC指令: 代碼=8, 參數1=0, 參數2=0, ID=43740
2025-07-19 15:30:35 [INFO] GripperOptimized:process_commands:418 - PGC指令執行成功
2025-07-19 15:30:35 [WARNING] GripperOptimized:fast_loop:492 - 主循環執行時間過長: 35.9ms
2025-07-19 15:30:35 [INFO] GripperOptimized:process_commands:412 - 收到PGC指令: 代碼=7, 參數1=0, 參數2=0, ID=43913
2025-07-19 15:30:35 [INFO] GripperOptimized:process_commands:418 - PGC指令執行成功
2025-07-19 15:30:35 [WARNING] GripperOptimized:fast_loop:492 - 主循環執行時間過長: 35.6ms
2025-07-19 15:30:36 [INFO] GripperOptimized:process_commands:412 - 收到PGC指令: 代碼=8, 參數1=0, 參數2=0, ID=44249
2025-07-19 15:30:36 [INFO] GripperOptimized:process_commands:418 - PGC指令執行成功
2025-07-19 15:30:36 [WARNING] GripperOptimized:fast_loop:492 - 主循環執行時間過長: 36.1ms
2025-07-19 15:30:36 [INFO] GripperOptimized:process_commands:412 - 收到PGC指令: 代碼=8, 參數1=0, 參數2=0, ID=44431
2025-07-19 15:30:36 [INFO] GripperOptimized:process_commands:418 - PGC指令執行成功
2025-07-19 15:30:36 [WARNING] GripperOptimized:fast_loop:492 - 主循環執行時間過長: 36.5ms
2025-07-19 15:30:36 [INFO] GripperOptimized:process_commands:412 - 收到PGC指令: 代碼=8, 參數1=0, 參數2=0, ID=44571
2025-07-19 15:30:36 [INFO] GripperOptimized:process_commands:418 - PGC指令執行成功
2025-07-19 15:30:36 [WARNING] GripperOptimized:fast_loop:492 - 主循環執行時間過長: 35.2ms
2025-07-19 15:30:36 [INFO] GripperOptimized:process_commands:412 - 收到PGC指令: 代碼=7, 參數1=0, 參數2=0, ID=44751
2025-07-19 15:30:36 [INFO] GripperOptimized:process_commands:418 - PGC指令執行成功
2025-07-19 15:30:36 [WARNING] GripperOptimized:fast_loop:492 - 主循環執行時間過長: 35.6ms
2025-07-19 15:30:36 [INFO] GripperOptimized:process_commands:412 - 收到PGC指令: 代碼=8, 參數1=0, 參數2=0, ID=44940
2025-07-19 15:30:36 [INFO] GripperOptimized:process_commands:418 - PGC指令執行成功
2025-07-19 15:30:36 [WARNING] GripperOptimized:fast_loop:492 - 主循環執行時間過長: 35.3ms
2025-07-19 15:30:36 [INFO] GripperOptimized:process_commands:412 - 收到PGC指令: 代碼=8, 參數1=0, 參數2=0, ID=45091
2025-07-19 15:30:36 [INFO] GripperOptimized:process_commands:418 - PGC指令執行成功
2025-07-19 15:30:36 [WARNING] GripperOptimized:fast_loop:492 - 主循環執行時間過長: 35.0ms
2025-07-19 15:30:37 [INFO] GripperOptimized:process_commands:412 - 收到PGC指令: 代碼=7, 參數1=0, 參數2=0, ID=45268
2025-07-19 15:30:37 [INFO] GripperOptimized:process_commands:418 - PGC指令執行成功
2025-07-19 15:30:37 [WARNING] GripperOptimized:fast_loop:492 - 主循環執行時間過長: 35.0ms
2025-07-19 15:30:37 [INFO] GripperOptimized:process_commands:412 - 收到PGC指令: 代碼=8, 參數1=0, 參數2=0, ID=45453
2025-07-19 15:30:37 [INFO] GripperOptimized:process_commands:418 - PGC指令執行成功
2025-07-19 15:30:37 [WARNING] GripperOptimized:fast_loop:492 - 主循環執行時間過長: 35.8ms
2025-07-19 15:30:37 [INFO] GripperOptimized:process_commands:412 - 收到PGC指令: 代碼=7, 參數1=0, 參數2=0, ID=45625
2025-07-19 15:30:37 [INFO] GripperOptimized:process_commands:418 - PGC指令執行成功
2025-07-19 15:30:37 [WARNING] GripperOptimized:fast_loop:492 - 主循環執行時間過長: 36.1ms
2025-07-19 15:30:37 [INFO] GripperOptimized:process_commands:412 - 收到PGC指令: 代碼=8, 參數1=0, 參數2=0, ID=45810
2025-07-19 15:30:37 [INFO] GripperOptimized:process_commands:418 - PGC指令執行成功
2025-07-19 15:30:37 [WARNING] GripperOptimized:fast_loop:492 - 主循環執行時間過長: 36.7ms
2025-07-19 15:30:37 [INFO] GripperOptimized:process_commands:412 - 收到PGC指令: 代碼=7, 參數1=0, 參數2=0, ID=46040
2025-07-19 15:30:37 [INFO] GripperOptimized:process_commands:418 - PGC指令執行成功
2025-07-19 15:30:37 [WARNING] GripperOptimized:fast_loop:492 - 主循環執行時間過長: 35.3ms
2025-07-19 15:30:38 [INFO] GripperOptimized:process_commands:412 - 收到PGC指令: 代碼=8, 參數1=0, 參數2=0, ID=46233
2025-07-19 15:30:38 [INFO] GripperOptimized:process_commands:418 - PGC指令執行成功
2025-07-19 15:30:38 [WARNING] GripperOptimized:fast_loop:492 - 主循環執行時間過長: 36.0ms
2025-07-19 15:30:38 [INFO] GripperOptimized:fast_loop:484 - 性能統計: 循環=3000, 平均耗時=9.3ms, 最大耗時=43.9ms, 指令數=92
2025-07-19 15:30:38 [INFO] GripperOptimized:process_commands:412 - 收到PGC指令: 代碼=7, 參數1=0, 參數2=0, ID=46398
2025-07-19 15:30:38 [INFO] GripperOptimized:process_commands:418 - PGC指令執行成功
2025-07-19 15:30:38 [WARNING] GripperOptimized:fast_loop:492 - 主循環執行時間過長: 36.8ms
2025-07-19 15:30:38 [INFO] GripperOptimized:process_commands:412 - 收到PGC指令: 代碼=7, 參數1=0, 參數2=0, ID=46559
2025-07-19 15:30:38 [INFO] GripperOptimized:process_commands:418 - PGC指令執行成功
2025-07-19 15:30:38 [WARNING] GripperOptimized:fast_loop:492 - 主循環執行時間過長: 36.7ms
2025-07-19 15:30:38 [INFO] GripperOptimized:process_commands:412 - 收到PGC指令: 代碼=8, 參數1=0, 參數2=0, ID=46728
2025-07-19 15:30:38 [INFO] GripperOptimized:process_commands:418 - PGC指令執行成功
2025-07-19 15:30:38 [WARNING] GripperOptimized:fast_loop:492 - 主循環執行時間過長: 36.8ms
2025-07-19 15:30:38 [INFO] GripperOptimized:process_commands:412 - 收到PGC指令: 代碼=7, 參數1=0, 參數2=0, ID=46883
2025-07-19 15:30:38 [INFO] GripperOptimized:process_commands:418 - PGC指令執行成功
2025-07-19 15:30:38 [WARNING] GripperOptimized:fast_loop:492 - 主循環執行時間過長: 36.5ms
2025-07-19 15:30:39 [INFO] GripperOptimized:process_commands:412 - 收到PGC指令: 代碼=8, 參數1=0, 參數2=0, ID=47181
2025-07-19 15:30:39 [INFO] GripperOptimized:process_commands:418 - PGC指令執行成功
2025-07-19 15:30:39 [WARNING] GripperOptimized:fast_loop:492 - 主循環執行時間過長: 35.7ms
2025-07-19 15:30:39 [INFO] GripperOptimized:process_commands:412 - 收到PGC指令: 代碼=7, 參數1=0, 參數2=0, ID=47667
2025-07-19 15:30:39 [INFO] GripperOptimized:process_commands:418 - PGC指令執行成功
2025-07-19 15:30:39 [WARNING] GripperOptimized:fast_loop:492 - 主循環執行時間過長: 34.7ms
2025-07-19 15:30:39 [INFO] GripperOptimized:process_commands:412 - 收到PGC指令: 代碼=8, 參數1=0, 參數2=0, ID=47878
2025-07-19 15:30:39 [INFO] GripperOptimized:process_commands:418 - PGC指令執行成功
2025-07-19 15:30:39 [WARNING] GripperOptimized:fast_loop:492 - 主循環執行時間過長: 34.3ms
2025-07-19 15:30:40 [INFO] GripperOptimized:process_commands:412 - 收到PGC指令: 代碼=8, 參數1=0, 參數2=0, ID=48462
2025-07-19 15:30:40 [INFO] GripperOptimized:process_commands:418 - PGC指令執行成功
2025-07-19 15:30:40 [WARNING] GripperOptimized:fast_loop:492 - 主循環執行時間過長: 35.7ms
2025-07-19 15:30:40 [INFO] GripperOptimized:process_commands:412 - 收到PGC指令: 代碼=7, 參數1=0, 參數2=0, ID=48865
2025-07-19 15:30:40 [INFO] GripperOptimized:process_commands:418 - PGC指令執行成功
2025-07-19 15:30:40 [WARNING] GripperOptimized:fast_loop:492 - 主循環執行時間過長: 34.6ms
2025-07-19 15:30:40 [INFO] GripperOptimized:process_commands:412 - 收到PGC指令: 代碼=8, 參數1=0, 參數2=0, ID=49055
2025-07-19 15:30:40 [INFO] GripperOptimized:process_commands:418 - PGC指令執行成功
2025-07-19 15:30:40 [WARNING] GripperOptimized:fast_loop:492 - 主循環執行時間過長: 33.8ms
2025-07-19 15:30:41 [INFO] GripperOptimized:process_commands:412 - 收到PGC指令: 代碼=7, 參數1=0, 參數2=0, ID=49275
2025-07-19 15:30:41 [INFO] GripperOptimized:process_commands:418 - PGC指令執行成功
2025-07-19 15:30:41 [WARNING] GripperOptimized:fast_loop:492 - 主循環執行時間過長: 36.9ms
2025-07-19 15:30:41 [INFO] GripperOptimized:process_commands:412 - 收到PGC指令: 代碼=8, 參數1=0, 參數2=0, ID=49509
2025-07-19 15:30:41 [INFO] GripperOptimized:process_commands:418 - PGC指令執行成功
2025-07-19 15:30:41 [WARNING] GripperOptimized:fast_loop:492 - 主循環執行時間過長: 37.2ms
2025-07-19 15:30:42 [INFO] GripperOptimized:process_commands:412 - 收到PGC指令: 代碼=8, 參數1=0, 參數2=0, ID=50316
2025-07-19 15:30:42 [INFO] GripperOptimized:process_commands:418 - PGC指令執行成功
2025-07-19 15:30:42 [WARNING] GripperOptimized:fast_loop:492 - 主循環執行時間過長: 36.7ms
2025-07-19 15:30:42 [INFO] GripperOptimized:process_commands:412 - 收到PGC指令: 代碼=7, 參數1=0, 參數2=0, ID=50533
2025-07-19 15:30:42 [INFO] GripperOptimized:process_commands:418 - PGC指令執行成功
2025-07-19 15:30:42 [WARNING] GripperOptimized:fast_loop:492 - 主循環執行時間過長: 35.8ms
2025-07-19 15:30:42 [INFO] GripperOptimized:process_commands:412 - 收到PGC指令: 代碼=8, 參數1=0, 參數2=0, ID=50710
2025-07-19 15:30:42 [INFO] GripperOptimized:process_commands:418 - PGC指令執行成功
2025-07-19 15:30:42 [WARNING] GripperOptimized:fast_loop:492 - 主循環執行時間過長: 35.6ms
2025-07-19 15:30:42 [INFO] GripperOptimized:process_commands:412 - 收到PGC指令: 代碼=7, 參數1=0, 參數2=0, ID=50905
2025-07-19 15:30:42 [INFO] GripperOptimized:process_commands:418 - PGC指令執行成功
2025-07-19 15:30:42 [WARNING] GripperOptimized:fast_loop:492 - 主循環執行時間過長: 35.3ms
2025-07-19 15:30:42 [INFO] GripperOptimized:process_commands:412 - 收到PGC指令: 代碼=8, 參數1=0, 參數2=0, ID=51083
2025-07-19 15:30:42 [INFO] GripperOptimized:process_commands:418 - PGC指令執行成功
2025-07-19 15:30:42 [WARNING] GripperOptimized:fast_loop:492 - 主循環執行時間過長: 34.7ms
2025-07-19 15:30:43 [INFO] GripperOptimized:process_commands:412 - 收到PGC指令: 代碼=7, 參數1=0, 參數2=0, ID=51291
2025-07-19 15:30:43 [INFO] GripperOptimized:process_commands:418 - PGC指令執行成功
2025-07-19 15:30:43 [WARNING] GripperOptimized:fast_loop:492 - 主循環執行時間過長: 35.9ms
2025-07-19 15:30:43 [INFO] GripperOptimized:process_commands:412 - 收到PGC指令: 代碼=8, 參數1=0, 參數2=0, ID=51493
2025-07-19 15:30:43 [INFO] GripperOptimized:process_commands:418 - PGC指令執行成功
2025-07-19 15:30:43 [WARNING] GripperOptimized:fast_loop:492 - 主循環執行時間過長: 34.7ms
2025-07-19 15:30:43 [INFO] GripperOptimized:process_commands:412 - 收到PGC指令: 代碼=7, 參數1=0, 參數2=0, ID=51704
2025-07-19 15:30:43 [INFO] GripperOptimized:process_commands:418 - PGC指令執行成功
2025-07-19 15:30:43 [WARNING] GripperOptimized:fast_loop:492 - 主循環執行時間過長: 36.9ms
2025-07-19 15:30:43 [INFO] GripperOptimized:process_commands:412 - 收到PGC指令: 代碼=8, 參數1=0, 參數2=0, ID=51965
2025-07-19 15:30:43 [INFO] GripperOptimized:process_commands:418 - PGC指令執行成功
2025-07-19 15:30:43 [WARNING] GripperOptimized:fast_loop:492 - 主循環執行時間過長: 34.4ms
2025-07-19 15:30:43 [INFO] GripperOptimized:process_commands:412 - 收到PGC指令: 代碼=8, 參數1=0, 參數2=0, ID=52134
2025-07-19 15:30:43 [INFO] GripperOptimized:process_commands:418 - PGC指令執行成功
2025-07-19 15:30:44 [WARNING] GripperOptimized:fast_loop:492 - 主循環執行時間過長: 35.6ms
2025-07-19 15:30:44 [INFO] GripperOptimized:process_commands:412 - 收到PGC指令: 代碼=8, 參數1=0, 參數2=0, ID=52466
2025-07-19 15:30:44 [INFO] GripperOptimized:process_commands:418 - PGC指令執行成功
2025-07-19 15:30:44 [WARNING] GripperOptimized:fast_loop:492 - 主循環執行時間過長: 35.8ms
2025-07-19 15:30:44 [INFO] GripperOptimized:process_commands:412 - 收到PGC指令: 代碼=7, 參數1=0, 參數2=0, ID=52902
2025-07-19 15:30:44 [INFO] GripperOptimized:process_commands:418 - PGC指令執行成功
2025-07-19 15:30:44 [WARNING] GripperOptimized:fast_loop:492 - 主循環執行時間過長: 35.0ms
2025-07-19 15:30:44 [INFO] GripperOptimized:process_commands:412 - 收到PGC指令: 代碼=7, 參數1=0, 參數2=0, ID=53077
2025-07-19 15:30:44 [INFO] GripperOptimized:process_commands:418 - PGC指令執行成功
2025-07-19 15:30:44 [WARNING] GripperOptimized:fast_loop:492 - 主循環執行時間過長: 35.4ms
2025-07-19 15:30:45 [INFO] GripperOptimized:process_commands:412 - 收到PGC指令: 代碼=8, 參數1=0, 參數2=0, ID=53258
2025-07-19 15:30:45 [INFO] GripperOptimized:process_commands:418 - PGC指令執行成功
2025-07-19 15:30:45 [WARNING] GripperOptimized:fast_loop:492 - 主循環執行時間過長: 36.6ms
2025-07-19 15:30:45 [INFO] GripperOptimized:process_commands:412 - 收到PGC指令: 代碼=7, 參數1=0, 參數2=0, ID=53467
2025-07-19 15:30:45 [INFO] GripperOptimized:process_commands:418 - PGC指令執行成功
2025-07-19 15:30:45 [WARNING] GripperOptimized:fast_loop:492 - 主循環執行時間過長: 35.9ms
2025-07-19 15:30:45 [INFO] GripperOptimized:process_commands:412 - 收到PGC指令: 代碼=8, 參數1=0, 參數2=0, ID=53778
2025-07-19 15:30:45 [INFO] GripperOptimized:process_commands:418 - PGC指令執行成功
2025-07-19 15:30:45 [WARNING] GripperOptimized:fast_loop:492 - 主循環執行時間過長: 35.2ms
2025-07-19 15:30:45 [INFO] GripperOptimized:process_commands:412 - 收到PGC指令: 代碼=7, 參數1=0, 參數2=0, ID=53931
2025-07-19 15:30:45 [INFO] GripperOptimized:process_commands:418 - PGC指令執行成功
2025-07-19 15:30:45 [WARNING] GripperOptimized:fast_loop:492 - 主循環執行時間過長: 34.6ms
2025-07-19 15:30:45 [INFO] GripperOptimized:process_commands:412 - 收到PGC指令: 代碼=7, 參數1=0, 參數2=0, ID=54109
2025-07-19 15:30:45 [INFO] GripperOptimized:process_commands:418 - PGC指令執行成功
2025-07-19 15:30:45 [WARNING] GripperOptimized:fast_loop:492 - 主循環執行時間過長: 36.3ms
2025-07-19 15:30:46 [INFO] GripperOptimized:process_commands:412 - 收到PGC指令: 代碼=8, 參數1=0, 參數2=0, ID=54264
2025-07-19 15:30:46 [INFO] GripperOptimized:process_commands:418 - PGC指令執行成功
2025-07-19 15:30:46 [WARNING] GripperOptimized:fast_loop:492 - 主循環執行時間過長: 34.7ms
2025-07-19 15:30:46 [INFO] GripperOptimized:process_commands:412 - 收到PGC指令: 代碼=8, 參數1=0, 參數2=0, ID=54409
2025-07-19 15:30:46 [INFO] GripperOptimized:process_commands:418 - PGC指令執行成功
2025-07-19 15:30:46 [WARNING] GripperOptimized:fast_loop:492 - 主循環執行時間過長: 36.4ms
2025-07-19 15:30:46 [INFO] GripperOptimized:process_commands:412 - 收到PGC指令: 代碼=7, 參數1=0, 參數2=0, ID=54657
2025-07-19 15:30:46 [INFO] GripperOptimized:process_commands:418 - PGC指令執行成功
2025-07-19 15:30:46 [WARNING] GripperOptimized:fast_loop:492 - 主循環執行時間過長: 36.6ms
2025-07-19 15:30:46 [INFO] GripperOptimized:process_commands:412 - 收到PGC指令: 代碼=8, 參數1=0, 參數2=0, ID=54862
2025-07-19 15:30:46 [INFO] GripperOptimized:process_commands:418 - PGC指令執行成功
2025-07-19 15:30:46 [WARNING] GripperOptimized:fast_loop:492 - 主循環執行時間過長: 36.8ms
2025-07-19 15:30:46 [INFO] GripperOptimized:process_commands:412 - 收到PGC指令: 代碼=7, 參數1=0, 參數2=0, ID=55076
2025-07-19 15:30:46 [INFO] GripperOptimized:process_commands:418 - PGC指令執行成功
2025-07-19 15:30:46 [WARNING] GripperOptimized:fast_loop:492 - 主循環執行時間過長: 36.4ms
2025-07-19 15:30:47 [INFO] GripperOptimized:process_commands:412 - 收到PGC指令: 代碼=8, 參數1=0, 參數2=0, ID=55400
2025-07-19 15:30:47 [INFO] GripperOptimized:process_commands:418 - PGC指令執行成功
2025-07-19 15:30:47 [WARNING] GripperOptimized:fast_loop:492 - 主循環執行時間過長: 36.2ms
2025-07-19 15:30:47 [INFO] GripperOptimized:process_commands:412 - 收到PGC指令: 代碼=7, 參數1=0, 參數2=0, ID=55648
2025-07-19 15:30:47 [INFO] GripperOptimized:process_commands:418 - PGC指令執行成功
2025-07-19 15:30:47 [WARNING] GripperOptimized:fast_loop:492 - 主循環執行時間過長: 35.7ms
2025-07-19 15:30:47 [INFO] GripperOptimized:process_commands:412 - 收到PGC指令: 代碼=8, 參數1=0, 參數2=0, ID=55936
2025-07-19 15:30:47 [INFO] GripperOptimized:process_commands:418 - PGC指令執行成功
2025-07-19 15:30:47 [WARNING] GripperOptimized:fast_loop:492 - 主循環執行時間過長: 37.0ms
2025-07-19 15:30:47 [INFO] GripperOptimized:process_commands:412 - 收到PGC指令: 代碼=7, 參數1=0, 參數2=0, ID=56167
2025-07-19 15:30:48 [INFO] GripperOptimized:process_commands:418 - PGC指令執行成功
2025-07-19 15:30:48 [WARNING] GripperOptimized:fast_loop:492 - 主循環執行時間過長: 34.9ms
2025-07-19 15:30:48 [INFO] GripperOptimized:process_commands:412 - 收到PGC指令: 代碼=8, 參數1=0, 參數2=0, ID=56372
2025-07-19 15:30:48 [INFO] GripperOptimized:process_commands:418 - PGC指令執行成功
2025-07-19 15:30:48 [WARNING] GripperOptimized:fast_loop:492 - 主循環執行時間過長: 37.1ms
2025-07-19 15:30:48 [INFO] GripperOptimized:process_commands:412 - 收到PGC指令: 代碼=7, 參數1=0, 參數2=0, ID=56591
2025-07-19 15:30:48 [INFO] GripperOptimized:process_commands:418 - PGC指令執行成功
2025-07-19 15:30:48 [WARNING] GripperOptimized:fast_loop:492 - 主循環執行時間過長: 35.3ms
2025-07-19 15:30:48 [INFO] GripperOptimized:process_commands:412 - 收到PGC指令: 代碼=8, 參數1=0, 參數2=0, ID=56791
2025-07-19 15:30:48 [INFO] GripperOptimized:process_commands:418 - PGC指令執行成功
2025-07-19 15:30:48 [WARNING] GripperOptimized:fast_loop:492 - 主循環執行時間過長: 37.3ms
2025-07-19 15:30:49 [INFO] GripperOptimized:process_commands:412 - 收到PGC指令: 代碼=8, 參數1=0, 參數2=0, ID=57255
2025-07-19 15:30:49 [INFO] GripperOptimized:process_commands:418 - PGC指令執行成功
2025-07-19 15:30:49 [WARNING] GripperOptimized:fast_loop:492 - 主循環執行時間過長: 34.7ms
2025-07-19 15:30:49 [INFO] GripperOptimized:process_commands:412 - 收到PGC指令: 代碼=7, 參數1=0, 參數2=0, ID=57451
2025-07-19 15:30:49 [INFO] GripperOptimized:process_commands:418 - PGC指令執行成功
2025-07-19 15:30:49 [WARNING] GripperOptimized:fast_loop:492 - 主循環執行時間過長: 35.2ms
2025-07-19 15:30:49 [INFO] GripperOptimized:process_commands:412 - 收到PGC指令: 代碼=8, 參數1=0, 參數2=0, ID=57694
2025-07-19 15:30:49 [INFO] GripperOptimized:process_commands:418 - PGC指令執行成功
2025-07-19 15:30:49 [WARNING] GripperOptimized:fast_loop:492 - 主循環執行時間過長: 35.2ms
2025-07-19 15:30:49 [INFO] GripperOptimized:process_commands:412 - 收到PGC指令: 代碼=7, 參數1=0, 參數2=0, ID=57891
2025-07-19 15:30:49 [INFO] GripperOptimized:process_commands:418 - PGC指令執行成功
2025-07-19 15:30:49 [WARNING] GripperOptimized:fast_loop:492 - 主循環執行時間過長: 35.0ms
2025-07-19 15:30:49 [INFO] GripperOptimized:process_commands:412 - 收到PGC指令: 代碼=8, 參數1=0, 參數2=0, ID=58083
2025-07-19 15:30:49 [INFO] GripperOptimized:process_commands:418 - PGC指令執行成功
2025-07-19 15:30:49 [WARNING] GripperOptimized:fast_loop:492 - 主循環執行時間過長: 34.6ms
2025-07-19 15:30:50 [INFO] GripperOptimized:process_commands:412 - 收到PGC指令: 代碼=7, 參數1=0, 參數2=0, ID=58291
2025-07-19 15:30:50 [INFO] GripperOptimized:process_commands:418 - PGC指令執行成功
2025-07-19 15:30:50 [WARNING] GripperOptimized:fast_loop:492 - 主循環執行時間過長: 35.2ms
2025-07-19 15:30:50 [INFO] GripperOptimized:process_commands:412 - 收到PGC指令: 代碼=8, 參數1=0, 參數2=0, ID=58484
2025-07-19 15:30:50 [INFO] GripperOptimized:process_commands:418 - PGC指令執行成功
2025-07-19 15:30:50 [WARNING] GripperOptimized:fast_loop:492 - 主循環執行時間過長: 35.0ms
2025-07-19 15:30:50 [INFO] GripperOptimized:process_commands:412 - 收到PGC指令: 代碼=7, 參數1=0, 參數2=0, ID=58939
2025-07-19 15:30:50 [INFO] GripperOptimized:process_commands:418 - PGC指令執行成功
2025-07-19 15:30:50 [WARNING] GripperOptimized:fast_loop:492 - 主循環執行時間過長: 35.2ms
2025-07-19 15:30:50 [INFO] GripperOptimized:process_commands:412 - 收到PGC指令: 代碼=8, 參數1=0, 參數2=0, ID=59116
2025-07-19 15:30:50 [INFO] GripperOptimized:process_commands:418 - PGC指令執行成功
2025-07-19 15:30:50 [WARNING] GripperOptimized:fast_loop:492 - 主循環執行時間過長: 36.2ms
2025-07-19 15:30:51 [INFO] GripperOptimized:process_commands:412 - 收到PGC指令: 代碼=7, 參數1=0, 參數2=0, ID=59310
2025-07-19 15:30:51 [INFO] GripperOptimized:process_commands:418 - PGC指令執行成功
2025-07-19 15:30:51 [WARNING] GripperOptimized:fast_loop:492 - 主循環執行時間過長: 35.8ms
2025-07-19 15:30:51 [INFO] GripperOptimized:process_commands:412 - 收到PGC指令: 代碼=7, 參數1=0, 參數2=0, ID=59531
2025-07-19 15:30:51 [INFO] GripperOptimized:process_commands:418 - PGC指令執行成功
2025-07-19 15:30:51 [WARNING] GripperOptimized:fast_loop:492 - 主循環執行時間過長: 34.8ms
2025-07-19 15:30:51 [INFO] GripperOptimized:process_commands:412 - 收到PGC指令: 代碼=8, 參數1=0, 參數2=0, ID=59688
2025-07-19 15:30:51 [INFO] GripperOptimized:process_commands:418 - PGC指令執行成功
2025-07-19 15:30:51 [WARNING] GripperOptimized:fast_loop:492 - 主循環執行時間過長: 35.7ms
2025-07-19 15:30:51 [INFO] GripperOptimized:process_commands:412 - 收到PGC指令: 代碼=8, 參數1=0, 參數2=0, ID=59848
2025-07-19 15:30:51 [INFO] GripperOptimized:process_commands:418 - PGC指令執行成功
2025-07-19 15:30:51 [WARNING] GripperOptimized:fast_loop:492 - 主循環執行時間過長: 35.0ms
2025-07-19 15:30:51 [INFO] GripperOptimized:process_commands:412 - 收到PGC指令: 代碼=8, 參數1=0, 參數2=0, ID=60020
2025-07-19 15:30:51 [INFO] GripperOptimized:process_commands:418 - PGC指令執行成功
2025-07-19 15:30:51 [WARNING] GripperOptimized:fast_loop:492 - 主循環執行時間過長: 36.0ms
2025-07-19 15:30:52 [INFO] GripperOptimized:process_commands:412 - 收到PGC指令: 代碼=8, 參數1=0, 參數2=0, ID=60203
2025-07-19 15:30:52 [INFO] GripperOptimized:process_commands:418 - PGC指令執行成功
2025-07-19 15:30:52 [WARNING] GripperOptimized:fast_loop:492 - 主循環執行時間過長: 36.3ms
2025-07-19 15:30:52 [INFO] GripperOptimized:process_commands:412 - 收到PGC指令: 代碼=8, 參數1=0, 參數2=0, ID=60383
2025-07-19 15:30:52 [INFO] GripperOptimized:process_commands:418 - PGC指令執行成功
2025-07-19 15:30:52 [WARNING] GripperOptimized:fast_loop:492 - 主循環執行時間過長: 35.8ms
2025-07-19 15:30:59 [INFO] GripperOptimized:fast_loop:484 - 性能統計: 循環=4000, 平均耗時=7.4ms, 最大耗時=43.9ms, 指令數=150
2025-07-19 15:31:20 [INFO] GripperOptimized:fast_loop:484 - 性能統計: 循環=5000, 平均耗時=7.4ms, 最大耗時=43.9ms, 指令數=150
2025-07-19 15:31:41 [INFO] GripperOptimized:fast_loop:484 - 性能統計: 循環=6000, 平均耗時=7.6ms, 最大耗時=43.9ms, 指令數=150
2025-07-19 15:31:51 [INFO] GripperOptimized:process_commands:412 - 收到PGC指令: 代碼=1, 參數1=0, 參數2=0, ID=1
2025-07-19 15:31:51 [INFO] GripperOptimized:process_commands:418 - PGC指令執行成功
2025-07-19 15:31:51 [WARNING] GripperOptimized:fast_loop:492 - 主循環執行時間過長: 43.7ms
2025-07-19 15:32:02 [INFO] GripperOptimized:fast_loop:484 - 性能統計: 循環=7000, 平均耗時=7.5ms, 最大耗時=43.9ms, 指令數=151
2025-07-19 15:32:05 [INFO] GripperOptimized:process_commands:412 - 收到PGC指令: 代碼=3, 參數1=300, 參數2=0, ID=2618
2025-07-19 15:32:05 [INFO] GripperOptimized:process_commands:418 - PGC指令執行成功
2025-07-19 15:32:05 [WARNING] GripperOptimized:fast_loop:492 - 主循環執行時間過長: 36.8ms
2025-07-19 15:32:22 [INFO] GripperOptimized:fast_loop:484 - 性能統計: 循環=8000, 平均耗時=7.1ms, 最大耗時=43.9ms, 指令數=152
2025-07-19 15:32:33 [INFO] GripperOptimized:process_commands:412 - 收到PGC指令: 代碼=3, 參數1=470, 參數2=0, ID=2
2025-07-19 15:32:33 [INFO] GripperOptimized:process_commands:418 - PGC指令執行成功
2025-07-19 15:32:33 [WARNING] GripperOptimized:fast_loop:492 - 主循環執行時間過長: 36.6ms
2025-07-19 15:32:36 [INFO] GripperOptimized:process_commands:412 - 收到PGC指令: 代碼=3, 參數1=300, 參數2=0, ID=3
2025-07-19 15:32:36 [INFO] GripperOptimized:process_commands:418 - PGC指令執行成功
2025-07-19 15:32:36 [WARNING] GripperOptimized:fast_loop:492 - 主循環執行時間過長: 36.3ms
2025-07-19 15:32:39 [INFO] GripperOptimized:process_commands:412 - 收到PGC指令: 代碼=3, 參數1=470, 參數2=0, ID=4
2025-07-19 15:32:39 [INFO] GripperOptimized:process_commands:418 - PGC指令執行成功
2025-07-19 15:32:39 [WARNING] GripperOptimized:fast_loop:492 - 主循環執行時間過長: 34.9ms
2025-07-19 15:32:43 [INFO] GripperOptimized:fast_loop:484 - 性能統計: 循環=9000, 平均耗時=7.5ms, 最大耗時=43.9ms, 指令數=155
2025-07-19 15:32:56 [INFO] GripperOptimized:process_commands:412 - 收到PGC指令: 代碼=3, 參數1=300, 參數2=0, ID=5
2025-07-19 15:32:56 [INFO] GripperOptimized:process_commands:418 - PGC指令執行成功
2025-07-19 15:32:56 [WARNING] GripperOptimized:fast_loop:492 - 主循環執行時間過長: 36.7ms
2025-07-19 15:33:01 [INFO] GripperOptimized:process_commands:412 - 收到PGC指令: 代碼=3, 參數1=470, 參數2=0, ID=6
2025-07-19 15:33:01 [INFO] GripperOptimized:process_commands:418 - PGC指令執行成功
2025-07-19 15:33:01 [WARNING] GripperOptimized:fast_loop:492 - 主循環執行時間過長: 36.0ms
2025-07-19 15:33:04 [INFO] GripperOptimized:fast_loop:484 - 性能統計: 循環=10000, 平均耗時=7.6ms, 最大耗時=43.9ms, 指令數=157
2025-07-19 15:33:04 [INFO] GripperOptimized:process_commands:412 - 收到PGC指令: 代碼=3, 參數1=300, 參數2=0, ID=7
2025-07-19 15:33:04 [INFO] GripperOptimized:process_commands:418 - PGC指令執行成功
2025-07-19 15:33:04 [WARNING] GripperOptimized:fast_loop:492 - 主循環執行時間過長: 36.6ms
2025-07-19 15:33:07 [INFO] GripperOptimized:process_commands:412 - 收到PGC指令: 代碼=3, 參數1=470, 參數2=0, ID=8
2025-07-19 15:33:07 [INFO] GripperOptimized:process_commands:418 - PGC指令執行成功
2025-07-19 15:33:07 [WARNING] GripperOptimized:fast_loop:492 - 主循環執行時間過長: 35.1ms
2025-07-19 15:33:24 [INFO] GripperOptimized:fast_loop:484 - 性能統計: 循環=11000, 平均耗時=7.3ms, 最大耗時=43.9ms, 指令數=159
2025-07-19 15:33:45 [INFO] GripperOptimized:fast_loop:484 - 性能統計: 循環=12000, 平均耗時=7.6ms, 最大耗時=43.9ms, 指令數=159
2025-07-19 15:34:06 [INFO] GripperOptimized:fast_loop:484 - 性能統計: 循環=13000, 平均耗時=7.7ms, 最大耗時=43.9ms, 指令數=159
2025-07-19 15:34:25 [INFO] GripperOptimized:process_commands:412 - 收到PGC指令: 代碼=3, 參數1=300, 參數2=0, ID=9
2025-07-19 15:34:25 [INFO] GripperOptimized:process_commands:418 - PGC指令執行成功
2025-07-19 15:34:25 [WARNING] GripperOptimized:fast_loop:492 - 主循環執行時間過長: 36.4ms
2025-07-19 15:34:27 [INFO] GripperOptimized:fast_loop:484 - 性能統計: 循環=14000, 平均耗時=7.3ms, 最大耗時=43.9ms, 指令數=160
2025-07-19 15:34:47 [INFO] GripperOptimized:fast_loop:484 - 性能統計: 循環=15000, 平均耗時=7.2ms, 最大耗時=43.9ms, 指令數=160
2025-07-19 15:35:08 [INFO] GripperOptimized:fast_loop:484 - 性能統計: 循環=16000, 平均耗時=7.6ms, 最大耗時=43.9ms, 指令數=160
2025-07-19 15:35:29 [INFO] GripperOptimized:fast_loop:484 - 性能統計: 循環=17000, 平均耗時=7.6ms, 最大耗時=43.9ms, 指令數=160
2025-07-19 15:35:49 [INFO] GripperOptimized:fast_loop:484 - 性能統計: 循環=18000, 平均耗時=7.3ms, 最大耗時=43.9ms, 指令數=160
2025-07-19 15:36:10 [INFO] GripperOptimized:fast_loop:484 - 性能統計: 循環=19000, 平均耗時=7.5ms, 最大耗時=43.9ms, 指令數=160
2025-07-19 15:36:31 [INFO] GripperOptimized:fast_loop:484 - 性能統計: 循環=20000, 平均耗時=7.6ms, 最大耗時=43.9ms, 指令數=160
2025-07-19 15:36:52 [INFO] GripperOptimized:fast_loop:484 - 性能統計: 循環=21000, 平均耗時=7.4ms, 最大耗時=43.9ms, 指令數=160
2025-07-19 15:37:12 [INFO] GripperOptimized:fast_loop:484 - 性能統計: 循環=22000, 平均耗時=7.3ms, 最大耗時=43.9ms, 指令數=160
2025-07-19 15:37:33 [INFO] GripperOptimized:fast_loop:484 - 性能統計: 循環=23000, 平均耗時=7.4ms, 最大耗時=43.9ms, 指令數=160
2025-07-19 15:37:54 [INFO] GripperOptimized:fast_loop:484 - 性能統計: 循環=24000, 平均耗時=7.3ms, 最大耗時=43.9ms, 指令數=160
2025-07-19 15:38:14 [INFO] GripperOptimized:fast_loop:484 - 性能統計: 循環=25000, 平均耗時=7.4ms, 最大耗時=43.9ms, 指令數=160
2025-07-19 15:38:35 [INFO] GripperOptimized:fast_loop:484 - 性能統計: 循環=26000, 平均耗時=7.6ms, 最大耗時=43.9ms, 指令數=160
2025-07-19 15:38:56 [INFO] GripperOptimized:fast_loop:484 - 性能統計: 循環=27000, 平均耗時=7.4ms, 最大耗時=43.9ms, 指令數=160
2025-07-19 15:39:17 [INFO] GripperOptimized:fast_loop:484 - 性能統計: 循環=28000, 平均耗時=7.1ms, 最大耗時=43.9ms, 指令數=160
2025-07-19 15:39:37 [INFO] GripperOptimized:fast_loop:484 - 性能統計: 循環=29000, 平均耗時=7.1ms, 最大耗時=43.9ms, 指令數=160
2025-07-19 15:39:58 [INFO] GripperOptimized:fast_loop:484 - 性能統計: 循環=30000, 平均耗時=7.6ms, 最大耗時=43.9ms, 指令數=160
2025-07-19 15:40:19 [INFO] GripperOptimized:fast_loop:484 - 性能統計: 循環=31000, 平均耗時=8.2ms, 最大耗時=43.9ms, 指令數=160
2025-07-19 15:40:28 [INFO] GripperOptimized:process_commands:412 - 收到PGC指令: 代碼=1, 參數1=0, 參數2=0, ID=1
2025-07-19 15:40:28 [INFO] GripperOptimized:process_commands:418 - PGC指令執行成功
2025-07-19 15:40:28 [WARNING] GripperOptimized:fast_loop:492 - 主循環執行時間過長: 36.3ms
2025-07-19 15:40:40 [INFO] GripperOptimized:fast_loop:484 - 性能統計: 循環=32000, 平均耗時=7.3ms, 最大耗時=43.9ms, 指令數=161
2025-07-19 15:40:48 [INFO] GripperOptimized:stop:519 - 正在停止夾爪模組...
2025-07-19 15:40:48 [INFO] GripperOptimized:stop:528 - 最終性能統計: 總循環=32416, 總指令=161, 總錯誤=0
2025-07-19 15:40:48 [ERROR] GripperOptimized:read_gripper_status:273 - PGC狀態讀取異常: 'NoneType' object has no attribute 'inWaiting'
Traceback (most recent call last):
  File "C:\Users\user\Documents\GitHub\DobotCASE\Automation\Gripper\Gripper_main.py", line 250, in read_gripper_status
    result = self.rtu_client.read_holding_registers(address=0x0200, count=3, slave=unit_id)
             ^^^^^^^^^^^^^^^^^^^^^^^^^^^^^^^^^^^^^^^^^^^^^^^^^^^^^^^^^^^^^^^^^^^^^^^^^^^^^^
  File "C:\Users\user\anaconda3\envs\ROBOT\Lib\site-packages\pymodbus\client\mixin.py", line 113, in read_holding_registers
    return self.execute(no_response_expected, pdu_reg.ReadHoldingRegistersRequest(address=address, count=count, dev_id=slave))
           ^^^^^^^^^^^^^^^^^^^^^^^^^^^^^^^^^^^^^^^^^^^^^^^^^^^^^^^^^^^^^^^^^^^^^^^^^^^^^^^^^^^^^^^^^^^^^^^^^^^^^^^^^^^^^^^^^^^
  File "C:\Users\user\anaconda3\envs\ROBOT\Lib\site-packages\pymodbus\client\base.py", line 203, in execute
    return self.transaction.sync_execute(no_response_expected, request)
           ^^^^^^^^^^^^^^^^^^^^^^^^^^^^^^^^^^^^^^^^^^^^^^^^^^^^^^^^^^^^
  File "C:\Users\user\anaconda3\envs\ROBOT\Lib\site-packages\pymodbus\transaction\transaction.py", line 136, in sync_execute
    return self.sync_get_response(request.dev_id)
           ^^^^^^^^^^^^^^^^^^^^^^^^^^^^^^^^^^^^^^
  File "C:\Users\user\anaconda3\envs\ROBOT\Lib\site-packages\pymodbus\transaction\transaction.py", line 86, in sync_get_response
    if not (data := self.sync_client.recv(None)):
                    ^^^^^^^^^^^^^^^^^^^^^^^^^^^
  File "C:\Users\user\anaconda3\envs\ROBOT\Lib\site-packages\pymodbus\client\serial.py", line 302, in recv
    size = self._wait_for_data()
           ^^^^^^^^^^^^^^^^^^^^^
  File "C:\Users\user\anaconda3\envs\ROBOT\Lib\site-packages\pymodbus\client\serial.py", line 288, in _wait_for_data
    available = self._in_waiting()
                ^^^^^^^^^^^^^^^^^^
  File "C:\Users\user\anaconda3\envs\ROBOT\Lib\site-packages\pymodbus\client\serial.py", line 262, in _in_waiting
    return getattr(self.socket, "in_waiting") if hasattr(self.socket, "in_waiting") else getattr(self.socket, "inWaiting")()
                                                                                         ^^^^^^^^^^^^^^^^^^^^^^^^^^^^^^^^^
AttributeError: 'NoneType' object has no attribute 'inWaiting'
2025-07-19 15:40:48 [INFO] GripperOptimized:stop:532 - 夾爪模組已停止
2025-07-19 15:40:50 [INFO] GripperOptimized:__init__:66 - 夾爪模組啟動 - 優化版本 - 基地址: 500-539
2025-07-19 15:40:50 [INFO] GripperOptimized:__init__:67 - 性能參數: 主循環=20.0ms, 狀態更新=10.0ms
2025-07-19 15:40:50 [INFO] GripperOptimized:fast_loop:438 - 夾爪主循環啟動 - 高性能模式
2025-07-19 15:40:50 [INFO] GripperOptimized:start:509 - 夾爪模組已啟動 - 高性能模式
2025-07-19 15:40:50 [INFO] GripperOptimized:connect_main_server:158 - 主服務器連接成功: 127.0.0.1:502
2025-07-19 15:40:50 [INFO] GripperOptimized:connect_rtu_devices:183 - RTU設備連接成功: COM11
2025-07-19 15:41:02 [INFO] GripperOptimized:process_commands:412 - 收到PGC指令: 代碼=1, 參數1=0, 參數2=0, ID=1
2025-07-19 15:41:02 [INFO] GripperOptimized:process_commands:418 - PGC指令執行成功
2025-07-19 15:41:02 [WARNING] GripperOptimized:fast_loop:492 - 主循環執行時間過長: 35.9ms
2025-07-19 15:41:11 [INFO] GripperOptimized:fast_loop:484 - 性能統計: 循環=1000, 平均耗時=7.3ms, 最大耗時=35.9ms, 指令數=1
2025-07-19 15:41:19 [INFO] GripperOptimized:process_commands:412 - 收到PGC指令: 代碼=3, 參數1=300, 參數2=0, ID=32558
2025-07-19 15:41:19 [INFO] GripperOptimized:process_commands:418 - PGC指令執行成功
2025-07-19 15:41:19 [WARNING] GripperOptimized:fast_loop:492 - 主循環執行時間過長: 36.3ms
2025-07-19 15:41:27 [INFO] GripperOptimized:process_commands:412 - 收到PGC指令: 代碼=3, 參數1=470, 參數2=0, ID=2
2025-07-19 15:41:27 [INFO] GripperOptimized:process_commands:418 - PGC指令執行成功
2025-07-19 15:41:27 [WARNING] GripperOptimized:fast_loop:492 - 主循環執行時間過長: 42.3ms
2025-07-19 15:41:30 [INFO] GripperOptimized:process_commands:412 - 收到PGC指令: 代碼=3, 參數1=300, 參數2=0, ID=3
2025-07-19 15:41:30 [INFO] GripperOptimized:process_commands:418 - PGC指令執行成功
2025-07-19 15:41:30 [WARNING] GripperOptimized:fast_loop:492 - 主循環執行時間過長: 34.3ms
2025-07-19 15:41:31 [INFO] GripperOptimized:fast_loop:484 - 性能統計: 循環=2000, 平均耗時=7.5ms, 最大耗時=42.3ms, 指令數=4
2025-07-19 15:41:33 [INFO] GripperOptimized:process_commands:412 - 收到PGC指令: 代碼=3, 參數1=470, 參數2=0, ID=4
2025-07-19 15:41:33 [INFO] GripperOptimized:process_commands:418 - PGC指令執行成功
2025-07-19 15:41:33 [WARNING] GripperOptimized:fast_loop:492 - 主循環執行時間過長: 36.0ms
2025-07-19 15:41:44 [INFO] GripperOptimized:process_commands:412 - 收到PGC指令: 代碼=3, 參數1=300, 參數2=0, ID=5
2025-07-19 15:41:44 [INFO] GripperOptimized:process_commands:418 - PGC指令執行成功
2025-07-19 15:41:44 [WARNING] GripperOptimized:fast_loop:492 - 主循環執行時間過長: 34.9ms
2025-07-19 15:41:50 [INFO] GripperOptimized:process_commands:412 - 收到PGC指令: 代碼=3, 參數1=470, 參數2=0, ID=6
2025-07-19 15:41:50 [INFO] GripperOptimized:process_commands:418 - PGC指令執行成功
2025-07-19 15:41:50 [WARNING] GripperOptimized:fast_loop:492 - 主循環執行時間過長: 35.8ms
2025-07-19 15:41:52 [INFO] GripperOptimized:fast_loop:484 - 性能統計: 循環=3000, 平均耗時=7.1ms, 最大耗時=42.3ms, 指令數=7
2025-07-19 15:41:53 [INFO] GripperOptimized:process_commands:412 - 收到PGC指令: 代碼=3, 參數1=300, 參數2=0, ID=7
2025-07-19 15:41:53 [INFO] GripperOptimized:process_commands:418 - PGC指令執行成功
2025-07-19 15:41:53 [WARNING] GripperOptimized:fast_loop:492 - 主循環執行時間過長: 36.4ms
2025-07-19 15:41:55 [INFO] GripperOptimized:process_commands:412 - 收到PGC指令: 代碼=3, 參數1=470, 參數2=0, ID=8
2025-07-19 15:41:55 [INFO] GripperOptimized:process_commands:418 - PGC指令執行成功
2025-07-19 15:41:55 [WARNING] GripperOptimized:fast_loop:492 - 主循環執行時間過長: 36.1ms
2025-07-19 15:42:13 [INFO] GripperOptimized:fast_loop:484 - 性能統計: 循環=4000, 平均耗時=7.5ms, 最大耗時=42.3ms, 指令數=9
2025-07-19 15:42:34 [INFO] GripperOptimized:fast_loop:484 - 性能統計: 循環=5000, 平均耗時=7.5ms, 最大耗時=42.3ms, 指令數=9
2025-07-19 15:42:54 [INFO] GripperOptimized:fast_loop:484 - 性能統計: 循環=6000, 平均耗時=7.3ms, 最大耗時=42.3ms, 指令數=9
2025-07-19 15:43:12 [INFO] GripperOptimized:process_commands:412 - 收到PGC指令: 代碼=3, 參數1=300, 參數2=0, ID=9
2025-07-19 15:43:12 [INFO] GripperOptimized:process_commands:418 - PGC指令執行成功
2025-07-19 15:43:12 [WARNING] GripperOptimized:fast_loop:492 - 主循環執行時間過長: 34.8ms
2025-07-19 15:43:15 [INFO] GripperOptimized:fast_loop:484 - 性能統計: 循環=7000, 平均耗時=7.2ms, 最大耗時=42.3ms, 指令數=10
2025-07-19 15:43:36 [INFO] GripperOptimized:fast_loop:484 - 性能統計: 循環=8000, 平均耗時=7.5ms, 最大耗時=42.3ms, 指令數=10
2025-07-19 15:43:56 [INFO] GripperOptimized:fast_loop:484 - 性能統計: 循環=9000, 平均耗時=7.3ms, 最大耗時=42.3ms, 指令數=10
2025-07-19 15:44:14 [INFO] GripperOptimized:process_commands:412 - 收到PGC指令: 代碼=1, 參數1=0, 參數2=0, ID=1
2025-07-19 15:44:14 [INFO] GripperOptimized:process_commands:418 - PGC指令執行成功
2025-07-19 15:44:14 [WARNING] GripperOptimized:fast_loop:492 - 主循環執行時間過長: 36.0ms
2025-07-19 15:44:17 [INFO] GripperOptimized:fast_loop:484 - 性能統計: 循環=10000, 平均耗時=7.4ms, 最大耗時=42.3ms, 指令數=11
2025-07-19 15:44:24 [INFO] GripperOptimized:process_commands:412 - 收到PGC指令: 代碼=3, 參數1=470, 參數2=0, ID=2
2025-07-19 15:44:24 [INFO] GripperOptimized:process_commands:418 - PGC指令執行成功
2025-07-19 15:44:24 [WARNING] GripperOptimized:fast_loop:492 - 主循環執行時間過長: 36.3ms
2025-07-19 15:44:27 [INFO] GripperOptimized:process_commands:412 - 收到PGC指令: 代碼=3, 參數1=300, 參數2=0, ID=3
2025-07-19 15:44:27 [INFO] GripperOptimized:process_commands:418 - PGC指令執行成功
2025-07-19 15:44:27 [WARNING] GripperOptimized:fast_loop:492 - 主循環執行時間過長: 35.9ms
2025-07-19 15:44:30 [INFO] GripperOptimized:process_commands:412 - 收到PGC指令: 代碼=3, 參數1=470, 參數2=0, ID=4
2025-07-19 15:44:30 [INFO] GripperOptimized:process_commands:418 - PGC指令執行成功
2025-07-19 15:44:30 [WARNING] GripperOptimized:fast_loop:492 - 主循環執行時間過長: 36.1ms
2025-07-19 15:44:38 [INFO] GripperOptimized:process_commands:412 - 收到PGC指令: 代碼=3, 參數1=300, 參數2=0, ID=5
2025-07-19 15:44:38 [INFO] GripperOptimized:process_commands:418 - PGC指令執行成功
2025-07-19 15:44:38 [WARNING] GripperOptimized:fast_loop:492 - 主循環執行時間過長: 35.8ms
2025-07-19 15:44:38 [INFO] GripperOptimized:fast_loop:484 - 性能統計: 循環=11000, 平均耗時=8.3ms, 最大耗時=42.3ms, 指令數=15
2025-07-19 15:44:44 [INFO] GripperOptimized:process_commands:412 - 收到PGC指令: 代碼=3, 參數1=470, 參數2=0, ID=6
2025-07-19 15:44:44 [INFO] GripperOptimized:process_commands:418 - PGC指令執行成功
2025-07-19 15:44:44 [WARNING] GripperOptimized:fast_loop:492 - 主循環執行時間過長: 35.9ms
2025-07-19 15:44:47 [INFO] GripperOptimized:process_commands:412 - 收到PGC指令: 代碼=3, 參數1=300, 參數2=0, ID=7
2025-07-19 15:44:47 [INFO] GripperOptimized:process_commands:418 - PGC指令執行成功
2025-07-19 15:44:47 [WARNING] GripperOptimized:fast_loop:492 - 主循環執行時間過長: 34.8ms
2025-07-19 15:44:49 [INFO] GripperOptimized:process_commands:412 - 收到PGC指令: 代碼=3, 參數1=470, 參數2=0, ID=8
2025-07-19 15:44:49 [INFO] GripperOptimized:process_commands:418 - PGC指令執行成功
2025-07-19 15:44:49 [WARNING] GripperOptimized:fast_loop:492 - 主循環執行時間過長: 37.7ms
2025-07-19 15:44:59 [INFO] GripperOptimized:fast_loop:484 - 性能統計: 循環=12000, 平均耗時=7.6ms, 最大耗時=42.3ms, 指令數=18
2025-07-19 15:45:19 [INFO] GripperOptimized:fast_loop:484 - 性能統計: 循環=13000, 平均耗時=7.4ms, 最大耗時=42.3ms, 指令數=18
2025-07-19 15:45:40 [INFO] GripperOptimized:fast_loop:484 - 性能統計: 循環=14000, 平均耗時=7.6ms, 最大耗時=42.3ms, 指令數=18
2025-07-19 15:46:01 [INFO] GripperOptimized:fast_loop:484 - 性能統計: 循環=15000, 平均耗時=7.3ms, 最大耗時=42.3ms, 指令數=18
2025-07-19 15:46:21 [INFO] GripperOptimized:fast_loop:484 - 性能統計: 循環=16000, 平均耗時=7.2ms, 最大耗時=42.3ms, 指令數=18
2025-07-19 15:46:42 [INFO] GripperOptimized:fast_loop:484 - 性能統計: 循環=17000, 平均耗時=7.4ms, 最大耗時=42.3ms, 指令數=18
2025-07-19 15:46:56 [INFO] GripperOptimized:process_commands:412 - 收到PGC指令: 代碼=8, 參數1=0, 參數2=0, ID=42038
2025-07-19 15:46:56 [INFO] GripperOptimized:process_commands:418 - PGC指令執行成功
2025-07-19 15:46:56 [WARNING] GripperOptimized:fast_loop:492 - 主循環執行時間過長: 36.6ms
2025-07-19 15:47:03 [INFO] GripperOptimized:fast_loop:484 - 性能統計: 循環=18000, 平均耗時=7.5ms, 最大耗時=42.3ms, 指令數=19
2025-07-19 15:47:24 [INFO] GripperOptimized:fast_loop:484 - 性能統計: 循環=19000, 平均耗時=7.6ms, 最大耗時=42.3ms, 指令數=19
2025-07-19 15:47:44 [INFO] GripperOptimized:fast_loop:484 - 性能統計: 循環=20000, 平均耗時=7.6ms, 最大耗時=42.3ms, 指令數=19
2025-07-19 15:48:05 [INFO] GripperOptimized:fast_loop:484 - 性能統計: 循環=21000, 平均耗時=7.2ms, 最大耗時=42.3ms, 指令數=19
2025-07-19 15:48:26 [INFO] GripperOptimized:fast_loop:484 - 性能統計: 循環=22000, 平均耗時=7.5ms, 最大耗時=42.3ms, 指令數=19
2025-07-19 15:48:46 [INFO] GripperOptimized:fast_loop:484 - 性能統計: 循環=23000, 平均耗時=7.3ms, 最大耗時=42.3ms, 指令數=19
2025-07-19 15:49:07 [INFO] GripperOptimized:fast_loop:484 - 性能統計: 循環=24000, 平均耗時=7.4ms, 最大耗時=42.3ms, 指令數=19
2025-07-19 15:49:28 [INFO] GripperOptimized:fast_loop:484 - 性能統計: 循環=25000, 平均耗時=7.4ms, 最大耗時=42.3ms, 指令數=19
2025-07-19 15:49:48 [INFO] GripperOptimized:fast_loop:484 - 性能統計: 循環=26000, 平均耗時=7.5ms, 最大耗時=42.3ms, 指令數=19
2025-07-19 15:50:09 [INFO] GripperOptimized:fast_loop:484 - 性能統計: 循環=27000, 平均耗時=7.4ms, 最大耗時=42.3ms, 指令數=19
2025-07-19 15:50:30 [INFO] GripperOptimized:fast_loop:484 - 性能統計: 循環=28000, 平均耗時=7.3ms, 最大耗時=42.3ms, 指令數=19
2025-07-19 15:50:50 [INFO] GripperOptimized:fast_loop:484 - 性能統計: 循環=29000, 平均耗時=7.3ms, 最大耗時=42.3ms, 指令數=19
2025-07-19 15:51:11 [INFO] GripperOptimized:fast_loop:484 - 性能統計: 循環=30000, 平均耗時=7.4ms, 最大耗時=42.3ms, 指令數=19
2025-07-19 15:51:32 [INFO] GripperOptimized:fast_loop:484 - 性能統計: 循環=31000, 平均耗時=7.3ms, 最大耗時=42.3ms, 指令數=19
2025-07-19 15:51:52 [INFO] GripperOptimized:fast_loop:484 - 性能統計: 循環=32000, 平均耗時=7.6ms, 最大耗時=42.3ms, 指令數=19
2025-07-19 15:52:13 [INFO] GripperOptimized:fast_loop:484 - 性能統計: 循環=33000, 平均耗時=7.2ms, 最大耗時=42.3ms, 指令數=19
2025-07-19 15:52:34 [INFO] GripperOptimized:fast_loop:484 - 性能統計: 循環=34000, 平均耗時=7.4ms, 最大耗時=42.3ms, 指令數=19
2025-07-19 15:52:54 [INFO] GripperOptimized:fast_loop:484 - 性能統計: 循環=35000, 平均耗時=7.3ms, 最大耗時=42.3ms, 指令數=19
2025-07-19 15:53:15 [INFO] GripperOptimized:fast_loop:484 - 性能統計: 循環=36000, 平均耗時=7.6ms, 最大耗時=42.3ms, 指令數=19
2025-07-19 15:53:36 [INFO] GripperOptimized:fast_loop:484 - 性能統計: 循環=37000, 平均耗時=7.3ms, 最大耗時=42.3ms, 指令數=19
2025-07-19 15:53:56 [INFO] GripperOptimized:fast_loop:484 - 性能統計: 循環=38000, 平均耗時=7.3ms, 最大耗時=42.3ms, 指令數=19
2025-07-19 15:54:17 [INFO] GripperOptimized:fast_loop:484 - 性能統計: 循環=39000, 平均耗時=7.5ms, 最大耗時=42.3ms, 指令數=19
2025-07-19 15:54:38 [INFO] GripperOptimized:fast_loop:484 - 性能統計: 循環=40000, 平均耗時=7.4ms, 最大耗時=42.3ms, 指令數=19
2025-07-19 15:54:59 [INFO] GripperOptimized:fast_loop:484 - 性能統計: 循環=41000, 平均耗時=7.4ms, 最大耗時=42.3ms, 指令數=19
2025-07-19 15:55:01 [INFO] GripperOptimized:process_commands:412 - 收到PGC指令: 代碼=1, 參數1=0, 參數2=0, ID=1
2025-07-19 15:55:01 [INFO] GripperOptimized:process_commands:418 - PGC指令執行成功
2025-07-19 15:55:01 [WARNING] GripperOptimized:fast_loop:492 - 主循環執行時間過長: 35.7ms
2025-07-19 15:55:19 [INFO] GripperOptimized:fast_loop:484 - 性能統計: 循環=42000, 平均耗時=7.4ms, 最大耗時=42.3ms, 指令數=20
2025-07-19 15:55:40 [INFO] GripperOptimized:fast_loop:484 - 性能統計: 循環=43000, 平均耗時=7.7ms, 最大耗時=42.3ms, 指令數=20
2025-07-19 15:56:01 [INFO] GripperOptimized:fast_loop:484 - 性能統計: 循環=44000, 平均耗時=7.7ms, 最大耗時=42.3ms, 指令數=20
2025-07-19 15:56:21 [INFO] GripperOptimized:fast_loop:484 - 性能統計: 循環=45000, 平均耗時=7.4ms, 最大耗時=42.3ms, 指令數=20
2025-07-19 15:56:22 [INFO] GripperOptimized:process_commands:412 - 收到PGC指令: 代碼=3, 參數1=470, 參數2=0, ID=2
2025-07-19 15:56:22 [INFO] GripperOptimized:process_commands:418 - PGC指令執行成功
2025-07-19 15:56:22 [WARNING] GripperOptimized:fast_loop:492 - 主循環執行時間過長: 35.9ms
2025-07-19 15:56:25 [INFO] GripperOptimized:process_commands:412 - 收到PGC指令: 代碼=3, 參數1=300, 參數2=0, ID=3
2025-07-19 15:56:25 [INFO] GripperOptimized:process_commands:418 - PGC指令執行成功
2025-07-19 15:56:25 [WARNING] GripperOptimized:fast_loop:492 - 主循環執行時間過長: 35.7ms
2025-07-19 15:56:27 [INFO] GripperOptimized:process_commands:412 - 收到PGC指令: 代碼=3, 參數1=470, 參數2=0, ID=4
2025-07-19 15:56:27 [INFO] GripperOptimized:process_commands:418 - PGC指令執行成功
2025-07-19 15:56:27 [WARNING] GripperOptimized:fast_loop:492 - 主循環執行時間過長: 34.6ms
2025-07-19 15:56:35 [INFO] GripperOptimized:process_commands:412 - 收到PGC指令: 代碼=3, 參數1=300, 參數2=0, ID=5
2025-07-19 15:56:35 [INFO] GripperOptimized:process_commands:418 - PGC指令執行成功
2025-07-19 15:56:35 [WARNING] GripperOptimized:fast_loop:492 - 主循環執行時間過長: 35.4ms
2025-07-19 15:56:41 [INFO] GripperOptimized:process_commands:412 - 收到PGC指令: 代碼=3, 參數1=470, 參數2=0, ID=6
2025-07-19 15:56:41 [INFO] GripperOptimized:process_commands:418 - PGC指令執行成功
2025-07-19 15:56:41 [WARNING] GripperOptimized:fast_loop:492 - 主循環執行時間過長: 37.0ms
2025-07-19 15:56:42 [INFO] GripperOptimized:fast_loop:484 - 性能統計: 循環=46000, 平均耗時=7.4ms, 最大耗時=42.3ms, 指令數=25
2025-07-19 15:56:44 [INFO] GripperOptimized:process_commands:412 - 收到PGC指令: 代碼=3, 參數1=300, 參數2=0, ID=7
2025-07-19 15:56:44 [INFO] GripperOptimized:process_commands:418 - PGC指令執行成功
2025-07-19 15:56:44 [WARNING] GripperOptimized:fast_loop:492 - 主循環執行時間過長: 35.4ms
2025-07-19 15:56:46 [INFO] GripperOptimized:process_commands:412 - 收到PGC指令: 代碼=3, 參數1=470, 參數2=0, ID=8
2025-07-19 15:56:46 [INFO] GripperOptimized:process_commands:418 - PGC指令執行成功
2025-07-19 15:56:46 [WARNING] GripperOptimized:fast_loop:492 - 主循環執行時間過長: 36.4ms
2025-07-19 15:57:03 [INFO] GripperOptimized:fast_loop:484 - 性能統計: 循環=47000, 平均耗時=7.3ms, 最大耗時=42.3ms, 指令數=27
2025-07-19 15:57:24 [INFO] GripperOptimized:fast_loop:484 - 性能統計: 循環=48000, 平均耗時=7.4ms, 最大耗時=42.3ms, 指令數=27
2025-07-19 15:57:44 [INFO] GripperOptimized:fast_loop:484 - 性能統計: 循環=49000, 平均耗時=7.4ms, 最大耗時=42.3ms, 指令數=27
2025-07-19 15:58:05 [INFO] GripperOptimized:fast_loop:484 - 性能統計: 循環=50000, 平均耗時=7.4ms, 最大耗時=42.3ms, 指令數=27
2025-07-19 15:58:26 [INFO] GripperOptimized:fast_loop:484 - 性能統計: 循環=51000, 平均耗時=7.4ms, 最大耗時=42.3ms, 指令數=27
2025-07-19 15:58:47 [INFO] GripperOptimized:fast_loop:484 - 性能統計: 循環=52000, 平均耗時=7.1ms, 最大耗時=42.3ms, 指令數=27
2025-07-19 15:59:07 [INFO] GripperOptimized:fast_loop:484 - 性能統計: 循環=53000, 平均耗時=7.6ms, 最大耗時=42.3ms, 指令數=27
2025-07-19 15:59:14 [INFO] GripperOptimized:process_commands:412 - 收到PGC指令: 代碼=8, 參數1=0, 參數2=0, ID=58711
2025-07-19 15:59:14 [INFO] GripperOptimized:process_commands:418 - PGC指令執行成功
2025-07-19 15:59:14 [WARNING] GripperOptimized:fast_loop:492 - 主循環執行時間過長: 34.4ms
2025-07-19 15:59:28 [INFO] GripperOptimized:fast_loop:484 - 性能統計: 循環=54000, 平均耗時=7.4ms, 最大耗時=42.3ms, 指令數=28
2025-07-19 15:59:49 [INFO] GripperOptimized:fast_loop:484 - 性能統計: 循環=55000, 平均耗時=7.4ms, 最大耗時=42.3ms, 指令數=28
2025-07-19 16:00:10 [INFO] GripperOptimized:fast_loop:484 - 性能統計: 循環=56000, 平均耗時=7.6ms, 最大耗時=42.3ms, 指令數=28
2025-07-19 16:00:30 [INFO] GripperOptimized:fast_loop:484 - 性能統計: 循環=57000, 平均耗時=7.7ms, 最大耗時=42.3ms, 指令數=28
2025-07-19 16:00:43 [INFO] GripperOptimized:process_commands:412 - 收到PGC指令: 代碼=1, 參數1=0, 參數2=0, ID=1
2025-07-19 16:00:43 [INFO] GripperOptimized:process_commands:418 - PGC指令執行成功
2025-07-19 16:00:43 [WARNING] GripperOptimized:fast_loop:492 - 主循環執行時間過長: 36.2ms
2025-07-19 16:00:51 [INFO] GripperOptimized:fast_loop:484 - 性能統計: 循環=58000, 平均耗時=7.5ms, 最大耗時=42.3ms, 指令數=29
2025-07-19 16:01:12 [INFO] GripperOptimized:fast_loop:484 - 性能統計: 循環=59000, 平均耗時=7.7ms, 最大耗時=42.3ms, 指令數=29
2025-07-19 16:01:33 [INFO] GripperOptimized:fast_loop:484 - 性能統計: 循環=60000, 平均耗時=7.8ms, 最大耗時=42.3ms, 指令數=29
2025-07-19 16:01:53 [INFO] GripperOptimized:fast_loop:484 - 性能統計: 循環=61000, 平均耗時=7.6ms, 最大耗時=42.3ms, 指令數=29
2025-07-19 16:02:14 [INFO] GripperOptimized:fast_loop:484 - 性能統計: 循環=62000, 平均耗時=7.8ms, 最大耗時=42.3ms, 指令數=29
2025-07-19 16:02:35 [INFO] GripperOptimized:fast_loop:484 - 性能統計: 循環=63000, 平均耗時=7.4ms, 最大耗時=42.3ms, 指令數=29
2025-07-19 16:02:55 [INFO] GripperOptimized:fast_loop:484 - 性能統計: 循環=64000, 平均耗時=7.6ms, 最大耗時=42.3ms, 指令數=29
2025-07-19 16:03:16 [INFO] GripperOptimized:fast_loop:484 - 性能統計: 循環=65000, 平均耗時=7.5ms, 最大耗時=42.3ms, 指令數=29
2025-07-19 16:03:37 [INFO] GripperOptimized:fast_loop:484 - 性能統計: 循環=66000, 平均耗時=7.6ms, 最大耗時=42.3ms, 指令數=29
2025-07-19 16:03:58 [INFO] GripperOptimized:fast_loop:484 - 性能統計: 循環=67000, 平均耗時=7.3ms, 最大耗時=42.3ms, 指令數=29
2025-07-19 16:04:18 [INFO] GripperOptimized:fast_loop:484 - 性能統計: 循環=68000, 平均耗時=7.4ms, 最大耗時=42.3ms, 指令數=29
2025-07-19 16:04:39 [INFO] GripperOptimized:fast_loop:484 - 性能統計: 循環=69000, 平均耗時=7.6ms, 最大耗時=42.3ms, 指令數=29
2025-07-19 16:05:00 [INFO] GripperOptimized:fast_loop:484 - 性能統計: 循環=70000, 平均耗時=7.6ms, 最大耗時=42.3ms, 指令數=29
2025-07-19 16:05:21 [INFO] GripperOptimized:fast_loop:484 - 性能統計: 循環=71000, 平均耗時=7.7ms, 最大耗時=42.3ms, 指令數=29
2025-07-19 16:05:41 [INFO] GripperOptimized:fast_loop:484 - 性能統計: 循環=72000, 平均耗時=7.5ms, 最大耗時=42.3ms, 指令數=29
2025-07-19 16:06:02 [INFO] GripperOptimized:fast_loop:484 - 性能統計: 循環=73000, 平均耗時=7.4ms, 最大耗時=42.3ms, 指令數=29
2025-07-19 16:06:23 [INFO] GripperOptimized:fast_loop:484 - 性能統計: 循環=74000, 平均耗時=7.5ms, 最大耗時=42.3ms, 指令數=29
2025-07-19 16:06:44 [INFO] GripperOptimized:fast_loop:484 - 性能統計: 循環=75000, 平均耗時=7.4ms, 最大耗時=42.3ms, 指令數=29
2025-07-19 16:07:04 [INFO] GripperOptimized:fast_loop:484 - 性能統計: 循環=76000, 平均耗時=7.7ms, 最大耗時=42.3ms, 指令數=29
2025-07-19 16:07:25 [INFO] GripperOptimized:fast_loop:484 - 性能統計: 循環=77000, 平均耗時=7.7ms, 最大耗時=42.3ms, 指令數=29
2025-07-19 16:07:46 [INFO] GripperOptimized:fast_loop:484 - 性能統計: 循環=78000, 平均耗時=7.6ms, 最大耗時=42.3ms, 指令數=29
2025-07-19 16:08:06 [INFO] GripperOptimized:fast_loop:484 - 性能統計: 循環=79000, 平均耗時=7.7ms, 最大耗時=42.3ms, 指令數=29
2025-07-19 16:08:27 [INFO] GripperOptimized:fast_loop:484 - 性能統計: 循環=80000, 平均耗時=7.6ms, 最大耗時=42.3ms, 指令數=29
2025-07-19 16:08:48 [INFO] GripperOptimized:fast_loop:484 - 性能統計: 循環=81000, 平均耗時=7.8ms, 最大耗時=42.3ms, 指令數=29
2025-07-19 16:09:09 [INFO] GripperOptimized:fast_loop:484 - 性能統計: 循環=82000, 平均耗時=7.6ms, 最大耗時=42.3ms, 指令數=29
2025-07-19 16:09:29 [INFO] GripperOptimized:fast_loop:484 - 性能統計: 循環=83000, 平均耗時=7.3ms, 最大耗時=42.3ms, 指令數=29
2025-07-19 16:09:50 [INFO] GripperOptimized:fast_loop:484 - 性能統計: 循環=84000, 平均耗時=7.3ms, 最大耗時=42.3ms, 指令數=29
2025-07-19 16:10:11 [INFO] GripperOptimized:fast_loop:484 - 性能統計: 循環=85000, 平均耗時=7.3ms, 最大耗時=42.3ms, 指令數=29
2025-07-19 16:10:31 [INFO] GripperOptimized:fast_loop:484 - 性能統計: 循環=86000, 平均耗時=7.5ms, 最大耗時=42.3ms, 指令數=29
2025-07-19 16:10:52 [INFO] GripperOptimized:fast_loop:484 - 性能統計: 循環=87000, 平均耗時=7.5ms, 最大耗時=42.3ms, 指令數=29
2025-07-19 16:11:13 [INFO] GripperOptimized:fast_loop:484 - 性能統計: 循環=88000, 平均耗時=7.6ms, 最大耗時=42.3ms, 指令數=29
2025-07-19 16:11:34 [INFO] GripperOptimized:fast_loop:484 - 性能統計: 循環=89000, 平均耗時=7.8ms, 最大耗時=42.3ms, 指令數=29
2025-07-19 16:11:54 [INFO] GripperOptimized:fast_loop:484 - 性能統計: 循環=90000, 平均耗時=7.7ms, 最大耗時=42.3ms, 指令數=29
2025-07-19 16:12:15 [INFO] GripperOptimized:fast_loop:484 - 性能統計: 循環=91000, 平均耗時=7.4ms, 最大耗時=42.3ms, 指令數=29
2025-07-19 16:12:36 [INFO] GripperOptimized:fast_loop:484 - 性能統計: 循環=92000, 平均耗時=7.4ms, 最大耗時=42.3ms, 指令數=29
2025-07-19 16:12:57 [INFO] GripperOptimized:fast_loop:484 - 性能統計: 循環=93000, 平均耗時=7.3ms, 最大耗時=42.3ms, 指令數=29
2025-07-19 16:13:17 [INFO] GripperOptimized:fast_loop:484 - 性能統計: 循環=94000, 平均耗時=7.6ms, 最大耗時=42.3ms, 指令數=29
2025-07-19 16:13:38 [INFO] GripperOptimized:fast_loop:484 - 性能統計: 循環=95000, 平均耗時=7.3ms, 最大耗時=42.3ms, 指令數=29
2025-07-19 16:13:59 [INFO] GripperOptimized:fast_loop:484 - 性能統計: 循環=96000, 平均耗時=7.7ms, 最大耗時=42.3ms, 指令數=29
2025-07-19 16:14:20 [INFO] GripperOptimized:fast_loop:484 - 性能統計: 循環=97000, 平均耗時=7.7ms, 最大耗時=42.3ms, 指令數=29
2025-07-19 16:14:41 [INFO] GripperOptimized:fast_loop:484 - 性能統計: 循環=98000, 平均耗時=7.7ms, 最大耗時=42.3ms, 指令數=29
2025-07-19 16:15:01 [INFO] GripperOptimized:fast_loop:484 - 性能統計: 循環=99000, 平均耗時=7.2ms, 最大耗時=42.3ms, 指令數=29
2025-07-19 16:15:22 [INFO] GripperOptimized:fast_loop:484 - 性能統計: 循環=100000, 平均耗時=7.6ms, 最大耗時=42.3ms, 指令數=29
2025-07-19 16:15:43 [INFO] GripperOptimized:fast_loop:484 - 性能統計: 循環=101000, 平均耗時=7.6ms, 最大耗時=42.3ms, 指令數=29
2025-07-19 16:16:03 [INFO] GripperOptimized:fast_loop:484 - 性能統計: 循環=102000, 平均耗時=7.4ms, 最大耗時=42.3ms, 指令數=29
2025-07-19 16:16:24 [INFO] GripperOptimized:fast_loop:484 - 性能統計: 循環=103000, 平均耗時=7.5ms, 最大耗時=42.3ms, 指令數=29
2025-07-19 16:16:45 [INFO] GripperOptimized:fast_loop:484 - 性能統計: 循環=104000, 平均耗時=7.4ms, 最大耗時=42.3ms, 指令數=29
2025-07-19 16:17:05 [INFO] GripperOptimized:fast_loop:484 - 性能統計: 循環=105000, 平均耗時=7.6ms, 最大耗時=42.3ms, 指令數=29
2025-07-19 16:17:26 [INFO] GripperOptimized:fast_loop:484 - 性能統計: 循環=106000, 平均耗時=7.7ms, 最大耗時=42.3ms, 指令數=29
2025-07-19 16:17:47 [INFO] GripperOptimized:fast_loop:484 - 性能統計: 循環=107000, 平均耗時=7.5ms, 最大耗時=42.3ms, 指令數=29
2025-07-19 16:18:08 [INFO] GripperOptimized:fast_loop:484 - 性能統計: 循環=108000, 平均耗時=7.4ms, 最大耗時=42.3ms, 指令數=29
2025-07-19 16:18:28 [INFO] GripperOptimized:fast_loop:484 - 性能統計: 循環=109000, 平均耗時=7.4ms, 最大耗時=42.3ms, 指令數=29
2025-07-19 16:18:49 [INFO] GripperOptimized:fast_loop:484 - 性能統計: 循環=110000, 平均耗時=7.5ms, 最大耗時=42.3ms, 指令數=29
2025-07-19 16:19:10 [INFO] GripperOptimized:fast_loop:484 - 性能統計: 循環=111000, 平均耗時=7.2ms, 最大耗時=42.3ms, 指令數=29
2025-07-19 16:19:31 [INFO] GripperOptimized:fast_loop:484 - 性能統計: 循環=112000, 平均耗時=7.4ms, 最大耗時=42.3ms, 指令數=29
2025-07-19 16:19:51 [INFO] GripperOptimized:fast_loop:484 - 性能統計: 循環=113000, 平均耗時=7.6ms, 最大耗時=42.3ms, 指令數=29
2025-07-19 16:20:12 [INFO] GripperOptimized:fast_loop:484 - 性能統計: 循環=114000, 平均耗時=7.2ms, 最大耗時=42.3ms, 指令數=29
2025-07-19 16:20:33 [INFO] GripperOptimized:fast_loop:484 - 性能統計: 循環=115000, 平均耗時=7.3ms, 最大耗時=42.3ms, 指令數=29
2025-07-19 16:20:53 [INFO] GripperOptimized:fast_loop:484 - 性能統計: 循環=116000, 平均耗時=7.7ms, 最大耗時=42.3ms, 指令數=29
2025-07-19 16:21:14 [INFO] GripperOptimized:fast_loop:484 - 性能統計: 循環=117000, 平均耗時=7.4ms, 最大耗時=42.3ms, 指令數=29
2025-07-19 16:21:35 [INFO] GripperOptimized:fast_loop:484 - 性能統計: 循環=118000, 平均耗時=8.4ms, 最大耗時=42.3ms, 指令數=29
2025-07-19 16:21:56 [INFO] GripperOptimized:fast_loop:484 - 性能統計: 循環=119000, 平均耗時=7.8ms, 最大耗時=42.3ms, 指令數=29
2025-07-19 16:22:16 [INFO] GripperOptimized:fast_loop:484 - 性能統計: 循環=120000, 平均耗時=7.8ms, 最大耗時=42.3ms, 指令數=29
2025-07-19 16:22:37 [INFO] GripperOptimized:fast_loop:484 - 性能統計: 循環=121000, 平均耗時=7.8ms, 最大耗時=42.3ms, 指令數=29
2025-07-19 16:22:58 [INFO] GripperOptimized:fast_loop:484 - 性能統計: 循環=122000, 平均耗時=7.5ms, 最大耗時=42.3ms, 指令數=29
2025-07-19 16:23:19 [INFO] GripperOptimized:fast_loop:484 - 性能統計: 循環=123000, 平均耗時=7.5ms, 最大耗時=42.3ms, 指令數=29
2025-07-19 16:23:40 [INFO] GripperOptimized:fast_loop:484 - 性能統計: 循環=124000, 平均耗時=7.5ms, 最大耗時=42.3ms, 指令數=29
2025-07-19 16:24:00 [INFO] GripperOptimized:fast_loop:484 - 性能統計: 循環=125000, 平均耗時=7.8ms, 最大耗時=42.3ms, 指令數=29
2025-07-19 16:24:21 [INFO] GripperOptimized:fast_loop:484 - 性能統計: 循環=126000, 平均耗時=7.4ms, 最大耗時=42.3ms, 指令數=29
2025-07-19 16:24:42 [INFO] GripperOptimized:fast_loop:484 - 性能統計: 循環=127000, 平均耗時=7.5ms, 最大耗時=42.3ms, 指令數=29
2025-07-19 16:25:02 [INFO] GripperOptimized:fast_loop:484 - 性能統計: 循環=128000, 平均耗時=7.7ms, 最大耗時=42.3ms, 指令數=29
2025-07-19 16:25:23 [INFO] GripperOptimized:fast_loop:484 - 性能統計: 循環=129000, 平均耗時=7.7ms, 最大耗時=42.3ms, 指令數=29
2025-07-19 16:25:44 [INFO] GripperOptimized:fast_loop:484 - 性能統計: 循環=130000, 平均耗時=7.7ms, 最大耗時=42.3ms, 指令數=29
2025-07-19 16:26:04 [INFO] GripperOptimized:fast_loop:484 - 性能統計: 循環=131000, 平均耗時=7.7ms, 最大耗時=42.3ms, 指令數=29
2025-07-19 16:26:25 [INFO] GripperOptimized:fast_loop:484 - 性能統計: 循環=132000, 平均耗時=7.8ms, 最大耗時=42.3ms, 指令數=29
2025-07-19 16:26:46 [INFO] GripperOptimized:fast_loop:484 - 性能統計: 循環=133000, 平均耗時=8.0ms, 最大耗時=42.3ms, 指令數=29
2025-07-19 16:27:07 [INFO] GripperOptimized:fast_loop:484 - 性能統計: 循環=134000, 平均耗時=7.6ms, 最大耗時=42.3ms, 指令數=29
2025-07-19 16:27:27 [INFO] GripperOptimized:fast_loop:484 - 性能統計: 循環=135000, 平均耗時=7.7ms, 最大耗時=42.3ms, 指令數=29
2025-07-19 16:27:48 [INFO] GripperOptimized:fast_loop:484 - 性能統計: 循環=136000, 平均耗時=7.8ms, 最大耗時=42.3ms, 指令數=29
2025-07-19 16:28:09 [INFO] GripperOptimized:fast_loop:484 - 性能統計: 循環=137000, 平均耗時=7.5ms, 最大耗時=42.3ms, 指令數=29
2025-07-19 16:28:29 [INFO] GripperOptimized:fast_loop:484 - 性能統計: 循環=138000, 平均耗時=7.9ms, 最大耗時=42.3ms, 指令數=29
2025-07-19 16:28:50 [INFO] GripperOptimized:fast_loop:484 - 性能統計: 循環=139000, 平均耗時=7.6ms, 最大耗時=42.3ms, 指令數=29
2025-07-19 16:29:11 [INFO] GripperOptimized:fast_loop:484 - 性能統計: 循環=140000, 平均耗時=7.5ms, 最大耗時=42.3ms, 指令數=29
2025-07-19 16:29:31 [INFO] GripperOptimized:fast_loop:484 - 性能統計: 循環=141000, 平均耗時=7.8ms, 最大耗時=42.3ms, 指令數=29
2025-07-19 16:29:52 [INFO] GripperOptimized:fast_loop:484 - 性能統計: 循環=142000, 平均耗時=7.5ms, 最大耗時=42.3ms, 指令數=29
2025-07-19 16:30:13 [INFO] GripperOptimized:fast_loop:484 - 性能統計: 循環=143000, 平均耗時=7.7ms, 最大耗時=42.3ms, 指令數=29
2025-07-19 16:30:33 [INFO] GripperOptimized:fast_loop:484 - 性能統計: 循環=144000, 平均耗時=7.7ms, 最大耗時=42.3ms, 指令數=29
2025-07-19 16:30:54 [INFO] GripperOptimized:fast_loop:484 - 性能統計: 循環=145000, 平均耗時=7.6ms, 最大耗時=42.3ms, 指令數=29
2025-07-19 16:31:15 [INFO] GripperOptimized:fast_loop:484 - 性能統計: 循環=146000, 平均耗時=7.5ms, 最大耗時=42.3ms, 指令數=29
2025-07-19 16:31:36 [INFO] GripperOptimized:fast_loop:484 - 性能統計: 循環=147000, 平均耗時=7.7ms, 最大耗時=42.3ms, 指令數=29
2025-07-19 16:31:56 [INFO] GripperOptimized:fast_loop:484 - 性能統計: 循環=148000, 平均耗時=7.9ms, 最大耗時=42.3ms, 指令數=29
2025-07-19 16:32:17 [INFO] GripperOptimized:fast_loop:484 - 性能統計: 循環=149000, 平均耗時=7.8ms, 最大耗時=42.3ms, 指令數=29
2025-07-19 16:32:38 [INFO] GripperOptimized:fast_loop:484 - 性能統計: 循環=150000, 平均耗時=7.7ms, 最大耗時=42.3ms, 指令數=29
2025-07-19 16:32:59 [INFO] GripperOptimized:fast_loop:484 - 性能統計: 循環=151000, 平均耗時=7.4ms, 最大耗時=42.3ms, 指令數=29
2025-07-19 16:33:19 [INFO] GripperOptimized:fast_loop:484 - 性能統計: 循環=152000, 平均耗時=7.6ms, 最大耗時=42.3ms, 指令數=29
2025-07-19 16:33:40 [INFO] GripperOptimized:fast_loop:484 - 性能統計: 循環=153000, 平均耗時=7.5ms, 最大耗時=42.3ms, 指令數=29
2025-07-19 16:34:01 [INFO] GripperOptimized:fast_loop:484 - 性能統計: 循環=154000, 平均耗時=7.8ms, 最大耗時=42.3ms, 指令數=29
2025-07-19 16:34:21 [INFO] GripperOptimized:fast_loop:484 - 性能統計: 循環=155000, 平均耗時=7.6ms, 最大耗時=42.3ms, 指令數=29
2025-07-19 16:34:42 [INFO] GripperOptimized:fast_loop:484 - 性能統計: 循環=156000, 平均耗時=7.6ms, 最大耗時=42.3ms, 指令數=29
2025-07-19 16:35:03 [INFO] GripperOptimized:fast_loop:484 - 性能統計: 循環=157000, 平均耗時=7.6ms, 最大耗時=42.3ms, 指令數=29
2025-07-19 16:35:23 [INFO] GripperOptimized:fast_loop:484 - 性能統計: 循環=158000, 平均耗時=7.9ms, 最大耗時=42.3ms, 指令數=29
2025-07-19 16:35:44 [INFO] GripperOptimized:fast_loop:484 - 性能統計: 循環=159000, 平均耗時=7.9ms, 最大耗時=42.3ms, 指令數=29
2025-07-19 16:36:05 [INFO] GripperOptimized:fast_loop:484 - 性能統計: 循環=160000, 平均耗時=7.8ms, 最大耗時=42.3ms, 指令數=29
2025-07-19 16:36:26 [INFO] GripperOptimized:fast_loop:484 - 性能統計: 循環=161000, 平均耗時=7.7ms, 最大耗時=42.3ms, 指令數=29
2025-07-19 16:36:46 [INFO] GripperOptimized:fast_loop:484 - 性能統計: 循環=162000, 平均耗時=7.7ms, 最大耗時=42.3ms, 指令數=29
2025-07-19 16:37:07 [INFO] GripperOptimized:fast_loop:484 - 性能統計: 循環=163000, 平均耗時=7.7ms, 最大耗時=42.3ms, 指令數=29
2025-07-19 16:37:28 [INFO] GripperOptimized:fast_loop:484 - 性能統計: 循環=164000, 平均耗時=8.0ms, 最大耗時=42.3ms, 指令數=29
2025-07-19 16:37:38 [INFO] GripperOptimized:process_commands:412 - 收到PGC指令: 代碼=3, 參數1=470, 參數2=0, ID=2
2025-07-19 16:37:38 [INFO] GripperOptimized:process_commands:418 - PGC指令執行成功
2025-07-19 16:37:38 [WARNING] GripperOptimized:fast_loop:492 - 主循環執行時間過長: 35.2ms
2025-07-19 16:37:42 [INFO] GripperOptimized:process_commands:412 - 收到PGC指令: 代碼=3, 參數1=300, 參數2=0, ID=3
2025-07-19 16:37:42 [INFO] GripperOptimized:process_commands:418 - PGC指令執行成功
2025-07-19 16:37:42 [WARNING] GripperOptimized:fast_loop:492 - 主循環執行時間過長: 35.5ms
2025-07-19 16:37:44 [INFO] GripperOptimized:process_commands:412 - 收到PGC指令: 代碼=3, 參數1=470, 參數2=0, ID=4
2025-07-19 16:37:44 [INFO] GripperOptimized:process_commands:418 - PGC指令執行成功
2025-07-19 16:37:44 [WARNING] GripperOptimized:fast_loop:492 - 主循環執行時間過長: 35.2ms
2025-07-19 16:37:48 [INFO] GripperOptimized:fast_loop:484 - 性能統計: 循環=165000, 平均耗時=7.7ms, 最大耗時=42.3ms, 指令數=32
2025-07-19 16:38:09 [INFO] GripperOptimized:fast_loop:484 - 性能統計: 循環=166000, 平均耗時=7.4ms, 最大耗時=42.3ms, 指令數=32
2025-07-19 16:38:30 [INFO] GripperOptimized:fast_loop:484 - 性能統計: 循環=167000, 平均耗時=7.5ms, 最大耗時=42.3ms, 指令數=32
2025-07-19 16:38:34 [INFO] GripperOptimized:process_commands:412 - 收到PGC指令: 代碼=3, 參數1=300, 參數2=0, ID=5
2025-07-19 16:38:34 [INFO] GripperOptimized:process_commands:418 - PGC指令執行成功
2025-07-19 16:38:34 [WARNING] GripperOptimized:fast_loop:492 - 主循環執行時間過長: 35.8ms
2025-07-19 16:38:40 [INFO] GripperOptimized:process_commands:412 - 收到PGC指令: 代碼=3, 參數1=470, 參數2=0, ID=6
2025-07-19 16:38:40 [INFO] GripperOptimized:process_commands:418 - PGC指令執行成功
2025-07-19 16:38:40 [WARNING] GripperOptimized:fast_loop:492 - 主循環執行時間過長: 36.1ms
2025-07-19 16:38:43 [INFO] GripperOptimized:process_commands:412 - 收到PGC指令: 代碼=3, 參數1=300, 參數2=0, ID=7
2025-07-19 16:38:43 [INFO] GripperOptimized:process_commands:418 - PGC指令執行成功
2025-07-19 16:38:43 [WARNING] GripperOptimized:fast_loop:492 - 主循環執行時間過長: 33.8ms
2025-07-19 16:38:45 [INFO] GripperOptimized:process_commands:412 - 收到PGC指令: 代碼=3, 參數1=470, 參數2=0, ID=8
2025-07-19 16:38:45 [INFO] GripperOptimized:process_commands:418 - PGC指令執行成功
2025-07-19 16:38:45 [WARNING] GripperOptimized:fast_loop:492 - 主循環執行時間過長: 36.0ms
2025-07-19 16:38:51 [INFO] GripperOptimized:fast_loop:484 - 性能統計: 循環=168000, 平均耗時=7.5ms, 最大耗時=42.3ms, 指令數=36
2025-07-19 16:38:53 [INFO] GripperOptimized:process_commands:412 - 收到PGC指令: 代碼=3, 參數1=300, 參數2=0, ID=9
2025-07-19 16:38:53 [INFO] GripperOptimized:process_commands:418 - PGC指令執行成功
2025-07-19 16:38:53 [WARNING] GripperOptimized:fast_loop:492 - 主循環執行時間過長: 35.6ms
2025-07-19 16:38:59 [INFO] GripperOptimized:process_commands:412 - 收到PGC指令: 代碼=3, 參數1=470, 參數2=0, ID=10
2025-07-19 16:38:59 [INFO] GripperOptimized:process_commands:418 - PGC指令執行成功
2025-07-19 16:38:59 [WARNING] GripperOptimized:fast_loop:492 - 主循環執行時間過長: 36.1ms
2025-07-19 16:39:02 [INFO] GripperOptimized:process_commands:412 - 收到PGC指令: 代碼=3, 參數1=300, 參數2=0, ID=11
2025-07-19 16:39:02 [INFO] GripperOptimized:process_commands:418 - PGC指令執行成功
2025-07-19 16:39:02 [WARNING] GripperOptimized:fast_loop:492 - 主循環執行時間過長: 36.8ms
2025-07-19 16:39:05 [INFO] GripperOptimized:process_commands:412 - 收到PGC指令: 代碼=3, 參數1=470, 參數2=0, ID=12
2025-07-19 16:39:05 [INFO] GripperOptimized:process_commands:418 - PGC指令執行成功
2025-07-19 16:39:05 [WARNING] GripperOptimized:fast_loop:492 - 主循環執行時間過長: 37.1ms
2025-07-19 16:39:11 [INFO] GripperOptimized:fast_loop:484 - 性能統計: 循環=169000, 平均耗時=7.6ms, 最大耗時=42.3ms, 指令數=40
2025-07-19 16:39:32 [INFO] GripperOptimized:fast_loop:484 - 性能統計: 循環=170000, 平均耗時=7.4ms, 最大耗時=42.3ms, 指令數=40
2025-07-19 16:39:53 [INFO] GripperOptimized:fast_loop:484 - 性能統計: 循環=171000, 平均耗時=7.4ms, 最大耗時=42.3ms, 指令數=40
2025-07-19 16:40:13 [INFO] GripperOptimized:fast_loop:484 - 性能統計: 循環=172000, 平均耗時=7.3ms, 最大耗時=42.3ms, 指令數=40
2025-07-19 16:40:34 [INFO] GripperOptimized:fast_loop:484 - 性能統計: 循環=173000, 平均耗時=7.4ms, 最大耗時=42.3ms, 指令數=40
2025-07-19 16:40:55 [INFO] GripperOptimized:fast_loop:484 - 性能統計: 循環=174000, 平均耗時=7.4ms, 最大耗時=42.3ms, 指令數=40
2025-07-19 16:41:11 [INFO] GripperOptimized:process_commands:412 - 收到PGC指令: 代碼=3, 參數1=300, 參數2=0, ID=13
2025-07-19 16:41:11 [INFO] GripperOptimized:process_commands:418 - PGC指令執行成功
2025-07-19 16:41:11 [WARNING] GripperOptimized:fast_loop:492 - 主循環執行時間過長: 36.8ms
2025-07-19 16:41:16 [INFO] GripperOptimized:fast_loop:484 - 性能統計: 循環=175000, 平均耗時=7.4ms, 最大耗時=42.3ms, 指令數=41
2025-07-19 16:41:16 [WARNING] GripperOptimized:fast_loop:492 - 主循環執行時間過長: 37.0ms
2025-07-19 16:41:17 [INFO] GripperOptimized:process_commands:412 - 收到PGC指令: 代碼=3, 參數1=470, 參數2=0, ID=14
2025-07-19 16:41:17 [INFO] GripperOptimized:process_commands:418 - PGC指令執行成功
2025-07-19 16:41:17 [WARNING] GripperOptimized:fast_loop:492 - 主循環執行時間過長: 35.3ms
2025-07-19 16:41:20 [INFO] GripperOptimized:process_commands:412 - 收到PGC指令: 代碼=3, 參數1=300, 參數2=0, ID=15
2025-07-19 16:41:20 [INFO] GripperOptimized:process_commands:418 - PGC指令執行成功
2025-07-19 16:41:21 [WARNING] GripperOptimized:fast_loop:492 - 主循環執行時間過長: 41.9ms
2025-07-19 16:41:23 [INFO] GripperOptimized:process_commands:412 - 收到PGC指令: 代碼=3, 參數1=470, 參數2=0, ID=16
2025-07-19 16:41:23 [INFO] GripperOptimized:process_commands:418 - PGC指令執行成功
2025-07-19 16:41:23 [WARNING] GripperOptimized:fast_loop:492 - 主循環執行時間過長: 35.9ms
2025-07-19 16:41:37 [INFO] GripperOptimized:fast_loop:484 - 性能統計: 循環=176000, 平均耗時=8.9ms, 最大耗時=42.3ms, 指令數=44
2025-07-19 16:41:58 [INFO] GripperOptimized:fast_loop:484 - 性能統計: 循環=177000, 平均耗時=8.6ms, 最大耗時=42.3ms, 指令數=44
2025-07-19 16:42:20 [INFO] GripperOptimized:fast_loop:484 - 性能統計: 循環=178000, 平均耗時=8.9ms, 最大耗時=42.3ms, 指令數=44
2025-07-19 16:42:36 [INFO] GripperOptimized:process_commands:412 - 收到PGC指令: 代碼=3, 參數1=300, 參數2=0, ID=17
2025-07-19 16:42:36 [INFO] GripperOptimized:process_commands:418 - PGC指令執行成功
2025-07-19 16:42:36 [WARNING] GripperOptimized:fast_loop:492 - 主循環執行時間過長: 36.1ms
2025-07-19 16:42:41 [INFO] GripperOptimized:fast_loop:484 - 性能統計: 循環=179000, 平均耗時=8.2ms, 最大耗時=42.3ms, 指令數=45
2025-07-19 16:42:42 [INFO] GripperOptimized:process_commands:412 - 收到PGC指令: 代碼=3, 參數1=470, 參數2=0, ID=18
2025-07-19 16:42:42 [INFO] GripperOptimized:process_commands:418 - PGC指令執行成功
2025-07-19 16:42:42 [WARNING] GripperOptimized:fast_loop:492 - 主循環執行時間過長: 35.3ms
2025-07-19 16:42:45 [INFO] GripperOptimized:process_commands:412 - 收到PGC指令: 代碼=3, 參數1=300, 參數2=0, ID=19
2025-07-19 16:42:45 [INFO] GripperOptimized:process_commands:418 - PGC指令執行成功
2025-07-19 16:42:45 [WARNING] GripperOptimized:fast_loop:492 - 主循環執行時間過長: 35.6ms
2025-07-19 16:42:47 [INFO] GripperOptimized:process_commands:412 - 收到PGC指令: 代碼=3, 參數1=470, 參數2=0, ID=20
2025-07-19 16:42:47 [INFO] GripperOptimized:process_commands:418 - PGC指令執行成功
2025-07-19 16:42:47 [WARNING] GripperOptimized:fast_loop:492 - 主循環執行時間過長: 38.3ms
2025-07-19 16:43:02 [INFO] GripperOptimized:fast_loop:484 - 性能統計: 循環=180000, 平均耗時=8.7ms, 最大耗時=42.3ms, 指令數=48
2025-07-19 16:43:03 [WARNING] GripperOptimized:fast_loop:492 - 主循環執行時間過長: 30.8ms
2025-07-19 16:43:03 [INFO] GripperOptimized:process_commands:412 - 收到PGC指令: 代碼=3, 參數1=300, 參數2=0, ID=21
2025-07-19 16:43:03 [INFO] GripperOptimized:process_commands:418 - PGC指令執行成功
2025-07-19 16:43:04 [WARNING] GripperOptimized:fast_loop:492 - 主循環執行時間過長: 37.1ms
2025-07-19 16:43:10 [INFO] GripperOptimized:process_commands:412 - 收到PGC指令: 代碼=3, 參數1=470, 參數2=0, ID=22
2025-07-19 16:43:10 [INFO] GripperOptimized:process_commands:418 - PGC指令執行成功
2025-07-19 16:43:10 [WARNING] GripperOptimized:fast_loop:492 - 主循環執行時間過長: 41.1ms
2025-07-19 16:43:13 [INFO] GripperOptimized:process_commands:412 - 收到PGC指令: 代碼=3, 參數1=300, 參數2=0, ID=23
2025-07-19 16:43:13 [INFO] GripperOptimized:process_commands:418 - PGC指令執行成功
2025-07-19 16:43:13 [WARNING] GripperOptimized:fast_loop:492 - 主循環執行時間過長: 35.6ms
2025-07-19 16:43:15 [INFO] GripperOptimized:process_commands:412 - 收到PGC指令: 代碼=3, 參數1=470, 參數2=0, ID=24
2025-07-19 16:43:15 [INFO] GripperOptimized:process_commands:418 - PGC指令執行成功
2025-07-19 16:43:15 [WARNING] GripperOptimized:fast_loop:492 - 主循環執行時間過長: 40.7ms
2025-07-19 16:43:23 [INFO] GripperOptimized:process_commands:412 - 收到PGC指令: 代碼=3, 參數1=300, 參數2=0, ID=25
2025-07-19 16:43:23 [INFO] GripperOptimized:process_commands:418 - PGC指令執行成功
2025-07-19 16:43:23 [WARNING] GripperOptimized:fast_loop:492 - 主循環執行時間過長: 34.9ms
2025-07-19 16:43:23 [INFO] GripperOptimized:fast_loop:484 - 性能統計: 循環=181000, 平均耗時=8.0ms, 最大耗時=42.3ms, 指令數=53
2025-07-19 16:43:29 [INFO] GripperOptimized:process_commands:412 - 收到PGC指令: 代碼=3, 參數1=470, 參數2=0, ID=26
2025-07-19 16:43:29 [INFO] GripperOptimized:process_commands:418 - PGC指令執行成功
2025-07-19 16:43:29 [WARNING] GripperOptimized:fast_loop:492 - 主循環執行時間過長: 35.6ms
2025-07-19 16:43:32 [INFO] GripperOptimized:process_commands:412 - 收到PGC指令: 代碼=3, 參數1=300, 參數2=0, ID=27
2025-07-19 16:43:32 [INFO] GripperOptimized:process_commands:418 - PGC指令執行成功
2025-07-19 16:43:32 [WARNING] GripperOptimized:fast_loop:492 - 主循環執行時間過長: 35.6ms
2025-07-19 16:43:35 [INFO] GripperOptimized:process_commands:412 - 收到PGC指令: 代碼=3, 參數1=470, 參數2=0, ID=28
2025-07-19 16:43:35 [INFO] GripperOptimized:process_commands:418 - PGC指令執行成功
2025-07-19 16:43:35 [WARNING] GripperOptimized:fast_loop:492 - 主循環執行時間過長: 39.1ms
2025-07-19 16:43:44 [INFO] GripperOptimized:fast_loop:484 - 性能統計: 循環=182000, 平均耗時=8.8ms, 最大耗時=42.3ms, 指令數=56
2025-07-19 16:43:46 [INFO] GripperOptimized:process_commands:412 - 收到PGC指令: 代碼=3, 參數1=300, 參數2=0, ID=29
2025-07-19 16:43:46 [INFO] GripperOptimized:process_commands:418 - PGC指令執行成功
2025-07-19 16:43:46 [WARNING] GripperOptimized:fast_loop:492 - 主循環執行時間過長: 36.9ms
2025-07-19 16:43:52 [INFO] GripperOptimized:process_commands:412 - 收到PGC指令: 代碼=3, 參數1=470, 參數2=0, ID=30
2025-07-19 16:43:52 [INFO] GripperOptimized:process_commands:418 - PGC指令執行成功
2025-07-19 16:43:52 [WARNING] GripperOptimized:fast_loop:492 - 主循環執行時間過長: 51.7ms
2025-07-19 16:43:55 [INFO] GripperOptimized:process_commands:412 - 收到PGC指令: 代碼=3, 參數1=300, 參數2=0, ID=31
2025-07-19 16:43:55 [INFO] GripperOptimized:process_commands:418 - PGC指令執行成功
2025-07-19 16:43:55 [WARNING] GripperOptimized:fast_loop:492 - 主循環執行時間過長: 39.6ms
2025-07-19 16:43:57 [INFO] GripperOptimized:process_commands:412 - 收到PGC指令: 代碼=3, 參數1=470, 參數2=0, ID=32
2025-07-19 16:43:57 [INFO] GripperOptimized:process_commands:418 - PGC指令執行成功
2025-07-19 16:43:57 [WARNING] GripperOptimized:fast_loop:492 - 主循環執行時間過長: 46.0ms
2025-07-19 16:44:06 [INFO] GripperOptimized:fast_loop:484 - 性能統計: 循環=183000, 平均耗時=9.3ms, 最大耗時=51.7ms, 指令數=60
2025-07-19 16:44:21 [INFO] GripperOptimized:process_commands:412 - 收到PGC指令: 代碼=3, 參數1=300, 參數2=0, ID=33
2025-07-19 16:44:21 [INFO] GripperOptimized:process_commands:418 - PGC指令執行成功
2025-07-19 16:44:21 [WARNING] GripperOptimized:fast_loop:492 - 主循環執行時間過長: 36.0ms
2025-07-19 16:44:27 [INFO] GripperOptimized:fast_loop:484 - 性能統計: 循環=184000, 平均耗時=9.4ms, 最大耗時=51.7ms, 指令數=61
2025-07-19 16:44:27 [INFO] GripperOptimized:process_commands:412 - 收到PGC指令: 代碼=3, 參數1=470, 參數2=0, ID=34
2025-07-19 16:44:27 [INFO] GripperOptimized:process_commands:418 - PGC指令執行成功
2025-07-19 16:44:27 [WARNING] GripperOptimized:fast_loop:492 - 主循環執行時間過長: 37.8ms
2025-07-19 16:44:30 [INFO] GripperOptimized:process_commands:412 - 收到PGC指令: 代碼=3, 參數1=300, 參數2=0, ID=35
2025-07-19 16:44:30 [INFO] GripperOptimized:process_commands:418 - PGC指令執行成功
2025-07-19 16:44:30 [WARNING] GripperOptimized:fast_loop:492 - 主循環執行時間過長: 36.9ms
2025-07-19 16:44:33 [INFO] GripperOptimized:process_commands:412 - 收到PGC指令: 代碼=3, 參數1=470, 參數2=0, ID=36
2025-07-19 16:44:33 [INFO] GripperOptimized:process_commands:418 - PGC指令執行成功
2025-07-19 16:44:33 [WARNING] GripperOptimized:fast_loop:492 - 主循環執行時間過長: 40.7ms
2025-07-19 16:44:48 [INFO] GripperOptimized:fast_loop:484 - 性能統計: 循環=185000, 平均耗時=7.5ms, 最大耗時=51.7ms, 指令數=64
2025-07-19 16:45:09 [INFO] GripperOptimized:fast_loop:484 - 性能統計: 循環=186000, 平均耗時=7.4ms, 最大耗時=51.7ms, 指令數=64
2025-07-19 16:45:28 [INFO] GripperOptimized:process_commands:412 - 收到PGC指令: 代碼=3, 參數1=300, 參數2=0, ID=37
2025-07-19 16:45:28 [INFO] GripperOptimized:process_commands:418 - PGC指令執行成功
2025-07-19 16:45:28 [WARNING] GripperOptimized:fast_loop:492 - 主循環執行時間過長: 40.8ms
2025-07-19 16:45:30 [INFO] GripperOptimized:fast_loop:484 - 性能統計: 循環=187000, 平均耗時=10.3ms, 最大耗時=51.7ms, 指令數=65
2025-07-19 16:45:33 [INFO] GripperOptimized:process_commands:412 - 收到PGC指令: 代碼=3, 參數1=470, 參數2=0, ID=38
2025-07-19 16:45:33 [INFO] GripperOptimized:process_commands:418 - PGC指令執行成功
2025-07-19 16:45:33 [WARNING] GripperOptimized:fast_loop:492 - 主循環執行時間過長: 46.1ms
2025-07-19 16:45:36 [INFO] GripperOptimized:process_commands:412 - 收到PGC指令: 代碼=3, 參數1=300, 參數2=0, ID=39
2025-07-19 16:45:36 [INFO] GripperOptimized:process_commands:418 - PGC指令執行成功
2025-07-19 16:45:36 [WARNING] GripperOptimized:fast_loop:492 - 主循環執行時間過長: 36.8ms
2025-07-19 16:45:39 [INFO] GripperOptimized:process_commands:412 - 收到PGC指令: 代碼=3, 參數1=470, 參數2=0, ID=40
2025-07-19 16:45:39 [INFO] GripperOptimized:process_commands:418 - PGC指令執行成功
2025-07-19 16:45:39 [WARNING] GripperOptimized:fast_loop:492 - 主循環執行時間過長: 38.2ms
2025-07-19 16:45:48 [INFO] GripperOptimized:process_commands:412 - 收到PGC指令: 代碼=3, 參數1=300, 參數2=0, ID=41
2025-07-19 16:45:48 [INFO] GripperOptimized:process_commands:418 - PGC指令執行成功
2025-07-19 16:45:48 [WARNING] GripperOptimized:fast_loop:492 - 主循環執行時間過長: 36.4ms
2025-07-19 16:45:51 [INFO] GripperOptimized:fast_loop:484 - 性能統計: 循環=188000, 平均耗時=9.5ms, 最大耗時=51.7ms, 指令數=69
2025-07-19 16:45:55 [INFO] GripperOptimized:process_commands:412 - 收到PGC指令: 代碼=3, 參數1=470, 參數2=0, ID=42
2025-07-19 16:45:55 [INFO] GripperOptimized:process_commands:418 - PGC指令執行成功
2025-07-19 16:45:55 [WARNING] GripperOptimized:fast_loop:492 - 主循環執行時間過長: 35.1ms
2025-07-19 16:45:58 [INFO] GripperOptimized:process_commands:412 - 收到PGC指令: 代碼=3, 參數1=300, 參數2=0, ID=43
2025-07-19 16:45:58 [INFO] GripperOptimized:process_commands:418 - PGC指令執行成功
2025-07-19 16:45:58 [WARNING] GripperOptimized:fast_loop:492 - 主循環執行時間過長: 36.4ms
2025-07-19 16:46:00 [INFO] GripperOptimized:process_commands:412 - 收到PGC指令: 代碼=3, 參數1=470, 參數2=0, ID=44
2025-07-19 16:46:00 [INFO] GripperOptimized:process_commands:418 - PGC指令執行成功
2025-07-19 16:46:00 [WARNING] GripperOptimized:fast_loop:492 - 主循環執行時間過長: 34.9ms
2025-07-19 16:46:08 [INFO] GripperOptimized:process_commands:412 - 收到PGC指令: 代碼=3, 參數1=300, 參數2=0, ID=45
2025-07-19 16:46:08 [INFO] GripperOptimized:process_commands:418 - PGC指令執行成功
2025-07-19 16:46:08 [WARNING] GripperOptimized:fast_loop:492 - 主循環執行時間過長: 38.5ms
2025-07-19 16:46:13 [INFO] GripperOptimized:fast_loop:484 - 性能統計: 循環=189000, 平均耗時=8.1ms, 最大耗時=51.7ms, 指令數=73
2025-07-19 16:46:14 [INFO] GripperOptimized:process_commands:412 - 收到PGC指令: 代碼=3, 參數1=470, 參數2=0, ID=46
2025-07-19 16:46:15 [INFO] GripperOptimized:process_commands:418 - PGC指令執行成功
2025-07-19 16:46:15 [WARNING] GripperOptimized:fast_loop:492 - 主循環執行時間過長: 36.1ms
2025-07-19 16:46:18 [INFO] GripperOptimized:process_commands:412 - 收到PGC指令: 代碼=3, 參數1=300, 參數2=0, ID=47
2025-07-19 16:46:18 [INFO] GripperOptimized:process_commands:418 - PGC指令執行成功
2025-07-19 16:46:18 [WARNING] GripperOptimized:fast_loop:492 - 主循環執行時間過長: 36.2ms
2025-07-19 16:46:20 [INFO] GripperOptimized:process_commands:412 - 收到PGC指令: 代碼=3, 參數1=470, 參數2=0, ID=48
2025-07-19 16:46:20 [INFO] GripperOptimized:process_commands:418 - PGC指令執行成功
2025-07-19 16:46:20 [WARNING] GripperOptimized:fast_loop:492 - 主循環執行時間過長: 47.0ms
2025-07-19 16:46:34 [INFO] GripperOptimized:fast_loop:484 - 性能統計: 循環=190000, 平均耗時=8.5ms, 最大耗時=51.7ms, 指令數=76
2025-07-19 16:46:55 [INFO] GripperOptimized:fast_loop:484 - 性能統計: 循環=191000, 平均耗時=8.0ms, 最大耗時=51.7ms, 指令數=76
2025-07-19 16:47:00 [INFO] GripperOptimized:process_commands:412 - 收到PGC指令: 代碼=6, 參數1=100, 參數2=0, ID=40800
2025-07-19 16:47:00 [INFO] GripperOptimized:process_commands:418 - PGC指令執行成功
2025-07-19 16:47:00 [WARNING] GripperOptimized:fast_loop:492 - 主循環執行時間過長: 35.6ms
2025-07-19 16:47:00 [INFO] GripperOptimized:process_commands:412 - 收到PGC指令: 代碼=5, 參數1=100, 參數2=0, ID=41026
2025-07-19 16:47:00 [INFO] GripperOptimized:process_commands:418 - PGC指令執行成功
2025-07-19 16:47:00 [WARNING] GripperOptimized:fast_loop:492 - 主循環執行時間過長: 35.7ms
2025-07-19 16:47:16 [INFO] GripperOptimized:fast_loop:484 - 性能統計: 循環=192000, 平均耗時=7.5ms, 最大耗時=51.7ms, 指令數=78
2025-07-19 16:47:30 [WARNING] GripperOptimized:fast_loop:492 - 主循環執行時間過長: 40.0ms
2025-07-19 16:47:35 [WARNING] GripperOptimized:fast_loop:492 - 主循環執行時間過長: 32.5ms
2025-07-19 16:47:37 [INFO] GripperOptimized:fast_loop:484 - 性能統計: 循環=193000, 平均耗時=8.3ms, 最大耗時=51.7ms, 指令數=78
2025-07-19 16:47:56 [INFO] GripperOptimized:process_commands:412 - 收到PGC指令: 代碼=3, 參數1=300, 參數2=0, ID=49
2025-07-19 16:47:56 [INFO] GripperOptimized:process_commands:418 - PGC指令執行成功
2025-07-19 16:47:56 [WARNING] GripperOptimized:fast_loop:492 - 主循環執行時間過長: 34.7ms
2025-07-19 16:47:58 [INFO] GripperOptimized:fast_loop:484 - 性能統計: 循環=194000, 平均耗時=7.2ms, 最大耗時=51.7ms, 指令數=79
2025-07-19 16:48:02 [INFO] GripperOptimized:process_commands:412 - 收到PGC指令: 代碼=3, 參數1=470, 參數2=0, ID=50
2025-07-19 16:48:02 [INFO] GripperOptimized:process_commands:418 - PGC指令執行成功
2025-07-19 16:48:02 [WARNING] GripperOptimized:fast_loop:492 - 主循環執行時間過長: 44.4ms
2025-07-19 16:48:05 [INFO] GripperOptimized:process_commands:412 - 收到PGC指令: 代碼=3, 參數1=300, 參數2=0, ID=51
2025-07-19 16:48:05 [INFO] GripperOptimized:process_commands:418 - PGC指令執行成功
2025-07-19 16:48:05 [WARNING] GripperOptimized:fast_loop:492 - 主循環執行時間過長: 36.2ms
2025-07-19 16:48:07 [INFO] GripperOptimized:process_commands:412 - 收到PGC指令: 代碼=3, 參數1=470, 參數2=0, ID=52
2025-07-19 16:48:07 [INFO] GripperOptimized:process_commands:418 - PGC指令執行成功
2025-07-19 16:48:07 [WARNING] GripperOptimized:fast_loop:492 - 主循環執行時間過長: 36.0ms
2025-07-19 16:48:18 [INFO] GripperOptimized:fast_loop:484 - 性能統計: 循環=195000, 平均耗時=7.3ms, 最大耗時=51.7ms, 指令數=82
2025-07-19 16:48:39 [INFO] GripperOptimized:fast_loop:484 - 性能統計: 循環=196000, 平均耗時=7.4ms, 最大耗時=51.7ms, 指令數=82
2025-07-19 16:49:00 [INFO] GripperOptimized:fast_loop:484 - 性能統計: 循環=197000, 平均耗時=7.5ms, 最大耗時=51.7ms, 指令數=82
2025-07-19 16:49:21 [INFO] GripperOptimized:fast_loop:484 - 性能統計: 循環=198000, 平均耗時=7.2ms, 最大耗時=51.7ms, 指令數=82
2025-07-19 16:49:41 [INFO] GripperOptimized:fast_loop:484 - 性能統計: 循環=199000, 平均耗時=7.4ms, 最大耗時=51.7ms, 指令數=82
2025-07-19 16:50:02 [INFO] GripperOptimized:fast_loop:484 - 性能統計: 循環=200000, 平均耗時=7.6ms, 最大耗時=51.7ms, 指令數=82
2025-07-19 16:50:23 [INFO] GripperOptimized:fast_loop:484 - 性能統計: 循環=201000, 平均耗時=7.4ms, 最大耗時=51.7ms, 指令數=82
2025-07-19 16:50:44 [INFO] GripperOptimized:fast_loop:484 - 性能統計: 循環=202000, 平均耗時=7.7ms, 最大耗時=51.7ms, 指令數=82
2025-07-19 16:51:04 [INFO] GripperOptimized:fast_loop:484 - 性能統計: 循環=203000, 平均耗時=7.5ms, 最大耗時=51.7ms, 指令數=82
2025-07-19 16:51:25 [INFO] GripperOptimized:fast_loop:484 - 性能統計: 循環=204000, 平均耗時=7.5ms, 最大耗時=51.7ms, 指令數=82
2025-07-19 16:51:31 [INFO] GripperOptimized:process_commands:412 - 收到PGC指令: 代碼=8, 參數1=0, 參數2=0, ID=50335
2025-07-19 16:51:31 [INFO] GripperOptimized:process_commands:418 - PGC指令執行成功
2025-07-19 16:51:31 [WARNING] GripperOptimized:fast_loop:492 - 主循環執行時間過長: 35.3ms
2025-07-19 16:51:46 [INFO] GripperOptimized:fast_loop:484 - 性能統計: 循環=205000, 平均耗時=7.4ms, 最大耗時=51.7ms, 指令數=83
2025-07-19 16:51:59 [INFO] GripperOptimized:process_commands:412 - 收到PGC指令: 代碼=1, 參數1=0, 參數2=0, ID=1
2025-07-19 16:51:59 [INFO] GripperOptimized:process_commands:418 - PGC指令執行成功
2025-07-19 16:51:59 [WARNING] GripperOptimized:fast_loop:492 - 主循環執行時間過長: 35.1ms
2025-07-19 16:52:07 [INFO] GripperOptimized:fast_loop:484 - 性能統計: 循環=206000, 平均耗時=7.2ms, 最大耗時=51.7ms, 指令數=84
2025-07-19 16:52:08 [INFO] GripperOptimized:process_commands:412 - 收到PGC指令: 代碼=3, 參數1=470, 參數2=0, ID=2
2025-07-19 16:52:08 [INFO] GripperOptimized:process_commands:418 - PGC指令執行成功
2025-07-19 16:52:08 [WARNING] GripperOptimized:fast_loop:492 - 主循環執行時間過長: 34.8ms
2025-07-19 16:52:12 [INFO] GripperOptimized:process_commands:412 - 收到PGC指令: 代碼=3, 參數1=300, 參數2=0, ID=3
2025-07-19 16:52:12 [INFO] GripperOptimized:process_commands:418 - PGC指令執行成功
2025-07-19 16:52:12 [WARNING] GripperOptimized:fast_loop:492 - 主循環執行時間過長: 36.7ms
2025-07-19 16:52:14 [INFO] GripperOptimized:process_commands:412 - 收到PGC指令: 代碼=3, 參數1=470, 參數2=0, ID=4
2025-07-19 16:52:14 [INFO] GripperOptimized:process_commands:418 - PGC指令執行成功
2025-07-19 16:52:14 [WARNING] GripperOptimized:fast_loop:492 - 主循環執行時間過長: 35.3ms
2025-07-19 16:52:19 [INFO] GripperOptimized:process_commands:412 - 收到PGC指令: 代碼=3, 參數1=300, 參數2=0, ID=5
2025-07-19 16:52:19 [INFO] GripperOptimized:process_commands:418 - PGC指令執行成功
2025-07-19 16:52:19 [WARNING] GripperOptimized:fast_loop:492 - 主循環執行時間過長: 36.7ms
2025-07-19 16:52:25 [INFO] GripperOptimized:process_commands:412 - 收到PGC指令: 代碼=3, 參數1=470, 參數2=0, ID=6
2025-07-19 16:52:25 [INFO] GripperOptimized:process_commands:418 - PGC指令執行成功
2025-07-19 16:52:25 [WARNING] GripperOptimized:fast_loop:492 - 主循環執行時間過長: 35.3ms
2025-07-19 16:52:27 [INFO] GripperOptimized:fast_loop:484 - 性能統計: 循環=207000, 平均耗時=7.4ms, 最大耗時=51.7ms, 指令數=89
2025-07-19 16:52:28 [INFO] GripperOptimized:process_commands:412 - 收到PGC指令: 代碼=3, 參數1=300, 參數2=0, ID=7
2025-07-19 16:52:28 [INFO] GripperOptimized:process_commands:418 - PGC指令執行成功
2025-07-19 16:52:28 [WARNING] GripperOptimized:fast_loop:492 - 主循環執行時間過長: 36.1ms
2025-07-19 16:52:30 [INFO] GripperOptimized:process_commands:412 - 收到PGC指令: 代碼=3, 參數1=470, 參數2=0, ID=8
2025-07-19 16:52:30 [INFO] GripperOptimized:process_commands:418 - PGC指令執行成功
2025-07-19 16:52:31 [WARNING] GripperOptimized:fast_loop:492 - 主循環執行時間過長: 36.5ms
2025-07-19 16:52:37 [INFO] GripperOptimized:process_commands:412 - 收到PGC指令: 代碼=3, 參數1=300, 參數2=0, ID=9
2025-07-19 16:52:37 [INFO] GripperOptimized:process_commands:418 - PGC指令執行成功
2025-07-19 16:52:37 [WARNING] GripperOptimized:fast_loop:492 - 主循環執行時間過長: 35.2ms
2025-07-19 16:52:42 [INFO] GripperOptimized:process_commands:412 - 收到PGC指令: 代碼=3, 參數1=470, 參數2=0, ID=10
2025-07-19 16:52:42 [INFO] GripperOptimized:process_commands:418 - PGC指令執行成功
2025-07-19 16:52:42 [WARNING] GripperOptimized:fast_loop:492 - 主循環執行時間過長: 37.3ms
2025-07-19 16:52:46 [INFO] GripperOptimized:process_commands:412 - 收到PGC指令: 代碼=3, 參數1=300, 參數2=0, ID=11
2025-07-19 16:52:46 [INFO] GripperOptimized:process_commands:418 - PGC指令執行成功
2025-07-19 16:52:46 [WARNING] GripperOptimized:fast_loop:492 - 主循環執行時間過長: 36.3ms
2025-07-19 16:52:48 [INFO] GripperOptimized:process_commands:412 - 收到PGC指令: 代碼=3, 參數1=470, 參數2=0, ID=12
2025-07-19 16:52:48 [INFO] GripperOptimized:process_commands:418 - PGC指令執行成功
2025-07-19 16:52:48 [WARNING] GripperOptimized:fast_loop:492 - 主循環執行時間過長: 36.4ms
2025-07-19 16:52:48 [INFO] GripperOptimized:fast_loop:484 - 性能統計: 循環=208000, 平均耗時=7.5ms, 最大耗時=51.7ms, 指令數=95
2025-07-19 16:52:53 [INFO] GripperOptimized:process_commands:412 - 收到PGC指令: 代碼=3, 參數1=300, 參數2=0, ID=13
2025-07-19 16:52:53 [INFO] GripperOptimized:process_commands:418 - PGC指令執行成功
2025-07-19 16:52:53 [WARNING] GripperOptimized:fast_loop:492 - 主循環執行時間過長: 35.8ms
2025-07-19 16:53:05 [INFO] GripperOptimized:process_commands:412 - 收到PGC指令: 代碼=3, 參數1=470, 參數2=0, ID=14
2025-07-19 16:53:05 [INFO] GripperOptimized:process_commands:418 - PGC指令執行成功
2025-07-19 16:53:06 [WARNING] GripperOptimized:fast_loop:492 - 主循環執行時間過長: 36.3ms
2025-07-19 16:53:09 [INFO] GripperOptimized:process_commands:412 - 收到PGC指令: 代碼=3, 參數1=300, 參數2=0, ID=15
2025-07-19 16:53:09 [INFO] GripperOptimized:process_commands:418 - PGC指令執行成功
2025-07-19 16:53:09 [WARNING] GripperOptimized:fast_loop:492 - 主循環執行時間過長: 35.9ms
2025-07-19 16:53:09 [INFO] GripperOptimized:fast_loop:484 - 性能統計: 循環=209000, 平均耗時=7.3ms, 最大耗時=51.7ms, 指令數=98
2025-07-19 16:53:20 [INFO] GripperOptimized:process_commands:412 - 收到PGC指令: 代碼=3, 參數1=470, 參數2=0, ID=16
2025-07-19 16:53:20 [INFO] GripperOptimized:process_commands:418 - PGC指令執行成功
2025-07-19 16:53:21 [WARNING] GripperOptimized:fast_loop:492 - 主循環執行時間過長: 35.5ms
2025-07-19 16:53:30 [INFO] GripperOptimized:fast_loop:484 - 性能統計: 循環=210000, 平均耗時=7.5ms, 最大耗時=51.7ms, 指令數=99
2025-07-19 16:53:51 [INFO] GripperOptimized:fast_loop:484 - 性能統計: 循環=211000, 平均耗時=7.4ms, 最大耗時=51.7ms, 指令數=99
2025-07-19 16:53:53 [INFO] GripperOptimized:process_commands:412 - 收到PGC指令: 代碼=1, 參數1=0, 參數2=0, ID=1
2025-07-19 16:53:53 [INFO] GripperOptimized:process_commands:418 - PGC指令執行成功
2025-07-19 16:53:53 [WARNING] GripperOptimized:fast_loop:492 - 主循環執行時間過長: 36.3ms
2025-07-19 16:54:12 [INFO] GripperOptimized:fast_loop:484 - 性能統計: 循環=212000, 平均耗時=7.2ms, 最大耗時=51.7ms, 指令數=100
2025-07-19 16:54:32 [INFO] GripperOptimized:fast_loop:484 - 性能統計: 循環=213000, 平均耗時=7.3ms, 最大耗時=51.7ms, 指令數=100
2025-07-19 16:54:53 [INFO] GripperOptimized:fast_loop:484 - 性能統計: 循環=214000, 平均耗時=7.6ms, 最大耗時=51.7ms, 指令數=100
2025-07-19 16:55:14 [INFO] GripperOptimized:fast_loop:484 - 性能統計: 循環=215000, 平均耗時=7.5ms, 最大耗時=51.7ms, 指令數=100
2025-07-19 16:55:34 [INFO] GripperOptimized:fast_loop:484 - 性能統計: 循環=216000, 平均耗時=7.7ms, 最大耗時=51.7ms, 指令數=100
2025-07-19 16:55:55 [INFO] GripperOptimized:fast_loop:484 - 性能統計: 循環=217000, 平均耗時=7.4ms, 最大耗時=51.7ms, 指令數=100
2025-07-19 16:56:04 [INFO] GripperOptimized:process_commands:412 - 收到PGC指令: 代碼=3, 參數1=470, 參數2=0, ID=2
2025-07-19 16:56:04 [INFO] GripperOptimized:process_commands:418 - PGC指令執行成功
2025-07-19 16:56:04 [WARNING] GripperOptimized:fast_loop:492 - 主循環執行時間過長: 36.2ms
2025-07-19 16:56:07 [INFO] GripperOptimized:process_commands:412 - 收到PGC指令: 代碼=3, 參數1=300, 參數2=0, ID=3
2025-07-19 16:56:07 [INFO] GripperOptimized:process_commands:418 - PGC指令執行成功
2025-07-19 16:56:07 [WARNING] GripperOptimized:fast_loop:492 - 主循環執行時間過長: 36.9ms
2025-07-19 16:56:09 [INFO] GripperOptimized:process_commands:412 - 收到PGC指令: 代碼=3, 參數1=470, 參數2=0, ID=4
2025-07-19 16:56:09 [INFO] GripperOptimized:process_commands:418 - PGC指令執行成功
2025-07-19 16:56:09 [WARNING] GripperOptimized:fast_loop:492 - 主循環執行時間過長: 35.9ms
2025-07-19 16:56:16 [INFO] GripperOptimized:fast_loop:484 - 性能統計: 循環=218000, 平均耗時=7.2ms, 最大耗時=51.7ms, 指令數=103
2025-07-19 16:56:24 [INFO] GripperOptimized:process_commands:412 - 收到PGC指令: 代碼=3, 參數1=300, 參數2=0, ID=5
2025-07-19 16:56:24 [INFO] GripperOptimized:process_commands:418 - PGC指令執行成功
2025-07-19 16:56:24 [WARNING] GripperOptimized:fast_loop:492 - 主循環執行時間過長: 36.3ms
2025-07-19 16:56:30 [INFO] GripperOptimized:process_commands:412 - 收到PGC指令: 代碼=3, 參數1=470, 參數2=0, ID=6
2025-07-19 16:56:30 [INFO] GripperOptimized:process_commands:418 - PGC指令執行成功
2025-07-19 16:56:30 [WARNING] GripperOptimized:fast_loop:492 - 主循環執行時間過長: 36.2ms
2025-07-19 16:56:33 [INFO] GripperOptimized:process_commands:412 - 收到PGC指令: 代碼=3, 參數1=300, 參數2=0, ID=7
2025-07-19 16:56:33 [INFO] GripperOptimized:process_commands:418 - PGC指令執行成功
2025-07-19 16:56:33 [WARNING] GripperOptimized:fast_loop:492 - 主循環執行時間過長: 35.7ms
2025-07-19 16:56:35 [INFO] GripperOptimized:process_commands:412 - 收到PGC指令: 代碼=3, 參數1=470, 參數2=0, ID=8
2025-07-19 16:56:35 [INFO] GripperOptimized:process_commands:418 - PGC指令執行成功
2025-07-19 16:56:35 [WARNING] GripperOptimized:fast_loop:492 - 主循環執行時間過長: 36.4ms
2025-07-19 16:56:37 [INFO] GripperOptimized:fast_loop:484 - 性能統計: 循環=219000, 平均耗時=7.4ms, 最大耗時=51.7ms, 指令數=107
2025-07-19 16:56:58 [INFO] GripperOptimized:fast_loop:484 - 性能統計: 循環=220000, 平均耗時=7.3ms, 最大耗時=51.7ms, 指令數=107
2025-07-19 16:57:19 [INFO] GripperOptimized:fast_loop:484 - 性能統計: 循環=221000, 平均耗時=7.3ms, 最大耗時=51.7ms, 指令數=107
2025-07-19 16:57:39 [INFO] GripperOptimized:fast_loop:484 - 性能統計: 循環=222000, 平均耗時=7.6ms, 最大耗時=51.7ms, 指令數=107
2025-07-19 16:58:00 [INFO] GripperOptimized:fast_loop:484 - 性能統計: 循環=223000, 平均耗時=7.4ms, 最大耗時=51.7ms, 指令數=107
2025-07-19 16:58:21 [INFO] GripperOptimized:fast_loop:484 - 性能統計: 循環=224000, 平均耗時=7.5ms, 最大耗時=51.7ms, 指令數=107
2025-07-19 16:58:42 [INFO] GripperOptimized:fast_loop:484 - 性能統計: 循環=225000, 平均耗時=7.6ms, 最大耗時=51.7ms, 指令數=107
2025-07-19 16:59:03 [INFO] GripperOptimized:fast_loop:484 - 性能統計: 循環=226000, 平均耗時=6.9ms, 最大耗時=51.7ms, 指令數=107
2025-07-19 16:59:24 [INFO] GripperOptimized:fast_loop:484 - 性能統計: 循環=227000, 平均耗時=7.2ms, 最大耗時=51.7ms, 指令數=107
2025-07-19 16:59:44 [INFO] GripperOptimized:fast_loop:484 - 性能統計: 循環=228000, 平均耗時=7.4ms, 最大耗時=51.7ms, 指令數=107
2025-07-19 17:00:05 [INFO] GripperOptimized:fast_loop:484 - 性能統計: 循環=229000, 平均耗時=7.4ms, 最大耗時=51.7ms, 指令數=107
2025-07-19 17:00:26 [INFO] GripperOptimized:fast_loop:484 - 性能統計: 循環=230000, 平均耗時=7.6ms, 最大耗時=51.7ms, 指令數=107
2025-07-19 17:00:47 [INFO] GripperOptimized:fast_loop:484 - 性能統計: 循環=231000, 平均耗時=7.0ms, 最大耗時=51.7ms, 指令數=107
2025-07-19 17:01:08 [INFO] GripperOptimized:fast_loop:484 - 性能統計: 循環=232000, 平均耗時=7.5ms, 最大耗時=51.7ms, 指令數=107
2025-07-19 17:01:29 [INFO] GripperOptimized:fast_loop:484 - 性能統計: 循環=233000, 平均耗時=7.4ms, 最大耗時=51.7ms, 指令數=107
2025-07-19 17:01:49 [INFO] GripperOptimized:fast_loop:484 - 性能統計: 循環=234000, 平均耗時=7.5ms, 最大耗時=51.7ms, 指令數=107
2025-07-19 17:02:10 [INFO] GripperOptimized:fast_loop:484 - 性能統計: 循環=235000, 平均耗時=7.2ms, 最大耗時=51.7ms, 指令數=107
2025-07-19 17:02:31 [INFO] GripperOptimized:fast_loop:484 - 性能統計: 循環=236000, 平均耗時=7.1ms, 最大耗時=51.7ms, 指令數=107
2025-07-19 17:02:52 [INFO] GripperOptimized:fast_loop:484 - 性能統計: 循環=237000, 平均耗時=7.5ms, 最大耗時=51.7ms, 指令數=107
2025-07-19 17:03:13 [INFO] GripperOptimized:fast_loop:484 - 性能統計: 循環=238000, 平均耗時=7.3ms, 最大耗時=51.7ms, 指令數=107
2025-07-19 17:03:34 [INFO] GripperOptimized:fast_loop:484 - 性能統計: 循環=239000, 平均耗時=7.3ms, 最大耗時=51.7ms, 指令數=107
2025-07-19 17:03:55 [INFO] GripperOptimized:fast_loop:484 - 性能統計: 循環=240000, 平均耗時=7.3ms, 最大耗時=51.7ms, 指令數=107
2025-07-19 17:04:15 [INFO] GripperOptimized:fast_loop:484 - 性能統計: 循環=241000, 平均耗時=7.2ms, 最大耗時=51.7ms, 指令數=107
2025-07-19 17:04:36 [INFO] GripperOptimized:fast_loop:484 - 性能統計: 循環=242000, 平均耗時=7.4ms, 最大耗時=51.7ms, 指令數=107
2025-07-19 17:04:57 [INFO] GripperOptimized:fast_loop:484 - 性能統計: 循環=243000, 平均耗時=7.2ms, 最大耗時=51.7ms, 指令數=107
2025-07-19 17:05:18 [INFO] GripperOptimized:fast_loop:484 - 性能統計: 循環=244000, 平均耗時=7.7ms, 最大耗時=51.7ms, 指令數=107
2025-07-19 17:05:39 [INFO] GripperOptimized:fast_loop:484 - 性能統計: 循環=245000, 平均耗時=7.2ms, 最大耗時=51.7ms, 指令數=107
2025-07-19 17:06:00 [INFO] GripperOptimized:fast_loop:484 - 性能統計: 循環=246000, 平均耗時=7.4ms, 最大耗時=51.7ms, 指令數=107
2025-07-19 17:06:20 [INFO] GripperOptimized:fast_loop:484 - 性能統計: 循環=247000, 平均耗時=7.3ms, 最大耗時=51.7ms, 指令數=107
2025-07-19 17:06:41 [INFO] GripperOptimized:fast_loop:484 - 性能統計: 循環=248000, 平均耗時=7.3ms, 最大耗時=51.7ms, 指令數=107
2025-07-19 17:07:02 [INFO] GripperOptimized:fast_loop:484 - 性能統計: 循環=249000, 平均耗時=7.3ms, 最大耗時=51.7ms, 指令數=107
2025-07-19 17:07:10 [INFO] GripperOptimized:process_commands:412 - 收到PGC指令: 代碼=3, 參數1=300, 參數2=0, ID=9
2025-07-19 17:07:10 [INFO] GripperOptimized:process_commands:418 - PGC指令執行成功
2025-07-19 17:07:10 [WARNING] GripperOptimized:fast_loop:492 - 主循環執行時間過長: 36.1ms
2025-07-19 17:07:16 [INFO] GripperOptimized:process_commands:412 - 收到PGC指令: 代碼=3, 參數1=470, 參數2=0, ID=10
2025-07-19 17:07:16 [INFO] GripperOptimized:process_commands:418 - PGC指令執行成功
2025-07-19 17:07:16 [WARNING] GripperOptimized:fast_loop:492 - 主循環執行時間過長: 36.7ms
2025-07-19 17:07:19 [INFO] GripperOptimized:process_commands:412 - 收到PGC指令: 代碼=3, 參數1=300, 參數2=0, ID=11
2025-07-19 17:07:19 [INFO] GripperOptimized:process_commands:418 - PGC指令執行成功
2025-07-19 17:07:19 [WARNING] GripperOptimized:fast_loop:492 - 主循環執行時間過長: 36.1ms
2025-07-19 17:07:20 [INFO] GripperOptimized:process_commands:412 - 收到PGC指令: 代碼=3, 參數1=470, 參數2=0, ID=12
2025-07-19 17:07:20 [INFO] GripperOptimized:process_commands:418 - PGC指令執行成功
2025-07-19 17:07:20 [WARNING] GripperOptimized:fast_loop:492 - 主循環執行時間過長: 35.6ms
2025-07-19 17:07:23 [INFO] GripperOptimized:fast_loop:484 - 性能統計: 循環=250000, 平均耗時=7.4ms, 最大耗時=51.7ms, 指令數=111
2025-07-19 17:07:42 [INFO] GripperOptimized:process_commands:412 - 收到PGC指令: 代碼=3, 參數1=300, 參數2=0, ID=13
2025-07-19 17:07:42 [INFO] GripperOptimized:process_commands:418 - PGC指令執行成功
2025-07-19 17:07:42 [WARNING] GripperOptimized:fast_loop:492 - 主循環執行時間過長: 36.4ms
2025-07-19 17:07:44 [INFO] GripperOptimized:fast_loop:484 - 性能統計: 循環=251000, 平均耗時=7.5ms, 最大耗時=51.7ms, 指令數=112
2025-07-19 17:08:05 [INFO] GripperOptimized:fast_loop:484 - 性能統計: 循環=252000, 平均耗時=7.5ms, 最大耗時=51.7ms, 指令數=112
2025-07-19 17:08:25 [INFO] GripperOptimized:fast_loop:484 - 性能統計: 循環=253000, 平均耗時=7.5ms, 最大耗時=51.7ms, 指令數=112
2025-07-19 17:08:36 [INFO] GripperOptimized:process_commands:412 - 收到PGC指令: 代碼=1, 參數1=0, 參數2=0, ID=1
2025-07-19 17:08:36 [INFO] GripperOptimized:process_commands:418 - PGC指令執行成功
2025-07-19 17:08:36 [WARNING] GripperOptimized:fast_loop:492 - 主循環執行時間過長: 36.1ms
2025-07-19 17:08:46 [INFO] GripperOptimized:fast_loop:484 - 性能統計: 循環=254000, 平均耗時=7.1ms, 最大耗時=51.7ms, 指令數=113
2025-07-19 17:09:07 [INFO] GripperOptimized:fast_loop:484 - 性能統計: 循環=255000, 平均耗時=7.4ms, 最大耗時=51.7ms, 指令數=113
2025-07-19 17:09:28 [INFO] GripperOptimized:fast_loop:484 - 性能統計: 循環=256000, 平均耗時=7.5ms, 最大耗時=51.7ms, 指令數=113
2025-07-19 17:09:48 [INFO] GripperOptimized:fast_loop:484 - 性能統計: 循環=257000, 平均耗時=7.7ms, 最大耗時=51.7ms, 指令數=113
2025-07-19 17:10:09 [INFO] GripperOptimized:fast_loop:484 - 性能統計: 循環=258000, 平均耗時=7.3ms, 最大耗時=51.7ms, 指令數=113
2025-07-19 17:10:30 [INFO] GripperOptimized:fast_loop:484 - 性能統計: 循環=259000, 平均耗時=7.7ms, 最大耗時=51.7ms, 指令數=113
2025-07-19 17:10:51 [INFO] GripperOptimized:fast_loop:484 - 性能統計: 循環=260000, 平均耗時=7.4ms, 最大耗時=51.7ms, 指令數=113
2025-07-19 17:11:11 [INFO] GripperOptimized:fast_loop:484 - 性能統計: 循環=261000, 平均耗時=7.2ms, 最大耗時=51.7ms, 指令數=113
2025-07-19 17:11:32 [INFO] GripperOptimized:fast_loop:484 - 性能統計: 循環=262000, 平均耗時=7.3ms, 最大耗時=51.7ms, 指令數=113
2025-07-19 17:11:53 [INFO] GripperOptimized:fast_loop:484 - 性能統計: 循環=263000, 平均耗時=7.4ms, 最大耗時=51.7ms, 指令數=113
2025-07-19 17:12:14 [INFO] GripperOptimized:fast_loop:484 - 性能統計: 循環=264000, 平均耗時=7.5ms, 最大耗時=51.7ms, 指令數=113
2025-07-19 17:12:34 [INFO] GripperOptimized:fast_loop:484 - 性能統計: 循環=265000, 平均耗時=7.6ms, 最大耗時=51.7ms, 指令數=113
2025-07-19 17:12:55 [INFO] GripperOptimized:fast_loop:484 - 性能統計: 循環=266000, 平均耗時=7.7ms, 最大耗時=51.7ms, 指令數=113
2025-07-19 17:13:16 [INFO] GripperOptimized:fast_loop:484 - 性能統計: 循環=267000, 平均耗時=7.4ms, 最大耗時=51.7ms, 指令數=113
2025-07-19 17:13:37 [INFO] GripperOptimized:fast_loop:484 - 性能統計: 循環=268000, 平均耗時=7.3ms, 最大耗時=51.7ms, 指令數=113
2025-07-19 17:13:58 [INFO] GripperOptimized:fast_loop:484 - 性能統計: 循環=269000, 平均耗時=7.3ms, 最大耗時=51.7ms, 指令數=113
2025-07-19 17:14:18 [INFO] GripperOptimized:fast_loop:484 - 性能統計: 循環=270000, 平均耗時=7.4ms, 最大耗時=51.7ms, 指令數=113
2025-07-19 17:14:39 [INFO] GripperOptimized:fast_loop:484 - 性能統計: 循環=271000, 平均耗時=7.2ms, 最大耗時=51.7ms, 指令數=113
2025-07-19 17:15:00 [INFO] GripperOptimized:fast_loop:484 - 性能統計: 循環=272000, 平均耗時=7.2ms, 最大耗時=51.7ms, 指令數=113
2025-07-19 17:15:21 [INFO] GripperOptimized:fast_loop:484 - 性能統計: 循環=273000, 平均耗時=7.6ms, 最大耗時=51.7ms, 指令數=113
2025-07-19 17:15:41 [INFO] GripperOptimized:fast_loop:484 - 性能統計: 循環=274000, 平均耗時=7.5ms, 最大耗時=51.7ms, 指令數=113
2025-07-19 17:16:02 [INFO] GripperOptimized:fast_loop:484 - 性能統計: 循環=275000, 平均耗時=7.7ms, 最大耗時=51.7ms, 指令數=113
2025-07-19 17:16:23 [INFO] GripperOptimized:fast_loop:484 - 性能統計: 循環=276000, 平均耗時=7.6ms, 最大耗時=51.7ms, 指令數=113
2025-07-19 17:16:44 [INFO] GripperOptimized:fast_loop:484 - 性能統計: 循環=277000, 平均耗時=7.5ms, 最大耗時=51.7ms, 指令數=113
2025-07-19 17:17:04 [INFO] GripperOptimized:fast_loop:484 - 性能統計: 循環=278000, 平均耗時=7.7ms, 最大耗時=51.7ms, 指令數=113
2025-07-19 17:17:25 [INFO] GripperOptimized:fast_loop:484 - 性能統計: 循環=279000, 平均耗時=7.2ms, 最大耗時=51.7ms, 指令數=113
2025-07-19 17:17:46 [INFO] GripperOptimized:fast_loop:484 - 性能統計: 循環=280000, 平均耗時=7.5ms, 最大耗時=51.7ms, 指令數=113
2025-07-19 17:18:07 [INFO] GripperOptimized:fast_loop:484 - 性能統計: 循環=281000, 平均耗時=7.4ms, 最大耗時=51.7ms, 指令數=113
2025-07-19 17:18:27 [INFO] GripperOptimized:fast_loop:484 - 性能統計: 循環=282000, 平均耗時=7.5ms, 最大耗時=51.7ms, 指令數=113
2025-07-19 17:18:48 [INFO] GripperOptimized:fast_loop:484 - 性能統計: 循環=283000, 平均耗時=7.6ms, 最大耗時=51.7ms, 指令數=113
2025-07-19 17:19:09 [INFO] GripperOptimized:fast_loop:484 - 性能統計: 循環=284000, 平均耗時=7.3ms, 最大耗時=51.7ms, 指令數=113
2025-07-19 17:19:29 [INFO] GripperOptimized:fast_loop:484 - 性能統計: 循環=285000, 平均耗時=7.6ms, 最大耗時=51.7ms, 指令數=113
2025-07-19 17:19:50 [INFO] GripperOptimized:fast_loop:484 - 性能統計: 循環=286000, 平均耗時=7.6ms, 最大耗時=51.7ms, 指令數=113
2025-07-19 17:20:11 [INFO] GripperOptimized:fast_loop:484 - 性能統計: 循環=287000, 平均耗時=7.6ms, 最大耗時=51.7ms, 指令數=113
2025-07-19 17:20:32 [INFO] GripperOptimized:fast_loop:484 - 性能統計: 循環=288000, 平均耗時=7.2ms, 最大耗時=51.7ms, 指令數=113
2025-07-19 17:20:52 [INFO] GripperOptimized:fast_loop:484 - 性能統計: 循環=289000, 平均耗時=7.6ms, 最大耗時=51.7ms, 指令數=113
2025-07-19 17:21:13 [INFO] GripperOptimized:fast_loop:484 - 性能統計: 循環=290000, 平均耗時=7.4ms, 最大耗時=51.7ms, 指令數=113
2025-07-19 17:21:34 [INFO] GripperOptimized:fast_loop:484 - 性能統計: 循環=291000, 平均耗時=7.3ms, 最大耗時=51.7ms, 指令數=113
2025-07-19 17:21:55 [INFO] GripperOptimized:fast_loop:484 - 性能統計: 循環=292000, 平均耗時=7.2ms, 最大耗時=51.7ms, 指令數=113
2025-07-19 17:22:15 [INFO] GripperOptimized:fast_loop:484 - 性能統計: 循環=293000, 平均耗時=7.4ms, 最大耗時=51.7ms, 指令數=113
2025-07-19 17:22:36 [INFO] GripperOptimized:fast_loop:484 - 性能統計: 循環=294000, 平均耗時=7.4ms, 最大耗時=51.7ms, 指令數=113
2025-07-19 17:22:37 [INFO] GripperOptimized:process_commands:412 - 收到PGC指令: 代碼=3, 參數1=470, 參數2=0, ID=2
2025-07-19 17:22:37 [INFO] GripperOptimized:process_commands:418 - PGC指令執行成功
2025-07-19 17:22:37 [WARNING] GripperOptimized:fast_loop:492 - 主循環執行時間過長: 35.6ms
2025-07-19 17:22:43 [INFO] GripperOptimized:process_commands:412 - 收到PGC指令: 代碼=8, 參數1=0, 參數2=0, ID=21181
2025-07-19 17:22:43 [INFO] GripperOptimized:process_commands:418 - PGC指令執行成功
2025-07-19 17:22:43 [WARNING] GripperOptimized:fast_loop:492 - 主循環執行時間過長: 35.2ms
2025-07-19 17:22:57 [INFO] GripperOptimized:fast_loop:484 - 性能統計: 循環=295000, 平均耗時=7.5ms, 最大耗時=51.7ms, 指令數=115
2025-07-19 17:23:08 [INFO] GripperOptimized:process_commands:412 - 收到PGC指令: 代碼=1, 參數1=0, 參數2=0, ID=1
2025-07-19 17:23:08 [INFO] GripperOptimized:process_commands:418 - PGC指令執行成功
2025-07-19 17:23:08 [WARNING] GripperOptimized:fast_loop:492 - 主循環執行時間過長: 35.5ms
2025-07-19 17:23:18 [INFO] GripperOptimized:fast_loop:484 - 性能統計: 循環=296000, 平均耗時=7.7ms, 最大耗時=51.7ms, 指令數=116
2025-07-19 17:23:39 [INFO] GripperOptimized:fast_loop:484 - 性能統計: 循環=297000, 平均耗時=7.5ms, 最大耗時=51.7ms, 指令數=116
2025-07-19 17:23:59 [INFO] GripperOptimized:fast_loop:484 - 性能統計: 循環=298000, 平均耗時=7.1ms, 最大耗時=51.7ms, 指令數=116
2025-07-19 17:24:20 [INFO] GripperOptimized:fast_loop:484 - 性能統計: 循環=299000, 平均耗時=7.5ms, 最大耗時=51.7ms, 指令數=116
2025-07-19 17:24:41 [INFO] GripperOptimized:fast_loop:484 - 性能統計: 循環=300000, 平均耗時=7.4ms, 最大耗時=51.7ms, 指令數=116
2025-07-19 17:25:02 [INFO] GripperOptimized:fast_loop:484 - 性能統計: 循環=301000, 平均耗時=7.2ms, 最大耗時=51.7ms, 指令數=116
2025-07-19 17:25:22 [INFO] GripperOptimized:fast_loop:484 - 性能統計: 循環=302000, 平均耗時=7.1ms, 最大耗時=51.7ms, 指令數=116
2025-07-19 17:25:43 [INFO] GripperOptimized:fast_loop:484 - 性能統計: 循環=303000, 平均耗時=7.6ms, 最大耗時=51.7ms, 指令數=116
2025-07-19 17:26:04 [INFO] GripperOptimized:fast_loop:484 - 性能統計: 循環=304000, 平均耗時=7.4ms, 最大耗時=51.7ms, 指令數=116
2025-07-19 17:26:25 [INFO] GripperOptimized:fast_loop:484 - 性能統計: 循環=305000, 平均耗時=7.5ms, 最大耗時=51.7ms, 指令數=116
2025-07-19 17:26:46 [INFO] GripperOptimized:fast_loop:484 - 性能統計: 循環=306000, 平均耗時=7.3ms, 最大耗時=51.7ms, 指令數=116
2025-07-19 17:27:06 [INFO] GripperOptimized:fast_loop:484 - 性能統計: 循環=307000, 平均耗時=7.3ms, 最大耗時=51.7ms, 指令數=116
2025-07-19 17:27:27 [INFO] GripperOptimized:fast_loop:484 - 性能統計: 循環=308000, 平均耗時=7.4ms, 最大耗時=51.7ms, 指令數=116
2025-07-19 17:27:48 [INFO] GripperOptimized:fast_loop:484 - 性能統計: 循環=309000, 平均耗時=7.4ms, 最大耗時=51.7ms, 指令數=116
2025-07-19 17:28:09 [INFO] GripperOptimized:fast_loop:484 - 性能統計: 循環=310000, 平均耗時=7.4ms, 最大耗時=51.7ms, 指令數=116
2025-07-19 17:28:30 [INFO] GripperOptimized:fast_loop:484 - 性能統計: 循環=311000, 平均耗時=7.3ms, 最大耗時=51.7ms, 指令數=116
2025-07-19 17:28:50 [INFO] GripperOptimized:fast_loop:484 - 性能統計: 循環=312000, 平均耗時=7.5ms, 最大耗時=51.7ms, 指令數=116
2025-07-19 17:29:06 [INFO] GripperOptimized:process_commands:412 - 收到PGC指令: 代碼=3, 參數1=470, 參數2=0, ID=2
2025-07-19 17:29:06 [INFO] GripperOptimized:process_commands:418 - PGC指令執行成功
2025-07-19 17:29:06 [WARNING] GripperOptimized:fast_loop:492 - 主循環執行時間過長: 36.6ms
2025-07-19 17:29:11 [INFO] GripperOptimized:fast_loop:484 - 性能統計: 循環=313000, 平均耗時=7.4ms, 最大耗時=51.7ms, 指令數=117
2025-07-19 17:29:32 [INFO] GripperOptimized:fast_loop:484 - 性能統計: 循環=314000, 平均耗時=7.5ms, 最大耗時=51.7ms, 指令數=117
2025-07-19 17:29:37 [INFO] GripperOptimized:process_commands:412 - 收到PGC指令: 代碼=1, 參數1=0, 參數2=0, ID=1
2025-07-19 17:29:37 [INFO] GripperOptimized:process_commands:418 - PGC指令執行成功
2025-07-19 17:29:37 [WARNING] GripperOptimized:fast_loop:492 - 主循環執行時間過長: 36.4ms
2025-07-19 17:29:53 [INFO] GripperOptimized:fast_loop:484 - 性能統計: 循環=315000, 平均耗時=7.2ms, 最大耗時=51.7ms, 指令數=118
2025-07-19 17:30:14 [INFO] GripperOptimized:fast_loop:484 - 性能統計: 循環=316000, 平均耗時=7.3ms, 最大耗時=51.7ms, 指令數=118
2025-07-19 17:30:34 [INFO] GripperOptimized:fast_loop:484 - 性能統計: 循環=317000, 平均耗時=7.6ms, 最大耗時=51.7ms, 指令數=118
2025-07-19 17:30:55 [INFO] GripperOptimized:fast_loop:484 - 性能統計: 循環=318000, 平均耗時=7.5ms, 最大耗時=51.7ms, 指令數=118
2025-07-19 17:31:16 [INFO] GripperOptimized:fast_loop:484 - 性能統計: 循環=319000, 平均耗時=7.6ms, 最大耗時=51.7ms, 指令數=118
2025-07-19 17:31:37 [INFO] GripperOptimized:fast_loop:484 - 性能統計: 循環=320000, 平均耗時=7.5ms, 最大耗時=51.7ms, 指令數=118
2025-07-19 17:31:58 [INFO] GripperOptimized:fast_loop:484 - 性能統計: 循環=321000, 平均耗時=7.6ms, 最大耗時=51.7ms, 指令數=118
2025-07-19 17:32:18 [INFO] GripperOptimized:fast_loop:484 - 性能統計: 循環=322000, 平均耗時=7.6ms, 最大耗時=51.7ms, 指令數=118
2025-07-19 17:32:39 [INFO] GripperOptimized:fast_loop:484 - 性能統計: 循環=323000, 平均耗時=7.7ms, 最大耗時=51.7ms, 指令數=118
2025-07-19 17:33:00 [INFO] GripperOptimized:fast_loop:484 - 性能統計: 循環=324000, 平均耗時=7.8ms, 最大耗時=51.7ms, 指令數=118
2025-07-19 17:33:21 [INFO] GripperOptimized:fast_loop:484 - 性能統計: 循環=325000, 平均耗時=7.4ms, 最大耗時=51.7ms, 指令數=118
2025-07-19 17:33:31 [INFO] GripperOptimized:process_commands:412 - 收到PGC指令: 代碼=3, 參數1=470, 參數2=0, ID=2
2025-07-19 17:33:31 [INFO] GripperOptimized:process_commands:418 - PGC指令執行成功
2025-07-19 17:33:32 [WARNING] GripperOptimized:fast_loop:492 - 主循環執行時間過長: 36.2ms
2025-07-19 17:33:35 [INFO] GripperOptimized:process_commands:412 - 收到PGC指令: 代碼=3, 參數1=300, 參數2=0, ID=3
2025-07-19 17:33:35 [INFO] GripperOptimized:process_commands:418 - PGC指令執行成功
2025-07-19 17:33:35 [WARNING] GripperOptimized:fast_loop:492 - 主循環執行時間過長: 36.2ms
2025-07-19 17:33:37 [INFO] GripperOptimized:process_commands:412 - 收到PGC指令: 代碼=3, 參數1=470, 參數2=0, ID=4
2025-07-19 17:33:37 [INFO] GripperOptimized:process_commands:418 - PGC指令執行成功
2025-07-19 17:33:37 [WARNING] GripperOptimized:fast_loop:492 - 主循環執行時間過長: 36.2ms
2025-07-19 17:33:42 [INFO] GripperOptimized:fast_loop:484 - 性能統計: 循環=326000, 平均耗時=7.3ms, 最大耗時=51.7ms, 指令數=121
2025-07-19 17:34:02 [INFO] GripperOptimized:fast_loop:484 - 性能統計: 循環=327000, 平均耗時=7.4ms, 最大耗時=51.7ms, 指令數=121
2025-07-19 17:34:23 [INFO] GripperOptimized:fast_loop:484 - 性能統計: 循環=328000, 平均耗時=7.5ms, 最大耗時=51.7ms, 指令數=121
2025-07-19 17:34:44 [INFO] GripperOptimized:fast_loop:484 - 性能統計: 循環=329000, 平均耗時=7.5ms, 最大耗時=51.7ms, 指令數=121
2025-07-19 17:35:05 [INFO] GripperOptimized:fast_loop:484 - 性能統計: 循環=330000, 平均耗時=7.5ms, 最大耗時=51.7ms, 指令數=121
2025-07-19 17:35:26 [INFO] GripperOptimized:fast_loop:484 - 性能統計: 循環=331000, 平均耗時=7.8ms, 最大耗時=51.7ms, 指令數=121
2025-07-19 17:35:46 [INFO] GripperOptimized:fast_loop:484 - 性能統計: 循環=332000, 平均耗時=7.6ms, 最大耗時=51.7ms, 指令數=121
2025-07-19 17:36:07 [INFO] GripperOptimized:fast_loop:484 - 性能統計: 循環=333000, 平均耗時=7.7ms, 最大耗時=51.7ms, 指令數=121
2025-07-19 17:36:28 [INFO] GripperOptimized:fast_loop:484 - 性能統計: 循環=334000, 平均耗時=7.7ms, 最大耗時=51.7ms, 指令數=121
2025-07-19 17:36:49 [INFO] GripperOptimized:fast_loop:484 - 性能統計: 循環=335000, 平均耗時=7.8ms, 最大耗時=51.7ms, 指令數=121
2025-07-19 17:37:10 [INFO] GripperOptimized:fast_loop:484 - 性能統計: 循環=336000, 平均耗時=7.5ms, 最大耗時=51.7ms, 指令數=121
2025-07-19 17:37:30 [INFO] GripperOptimized:fast_loop:484 - 性能統計: 循環=337000, 平均耗時=7.6ms, 最大耗時=51.7ms, 指令數=121
2025-07-19 17:37:51 [INFO] GripperOptimized:fast_loop:484 - 性能統計: 循環=338000, 平均耗時=7.5ms, 最大耗時=51.7ms, 指令數=121
2025-07-19 17:38:12 [INFO] GripperOptimized:fast_loop:484 - 性能統計: 循環=339000, 平均耗時=7.5ms, 最大耗時=51.7ms, 指令數=121
2025-07-19 17:38:33 [INFO] GripperOptimized:fast_loop:484 - 性能統計: 循環=340000, 平均耗時=7.4ms, 最大耗時=51.7ms, 指令數=121
2025-07-19 17:38:54 [INFO] GripperOptimized:fast_loop:484 - 性能統計: 循環=341000, 平均耗時=7.5ms, 最大耗時=51.7ms, 指令數=121
2025-07-19 17:39:14 [INFO] GripperOptimized:fast_loop:484 - 性能統計: 循環=342000, 平均耗時=7.7ms, 最大耗時=51.7ms, 指令數=121
2025-07-19 17:39:35 [INFO] GripperOptimized:fast_loop:484 - 性能統計: 循環=343000, 平均耗時=7.4ms, 最大耗時=51.7ms, 指令數=121
2025-07-19 17:39:56 [INFO] GripperOptimized:fast_loop:484 - 性能統計: 循環=344000, 平均耗時=7.4ms, 最大耗時=51.7ms, 指令數=121
2025-07-19 17:40:17 [INFO] GripperOptimized:fast_loop:484 - 性能統計: 循環=345000, 平均耗時=7.2ms, 最大耗時=51.7ms, 指令數=121
2025-07-19 17:40:38 [INFO] GripperOptimized:fast_loop:484 - 性能統計: 循環=346000, 平均耗時=7.6ms, 最大耗時=51.7ms, 指令數=121
2025-07-19 17:40:59 [INFO] GripperOptimized:fast_loop:484 - 性能統計: 循環=347000, 平均耗時=7.6ms, 最大耗時=51.7ms, 指令數=121
2025-07-19 17:41:19 [INFO] GripperOptimized:fast_loop:484 - 性能統計: 循環=348000, 平均耗時=7.7ms, 最大耗時=51.7ms, 指令數=121
2025-07-19 17:41:40 [INFO] GripperOptimized:fast_loop:484 - 性能統計: 循環=349000, 平均耗時=7.7ms, 最大耗時=51.7ms, 指令數=121
2025-07-19 17:42:01 [INFO] GripperOptimized:fast_loop:484 - 性能統計: 循環=350000, 平均耗時=7.5ms, 最大耗時=51.7ms, 指令數=121
2025-07-19 17:42:22 [INFO] GripperOptimized:fast_loop:484 - 性能統計: 循環=351000, 平均耗時=7.4ms, 最大耗時=51.7ms, 指令數=121
2025-07-19 17:42:43 [INFO] GripperOptimized:fast_loop:484 - 性能統計: 循環=352000, 平均耗時=7.6ms, 最大耗時=51.7ms, 指令數=121
2025-07-19 17:43:03 [INFO] GripperOptimized:fast_loop:484 - 性能統計: 循環=353000, 平均耗時=7.4ms, 最大耗時=51.7ms, 指令數=121
2025-07-19 17:43:24 [INFO] GripperOptimized:fast_loop:484 - 性能統計: 循環=354000, 平均耗時=7.5ms, 最大耗時=51.7ms, 指令數=121
2025-07-19 17:43:45 [INFO] GripperOptimized:fast_loop:484 - 性能統計: 循環=355000, 平均耗時=7.6ms, 最大耗時=51.7ms, 指令數=121
2025-07-19 17:44:06 [INFO] GripperOptimized:fast_loop:484 - 性能統計: 循環=356000, 平均耗時=7.5ms, 最大耗時=51.7ms, 指令數=121
2025-07-19 17:44:27 [INFO] GripperOptimized:fast_loop:484 - 性能統計: 循環=357000, 平均耗時=7.3ms, 最大耗時=51.7ms, 指令數=121
2025-07-19 17:44:48 [INFO] GripperOptimized:fast_loop:484 - 性能統計: 循環=358000, 平均耗時=7.7ms, 最大耗時=51.7ms, 指令數=121
2025-07-19 17:45:08 [INFO] GripperOptimized:fast_loop:484 - 性能統計: 循環=359000, 平均耗時=7.5ms, 最大耗時=51.7ms, 指令數=121
2025-07-19 17:45:29 [INFO] GripperOptimized:fast_loop:484 - 性能統計: 循環=360000, 平均耗時=7.5ms, 最大耗時=51.7ms, 指令數=121
2025-07-19 17:45:50 [INFO] GripperOptimized:fast_loop:484 - 性能統計: 循環=361000, 平均耗時=7.4ms, 最大耗時=51.7ms, 指令數=121
2025-07-19 17:46:11 [INFO] GripperOptimized:fast_loop:484 - 性能統計: 循環=362000, 平均耗時=7.5ms, 最大耗時=51.7ms, 指令數=121
2025-07-19 17:46:32 [INFO] GripperOptimized:fast_loop:484 - 性能統計: 循環=363000, 平均耗時=7.3ms, 最大耗時=51.7ms, 指令數=121
2025-07-19 17:46:53 [INFO] GripperOptimized:fast_loop:484 - 性能統計: 循環=364000, 平均耗時=7.2ms, 最大耗時=51.7ms, 指令數=121
2025-07-19 17:47:13 [INFO] GripperOptimized:fast_loop:484 - 性能統計: 循環=365000, 平均耗時=7.1ms, 最大耗時=51.7ms, 指令數=121
2025-07-19 17:47:34 [INFO] GripperOptimized:fast_loop:484 - 性能統計: 循環=366000, 平均耗時=7.4ms, 最大耗時=51.7ms, 指令數=121
2025-07-19 17:47:55 [INFO] GripperOptimized:fast_loop:484 - 性能統計: 循環=367000, 平均耗時=7.4ms, 最大耗時=51.7ms, 指令數=121
2025-07-19 17:48:16 [INFO] GripperOptimized:fast_loop:484 - 性能統計: 循環=368000, 平均耗時=7.4ms, 最大耗時=51.7ms, 指令數=121
2025-07-19 17:48:37 [INFO] GripperOptimized:fast_loop:484 - 性能統計: 循環=369000, 平均耗時=7.4ms, 最大耗時=51.7ms, 指令數=121
2025-07-19 17:48:57 [INFO] GripperOptimized:fast_loop:484 - 性能統計: 循環=370000, 平均耗時=7.5ms, 最大耗時=51.7ms, 指令數=121
2025-07-19 17:49:18 [INFO] GripperOptimized:fast_loop:484 - 性能統計: 循環=371000, 平均耗時=7.3ms, 最大耗時=51.7ms, 指令數=121
2025-07-19 17:49:39 [INFO] GripperOptimized:fast_loop:484 - 性能統計: 循環=372000, 平均耗時=7.3ms, 最大耗時=51.7ms, 指令數=121
2025-07-19 17:50:00 [INFO] GripperOptimized:fast_loop:484 - 性能統計: 循環=373000, 平均耗時=7.6ms, 最大耗時=51.7ms, 指令數=121
2025-07-19 17:50:21 [INFO] GripperOptimized:fast_loop:484 - 性能統計: 循環=374000, 平均耗時=7.6ms, 最大耗時=51.7ms, 指令數=121
2025-07-19 17:50:41 [INFO] GripperOptimized:fast_loop:484 - 性能統計: 循環=375000, 平均耗時=7.3ms, 最大耗時=51.7ms, 指令數=121
2025-07-19 17:51:02 [INFO] GripperOptimized:fast_loop:484 - 性能統計: 循環=376000, 平均耗時=7.4ms, 最大耗時=51.7ms, 指令數=121
2025-07-19 17:51:23 [INFO] GripperOptimized:fast_loop:484 - 性能統計: 循環=377000, 平均耗時=7.4ms, 最大耗時=51.7ms, 指令數=121
2025-07-19 17:51:44 [INFO] GripperOptimized:fast_loop:484 - 性能統計: 循環=378000, 平均耗時=7.1ms, 最大耗時=51.7ms, 指令數=121
2025-07-19 17:52:05 [INFO] GripperOptimized:fast_loop:484 - 性能統計: 循環=379000, 平均耗時=7.2ms, 最大耗時=51.7ms, 指令數=121
2025-07-19 17:52:26 [INFO] GripperOptimized:fast_loop:484 - 性能統計: 循環=380000, 平均耗時=7.4ms, 最大耗時=51.7ms, 指令數=121
2025-07-19 17:52:46 [INFO] GripperOptimized:fast_loop:484 - 性能統計: 循環=381000, 平均耗時=7.1ms, 最大耗時=51.7ms, 指令數=121
2025-07-19 17:53:07 [INFO] GripperOptimized:fast_loop:484 - 性能統計: 循環=382000, 平均耗時=7.6ms, 最大耗時=51.7ms, 指令數=121
2025-07-19 17:53:23 [INFO] GripperOptimized:process_commands:412 - 收到PGC指令: 代碼=8, 參數1=0, 參數2=0, ID=26176
2025-07-19 17:53:23 [INFO] GripperOptimized:process_commands:418 - PGC指令執行成功
2025-07-19 17:53:23 [WARNING] GripperOptimized:fast_loop:492 - 主循環執行時間過長: 36.1ms
2025-07-19 17:53:28 [INFO] GripperOptimized:fast_loop:484 - 性能統計: 循環=383000, 平均耗時=7.4ms, 最大耗時=51.7ms, 指令數=122
2025-07-19 17:53:49 [INFO] GripperOptimized:fast_loop:484 - 性能統計: 循環=384000, 平均耗時=7.4ms, 最大耗時=51.7ms, 指令數=122
2025-07-19 17:54:09 [INFO] GripperOptimized:fast_loop:484 - 性能統計: 循環=385000, 平均耗時=7.4ms, 最大耗時=51.7ms, 指令數=122
2025-07-19 17:54:30 [INFO] GripperOptimized:fast_loop:484 - 性能統計: 循環=386000, 平均耗時=7.3ms, 最大耗時=51.7ms, 指令數=122
2025-07-19 17:54:51 [INFO] GripperOptimized:fast_loop:484 - 性能統計: 循環=387000, 平均耗時=7.3ms, 最大耗時=51.7ms, 指令數=122
2025-07-19 17:55:11 [INFO] GripperOptimized:fast_loop:484 - 性能統計: 循環=388000, 平均耗時=7.5ms, 最大耗時=51.7ms, 指令數=122
2025-07-19 17:55:32 [INFO] GripperOptimized:fast_loop:484 - 性能統計: 循環=389000, 平均耗時=7.5ms, 最大耗時=51.7ms, 指令數=122
2025-07-19 17:55:53 [INFO] GripperOptimized:fast_loop:484 - 性能統計: 循環=390000, 平均耗時=7.4ms, 最大耗時=51.7ms, 指令數=122
2025-07-19 17:56:13 [INFO] GripperOptimized:fast_loop:484 - 性能統計: 循環=391000, 平均耗時=7.2ms, 最大耗時=51.7ms, 指令數=122
2025-07-19 17:56:34 [INFO] GripperOptimized:fast_loop:484 - 性能統計: 循環=392000, 平均耗時=7.5ms, 最大耗時=51.7ms, 指令數=122
2025-07-19 17:56:55 [INFO] GripperOptimized:fast_loop:484 - 性能統計: 循環=393000, 平均耗時=7.1ms, 最大耗時=51.7ms, 指令數=122
2025-07-19 17:57:15 [INFO] GripperOptimized:fast_loop:484 - 性能統計: 循環=394000, 平均耗時=7.4ms, 最大耗時=51.7ms, 指令數=122
2025-07-19 17:57:36 [INFO] GripperOptimized:fast_loop:484 - 性能統計: 循環=395000, 平均耗時=7.5ms, 最大耗時=51.7ms, 指令數=122
2025-07-19 17:57:57 [INFO] GripperOptimized:fast_loop:484 - 性能統計: 循環=396000, 平均耗時=7.4ms, 最大耗時=51.7ms, 指令數=122
2025-07-19 17:58:17 [INFO] GripperOptimized:fast_loop:484 - 性能統計: 循環=397000, 平均耗時=7.4ms, 最大耗時=51.7ms, 指令數=122
2025-07-19 17:58:38 [INFO] GripperOptimized:fast_loop:484 - 性能統計: 循環=398000, 平均耗時=7.5ms, 最大耗時=51.7ms, 指令數=122
2025-07-19 17:58:59 [INFO] GripperOptimized:fast_loop:484 - 性能統計: 循環=399000, 平均耗時=7.2ms, 最大耗時=51.7ms, 指令數=122
2025-07-19 17:59:19 [INFO] GripperOptimized:fast_loop:484 - 性能統計: 循環=400000, 平均耗時=7.5ms, 最大耗時=51.7ms, 指令數=122
2025-07-19 17:59:40 [INFO] GripperOptimized:fast_loop:484 - 性能統計: 循環=401000, 平均耗時=7.5ms, 最大耗時=51.7ms, 指令數=122
2025-07-19 18:00:01 [INFO] GripperOptimized:fast_loop:484 - 性能統計: 循環=402000, 平均耗時=7.4ms, 最大耗時=51.7ms, 指令數=122
2025-07-19 18:00:21 [INFO] GripperOptimized:fast_loop:484 - 性能統計: 循環=403000, 平均耗時=7.4ms, 最大耗時=51.7ms, 指令數=122
2025-07-19 18:00:42 [INFO] GripperOptimized:fast_loop:484 - 性能統計: 循環=404000, 平均耗時=7.3ms, 最大耗時=51.7ms, 指令數=122
2025-07-19 18:01:03 [INFO] GripperOptimized:fast_loop:484 - 性能統計: 循環=405000, 平均耗時=7.5ms, 最大耗時=51.7ms, 指令數=122
2025-07-19 18:01:23 [INFO] GripperOptimized:fast_loop:484 - 性能統計: 循環=406000, 平均耗時=7.4ms, 最大耗時=51.7ms, 指令數=122
2025-07-19 18:01:44 [INFO] GripperOptimized:fast_loop:484 - 性能統計: 循環=407000, 平均耗時=7.5ms, 最大耗時=51.7ms, 指令數=122
2025-07-19 18:02:05 [INFO] GripperOptimized:fast_loop:484 - 性能統計: 循環=408000, 平均耗時=7.6ms, 最大耗時=51.7ms, 指令數=122
2025-07-19 18:02:25 [INFO] GripperOptimized:fast_loop:484 - 性能統計: 循環=409000, 平均耗時=7.4ms, 最大耗時=51.7ms, 指令數=122
2025-07-19 18:02:46 [INFO] GripperOptimized:fast_loop:484 - 性能統計: 循環=410000, 平均耗時=7.3ms, 最大耗時=51.7ms, 指令數=122
2025-07-19 18:03:07 [INFO] GripperOptimized:fast_loop:484 - 性能統計: 循環=411000, 平均耗時=7.3ms, 最大耗時=51.7ms, 指令數=122
2025-07-19 18:03:27 [INFO] GripperOptimized:fast_loop:484 - 性能統計: 循環=412000, 平均耗時=7.7ms, 最大耗時=51.7ms, 指令數=122
2025-07-19 18:03:48 [INFO] GripperOptimized:fast_loop:484 - 性能統計: 循環=413000, 平均耗時=7.4ms, 最大耗時=51.7ms, 指令數=122
2025-07-19 18:04:09 [INFO] GripperOptimized:fast_loop:484 - 性能統計: 循環=414000, 平均耗時=7.6ms, 最大耗時=51.7ms, 指令數=122
2025-07-19 18:04:29 [INFO] GripperOptimized:fast_loop:484 - 性能統計: 循環=415000, 平均耗時=7.3ms, 最大耗時=51.7ms, 指令數=122
2025-07-19 18:04:50 [INFO] GripperOptimized:fast_loop:484 - 性能統計: 循環=416000, 平均耗時=7.3ms, 最大耗時=51.7ms, 指令數=122
2025-07-19 18:05:11 [INFO] GripperOptimized:fast_loop:484 - 性能統計: 循環=417000, 平均耗時=7.4ms, 最大耗時=51.7ms, 指令數=122
2025-07-19 18:05:32 [INFO] GripperOptimized:fast_loop:484 - 性能統計: 循環=418000, 平均耗時=7.4ms, 最大耗時=51.7ms, 指令數=122
2025-07-19 18:05:52 [INFO] GripperOptimized:fast_loop:484 - 性能統計: 循環=419000, 平均耗時=7.5ms, 最大耗時=51.7ms, 指令數=122
2025-07-19 18:06:13 [INFO] GripperOptimized:fast_loop:484 - 性能統計: 循環=420000, 平均耗時=7.4ms, 最大耗時=51.7ms, 指令數=122
2025-07-19 18:06:34 [INFO] GripperOptimized:fast_loop:484 - 性能統計: 循環=421000, 平均耗時=7.5ms, 最大耗時=51.7ms, 指令數=122
2025-07-19 18:06:54 [INFO] GripperOptimized:fast_loop:484 - 性能統計: 循環=422000, 平均耗時=7.1ms, 最大耗時=51.7ms, 指令數=122
2025-07-19 18:07:15 [INFO] GripperOptimized:fast_loop:484 - 性能統計: 循環=423000, 平均耗時=7.2ms, 最大耗時=51.7ms, 指令數=122
2025-07-19 18:07:36 [INFO] GripperOptimized:fast_loop:484 - 性能統計: 循環=424000, 平均耗時=7.1ms, 最大耗時=51.7ms, 指令數=122
2025-07-19 18:07:56 [INFO] GripperOptimized:fast_loop:484 - 性能統計: 循環=425000, 平均耗時=7.6ms, 最大耗時=51.7ms, 指令數=122
2025-07-19 18:08:17 [INFO] GripperOptimized:fast_loop:484 - 性能統計: 循環=426000, 平均耗時=7.3ms, 最大耗時=51.7ms, 指令數=122
2025-07-19 18:08:38 [INFO] GripperOptimized:fast_loop:484 - 性能統計: 循環=427000, 平均耗時=7.3ms, 最大耗時=51.7ms, 指令數=122
2025-07-19 18:08:58 [INFO] GripperOptimized:fast_loop:484 - 性能統計: 循環=428000, 平均耗時=7.5ms, 最大耗時=51.7ms, 指令數=122
2025-07-19 18:09:19 [INFO] GripperOptimized:fast_loop:484 - 性能統計: 循環=429000, 平均耗時=7.5ms, 最大耗時=51.7ms, 指令數=122
2025-07-19 18:09:40 [INFO] GripperOptimized:fast_loop:484 - 性能統計: 循環=430000, 平均耗時=7.5ms, 最大耗時=51.7ms, 指令數=122
2025-07-19 18:10:00 [INFO] GripperOptimized:fast_loop:484 - 性能統計: 循環=431000, 平均耗時=7.4ms, 最大耗時=51.7ms, 指令數=122
2025-07-19 18:10:21 [INFO] GripperOptimized:fast_loop:484 - 性能統計: 循環=432000, 平均耗時=7.6ms, 最大耗時=51.7ms, 指令數=122
2025-07-19 18:10:42 [INFO] GripperOptimized:fast_loop:484 - 性能統計: 循環=433000, 平均耗時=7.5ms, 最大耗時=51.7ms, 指令數=122
2025-07-19 18:11:02 [INFO] GripperOptimized:fast_loop:484 - 性能統計: 循環=434000, 平均耗時=7.3ms, 最大耗時=51.7ms, 指令數=122
2025-07-19 18:11:23 [INFO] GripperOptimized:fast_loop:484 - 性能統計: 循環=435000, 平均耗時=7.6ms, 最大耗時=51.7ms, 指令數=122
2025-07-19 18:11:44 [INFO] GripperOptimized:fast_loop:484 - 性能統計: 循環=436000, 平均耗時=7.6ms, 最大耗時=51.7ms, 指令數=122
2025-07-19 18:12:04 [INFO] GripperOptimized:fast_loop:484 - 性能統計: 循環=437000, 平均耗時=7.4ms, 最大耗時=51.7ms, 指令數=122
2025-07-19 18:12:25 [INFO] GripperOptimized:fast_loop:484 - 性能統計: 循環=438000, 平均耗時=7.4ms, 最大耗時=51.7ms, 指令數=122
2025-07-19 18:12:39 [INFO] GripperOptimized:process_commands:412 - 收到PGC指令: 代碼=1, 參數1=0, 參數2=0, ID=1
2025-07-19 18:12:39 [INFO] GripperOptimized:process_commands:418 - PGC指令執行成功
2025-07-19 18:12:39 [WARNING] GripperOptimized:fast_loop:492 - 主循環執行時間過長: 35.9ms
2025-07-19 18:12:46 [INFO] GripperOptimized:fast_loop:484 - 性能統計: 循環=439000, 平均耗時=7.4ms, 最大耗時=51.7ms, 指令數=123
2025-07-19 18:12:48 [INFO] GripperOptimized:process_commands:412 - 收到PGC指令: 代碼=3, 參數1=470, 參數2=0, ID=2
2025-07-19 18:12:48 [INFO] GripperOptimized:process_commands:418 - PGC指令執行成功
2025-07-19 18:12:48 [WARNING] GripperOptimized:fast_loop:492 - 主循環執行時間過長: 36.6ms
2025-07-19 18:12:49 [INFO] GripperOptimized:process_commands:412 - 收到PGC指令: 代碼=3, 參數1=300, 參數2=0, ID=3
2025-07-19 18:12:49 [INFO] GripperOptimized:process_commands:418 - PGC指令執行成功
2025-07-19 18:12:49 [WARNING] GripperOptimized:fast_loop:492 - 主循環執行時間過長: 35.9ms
2025-07-19 18:13:00 [INFO] GripperOptimized:process_commands:412 - 收到PGC指令: 代碼=3, 參數1=470, 參數2=0, ID=4
2025-07-19 18:13:00 [INFO] GripperOptimized:process_commands:418 - PGC指令執行成功
2025-07-19 18:13:00 [WARNING] GripperOptimized:fast_loop:492 - 主循環執行時間過長: 35.6ms
2025-07-19 18:13:01 [INFO] GripperOptimized:process_commands:412 - 收到PGC指令: 代碼=3, 參數1=470, 參數2=0, ID=5
2025-07-19 18:13:01 [INFO] GripperOptimized:process_commands:418 - PGC指令執行成功
2025-07-19 18:13:01 [WARNING] GripperOptimized:fast_loop:492 - 主循環執行時間過長: 36.5ms
2025-07-19 18:13:02 [INFO] GripperOptimized:process_commands:412 - 收到PGC指令: 代碼=3, 參數1=300, 參數2=0, ID=6
2025-07-19 18:13:02 [INFO] GripperOptimized:process_commands:418 - PGC指令執行成功
2025-07-19 18:13:02 [WARNING] GripperOptimized:fast_loop:492 - 主循環執行時間過長: 36.8ms
2025-07-19 18:13:07 [INFO] GripperOptimized:fast_loop:484 - 性能統計: 循環=440000, 平均耗時=7.5ms, 最大耗時=51.7ms, 指令數=128
2025-07-19 18:13:13 [INFO] GripperOptimized:process_commands:412 - 收到PGC指令: 代碼=3, 參數1=470, 參數2=0, ID=7
2025-07-19 18:13:13 [INFO] GripperOptimized:process_commands:418 - PGC指令執行成功
2025-07-19 18:13:13 [WARNING] GripperOptimized:fast_loop:492 - 主循環執行時間過長: 35.6ms
2025-07-19 18:13:27 [INFO] GripperOptimized:fast_loop:484 - 性能統計: 循環=441000, 平均耗時=7.5ms, 最大耗時=51.7ms, 指令數=129
2025-07-19 18:13:48 [INFO] GripperOptimized:fast_loop:484 - 性能統計: 循環=442000, 平均耗時=7.4ms, 最大耗時=51.7ms, 指令數=129
2025-07-19 18:14:09 [INFO] GripperOptimized:fast_loop:484 - 性能統計: 循環=443000, 平均耗時=7.4ms, 最大耗時=51.7ms, 指令數=129
2025-07-19 18:14:30 [INFO] GripperOptimized:fast_loop:484 - 性能統計: 循環=444000, 平均耗時=7.7ms, 最大耗時=51.7ms, 指令數=129
2025-07-19 18:14:35 [INFO] GripperOptimized:process_commands:412 - 收到PGC指令: 代碼=1, 參數1=0, 參數2=0, ID=1
2025-07-19 18:14:35 [INFO] GripperOptimized:process_commands:418 - PGC指令執行成功
2025-07-19 18:14:35 [WARNING] GripperOptimized:fast_loop:492 - 主循環執行時間過長: 36.8ms
2025-07-19 18:14:50 [INFO] GripperOptimized:fast_loop:484 - 性能統計: 循環=445000, 平均耗時=7.3ms, 最大耗時=51.7ms, 指令數=130
2025-07-19 18:14:58 [INFO] GripperOptimized:process_commands:412 - 收到PGC指令: 代碼=3, 參數1=470, 參數2=0, ID=2
2025-07-19 18:14:58 [INFO] GripperOptimized:process_commands:418 - PGC指令執行成功
2025-07-19 18:14:58 [WARNING] GripperOptimized:fast_loop:492 - 主循環執行時間過長: 43.8ms
2025-07-19 18:14:59 [INFO] GripperOptimized:process_commands:412 - 收到PGC指令: 代碼=3, 參數1=300, 參數2=0, ID=3
2025-07-19 18:14:59 [INFO] GripperOptimized:process_commands:418 - PGC指令執行成功
2025-07-19 18:14:59 [WARNING] GripperOptimized:fast_loop:492 - 主循環執行時間過長: 36.4ms
2025-07-19 18:15:10 [INFO] GripperOptimized:process_commands:412 - 收到PGC指令: 代碼=3, 參數1=470, 參數2=0, ID=4
2025-07-19 18:15:10 [INFO] GripperOptimized:process_commands:418 - PGC指令執行成功
2025-07-19 18:15:10 [WARNING] GripperOptimized:fast_loop:492 - 主循環執行時間過長: 36.1ms
2025-07-19 18:15:11 [INFO] GripperOptimized:process_commands:412 - 收到PGC指令: 代碼=3, 參數1=470, 參數2=0, ID=5
2025-07-19 18:15:11 [INFO] GripperOptimized:process_commands:418 - PGC指令執行成功
2025-07-19 18:15:11 [INFO] GripperOptimized:fast_loop:484 - 性能統計: 循環=446000, 平均耗時=10.3ms, 最大耗時=51.7ms, 指令數=134
2025-07-19 18:15:11 [WARNING] GripperOptimized:fast_loop:492 - 主循環執行時間過長: 35.7ms
2025-07-19 18:15:12 [INFO] GripperOptimized:process_commands:412 - 收到PGC指令: 代碼=3, 參數1=300, 參數2=0, ID=6
2025-07-19 18:15:12 [INFO] GripperOptimized:process_commands:418 - PGC指令執行成功
2025-07-19 18:15:12 [WARNING] GripperOptimized:fast_loop:492 - 主循環執行時間過長: 35.2ms
2025-07-19 18:15:23 [INFO] GripperOptimized:process_commands:412 - 收到PGC指令: 代碼=3, 參數1=470, 參數2=0, ID=7
2025-07-19 18:15:23 [INFO] GripperOptimized:process_commands:418 - PGC指令執行成功
2025-07-19 18:15:23 [WARNING] GripperOptimized:fast_loop:492 - 主循環執行時間過長: 34.0ms
2025-07-19 18:15:32 [INFO] GripperOptimized:fast_loop:484 - 性能統計: 循環=447000, 平均耗時=7.5ms, 最大耗時=51.7ms, 指令數=136
2025-07-19 18:15:53 [INFO] GripperOptimized:fast_loop:484 - 性能統計: 循環=448000, 平均耗時=7.6ms, 最大耗時=51.7ms, 指令數=136
2025-07-19 18:16:14 [INFO] GripperOptimized:fast_loop:484 - 性能統計: 循環=449000, 平均耗時=7.9ms, 最大耗時=51.7ms, 指令數=136
2025-07-19 18:16:34 [INFO] GripperOptimized:fast_loop:484 - 性能統計: 循環=450000, 平均耗時=7.8ms, 最大耗時=51.7ms, 指令數=136
2025-07-19 18:16:55 [INFO] GripperOptimized:fast_loop:484 - 性能統計: 循環=451000, 平均耗時=7.6ms, 最大耗時=51.7ms, 指令數=136
2025-07-19 18:17:16 [INFO] GripperOptimized:fast_loop:484 - 性能統計: 循環=452000, 平均耗時=7.5ms, 最大耗時=51.7ms, 指令數=136
2025-07-19 18:17:22 [INFO] GripperOptimized:process_commands:412 - 收到PGC指令: 代碼=1, 參數1=0, 參數2=0, ID=1
2025-07-19 18:17:22 [INFO] GripperOptimized:process_commands:418 - PGC指令執行成功
2025-07-19 18:17:22 [WARNING] GripperOptimized:fast_loop:492 - 主循環執行時間過長: 36.8ms
2025-07-19 18:17:37 [INFO] GripperOptimized:fast_loop:484 - 性能統計: 循環=453000, 平均耗時=7.3ms, 最大耗時=51.7ms, 指令數=137
2025-07-19 18:17:37 [INFO] GripperOptimized:process_commands:412 - 收到PGC指令: 代碼=3, 參數1=470, 參數2=0, ID=2
2025-07-19 18:17:37 [INFO] GripperOptimized:process_commands:418 - PGC指令執行成功
2025-07-19 18:17:37 [WARNING] GripperOptimized:fast_loop:492 - 主循環執行時間過長: 36.8ms
2025-07-19 18:17:38 [INFO] GripperOptimized:process_commands:412 - 收到PGC指令: 代碼=3, 參數1=300, 參數2=0, ID=3
2025-07-19 18:17:38 [INFO] GripperOptimized:process_commands:418 - PGC指令執行成功
2025-07-19 18:17:38 [WARNING] GripperOptimized:fast_loop:492 - 主循環執行時間過長: 33.9ms
2025-07-19 18:17:49 [INFO] GripperOptimized:process_commands:412 - 收到PGC指令: 代碼=3, 參數1=470, 參數2=0, ID=4
2025-07-19 18:17:49 [INFO] GripperOptimized:process_commands:418 - PGC指令執行成功
2025-07-19 18:17:49 [WARNING] GripperOptimized:fast_loop:492 - 主循環執行時間過長: 34.7ms
2025-07-19 18:17:56 [INFO] GripperOptimized:process_commands:412 - 收到PGC指令: 代碼=3, 參數1=300, 參數2=0, ID=5
2025-07-19 18:17:56 [INFO] GripperOptimized:process_commands:418 - PGC指令執行成功
2025-07-19 18:17:56 [WARNING] GripperOptimized:fast_loop:492 - 主循環執行時間過長: 35.1ms
2025-07-19 18:17:57 [INFO] GripperOptimized:fast_loop:484 - 性能統計: 循環=454000, 平均耗時=7.5ms, 最大耗時=51.7ms, 指令數=141
2025-07-19 18:18:01 [INFO] GripperOptimized:process_commands:412 - 收到PGC指令: 代碼=3, 參數1=470, 參數2=0, ID=6
2025-07-19 18:18:01 [INFO] GripperOptimized:process_commands:418 - PGC指令執行成功
2025-07-19 18:18:02 [WARNING] GripperOptimized:fast_loop:492 - 主循環執行時間過長: 35.2ms
2025-07-19 18:18:03 [INFO] GripperOptimized:process_commands:412 - 收到PGC指令: 代碼=3, 參數1=300, 參數2=0, ID=7
2025-07-19 18:18:03 [INFO] GripperOptimized:process_commands:418 - PGC指令執行成功
2025-07-19 18:18:03 [WARNING] GripperOptimized:fast_loop:492 - 主循環執行時間過長: 34.7ms
2025-07-19 18:18:14 [INFO] GripperOptimized:process_commands:412 - 收到PGC指令: 代碼=3, 參數1=470, 參數2=0, ID=8
2025-07-19 18:18:14 [INFO] GripperOptimized:process_commands:418 - PGC指令執行成功
2025-07-19 18:18:14 [WARNING] GripperOptimized:fast_loop:492 - 主循環執行時間過長: 36.1ms
2025-07-19 18:18:18 [INFO] GripperOptimized:fast_loop:484 - 性能統計: 循環=455000, 平均耗時=7.5ms, 最大耗時=51.7ms, 指令數=144
2025-07-19 18:18:39 [INFO] GripperOptimized:fast_loop:484 - 性能統計: 循環=456000, 平均耗時=7.4ms, 最大耗時=51.7ms, 指令數=144
2025-07-19 18:19:00 [INFO] GripperOptimized:fast_loop:484 - 性能統計: 循環=457000, 平均耗時=7.7ms, 最大耗時=51.7ms, 指令數=144
2025-07-19 18:19:20 [INFO] GripperOptimized:fast_loop:484 - 性能統計: 循環=458000, 平均耗時=7.6ms, 最大耗時=51.7ms, 指令數=144
2025-07-19 18:19:27 [INFO] GripperOptimized:process_commands:412 - 收到PGC指令: 代碼=1, 參數1=0, 參數2=0, ID=1
2025-07-19 18:19:27 [INFO] GripperOptimized:process_commands:418 - PGC指令執行成功
2025-07-19 18:19:27 [WARNING] GripperOptimized:fast_loop:492 - 主循環執行時間過長: 35.9ms
2025-07-19 18:19:41 [INFO] GripperOptimized:fast_loop:484 - 性能統計: 循環=459000, 平均耗時=7.5ms, 最大耗時=51.7ms, 指令數=145
2025-07-19 18:20:02 [INFO] GripperOptimized:fast_loop:484 - 性能統計: 循環=460000, 平均耗時=7.7ms, 最大耗時=51.7ms, 指令數=145
2025-07-19 18:20:04 [INFO] GripperOptimized:process_commands:412 - 收到PGC指令: 代碼=3, 參數1=480, 參數2=0, ID=2
2025-07-19 18:20:04 [INFO] GripperOptimized:process_commands:418 - PGC指令執行成功
2025-07-19 18:20:04 [WARNING] GripperOptimized:fast_loop:492 - 主循環執行時間過長: 35.1ms
2025-07-19 18:20:06 [INFO] GripperOptimized:process_commands:412 - 收到PGC指令: 代碼=3, 參數1=300, 參數2=0, ID=3
2025-07-19 18:20:06 [INFO] GripperOptimized:process_commands:418 - PGC指令執行成功
2025-07-19 18:20:06 [WARNING] GripperOptimized:fast_loop:492 - 主循環執行時間過長: 35.6ms
2025-07-19 18:20:17 [INFO] GripperOptimized:process_commands:412 - 收到PGC指令: 代碼=3, 參數1=470, 參數2=0, ID=4
2025-07-19 18:20:17 [INFO] GripperOptimized:process_commands:418 - PGC指令執行成功
2025-07-19 18:20:17 [WARNING] GripperOptimized:fast_loop:492 - 主循環執行時間過長: 35.6ms
2025-07-19 18:20:23 [INFO] GripperOptimized:fast_loop:484 - 性能統計: 循環=461000, 平均耗時=7.7ms, 最大耗時=51.7ms, 指令數=148
2025-07-19 18:20:29 [INFO] GripperOptimized:process_commands:412 - 收到PGC指令: 代碼=5, 參數1=100, 參數2=0, ID=14264
2025-07-19 18:20:29 [INFO] GripperOptimized:process_commands:418 - PGC指令執行成功
2025-07-19 18:20:29 [WARNING] GripperOptimized:fast_loop:492 - 主循環執行時間過長: 36.4ms
2025-07-19 18:20:30 [INFO] GripperOptimized:process_commands:412 - 收到PGC指令: 代碼=6, 參數1=100, 參數2=0, ID=14709
2025-07-19 18:20:30 [INFO] GripperOptimized:process_commands:418 - PGC指令執行成功
2025-07-19 18:20:30 [WARNING] GripperOptimized:fast_loop:492 - 主循環執行時間過長: 36.7ms
2025-07-19 18:20:43 [INFO] GripperOptimized:fast_loop:484 - 性能統計: 循環=462000, 平均耗時=7.4ms, 最大耗時=51.7ms, 指令數=150
2025-07-19 18:21:04 [INFO] GripperOptimized:fast_loop:484 - 性能統計: 循環=463000, 平均耗時=7.4ms, 最大耗時=51.7ms, 指令數=150
2025-07-19 18:21:12 [INFO] GripperOptimized:process_commands:412 - 收到PGC指令: 代碼=1, 參數1=0, 參數2=0, ID=1
2025-07-19 18:21:12 [INFO] GripperOptimized:process_commands:418 - PGC指令執行成功
2025-07-19 18:21:12 [WARNING] GripperOptimized:fast_loop:492 - 主循環執行時間過長: 37.1ms
2025-07-19 18:21:25 [INFO] GripperOptimized:fast_loop:484 - 性能統計: 循環=464000, 平均耗時=7.1ms, 最大耗時=51.7ms, 指令數=151
2025-07-19 18:21:27 [INFO] GripperOptimized:process_commands:412 - 收到PGC指令: 代碼=3, 參數1=480, 參數2=0, ID=2
2025-07-19 18:21:27 [INFO] GripperOptimized:process_commands:418 - PGC指令執行成功
2025-07-19 18:21:27 [WARNING] GripperOptimized:fast_loop:492 - 主循環執行時間過長: 34.9ms
2025-07-19 18:21:29 [INFO] GripperOptimized:process_commands:412 - 收到PGC指令: 代碼=3, 參數1=300, 參數2=0, ID=3
2025-07-19 18:21:29 [INFO] GripperOptimized:process_commands:418 - PGC指令執行成功
2025-07-19 18:21:29 [WARNING] GripperOptimized:fast_loop:492 - 主循環執行時間過長: 34.3ms
2025-07-19 18:21:40 [INFO] GripperOptimized:process_commands:412 - 收到PGC指令: 代碼=3, 參數1=480, 參數2=0, ID=4
2025-07-19 18:21:40 [INFO] GripperOptimized:process_commands:418 - PGC指令執行成功
2025-07-19 18:21:40 [WARNING] GripperOptimized:fast_loop:492 - 主循環執行時間過長: 35.4ms
2025-07-19 18:21:46 [INFO] GripperOptimized:fast_loop:484 - 性能統計: 循環=465000, 平均耗時=7.5ms, 最大耗時=51.7ms, 指令數=154
2025-07-19 18:22:06 [INFO] GripperOptimized:fast_loop:484 - 性能統計: 循環=466000, 平均耗時=7.5ms, 最大耗時=51.7ms, 指令數=154
2025-07-19 18:22:13 [INFO] GripperOptimized:process_commands:412 - 收到PGC指令: 代碼=5, 參數1=50, 參數2=0, ID=52395
2025-07-19 18:22:13 [INFO] GripperOptimized:process_commands:418 - PGC指令執行成功
2025-07-19 18:22:13 [WARNING] GripperOptimized:fast_loop:492 - 主循環執行時間過長: 36.2ms
2025-07-19 18:22:16 [INFO] GripperOptimized:process_commands:412 - 收到PGC指令: 代碼=5, 參數1=100, 參數2=0, ID=55605
2025-07-19 18:22:16 [INFO] GripperOptimized:process_commands:418 - PGC指令執行成功
2025-07-19 18:22:16 [WARNING] GripperOptimized:fast_loop:492 - 主循環執行時間過長: 35.8ms
2025-07-19 18:22:27 [INFO] GripperOptimized:fast_loop:484 - 性能統計: 循環=467000, 平均耗時=7.4ms, 最大耗時=51.7ms, 指令數=156
2025-07-19 18:22:46 [INFO] GripperOptimized:process_commands:412 - 收到PGC指令: 代碼=5, 參數1=100, 參數2=0, ID=20142
2025-07-19 18:22:46 [INFO] GripperOptimized:process_commands:418 - PGC指令執行成功
2025-07-19 18:22:46 [WARNING] GripperOptimized:fast_loop:492 - 主循環執行時間過長: 36.8ms
2025-07-19 18:22:47 [INFO] GripperOptimized:process_commands:412 - 收到PGC指令: 代碼=6, 參數1=100, 參數2=0, ID=20649
2025-07-19 18:22:47 [INFO] GripperOptimized:process_commands:418 - PGC指令執行成功
2025-07-19 18:22:47 [WARNING] GripperOptimized:fast_loop:492 - 主循環執行時間過長: 37.0ms
2025-07-19 18:22:48 [INFO] GripperOptimized:fast_loop:484 - 性能統計: 循環=468000, 平均耗時=7.7ms, 最大耗時=51.7ms, 指令數=158
2025-07-19 18:23:09 [INFO] GripperOptimized:fast_loop:484 - 性能統計: 循環=469000, 平均耗時=7.6ms, 最大耗時=51.7ms, 指令數=158
2025-07-19 18:23:29 [INFO] GripperOptimized:fast_loop:484 - 性能統計: 循環=470000, 平均耗時=7.5ms, 最大耗時=51.7ms, 指令數=158
2025-07-19 18:23:50 [INFO] GripperOptimized:fast_loop:484 - 性能統計: 循環=471000, 平均耗時=7.5ms, 最大耗時=51.7ms, 指令數=158
2025-07-19 18:24:04 [INFO] GripperOptimized:process_commands:412 - 收到PGC指令: 代碼=1, 參數1=0, 參數2=0, ID=1
2025-07-19 18:24:04 [INFO] GripperOptimized:process_commands:418 - PGC指令執行成功
2025-07-19 18:24:04 [WARNING] GripperOptimized:fast_loop:492 - 主循環執行時間過長: 36.1ms
2025-07-19 18:24:11 [INFO] GripperOptimized:fast_loop:484 - 性能統計: 循環=472000, 平均耗時=7.1ms, 最大耗時=51.7ms, 指令數=159
2025-07-19 18:24:13 [INFO] GripperOptimized:process_commands:412 - 收到PGC指令: 代碼=3, 參數1=480, 參數2=0, ID=2
2025-07-19 18:24:13 [INFO] GripperOptimized:process_commands:418 - PGC指令執行成功
2025-07-19 18:24:13 [WARNING] GripperOptimized:fast_loop:492 - 主循環執行時間過長: 36.8ms
2025-07-19 18:24:13 [INFO] GripperOptimized:process_commands:412 - 收到PGC指令: 代碼=3, 參數1=300, 參數2=0, ID=3
2025-07-19 18:24:13 [INFO] GripperOptimized:process_commands:418 - PGC指令執行成功
2025-07-19 18:24:13 [WARNING] GripperOptimized:fast_loop:492 - 主循環執行時間過長: 35.1ms
2025-07-19 18:24:24 [INFO] GripperOptimized:process_commands:412 - 收到PGC指令: 代碼=3, 參數1=480, 參數2=0, ID=4
2025-07-19 18:24:24 [INFO] GripperOptimized:process_commands:418 - PGC指令執行成功
2025-07-19 18:24:24 [WARNING] GripperOptimized:fast_loop:492 - 主循環執行時間過長: 35.9ms
2025-07-19 18:24:32 [INFO] GripperOptimized:fast_loop:484 - 性能統計: 循環=473000, 平均耗時=7.2ms, 最大耗時=51.7ms, 指令數=162
2025-07-19 18:24:52 [INFO] GripperOptimized:fast_loop:484 - 性能統計: 循環=474000, 平均耗時=7.2ms, 最大耗時=51.7ms, 指令數=162
2025-07-19 18:25:07 [INFO] GripperOptimized:process_commands:412 - 收到PGC指令: 代碼=1, 參數1=0, 參數2=0, ID=1
2025-07-19 18:25:07 [INFO] GripperOptimized:process_commands:418 - PGC指令執行成功
2025-07-19 18:25:07 [WARNING] GripperOptimized:fast_loop:492 - 主循環執行時間過長: 36.4ms
2025-07-19 18:25:13 [INFO] GripperOptimized:fast_loop:484 - 性能統計: 循環=475000, 平均耗時=7.5ms, 最大耗時=51.7ms, 指令數=163
2025-07-19 18:25:20 [INFO] GripperOptimized:process_commands:412 - 收到PGC指令: 代碼=3, 參數1=420, 參數2=0, ID=42755
2025-07-19 18:25:20 [INFO] GripperOptimized:process_commands:418 - PGC指令執行成功
2025-07-19 18:25:20 [WARNING] GripperOptimized:fast_loop:492 - 主循環執行時間過長: 36.7ms
2025-07-19 18:25:30 [INFO] GripperOptimized:process_commands:412 - 收到PGC指令: 代碼=3, 參數1=480, 參數2=0, ID=2
2025-07-19 18:25:30 [INFO] GripperOptimized:process_commands:418 - PGC指令執行成功
2025-07-19 18:25:30 [WARNING] GripperOptimized:fast_loop:492 - 主循環執行時間過長: 36.7ms
2025-07-19 18:25:31 [INFO] GripperOptimized:process_commands:412 - 收到PGC指令: 代碼=3, 參數1=300, 參數2=0, ID=3
2025-07-19 18:25:31 [INFO] GripperOptimized:process_commands:418 - PGC指令執行成功
2025-07-19 18:25:31 [WARNING] GripperOptimized:fast_loop:492 - 主循環執行時間過長: 35.1ms
2025-07-19 18:25:34 [INFO] GripperOptimized:fast_loop:484 - 性能統計: 循環=476000, 平均耗時=7.5ms, 最大耗時=51.7ms, 指令數=166
2025-07-19 18:25:42 [INFO] GripperOptimized:process_commands:412 - 收到PGC指令: 代碼=3, 參數1=480, 參數2=0, ID=4
2025-07-19 18:25:42 [INFO] GripperOptimized:process_commands:418 - PGC指令執行成功
2025-07-19 18:25:42 [WARNING] GripperOptimized:fast_loop:492 - 主循環執行時間過長: 35.7ms
2025-07-19 18:25:55 [INFO] GripperOptimized:fast_loop:484 - 性能統計: 循環=477000, 平均耗時=7.2ms, 最大耗時=51.7ms, 指令數=167
2025-07-19 18:26:15 [INFO] GripperOptimized:fast_loop:484 - 性能統計: 循環=478000, 平均耗時=7.7ms, 最大耗時=51.7ms, 指令數=167
2025-07-19 18:26:36 [INFO] GripperOptimized:fast_loop:484 - 性能統計: 循環=479000, 平均耗時=7.7ms, 最大耗時=51.7ms, 指令數=167
2025-07-19 18:26:57 [INFO] GripperOptimized:fast_loop:484 - 性能統計: 循環=480000, 平均耗時=7.3ms, 最大耗時=51.7ms, 指令數=167
2025-07-19 18:27:18 [INFO] GripperOptimized:fast_loop:484 - 性能統計: 循環=481000, 平均耗時=7.2ms, 最大耗時=51.7ms, 指令數=167
2025-07-19 18:27:38 [INFO] GripperOptimized:fast_loop:484 - 性能統計: 循環=482000, 平均耗時=7.7ms, 最大耗時=51.7ms, 指令數=167
2025-07-19 18:27:59 [INFO] GripperOptimized:fast_loop:484 - 性能統計: 循環=483000, 平均耗時=7.6ms, 最大耗時=51.7ms, 指令數=167
2025-07-19 18:28:20 [INFO] GripperOptimized:fast_loop:484 - 性能統計: 循環=484000, 平均耗時=7.4ms, 最大耗時=51.7ms, 指令數=167
2025-07-19 18:28:41 [INFO] GripperOptimized:fast_loop:484 - 性能統計: 循環=485000, 平均耗時=7.3ms, 最大耗時=51.7ms, 指令數=167
2025-07-19 18:29:01 [INFO] GripperOptimized:fast_loop:484 - 性能統計: 循環=486000, 平均耗時=7.3ms, 最大耗時=51.7ms, 指令數=167
2025-07-19 18:29:22 [INFO] GripperOptimized:fast_loop:484 - 性能統計: 循環=487000, 平均耗時=7.4ms, 最大耗時=51.7ms, 指令數=167
2025-07-19 18:29:43 [INFO] GripperOptimized:fast_loop:484 - 性能統計: 循環=488000, 平均耗時=7.3ms, 最大耗時=51.7ms, 指令數=167
2025-07-19 18:30:04 [INFO] GripperOptimized:fast_loop:484 - 性能統計: 循環=489000, 平均耗時=7.2ms, 最大耗時=51.7ms, 指令數=167
2025-07-19 18:30:24 [INFO] GripperOptimized:fast_loop:484 - 性能統計: 循環=490000, 平均耗時=7.4ms, 最大耗時=51.7ms, 指令數=167
2025-07-19 18:30:45 [INFO] GripperOptimized:fast_loop:484 - 性能統計: 循環=491000, 平均耗時=7.3ms, 最大耗時=51.7ms, 指令數=167
2025-07-19 18:31:06 [INFO] GripperOptimized:fast_loop:484 - 性能統計: 循環=492000, 平均耗時=7.5ms, 最大耗時=51.7ms, 指令數=167
2025-07-19 18:31:22 [INFO] GripperOptimized:process_commands:412 - 收到PGC指令: 代碼=8, 參數1=0, 參數2=0, ID=11817
2025-07-19 18:31:22 [INFO] GripperOptimized:process_commands:418 - PGC指令執行成功
2025-07-19 18:31:22 [WARNING] GripperOptimized:fast_loop:492 - 主循環執行時間過長: 36.1ms
2025-07-19 18:31:27 [INFO] GripperOptimized:fast_loop:484 - 性能統計: 循環=493000, 平均耗時=7.5ms, 最大耗時=51.7ms, 指令數=168
2025-07-19 18:31:32 [INFO] GripperOptimized:process_commands:412 - 收到PGC指令: 代碼=1, 參數1=0, 參數2=0, ID=1
2025-07-19 18:31:32 [INFO] GripperOptimized:process_commands:418 - PGC指令執行成功
2025-07-19 18:31:32 [WARNING] GripperOptimized:fast_loop:492 - 主循環執行時間過長: 36.4ms
2025-07-19 18:31:47 [INFO] GripperOptimized:fast_loop:484 - 性能統計: 循環=494000, 平均耗時=7.2ms, 最大耗時=51.7ms, 指令數=169
2025-07-19 18:31:50 [INFO] GripperOptimized:process_commands:412 - 收到PGC指令: 代碼=3, 參數1=480, 參數2=0, ID=2
2025-07-19 18:31:50 [INFO] GripperOptimized:process_commands:418 - PGC指令執行成功
2025-07-19 18:31:50 [WARNING] GripperOptimized:fast_loop:492 - 主循環執行時間過長: 36.8ms
2025-07-19 18:31:52 [INFO] GripperOptimized:process_commands:412 - 收到PGC指令: 代碼=3, 參數1=300, 參數2=0, ID=3
2025-07-19 18:31:52 [INFO] GripperOptimized:process_commands:418 - PGC指令執行成功
2025-07-19 18:31:52 [WARNING] GripperOptimized:fast_loop:492 - 主循環執行時間過長: 36.4ms
2025-07-19 18:32:02 [INFO] GripperOptimized:process_commands:412 - 收到PGC指令: 代碼=3, 參數1=480, 參數2=0, ID=4
2025-07-19 18:32:02 [INFO] GripperOptimized:process_commands:418 - PGC指令執行成功
2025-07-19 18:32:03 [WARNING] GripperOptimized:fast_loop:492 - 主循環執行時間過長: 35.5ms
2025-07-19 18:32:08 [INFO] GripperOptimized:fast_loop:484 - 性能統計: 循環=495000, 平均耗時=7.2ms, 最大耗時=51.7ms, 指令數=172
2025-07-19 18:32:29 [INFO] GripperOptimized:fast_loop:484 - 性能統計: 循環=496000, 平均耗時=7.4ms, 最大耗時=51.7ms, 指令數=172
2025-07-19 18:32:50 [INFO] GripperOptimized:fast_loop:484 - 性能統計: 循環=497000, 平均耗時=7.3ms, 最大耗時=51.7ms, 指令數=172
2025-07-19 18:33:10 [INFO] GripperOptimized:fast_loop:484 - 性能統計: 循環=498000, 平均耗時=7.4ms, 最大耗時=51.7ms, 指令數=172
2025-07-19 18:33:26 [INFO] GripperOptimized:process_commands:412 - 收到PGC指令: 代碼=1, 參數1=0, 參數2=0, ID=1
2025-07-19 18:33:26 [INFO] GripperOptimized:process_commands:418 - PGC指令執行成功
2025-07-19 18:33:26 [WARNING] GripperOptimized:fast_loop:492 - 主循環執行時間過長: 35.8ms
2025-07-19 18:33:31 [INFO] GripperOptimized:fast_loop:484 - 性能統計: 循環=499000, 平均耗時=7.4ms, 最大耗時=51.7ms, 指令數=173
2025-07-19 18:33:39 [INFO] GripperOptimized:process_commands:412 - 收到PGC指令: 代碼=3, 參數1=600, 參數2=0, ID=2
2025-07-19 18:33:39 [INFO] GripperOptimized:process_commands:418 - PGC指令執行成功
2025-07-19 18:33:39 [WARNING] GripperOptimized:fast_loop:492 - 主循環執行時間過長: 36.1ms
2025-07-19 18:33:41 [INFO] GripperOptimized:process_commands:412 - 收到PGC指令: 代碼=3, 參數1=300, 參數2=0, ID=3
2025-07-19 18:33:41 [INFO] GripperOptimized:process_commands:418 - PGC指令執行成功
2025-07-19 18:33:41 [WARNING] GripperOptimized:fast_loop:492 - 主循環執行時間過長: 36.6ms
2025-07-19 18:33:52 [INFO] GripperOptimized:process_commands:412 - 收到PGC指令: 代碼=3, 參數1=600, 參數2=0, ID=4
2025-07-19 18:33:52 [INFO] GripperOptimized:process_commands:418 - PGC指令執行成功
2025-07-19 18:33:52 [WARNING] GripperOptimized:fast_loop:492 - 主循環執行時間過長: 36.5ms
2025-07-19 18:33:52 [INFO] GripperOptimized:fast_loop:484 - 性能統計: 循環=500000, 平均耗時=8.8ms, 最大耗時=51.7ms, 指令數=176
2025-07-19 18:34:13 [INFO] GripperOptimized:fast_loop:484 - 性能統計: 循環=501000, 平均耗時=7.7ms, 最大耗時=51.7ms, 指令數=176
2025-07-19 18:34:27 [INFO] GripperOptimized:process_commands:412 - 收到PGC指令: 代碼=1, 參數1=0, 參數2=0, ID=1
2025-07-19 18:34:27 [INFO] GripperOptimized:process_commands:418 - PGC指令執行成功
2025-07-19 18:34:27 [WARNING] GripperOptimized:fast_loop:492 - 主循環執行時間過長: 37.7ms
2025-07-19 18:34:33 [INFO] GripperOptimized:fast_loop:484 - 性能統計: 循環=502000, 平均耗時=7.5ms, 最大耗時=51.7ms, 指令數=177
2025-07-19 18:34:54 [INFO] GripperOptimized:fast_loop:484 - 性能統計: 循環=503000, 平均耗時=7.6ms, 最大耗時=51.7ms, 指令數=177
2025-07-19 18:35:15 [INFO] GripperOptimized:fast_loop:484 - 性能統計: 循環=504000, 平均耗時=7.7ms, 最大耗時=51.7ms, 指令數=177
2025-07-19 18:35:36 [INFO] GripperOptimized:fast_loop:484 - 性能統計: 循環=505000, 平均耗時=7.6ms, 最大耗時=51.7ms, 指令數=177
2025-07-19 18:35:41 [INFO] GripperOptimized:process_commands:412 - 收到PGC指令: 代碼=3, 參數1=600, 參數2=0, ID=2
2025-07-19 18:35:41 [INFO] GripperOptimized:process_commands:418 - PGC指令執行成功
2025-07-19 18:35:41 [WARNING] GripperOptimized:fast_loop:492 - 主循環執行時間過長: 35.9ms
2025-07-19 18:35:42 [INFO] GripperOptimized:process_commands:412 - 收到PGC指令: 代碼=3, 參數1=300, 參數2=0, ID=3
2025-07-19 18:35:42 [INFO] GripperOptimized:process_commands:418 - PGC指令執行成功
2025-07-19 18:35:42 [WARNING] GripperOptimized:fast_loop:492 - 主循環執行時間過長: 36.4ms
2025-07-19 18:35:53 [INFO] GripperOptimized:process_commands:412 - 收到PGC指令: 代碼=3, 參數1=600, 參數2=0, ID=4
2025-07-19 18:35:53 [INFO] GripperOptimized:process_commands:418 - PGC指令執行成功
2025-07-19 18:35:53 [WARNING] GripperOptimized:fast_loop:492 - 主循環執行時間過長: 34.4ms
2025-07-19 18:35:57 [INFO] GripperOptimized:fast_loop:484 - 性能統計: 循環=506000, 平均耗時=7.6ms, 最大耗時=51.7ms, 指令數=180
2025-07-19 18:36:17 [INFO] GripperOptimized:fast_loop:484 - 性能統計: 循環=507000, 平均耗時=7.5ms, 最大耗時=51.7ms, 指令數=180
2025-07-19 18:36:30 [INFO] GripperOptimized:process_commands:412 - 收到PGC指令: 代碼=8, 參數1=0, 參數2=0, ID=57281
2025-07-19 18:36:30 [INFO] GripperOptimized:process_commands:418 - PGC指令執行成功
2025-07-19 18:36:30 [WARNING] GripperOptimized:fast_loop:492 - 主循環執行時間過長: 37.1ms
2025-07-19 18:36:38 [INFO] GripperOptimized:fast_loop:484 - 性能統計: 循環=508000, 平均耗時=7.5ms, 最大耗時=51.7ms, 指令數=181
2025-07-19 18:36:49 [INFO] GripperOptimized:process_commands:412 - 收到PGC指令: 代碼=1, 參數1=0, 參數2=0, ID=1
2025-07-19 18:36:49 [INFO] GripperOptimized:process_commands:418 - PGC指令執行成功
2025-07-19 18:36:49 [WARNING] GripperOptimized:fast_loop:492 - 主循環執行時間過長: 36.1ms
2025-07-19 18:36:59 [INFO] GripperOptimized:fast_loop:484 - 性能統計: 循環=509000, 平均耗時=7.3ms, 最大耗時=51.7ms, 指令數=182
2025-07-19 18:37:20 [INFO] GripperOptimized:fast_loop:484 - 性能統計: 循環=510000, 平均耗時=7.6ms, 最大耗時=51.7ms, 指令數=182
2025-07-19 18:37:30 [INFO] GripperOptimized:process_commands:412 - 收到PGC指令: 代碼=3, 參數1=600, 參數2=0, ID=2
2025-07-19 18:37:30 [INFO] GripperOptimized:process_commands:418 - PGC指令執行成功
2025-07-19 18:37:30 [WARNING] GripperOptimized:fast_loop:492 - 主循環執行時間過長: 35.0ms
2025-07-19 18:37:32 [INFO] GripperOptimized:process_commands:412 - 收到PGC指令: 代碼=3, 參數1=300, 參數2=0, ID=3
2025-07-19 18:37:32 [INFO] GripperOptimized:process_commands:418 - PGC指令執行成功
2025-07-19 18:37:32 [WARNING] GripperOptimized:fast_loop:492 - 主循環執行時間過長: 44.0ms
2025-07-19 18:37:40 [INFO] GripperOptimized:fast_loop:484 - 性能統計: 循環=511000, 平均耗時=7.2ms, 最大耗時=51.7ms, 指令數=184
2025-07-19 18:37:43 [INFO] GripperOptimized:process_commands:412 - 收到PGC指令: 代碼=3, 參數1=600, 參數2=0, ID=4
2025-07-19 18:37:43 [INFO] GripperOptimized:process_commands:418 - PGC指令執行成功
2025-07-19 18:37:43 [WARNING] GripperOptimized:fast_loop:492 - 主循環執行時間過長: 36.7ms
2025-07-19 18:38:01 [INFO] GripperOptimized:fast_loop:484 - 性能統計: 循環=512000, 平均耗時=7.5ms, 最大耗時=51.7ms, 指令數=185
2025-07-19 18:38:22 [INFO] GripperOptimized:fast_loop:484 - 性能統計: 循環=513000, 平均耗時=7.7ms, 最大耗時=51.7ms, 指令數=185
2025-07-19 18:38:43 [INFO] GripperOptimized:fast_loop:484 - 性能統計: 循環=514000, 平均耗時=7.2ms, 最大耗時=51.7ms, 指令數=185
2025-07-19 18:38:57 [INFO] GripperOptimized:process_commands:412 - 收到PGC指令: 代碼=1, 參數1=0, 參數2=0, ID=1
2025-07-19 18:38:57 [INFO] GripperOptimized:process_commands:418 - PGC指令執行成功
2025-07-19 18:38:57 [WARNING] GripperOptimized:fast_loop:492 - 主循環執行時間過長: 35.7ms
2025-07-19 18:39:03 [INFO] GripperOptimized:fast_loop:484 - 性能統計: 循環=515000, 平均耗時=7.4ms, 最大耗時=51.7ms, 指令數=186
2025-07-19 18:39:10 [INFO] GripperOptimized:process_commands:412 - 收到PGC指令: 代碼=3, 參數1=600, 參數2=0, ID=2
2025-07-19 18:39:10 [INFO] GripperOptimized:process_commands:418 - PGC指令執行成功
2025-07-19 18:39:10 [WARNING] GripperOptimized:fast_loop:492 - 主循環執行時間過長: 35.8ms
2025-07-19 18:39:13 [INFO] GripperOptimized:process_commands:412 - 收到PGC指令: 代碼=3, 參數1=300, 參數2=0, ID=3
2025-07-19 18:39:13 [INFO] GripperOptimized:process_commands:418 - PGC指令執行成功
2025-07-19 18:39:13 [WARNING] GripperOptimized:fast_loop:492 - 主循環執行時間過長: 43.0ms
2025-07-19 18:39:14 [INFO] GripperOptimized:process_commands:412 - 收到PGC指令: 代碼=3, 參數1=600, 參數2=0, ID=4
2025-07-19 18:39:14 [INFO] GripperOptimized:process_commands:418 - PGC指令執行成功
2025-07-19 18:39:14 [WARNING] GripperOptimized:fast_loop:492 - 主循環執行時間過長: 36.4ms
2025-07-19 18:39:24 [INFO] GripperOptimized:fast_loop:484 - 性能統計: 循環=516000, 平均耗時=7.2ms, 最大耗時=51.7ms, 指令數=189
2025-07-19 18:39:45 [INFO] GripperOptimized:fast_loop:484 - 性能統計: 循環=517000, 平均耗時=7.1ms, 最大耗時=51.7ms, 指令數=189
2025-07-19 18:40:06 [INFO] GripperOptimized:fast_loop:484 - 性能統計: 循環=518000, 平均耗時=7.5ms, 最大耗時=51.7ms, 指令數=189
2025-07-19 18:40:17 [INFO] GripperOptimized:process_commands:412 - 收到PGC指令: 代碼=8, 參數1=0, 參數2=0, ID=22616
2025-07-19 18:40:17 [INFO] GripperOptimized:process_commands:418 - PGC指令執行成功
2025-07-19 18:40:17 [WARNING] GripperOptimized:fast_loop:492 - 主循環執行時間過長: 42.6ms
2025-07-19 18:40:26 [INFO] GripperOptimized:fast_loop:484 - 性能統計: 循環=519000, 平均耗時=7.6ms, 最大耗時=51.7ms, 指令數=190
2025-07-19 18:40:31 [INFO] GripperOptimized:process_commands:412 - 收到PGC指令: 代碼=1, 參數1=0, 參數2=0, ID=1
2025-07-19 18:40:31 [INFO] GripperOptimized:process_commands:418 - PGC指令執行成功
2025-07-19 18:40:31 [WARNING] GripperOptimized:fast_loop:492 - 主循環執行時間過長: 43.6ms
2025-07-19 18:40:40 [INFO] GripperOptimized:process_commands:412 - 收到PGC指令: 代碼=3, 參數1=600, 參數2=0, ID=2
2025-07-19 18:40:40 [INFO] GripperOptimized:process_commands:418 - PGC指令執行成功
2025-07-19 18:40:40 [WARNING] GripperOptimized:fast_loop:492 - 主循環執行時間過長: 36.9ms
2025-07-19 18:40:43 [INFO] GripperOptimized:process_commands:412 - 收到PGC指令: 代碼=3, 參數1=300, 參數2=0, ID=3
2025-07-19 18:40:43 [INFO] GripperOptimized:process_commands:418 - PGC指令執行成功
2025-07-19 18:40:43 [WARNING] GripperOptimized:fast_loop:492 - 主循環執行時間過長: 35.9ms
2025-07-19 18:40:45 [INFO] GripperOptimized:process_commands:412 - 收到PGC指令: 代碼=3, 參數1=600, 參數2=0, ID=4
2025-07-19 18:40:45 [INFO] GripperOptimized:process_commands:418 - PGC指令執行成功
2025-07-19 18:40:45 [WARNING] GripperOptimized:fast_loop:492 - 主循環執行時間過長: 35.2ms
2025-07-19 18:40:47 [INFO] GripperOptimized:fast_loop:484 - 性能統計: 循環=520000, 平均耗時=7.3ms, 最大耗時=51.7ms, 指令數=194
2025-07-19 18:40:52 [INFO] GripperOptimized:process_commands:412 - 收到PGC指令: 代碼=3, 參數1=300, 參數2=0, ID=5
2025-07-19 18:40:52 [INFO] GripperOptimized:process_commands:418 - PGC指令執行成功
2025-07-19 18:40:52 [WARNING] GripperOptimized:fast_loop:492 - 主循環執行時間過長: 35.5ms
2025-07-19 18:40:58 [INFO] GripperOptimized:process_commands:412 - 收到PGC指令: 代碼=3, 參數1=600, 參數2=0, ID=6
2025-07-19 18:40:58 [INFO] GripperOptimized:process_commands:418 - PGC指令執行成功
2025-07-19 18:40:58 [WARNING] GripperOptimized:fast_loop:492 - 主循環執行時間過長: 37.1ms
2025-07-19 18:41:01 [INFO] GripperOptimized:process_commands:412 - 收到PGC指令: 代碼=3, 參數1=300, 參數2=0, ID=7
2025-07-19 18:41:01 [INFO] GripperOptimized:process_commands:418 - PGC指令執行成功
2025-07-19 18:41:01 [WARNING] GripperOptimized:fast_loop:492 - 主循環執行時間過長: 36.5ms
2025-07-19 18:41:02 [INFO] GripperOptimized:process_commands:412 - 收到PGC指令: 代碼=3, 參數1=600, 參數2=0, ID=8
2025-07-19 18:41:02 [INFO] GripperOptimized:process_commands:418 - PGC指令執行成功
2025-07-19 18:41:02 [WARNING] GripperOptimized:fast_loop:492 - 主循環執行時間過長: 35.4ms
2025-07-19 18:41:08 [INFO] GripperOptimized:fast_loop:484 - 性能統計: 循環=521000, 平均耗時=7.4ms, 最大耗時=51.7ms, 指令數=198
2025-07-19 18:41:18 [INFO] GripperOptimized:process_commands:412 - 收到PGC指令: 代碼=3, 參數1=300, 參數2=0, ID=9
2025-07-19 18:41:18 [INFO] GripperOptimized:process_commands:418 - PGC指令執行成功
2025-07-19 18:41:18 [WARNING] GripperOptimized:fast_loop:492 - 主循環執行時間過長: 36.3ms
2025-07-19 18:41:24 [INFO] GripperOptimized:process_commands:412 - 收到PGC指令: 代碼=3, 參數1=600, 參數2=0, ID=10
2025-07-19 18:41:24 [INFO] GripperOptimized:process_commands:418 - PGC指令執行成功
2025-07-19 18:41:24 [WARNING] GripperOptimized:fast_loop:492 - 主循環執行時間過長: 35.2ms
2025-07-19 18:41:27 [INFO] GripperOptimized:process_commands:412 - 收到PGC指令: 代碼=3, 參數1=300, 參數2=0, ID=11
2025-07-19 18:41:27 [INFO] GripperOptimized:process_commands:418 - PGC指令執行成功
2025-07-19 18:41:27 [WARNING] GripperOptimized:fast_loop:492 - 主循環執行時間過長: 33.4ms
2025-07-19 18:41:28 [INFO] GripperOptimized:process_commands:412 - 收到PGC指令: 代碼=3, 參數1=600, 參數2=0, ID=12
2025-07-19 18:41:28 [INFO] GripperOptimized:process_commands:418 - PGC指令執行成功
2025-07-19 18:41:28 [WARNING] GripperOptimized:fast_loop:492 - 主循環執行時間過長: 36.2ms
2025-07-19 18:41:29 [INFO] GripperOptimized:fast_loop:484 - 性能統計: 循環=522000, 平均耗時=7.2ms, 最大耗時=51.7ms, 指令數=202
2025-07-19 18:41:49 [INFO] GripperOptimized:fast_loop:484 - 性能統計: 循環=523000, 平均耗時=7.3ms, 最大耗時=51.7ms, 指令數=202
2025-07-19 18:42:10 [INFO] GripperOptimized:fast_loop:484 - 性能統計: 循環=524000, 平均耗時=7.3ms, 最大耗時=51.7ms, 指令數=202
2025-07-19 18:42:14 [INFO] GripperOptimized:process_commands:412 - 收到PGC指令: 代碼=3, 參數1=300, 參數2=0, ID=13
2025-07-19 18:42:14 [INFO] GripperOptimized:process_commands:418 - PGC指令執行成功
2025-07-19 18:42:14 [WARNING] GripperOptimized:fast_loop:492 - 主循環執行時間過長: 34.3ms
2025-07-19 18:42:20 [INFO] GripperOptimized:process_commands:412 - 收到PGC指令: 代碼=3, 參數1=600, 參數2=0, ID=14
2025-07-19 18:42:20 [INFO] GripperOptimized:process_commands:418 - PGC指令執行成功
2025-07-19 18:42:20 [WARNING] GripperOptimized:fast_loop:492 - 主循環執行時間過長: 37.0ms
2025-07-19 18:42:23 [INFO] GripperOptimized:process_commands:412 - 收到PGC指令: 代碼=3, 參數1=300, 參數2=0, ID=15
2025-07-19 18:42:23 [INFO] GripperOptimized:process_commands:418 - PGC指令執行成功
2025-07-19 18:42:23 [WARNING] GripperOptimized:fast_loop:492 - 主循環執行時間過長: 35.0ms
2025-07-19 18:42:24 [INFO] GripperOptimized:process_commands:412 - 收到PGC指令: 代碼=3, 參數1=600, 參數2=0, ID=16
2025-07-19 18:42:24 [INFO] GripperOptimized:process_commands:418 - PGC指令執行成功
2025-07-19 18:42:24 [WARNING] GripperOptimized:fast_loop:492 - 主循環執行時間過長: 35.1ms
2025-07-19 18:42:31 [INFO] GripperOptimized:fast_loop:484 - 性能統計: 循環=525000, 平均耗時=7.4ms, 最大耗時=51.7ms, 指令數=206
2025-07-19 18:42:52 [INFO] GripperOptimized:fast_loop:484 - 性能統計: 循環=526000, 平均耗時=7.1ms, 最大耗時=51.7ms, 指令數=206
2025-07-19 18:43:12 [INFO] GripperOptimized:fast_loop:484 - 性能統計: 循環=527000, 平均耗時=7.3ms, 最大耗時=51.7ms, 指令數=206
2025-07-19 18:43:33 [INFO] GripperOptimized:fast_loop:484 - 性能統計: 循環=528000, 平均耗時=7.5ms, 最大耗時=51.7ms, 指令數=206
2025-07-19 18:43:54 [INFO] GripperOptimized:fast_loop:484 - 性能統計: 循環=529000, 平均耗時=7.4ms, 最大耗時=51.7ms, 指令數=206
2025-07-19 18:44:15 [INFO] GripperOptimized:fast_loop:484 - 性能統計: 循環=530000, 平均耗時=7.4ms, 最大耗時=51.7ms, 指令數=206
2025-07-19 18:44:35 [INFO] GripperOptimized:fast_loop:484 - 性能統計: 循環=531000, 平均耗時=7.1ms, 最大耗時=51.7ms, 指令數=206
2025-07-19 18:44:56 [INFO] GripperOptimized:fast_loop:484 - 性能統計: 循環=532000, 平均耗時=7.2ms, 最大耗時=51.7ms, 指令數=206
2025-07-19 18:45:17 [INFO] GripperOptimized:fast_loop:484 - 性能統計: 循環=533000, 平均耗時=7.2ms, 最大耗時=51.7ms, 指令數=206
2025-07-19 18:45:38 [INFO] GripperOptimized:fast_loop:484 - 性能統計: 循環=534000, 平均耗時=7.1ms, 最大耗時=51.7ms, 指令數=206
2025-07-19 18:45:58 [INFO] GripperOptimized:fast_loop:484 - 性能統計: 循環=535000, 平均耗時=7.4ms, 最大耗時=51.7ms, 指令數=206
2025-07-19 18:46:19 [INFO] GripperOptimized:fast_loop:484 - 性能統計: 循環=536000, 平均耗時=7.3ms, 最大耗時=51.7ms, 指令數=206
2025-07-19 18:46:40 [INFO] GripperOptimized:fast_loop:484 - 性能統計: 循環=537000, 平均耗時=7.3ms, 最大耗時=51.7ms, 指令數=206
2025-07-19 18:47:01 [INFO] GripperOptimized:fast_loop:484 - 性能統計: 循環=538000, 平均耗時=7.5ms, 最大耗時=51.7ms, 指令數=206
2025-07-19 18:47:21 [INFO] GripperOptimized:fast_loop:484 - 性能統計: 循環=539000, 平均耗時=7.4ms, 最大耗時=51.7ms, 指令數=206
2025-07-19 18:47:42 [INFO] GripperOptimized:fast_loop:484 - 性能統計: 循環=540000, 平均耗時=7.4ms, 最大耗時=51.7ms, 指令數=206
2025-07-19 18:48:03 [INFO] GripperOptimized:fast_loop:484 - 性能統計: 循環=541000, 平均耗時=7.3ms, 最大耗時=51.7ms, 指令數=206
2025-07-19 18:48:24 [INFO] GripperOptimized:fast_loop:484 - 性能統計: 循環=542000, 平均耗時=7.0ms, 最大耗時=51.7ms, 指令數=206
2025-07-19 18:48:44 [INFO] GripperOptimized:fast_loop:484 - 性能統計: 循環=543000, 平均耗時=7.2ms, 最大耗時=51.7ms, 指令數=206
2025-07-19 18:49:05 [INFO] GripperOptimized:fast_loop:484 - 性能統計: 循環=544000, 平均耗時=7.1ms, 最大耗時=51.7ms, 指令數=206
2025-07-19 18:49:26 [INFO] GripperOptimized:fast_loop:484 - 性能統計: 循環=545000, 平均耗時=7.3ms, 最大耗時=51.7ms, 指令數=206
2025-07-19 18:49:47 [INFO] GripperOptimized:fast_loop:484 - 性能統計: 循環=546000, 平均耗時=7.4ms, 最大耗時=51.7ms, 指令數=206
2025-07-19 18:50:07 [INFO] GripperOptimized:fast_loop:484 - 性能統計: 循環=547000, 平均耗時=7.1ms, 最大耗時=51.7ms, 指令數=206
2025-07-19 18:50:28 [INFO] GripperOptimized:fast_loop:484 - 性能統計: 循環=548000, 平均耗時=7.3ms, 最大耗時=51.7ms, 指令數=206
2025-07-19 18:50:49 [INFO] GripperOptimized:fast_loop:484 - 性能統計: 循環=549000, 平均耗時=7.5ms, 最大耗時=51.7ms, 指令數=206
2025-07-19 18:51:10 [INFO] GripperOptimized:fast_loop:484 - 性能統計: 循環=550000, 平均耗時=7.4ms, 最大耗時=51.7ms, 指令數=206
2025-07-19 18:51:30 [INFO] GripperOptimized:fast_loop:484 - 性能統計: 循環=551000, 平均耗時=7.2ms, 最大耗時=51.7ms, 指令數=206
2025-07-19 18:51:51 [INFO] GripperOptimized:fast_loop:484 - 性能統計: 循環=552000, 平均耗時=7.4ms, 最大耗時=51.7ms, 指令數=206
2025-07-19 18:52:12 [INFO] GripperOptimized:fast_loop:484 - 性能統計: 循環=553000, 平均耗時=7.5ms, 最大耗時=51.7ms, 指令數=206
2025-07-19 18:52:32 [INFO] GripperOptimized:fast_loop:484 - 性能統計: 循環=554000, 平均耗時=7.4ms, 最大耗時=51.7ms, 指令數=206
2025-07-19 18:52:53 [INFO] GripperOptimized:fast_loop:484 - 性能統計: 循環=555000, 平均耗時=7.4ms, 最大耗時=51.7ms, 指令數=206
2025-07-19 18:53:14 [INFO] GripperOptimized:fast_loop:484 - 性能統計: 循環=556000, 平均耗時=7.3ms, 最大耗時=51.7ms, 指令數=206
2025-07-19 18:53:35 [INFO] GripperOptimized:fast_loop:484 - 性能統計: 循環=557000, 平均耗時=7.4ms, 最大耗時=51.7ms, 指令數=206
2025-07-19 18:53:55 [INFO] GripperOptimized:fast_loop:484 - 性能統計: 循環=558000, 平均耗時=7.6ms, 最大耗時=51.7ms, 指令數=206
2025-07-19 18:54:16 [INFO] GripperOptimized:fast_loop:484 - 性能統計: 循環=559000, 平均耗時=7.3ms, 最大耗時=51.7ms, 指令數=206
2025-07-19 18:54:37 [INFO] GripperOptimized:fast_loop:484 - 性能統計: 循環=560000, 平均耗時=7.3ms, 最大耗時=51.7ms, 指令數=206
2025-07-19 18:54:58 [INFO] GripperOptimized:fast_loop:484 - 性能統計: 循環=561000, 平均耗時=7.4ms, 最大耗時=51.7ms, 指令數=206
2025-07-19 18:55:18 [INFO] GripperOptimized:fast_loop:484 - 性能統計: 循環=562000, 平均耗時=7.5ms, 最大耗時=51.7ms, 指令數=206
2025-07-19 18:55:39 [INFO] GripperOptimized:fast_loop:484 - 性能統計: 循環=563000, 平均耗時=7.3ms, 最大耗時=51.7ms, 指令數=206
2025-07-19 18:56:00 [INFO] GripperOptimized:fast_loop:484 - 性能統計: 循環=564000, 平均耗時=7.4ms, 最大耗時=51.7ms, 指令數=206
2025-07-19 18:56:21 [INFO] GripperOptimized:fast_loop:484 - 性能統計: 循環=565000, 平均耗時=7.5ms, 最大耗時=51.7ms, 指令數=206
2025-07-19 18:56:41 [INFO] GripperOptimized:fast_loop:484 - 性能統計: 循環=566000, 平均耗時=7.5ms, 最大耗時=51.7ms, 指令數=206
2025-07-19 18:57:02 [INFO] GripperOptimized:fast_loop:484 - 性能統計: 循環=567000, 平均耗時=7.4ms, 最大耗時=51.7ms, 指令數=206
2025-07-19 18:57:23 [INFO] GripperOptimized:fast_loop:484 - 性能統計: 循環=568000, 平均耗時=7.4ms, 最大耗時=51.7ms, 指令數=206
2025-07-19 18:57:44 [INFO] GripperOptimized:fast_loop:484 - 性能統計: 循環=569000, 平均耗時=7.2ms, 最大耗時=51.7ms, 指令數=206
2025-07-19 18:58:04 [INFO] GripperOptimized:fast_loop:484 - 性能統計: 循環=570000, 平均耗時=7.5ms, 最大耗時=51.7ms, 指令數=206
2025-07-19 18:58:25 [INFO] GripperOptimized:fast_loop:484 - 性能統計: 循環=571000, 平均耗時=7.5ms, 最大耗時=51.7ms, 指令數=206
2025-07-19 18:58:46 [INFO] GripperOptimized:fast_loop:484 - 性能統計: 循環=572000, 平均耗時=7.1ms, 最大耗時=51.7ms, 指令數=206
2025-07-19 18:59:06 [INFO] GripperOptimized:fast_loop:484 - 性能統計: 循環=573000, 平均耗時=7.4ms, 最大耗時=51.7ms, 指令數=206
2025-07-19 18:59:27 [INFO] GripperOptimized:fast_loop:484 - 性能統計: 循環=574000, 平均耗時=7.4ms, 最大耗時=51.7ms, 指令數=206
2025-07-19 18:59:48 [INFO] GripperOptimized:fast_loop:484 - 性能統計: 循環=575000, 平均耗時=7.5ms, 最大耗時=51.7ms, 指令數=206
2025-07-19 19:00:09 [INFO] GripperOptimized:fast_loop:484 - 性能統計: 循環=576000, 平均耗時=7.5ms, 最大耗時=51.7ms, 指令數=206
2025-07-19 19:00:29 [INFO] GripperOptimized:fast_loop:484 - 性能統計: 循環=577000, 平均耗時=7.4ms, 最大耗時=51.7ms, 指令數=206
2025-07-19 19:00:50 [INFO] GripperOptimized:fast_loop:484 - 性能統計: 循環=578000, 平均耗時=7.2ms, 最大耗時=51.7ms, 指令數=206
2025-07-19 19:01:11 [INFO] GripperOptimized:fast_loop:484 - 性能統計: 循環=579000, 平均耗時=7.5ms, 最大耗時=51.7ms, 指令數=206
2025-07-19 19:01:32 [INFO] GripperOptimized:fast_loop:484 - 性能統計: 循環=580000, 平均耗時=7.3ms, 最大耗時=51.7ms, 指令數=206
2025-07-19 19:01:52 [INFO] GripperOptimized:fast_loop:484 - 性能統計: 循環=581000, 平均耗時=7.3ms, 最大耗時=51.7ms, 指令數=206
2025-07-19 19:02:13 [INFO] GripperOptimized:fast_loop:484 - 性能統計: 循環=582000, 平均耗時=7.4ms, 最大耗時=51.7ms, 指令數=206
2025-07-19 19:02:34 [INFO] GripperOptimized:fast_loop:484 - 性能統計: 循環=583000, 平均耗時=7.4ms, 最大耗時=51.7ms, 指令數=206
2025-07-19 19:02:55 [INFO] GripperOptimized:fast_loop:484 - 性能統計: 循環=584000, 平均耗時=7.3ms, 最大耗時=51.7ms, 指令數=206
2025-07-19 19:03:15 [INFO] GripperOptimized:fast_loop:484 - 性能統計: 循環=585000, 平均耗時=7.3ms, 最大耗時=51.7ms, 指令數=206
2025-07-19 19:03:36 [INFO] GripperOptimized:fast_loop:484 - 性能統計: 循環=586000, 平均耗時=7.5ms, 最大耗時=51.7ms, 指令數=206
2025-07-19 19:03:57 [INFO] GripperOptimized:fast_loop:484 - 性能統計: 循環=587000, 平均耗時=7.5ms, 最大耗時=51.7ms, 指令數=206
2025-07-19 19:04:18 [INFO] GripperOptimized:fast_loop:484 - 性能統計: 循環=588000, 平均耗時=7.2ms, 最大耗時=51.7ms, 指令數=206
2025-07-19 19:04:38 [INFO] GripperOptimized:fast_loop:484 - 性能統計: 循環=589000, 平均耗時=7.4ms, 最大耗時=51.7ms, 指令數=206
2025-07-19 19:04:59 [INFO] GripperOptimized:fast_loop:484 - 性能統計: 循環=590000, 平均耗時=7.3ms, 最大耗時=51.7ms, 指令數=206
2025-07-19 19:05:20 [INFO] GripperOptimized:fast_loop:484 - 性能統計: 循環=591000, 平均耗時=7.2ms, 最大耗時=51.7ms, 指令數=206
2025-07-19 19:05:41 [INFO] GripperOptimized:fast_loop:484 - 性能統計: 循環=592000, 平均耗時=7.4ms, 最大耗時=51.7ms, 指令數=206
2025-07-19 19:06:01 [INFO] GripperOptimized:fast_loop:484 - 性能統計: 循環=593000, 平均耗時=7.5ms, 最大耗時=51.7ms, 指令數=206
2025-07-19 19:06:22 [INFO] GripperOptimized:fast_loop:484 - 性能統計: 循環=594000, 平均耗時=7.4ms, 最大耗時=51.7ms, 指令數=206
2025-07-19 19:06:43 [INFO] GripperOptimized:fast_loop:484 - 性能統計: 循環=595000, 平均耗時=7.2ms, 最大耗時=51.7ms, 指令數=206
2025-07-19 19:07:04 [INFO] GripperOptimized:fast_loop:484 - 性能統計: 循環=596000, 平均耗時=7.3ms, 最大耗時=51.7ms, 指令數=206
2025-07-19 19:07:24 [INFO] GripperOptimized:fast_loop:484 - 性能統計: 循環=597000, 平均耗時=7.6ms, 最大耗時=51.7ms, 指令數=206
2025-07-19 19:07:45 [INFO] GripperOptimized:fast_loop:484 - 性能統計: 循環=598000, 平均耗時=7.4ms, 最大耗時=51.7ms, 指令數=206
2025-07-19 19:08:06 [INFO] GripperOptimized:fast_loop:484 - 性能統計: 循環=599000, 平均耗時=7.4ms, 最大耗時=51.7ms, 指令數=206
2025-07-19 19:08:27 [INFO] GripperOptimized:fast_loop:484 - 性能統計: 循環=600000, 平均耗時=7.1ms, 最大耗時=51.7ms, 指令數=206
2025-07-19 19:08:47 [INFO] GripperOptimized:fast_loop:484 - 性能統計: 循環=601000, 平均耗時=7.4ms, 最大耗時=51.7ms, 指令數=206
2025-07-19 19:09:08 [INFO] GripperOptimized:fast_loop:484 - 性能統計: 循環=602000, 平均耗時=7.2ms, 最大耗時=51.7ms, 指令數=206
2025-07-19 19:09:29 [INFO] GripperOptimized:fast_loop:484 - 性能統計: 循環=603000, 平均耗時=7.5ms, 最大耗時=51.7ms, 指令數=206
2025-07-19 19:09:49 [INFO] GripperOptimized:fast_loop:484 - 性能統計: 循環=604000, 平均耗時=7.2ms, 最大耗時=51.7ms, 指令數=206
2025-07-19 19:10:10 [INFO] GripperOptimized:fast_loop:484 - 性能統計: 循環=605000, 平均耗時=7.4ms, 最大耗時=51.7ms, 指令數=206
2025-07-19 19:10:31 [INFO] GripperOptimized:fast_loop:484 - 性能統計: 循環=606000, 平均耗時=7.6ms, 最大耗時=51.7ms, 指令數=206
2025-07-19 19:10:52 [INFO] GripperOptimized:fast_loop:484 - 性能統計: 循環=607000, 平均耗時=7.4ms, 最大耗時=51.7ms, 指令數=206
2025-07-19 19:11:12 [INFO] GripperOptimized:fast_loop:484 - 性能統計: 循環=608000, 平均耗時=7.5ms, 最大耗時=51.7ms, 指令數=206
2025-07-19 19:11:33 [INFO] GripperOptimized:fast_loop:484 - 性能統計: 循環=609000, 平均耗時=7.4ms, 最大耗時=51.7ms, 指令數=206
2025-07-19 19:11:54 [INFO] GripperOptimized:fast_loop:484 - 性能統計: 循環=610000, 平均耗時=7.7ms, 最大耗時=51.7ms, 指令數=206
2025-07-19 19:12:15 [INFO] GripperOptimized:fast_loop:484 - 性能統計: 循環=611000, 平均耗時=7.5ms, 最大耗時=51.7ms, 指令數=206
2025-07-19 19:12:35 [INFO] GripperOptimized:fast_loop:484 - 性能統計: 循環=612000, 平均耗時=7.0ms, 最大耗時=51.7ms, 指令數=206
2025-07-19 19:12:56 [INFO] GripperOptimized:fast_loop:484 - 性能統計: 循環=613000, 平均耗時=7.3ms, 最大耗時=51.7ms, 指令數=206
2025-07-19 19:13:17 [INFO] GripperOptimized:fast_loop:484 - 性能統計: 循環=614000, 平均耗時=7.2ms, 最大耗時=51.7ms, 指令數=206
2025-07-19 19:13:38 [INFO] GripperOptimized:fast_loop:484 - 性能統計: 循環=615000, 平均耗時=7.4ms, 最大耗時=51.7ms, 指令數=206
2025-07-19 19:13:58 [INFO] GripperOptimized:fast_loop:484 - 性能統計: 循環=616000, 平均耗時=7.4ms, 最大耗時=51.7ms, 指令數=206
2025-07-19 19:14:19 [INFO] GripperOptimized:fast_loop:484 - 性能統計: 循環=617000, 平均耗時=7.1ms, 最大耗時=51.7ms, 指令數=206
2025-07-19 19:14:40 [INFO] GripperOptimized:fast_loop:484 - 性能統計: 循環=618000, 平均耗時=7.4ms, 最大耗時=51.7ms, 指令數=206
2025-07-19 19:15:01 [INFO] GripperOptimized:fast_loop:484 - 性能統計: 循環=619000, 平均耗時=7.3ms, 最大耗時=51.7ms, 指令數=206
2025-07-19 19:15:21 [INFO] GripperOptimized:fast_loop:484 - 性能統計: 循環=620000, 平均耗時=7.4ms, 最大耗時=51.7ms, 指令數=206
2025-07-19 19:15:42 [INFO] GripperOptimized:fast_loop:484 - 性能統計: 循環=621000, 平均耗時=7.4ms, 最大耗時=51.7ms, 指令數=206
2025-07-19 19:16:03 [INFO] GripperOptimized:fast_loop:484 - 性能統計: 循環=622000, 平均耗時=7.3ms, 最大耗時=51.7ms, 指令數=206
2025-07-19 19:16:24 [INFO] GripperOptimized:fast_loop:484 - 性能統計: 循環=623000, 平均耗時=7.4ms, 最大耗時=51.7ms, 指令數=206
2025-07-19 19:16:44 [INFO] GripperOptimized:fast_loop:484 - 性能統計: 循環=624000, 平均耗時=7.5ms, 最大耗時=51.7ms, 指令數=206
2025-07-19 19:17:05 [INFO] GripperOptimized:fast_loop:484 - 性能統計: 循環=625000, 平均耗時=7.2ms, 最大耗時=51.7ms, 指令數=206
2025-07-19 19:17:26 [INFO] GripperOptimized:fast_loop:484 - 性能統計: 循環=626000, 平均耗時=7.4ms, 最大耗時=51.7ms, 指令數=206
2025-07-19 19:17:46 [INFO] GripperOptimized:fast_loop:484 - 性能統計: 循環=627000, 平均耗時=7.2ms, 最大耗時=51.7ms, 指令數=206
2025-07-19 19:18:07 [INFO] GripperOptimized:fast_loop:484 - 性能統計: 循環=628000, 平均耗時=7.4ms, 最大耗時=51.7ms, 指令數=206
2025-07-19 19:18:28 [INFO] GripperOptimized:fast_loop:484 - 性能統計: 循環=629000, 平均耗時=7.5ms, 最大耗時=51.7ms, 指令數=206
2025-07-19 19:18:49 [INFO] GripperOptimized:fast_loop:484 - 性能統計: 循環=630000, 平均耗時=7.3ms, 最大耗時=51.7ms, 指令數=206
2025-07-19 19:19:09 [INFO] GripperOptimized:fast_loop:484 - 性能統計: 循環=631000, 平均耗時=7.3ms, 最大耗時=51.7ms, 指令數=206
2025-07-19 19:19:30 [INFO] GripperOptimized:fast_loop:484 - 性能統計: 循環=632000, 平均耗時=7.4ms, 最大耗時=51.7ms, 指令數=206
2025-07-19 19:19:51 [INFO] GripperOptimized:fast_loop:484 - 性能統計: 循環=633000, 平均耗時=7.5ms, 最大耗時=51.7ms, 指令數=206
2025-07-19 19:20:12 [INFO] GripperOptimized:fast_loop:484 - 性能統計: 循環=634000, 平均耗時=7.0ms, 最大耗時=51.7ms, 指令數=206
2025-07-19 19:20:32 [INFO] GripperOptimized:fast_loop:484 - 性能統計: 循環=635000, 平均耗時=7.6ms, 最大耗時=51.7ms, 指令數=206
2025-07-19 19:20:53 [INFO] GripperOptimized:fast_loop:484 - 性能統計: 循環=636000, 平均耗時=7.3ms, 最大耗時=51.7ms, 指令數=206
2025-07-19 19:21:14 [INFO] GripperOptimized:fast_loop:484 - 性能統計: 循環=637000, 平均耗時=7.3ms, 最大耗時=51.7ms, 指令數=206
2025-07-19 19:21:35 [INFO] GripperOptimized:fast_loop:484 - 性能統計: 循環=638000, 平均耗時=7.4ms, 最大耗時=51.7ms, 指令數=206
2025-07-19 19:21:55 [INFO] GripperOptimized:fast_loop:484 - 性能統計: 循環=639000, 平均耗時=7.3ms, 最大耗時=51.7ms, 指令數=206
2025-07-19 19:22:16 [INFO] GripperOptimized:fast_loop:484 - 性能統計: 循環=640000, 平均耗時=7.5ms, 最大耗時=51.7ms, 指令數=206
2025-07-19 19:22:37 [INFO] GripperOptimized:fast_loop:484 - 性能統計: 循環=641000, 平均耗時=7.3ms, 最大耗時=51.7ms, 指令數=206
2025-07-19 19:22:58 [INFO] GripperOptimized:fast_loop:484 - 性能統計: 循環=642000, 平均耗時=7.2ms, 最大耗時=51.7ms, 指令數=206
2025-07-19 19:23:18 [INFO] GripperOptimized:fast_loop:484 - 性能統計: 循環=643000, 平均耗時=7.6ms, 最大耗時=51.7ms, 指令數=206
2025-07-19 19:23:39 [INFO] GripperOptimized:fast_loop:484 - 性能統計: 循環=644000, 平均耗時=7.2ms, 最大耗時=51.7ms, 指令數=206
2025-07-19 19:24:00 [INFO] GripperOptimized:fast_loop:484 - 性能統計: 循環=645000, 平均耗時=7.1ms, 最大耗時=51.7ms, 指令數=206
2025-07-19 19:24:21 [INFO] GripperOptimized:fast_loop:484 - 性能統計: 循環=646000, 平均耗時=7.2ms, 最大耗時=51.7ms, 指令數=206
2025-07-19 19:24:41 [INFO] GripperOptimized:fast_loop:484 - 性能統計: 循環=647000, 平均耗時=7.3ms, 最大耗時=51.7ms, 指令數=206
2025-07-19 19:25:02 [INFO] GripperOptimized:fast_loop:484 - 性能統計: 循環=648000, 平均耗時=7.3ms, 最大耗時=51.7ms, 指令數=206
2025-07-19 19:25:23 [INFO] GripperOptimized:fast_loop:484 - 性能統計: 循環=649000, 平均耗時=7.4ms, 最大耗時=51.7ms, 指令數=206
2025-07-19 19:25:44 [INFO] GripperOptimized:fast_loop:484 - 性能統計: 循環=650000, 平均耗時=7.3ms, 最大耗時=51.7ms, 指令數=206
2025-07-19 19:26:04 [INFO] GripperOptimized:fast_loop:484 - 性能統計: 循環=651000, 平均耗時=7.3ms, 最大耗時=51.7ms, 指令數=206
2025-07-19 19:26:25 [INFO] GripperOptimized:fast_loop:484 - 性能統計: 循環=652000, 平均耗時=7.3ms, 最大耗時=51.7ms, 指令數=206
2025-07-19 19:26:46 [INFO] GripperOptimized:fast_loop:484 - 性能統計: 循環=653000, 平均耗時=7.2ms, 最大耗時=51.7ms, 指令數=206
2025-07-19 19:27:06 [INFO] GripperOptimized:fast_loop:484 - 性能統計: 循環=654000, 平均耗時=7.1ms, 最大耗時=51.7ms, 指令數=206
2025-07-19 19:27:27 [INFO] GripperOptimized:fast_loop:484 - 性能統計: 循環=655000, 平均耗時=7.2ms, 最大耗時=51.7ms, 指令數=206
2025-07-19 19:27:48 [INFO] GripperOptimized:fast_loop:484 - 性能統計: 循環=656000, 平均耗時=7.1ms, 最大耗時=51.7ms, 指令數=206
2025-07-19 19:28:09 [INFO] GripperOptimized:fast_loop:484 - 性能統計: 循環=657000, 平均耗時=7.3ms, 最大耗時=51.7ms, 指令數=206
2025-07-19 19:28:29 [INFO] GripperOptimized:fast_loop:484 - 性能統計: 循環=658000, 平均耗時=7.1ms, 最大耗時=51.7ms, 指令數=206
2025-07-19 19:28:50 [INFO] GripperOptimized:fast_loop:484 - 性能統計: 循環=659000, 平均耗時=7.5ms, 最大耗時=51.7ms, 指令數=206
2025-07-19 19:29:11 [INFO] GripperOptimized:fast_loop:484 - 性能統計: 循環=660000, 平均耗時=7.4ms, 最大耗時=51.7ms, 指令數=206
2025-07-19 19:29:32 [INFO] GripperOptimized:fast_loop:484 - 性能統計: 循環=661000, 平均耗時=7.3ms, 最大耗時=51.7ms, 指令數=206
2025-07-19 19:29:52 [INFO] GripperOptimized:fast_loop:484 - 性能統計: 循環=662000, 平均耗時=7.3ms, 最大耗時=51.7ms, 指令數=206
2025-07-19 19:30:13 [INFO] GripperOptimized:fast_loop:484 - 性能統計: 循環=663000, 平均耗時=7.3ms, 最大耗時=51.7ms, 指令數=206
2025-07-19 19:30:34 [INFO] GripperOptimized:fast_loop:484 - 性能統計: 循環=664000, 平均耗時=7.2ms, 最大耗時=51.7ms, 指令數=206
2025-07-19 19:30:55 [INFO] GripperOptimized:fast_loop:484 - 性能統計: 循環=665000, 平均耗時=7.2ms, 最大耗時=51.7ms, 指令數=206
2025-07-19 19:31:15 [INFO] GripperOptimized:fast_loop:484 - 性能統計: 循環=666000, 平均耗時=7.4ms, 最大耗時=51.7ms, 指令數=206
2025-07-19 19:31:36 [INFO] GripperOptimized:fast_loop:484 - 性能統計: 循環=667000, 平均耗時=7.2ms, 最大耗時=51.7ms, 指令數=206
2025-07-19 19:31:57 [INFO] GripperOptimized:fast_loop:484 - 性能統計: 循環=668000, 平均耗時=7.4ms, 最大耗時=51.7ms, 指令數=206
2025-07-19 19:32:18 [INFO] GripperOptimized:fast_loop:484 - 性能統計: 循環=669000, 平均耗時=7.2ms, 最大耗時=51.7ms, 指令數=206
2025-07-19 19:32:38 [INFO] GripperOptimized:fast_loop:484 - 性能統計: 循環=670000, 平均耗時=7.3ms, 最大耗時=51.7ms, 指令數=206
2025-07-19 19:32:59 [INFO] GripperOptimized:fast_loop:484 - 性能統計: 循環=671000, 平均耗時=7.2ms, 最大耗時=51.7ms, 指令數=206
2025-07-19 19:33:20 [INFO] GripperOptimized:fast_loop:484 - 性能統計: 循環=672000, 平均耗時=7.2ms, 最大耗時=51.7ms, 指令數=206
2025-07-19 19:33:40 [INFO] GripperOptimized:fast_loop:484 - 性能統計: 循環=673000, 平均耗時=7.2ms, 最大耗時=51.7ms, 指令數=206
2025-07-19 19:34:01 [INFO] GripperOptimized:fast_loop:484 - 性能統計: 循環=674000, 平均耗時=7.3ms, 最大耗時=51.7ms, 指令數=206
2025-07-19 19:34:22 [INFO] GripperOptimized:fast_loop:484 - 性能統計: 循環=675000, 平均耗時=7.4ms, 最大耗時=51.7ms, 指令數=206
2025-07-19 19:34:43 [INFO] GripperOptimized:fast_loop:484 - 性能統計: 循環=676000, 平均耗時=7.1ms, 最大耗時=51.7ms, 指令數=206
2025-07-19 19:35:03 [INFO] GripperOptimized:fast_loop:484 - 性能統計: 循環=677000, 平均耗時=7.5ms, 最大耗時=51.7ms, 指令數=206
2025-07-19 19:35:24 [INFO] GripperOptimized:fast_loop:484 - 性能統計: 循環=678000, 平均耗時=7.3ms, 最大耗時=51.7ms, 指令數=206
2025-07-19 19:35:45 [INFO] GripperOptimized:fast_loop:484 - 性能統計: 循環=679000, 平均耗時=7.3ms, 最大耗時=51.7ms, 指令數=206
2025-07-19 19:36:06 [INFO] GripperOptimized:fast_loop:484 - 性能統計: 循環=680000, 平均耗時=7.5ms, 最大耗時=51.7ms, 指令數=206
2025-07-19 19:36:26 [INFO] GripperOptimized:fast_loop:484 - 性能統計: 循環=681000, 平均耗時=7.3ms, 最大耗時=51.7ms, 指令數=206
2025-07-19 19:36:47 [INFO] GripperOptimized:fast_loop:484 - 性能統計: 循環=682000, 平均耗時=7.2ms, 最大耗時=51.7ms, 指令數=206
2025-07-19 19:37:08 [INFO] GripperOptimized:fast_loop:484 - 性能統計: 循環=683000, 平均耗時=7.2ms, 最大耗時=51.7ms, 指令數=206
2025-07-19 19:37:29 [INFO] GripperOptimized:fast_loop:484 - 性能統計: 循環=684000, 平均耗時=7.4ms, 最大耗時=51.7ms, 指令數=206
2025-07-19 19:37:49 [INFO] GripperOptimized:fast_loop:484 - 性能統計: 循環=685000, 平均耗時=7.3ms, 最大耗時=51.7ms, 指令數=206
2025-07-19 19:38:10 [INFO] GripperOptimized:fast_loop:484 - 性能統計: 循環=686000, 平均耗時=7.5ms, 最大耗時=51.7ms, 指令數=206
2025-07-19 19:38:31 [INFO] GripperOptimized:fast_loop:484 - 性能統計: 循環=687000, 平均耗時=7.4ms, 最大耗時=51.7ms, 指令數=206
2025-07-19 19:38:52 [INFO] GripperOptimized:fast_loop:484 - 性能統計: 循環=688000, 平均耗時=7.1ms, 最大耗時=51.7ms, 指令數=206
2025-07-19 19:39:12 [INFO] GripperOptimized:fast_loop:484 - 性能統計: 循環=689000, 平均耗時=7.4ms, 最大耗時=51.7ms, 指令數=206
2025-07-19 19:39:33 [INFO] GripperOptimized:fast_loop:484 - 性能統計: 循環=690000, 平均耗時=7.2ms, 最大耗時=51.7ms, 指令數=206
2025-07-19 19:39:54 [INFO] GripperOptimized:fast_loop:484 - 性能統計: 循環=691000, 平均耗時=7.5ms, 最大耗時=51.7ms, 指令數=206
2025-07-19 19:40:14 [INFO] GripperOptimized:fast_loop:484 - 性能統計: 循環=692000, 平均耗時=7.3ms, 最大耗時=51.7ms, 指令數=206
2025-07-19 19:40:35 [INFO] GripperOptimized:fast_loop:484 - 性能統計: 循環=693000, 平均耗時=7.5ms, 最大耗時=51.7ms, 指令數=206
2025-07-19 19:40:56 [INFO] GripperOptimized:fast_loop:484 - 性能統計: 循環=694000, 平均耗時=7.3ms, 最大耗時=51.7ms, 指令數=206
2025-07-19 19:41:17 [INFO] GripperOptimized:fast_loop:484 - 性能統計: 循環=695000, 平均耗時=7.2ms, 最大耗時=51.7ms, 指令數=206
2025-07-19 19:41:37 [INFO] GripperOptimized:fast_loop:484 - 性能統計: 循環=696000, 平均耗時=7.4ms, 最大耗時=51.7ms, 指令數=206
2025-07-19 19:41:58 [INFO] GripperOptimized:fast_loop:484 - 性能統計: 循環=697000, 平均耗時=7.4ms, 最大耗時=51.7ms, 指令數=206
2025-07-19 19:42:19 [INFO] GripperOptimized:fast_loop:484 - 性能統計: 循環=698000, 平均耗時=7.3ms, 最大耗時=51.7ms, 指令數=206
2025-07-19 19:42:40 [INFO] GripperOptimized:fast_loop:484 - 性能統計: 循環=699000, 平均耗時=7.3ms, 最大耗時=51.7ms, 指令數=206
2025-07-19 19:43:00 [INFO] GripperOptimized:fast_loop:484 - 性能統計: 循環=700000, 平均耗時=7.2ms, 最大耗時=51.7ms, 指令數=206
2025-07-19 19:43:21 [INFO] GripperOptimized:fast_loop:484 - 性能統計: 循環=701000, 平均耗時=7.4ms, 最大耗時=51.7ms, 指令數=206
2025-07-19 19:43:42 [INFO] GripperOptimized:fast_loop:484 - 性能統計: 循環=702000, 平均耗時=7.4ms, 最大耗時=51.7ms, 指令數=206
2025-07-19 19:44:03 [INFO] GripperOptimized:fast_loop:484 - 性能統計: 循環=703000, 平均耗時=7.1ms, 最大耗時=51.7ms, 指令數=206
2025-07-19 19:44:23 [INFO] GripperOptimized:fast_loop:484 - 性能統計: 循環=704000, 平均耗時=7.3ms, 最大耗時=51.7ms, 指令數=206
2025-07-19 19:44:44 [INFO] GripperOptimized:fast_loop:484 - 性能統計: 循環=705000, 平均耗時=7.5ms, 最大耗時=51.7ms, 指令數=206
2025-07-19 19:45:05 [INFO] GripperOptimized:fast_loop:484 - 性能統計: 循環=706000, 平均耗時=7.4ms, 最大耗時=51.7ms, 指令數=206
2025-07-19 19:45:26 [INFO] GripperOptimized:fast_loop:484 - 性能統計: 循環=707000, 平均耗時=7.5ms, 最大耗時=51.7ms, 指令數=206
2025-07-19 19:45:46 [INFO] GripperOptimized:fast_loop:484 - 性能統計: 循環=708000, 平均耗時=7.4ms, 最大耗時=51.7ms, 指令數=206
2025-07-19 19:46:07 [INFO] GripperOptimized:fast_loop:484 - 性能統計: 循環=709000, 平均耗時=7.4ms, 最大耗時=51.7ms, 指令數=206
2025-07-19 19:46:28 [INFO] GripperOptimized:fast_loop:484 - 性能統計: 循環=710000, 平均耗時=7.6ms, 最大耗時=51.7ms, 指令數=206
2025-07-19 19:46:48 [INFO] GripperOptimized:fast_loop:484 - 性能統計: 循環=711000, 平均耗時=7.3ms, 最大耗時=51.7ms, 指令數=206
2025-07-19 19:47:09 [INFO] GripperOptimized:fast_loop:484 - 性能統計: 循環=712000, 平均耗時=7.4ms, 最大耗時=51.7ms, 指令數=206
2025-07-19 19:47:30 [INFO] GripperOptimized:fast_loop:484 - 性能統計: 循環=713000, 平均耗時=7.3ms, 最大耗時=51.7ms, 指令數=206
2025-07-19 19:47:51 [INFO] GripperOptimized:fast_loop:484 - 性能統計: 循環=714000, 平均耗時=7.4ms, 最大耗時=51.7ms, 指令數=206
2025-07-19 19:48:11 [INFO] GripperOptimized:fast_loop:484 - 性能統計: 循環=715000, 平均耗時=7.1ms, 最大耗時=51.7ms, 指令數=206
2025-07-19 19:48:32 [INFO] GripperOptimized:fast_loop:484 - 性能統計: 循環=716000, 平均耗時=7.3ms, 最大耗時=51.7ms, 指令數=206
2025-07-19 19:48:53 [INFO] GripperOptimized:fast_loop:484 - 性能統計: 循環=717000, 平均耗時=7.3ms, 最大耗時=51.7ms, 指令數=206
2025-07-19 19:49:14 [INFO] GripperOptimized:fast_loop:484 - 性能統計: 循環=718000, 平均耗時=7.3ms, 最大耗時=51.7ms, 指令數=206
2025-07-19 19:49:34 [INFO] GripperOptimized:fast_loop:484 - 性能統計: 循環=719000, 平均耗時=7.3ms, 最大耗時=51.7ms, 指令數=206
2025-07-19 19:49:55 [INFO] GripperOptimized:fast_loop:484 - 性能統計: 循環=720000, 平均耗時=7.4ms, 最大耗時=51.7ms, 指令數=206
2025-07-19 19:50:16 [INFO] GripperOptimized:fast_loop:484 - 性能統計: 循環=721000, 平均耗時=7.5ms, 最大耗時=51.7ms, 指令數=206
2025-07-19 19:50:37 [INFO] GripperOptimized:fast_loop:484 - 性能統計: 循環=722000, 平均耗時=7.5ms, 最大耗時=51.7ms, 指令數=206
2025-07-19 19:50:57 [INFO] GripperOptimized:fast_loop:484 - 性能統計: 循環=723000, 平均耗時=7.3ms, 最大耗時=51.7ms, 指令數=206
2025-07-19 19:51:18 [INFO] GripperOptimized:fast_loop:484 - 性能統計: 循環=724000, 平均耗時=7.2ms, 最大耗時=51.7ms, 指令數=206
2025-07-19 19:51:39 [INFO] GripperOptimized:fast_loop:484 - 性能統計: 循環=725000, 平均耗時=7.1ms, 最大耗時=51.7ms, 指令數=206
2025-07-19 19:52:00 [INFO] GripperOptimized:fast_loop:484 - 性能統計: 循環=726000, 平均耗時=7.3ms, 最大耗時=51.7ms, 指令數=206
2025-07-19 19:52:20 [INFO] GripperOptimized:fast_loop:484 - 性能統計: 循環=727000, 平均耗時=7.6ms, 最大耗時=51.7ms, 指令數=206
2025-07-19 19:52:41 [INFO] GripperOptimized:fast_loop:484 - 性能統計: 循環=728000, 平均耗時=7.4ms, 最大耗時=51.7ms, 指令數=206
2025-07-19 19:53:02 [INFO] GripperOptimized:fast_loop:484 - 性能統計: 循環=729000, 平均耗時=7.1ms, 最大耗時=51.7ms, 指令數=206
2025-07-19 19:53:23 [INFO] GripperOptimized:fast_loop:484 - 性能統計: 循環=730000, 平均耗時=7.4ms, 最大耗時=51.7ms, 指令數=206
2025-07-19 19:53:43 [INFO] GripperOptimized:fast_loop:484 - 性能統計: 循環=731000, 平均耗時=7.3ms, 最大耗時=51.7ms, 指令數=206
2025-07-19 19:54:04 [INFO] GripperOptimized:fast_loop:484 - 性能統計: 循環=732000, 平均耗時=7.3ms, 最大耗時=51.7ms, 指令數=206
2025-07-19 19:54:25 [INFO] GripperOptimized:fast_loop:484 - 性能統計: 循環=733000, 平均耗時=7.6ms, 最大耗時=51.7ms, 指令數=206
2025-07-19 19:54:45 [INFO] GripperOptimized:fast_loop:484 - 性能統計: 循環=734000, 平均耗時=7.1ms, 最大耗時=51.7ms, 指令數=206
2025-07-19 19:55:06 [INFO] GripperOptimized:fast_loop:484 - 性能統計: 循環=735000, 平均耗時=7.5ms, 最大耗時=51.7ms, 指令數=206
2025-07-19 19:55:27 [INFO] GripperOptimized:fast_loop:484 - 性能統計: 循環=736000, 平均耗時=7.3ms, 最大耗時=51.7ms, 指令數=206
2025-07-19 19:55:48 [INFO] GripperOptimized:fast_loop:484 - 性能統計: 循環=737000, 平均耗時=7.3ms, 最大耗時=51.7ms, 指令數=206
2025-07-19 19:56:08 [INFO] GripperOptimized:fast_loop:484 - 性能統計: 循環=738000, 平均耗時=7.3ms, 最大耗時=51.7ms, 指令數=206
2025-07-19 19:56:29 [INFO] GripperOptimized:fast_loop:484 - 性能統計: 循環=739000, 平均耗時=7.5ms, 最大耗時=51.7ms, 指令數=206
2025-07-19 19:56:50 [INFO] GripperOptimized:fast_loop:484 - 性能統計: 循環=740000, 平均耗時=7.4ms, 最大耗時=51.7ms, 指令數=206
2025-07-19 19:57:11 [INFO] GripperOptimized:fast_loop:484 - 性能統計: 循環=741000, 平均耗時=7.4ms, 最大耗時=51.7ms, 指令數=206
2025-07-19 19:57:31 [INFO] GripperOptimized:fast_loop:484 - 性能統計: 循環=742000, 平均耗時=7.6ms, 最大耗時=51.7ms, 指令數=206
2025-07-19 19:57:52 [INFO] GripperOptimized:fast_loop:484 - 性能統計: 循環=743000, 平均耗時=7.4ms, 最大耗時=51.7ms, 指令數=206
2025-07-19 19:58:13 [INFO] GripperOptimized:fast_loop:484 - 性能統計: 循環=744000, 平均耗時=7.5ms, 最大耗時=51.7ms, 指令數=206
2025-07-19 19:58:34 [INFO] GripperOptimized:fast_loop:484 - 性能統計: 循環=745000, 平均耗時=7.5ms, 最大耗時=51.7ms, 指令數=206
2025-07-19 19:58:54 [INFO] GripperOptimized:fast_loop:484 - 性能統計: 循環=746000, 平均耗時=7.4ms, 最大耗時=51.7ms, 指令數=206
2025-07-19 19:59:15 [INFO] GripperOptimized:fast_loop:484 - 性能統計: 循環=747000, 平均耗時=7.4ms, 最大耗時=51.7ms, 指令數=206
2025-07-19 19:59:36 [INFO] GripperOptimized:fast_loop:484 - 性能統計: 循環=748000, 平均耗時=7.2ms, 最大耗時=51.7ms, 指令數=206
2025-07-19 19:59:57 [INFO] GripperOptimized:fast_loop:484 - 性能統計: 循環=749000, 平均耗時=7.2ms, 最大耗時=51.7ms, 指令數=206
2025-07-19 20:00:17 [INFO] GripperOptimized:fast_loop:484 - 性能統計: 循環=750000, 平均耗時=7.3ms, 最大耗時=51.7ms, 指令數=206
2025-07-19 20:00:38 [INFO] GripperOptimized:fast_loop:484 - 性能統計: 循環=751000, 平均耗時=7.5ms, 最大耗時=51.7ms, 指令數=206
2025-07-19 20:00:59 [INFO] GripperOptimized:fast_loop:484 - 性能統計: 循環=752000, 平均耗時=7.4ms, 最大耗時=51.7ms, 指令數=206
2025-07-19 20:01:20 [INFO] GripperOptimized:fast_loop:484 - 性能統計: 循環=753000, 平均耗時=7.5ms, 最大耗時=51.7ms, 指令數=206
2025-07-19 20:01:40 [INFO] GripperOptimized:fast_loop:484 - 性能統計: 循環=754000, 平均耗時=7.2ms, 最大耗時=51.7ms, 指令數=206
2025-07-19 20:02:01 [INFO] GripperOptimized:fast_loop:484 - 性能統計: 循環=755000, 平均耗時=7.2ms, 最大耗時=51.7ms, 指令數=206
2025-07-19 20:02:22 [INFO] GripperOptimized:fast_loop:484 - 性能統計: 循環=756000, 平均耗時=7.3ms, 最大耗時=51.7ms, 指令數=206
2025-07-19 20:02:43 [INFO] GripperOptimized:fast_loop:484 - 性能統計: 循環=757000, 平均耗時=7.2ms, 最大耗時=51.7ms, 指令數=206
2025-07-19 20:03:03 [INFO] GripperOptimized:fast_loop:484 - 性能統計: 循環=758000, 平均耗時=7.2ms, 最大耗時=51.7ms, 指令數=206
2025-07-19 20:03:24 [INFO] GripperOptimized:fast_loop:484 - 性能統計: 循環=759000, 平均耗時=7.3ms, 最大耗時=51.7ms, 指令數=206
2025-07-19 20:03:45 [INFO] GripperOptimized:fast_loop:484 - 性能統計: 循環=760000, 平均耗時=7.4ms, 最大耗時=51.7ms, 指令數=206
2025-07-19 20:04:05 [INFO] GripperOptimized:fast_loop:484 - 性能統計: 循環=761000, 平均耗時=7.5ms, 最大耗時=51.7ms, 指令數=206
2025-07-19 20:04:26 [INFO] GripperOptimized:fast_loop:484 - 性能統計: 循環=762000, 平均耗時=7.1ms, 最大耗時=51.7ms, 指令數=206
2025-07-19 20:04:47 [INFO] GripperOptimized:fast_loop:484 - 性能統計: 循環=763000, 平均耗時=7.4ms, 最大耗時=51.7ms, 指令數=206
2025-07-19 20:05:08 [INFO] GripperOptimized:fast_loop:484 - 性能統計: 循環=764000, 平均耗時=7.3ms, 最大耗時=51.7ms, 指令數=206
2025-07-19 20:05:28 [INFO] GripperOptimized:fast_loop:484 - 性能統計: 循環=765000, 平均耗時=7.4ms, 最大耗時=51.7ms, 指令數=206
2025-07-19 20:05:49 [INFO] GripperOptimized:fast_loop:484 - 性能統計: 循環=766000, 平均耗時=7.4ms, 最大耗時=51.7ms, 指令數=206
2025-07-19 20:06:10 [INFO] GripperOptimized:fast_loop:484 - 性能統計: 循環=767000, 平均耗時=7.2ms, 最大耗時=51.7ms, 指令數=206
2025-07-19 20:06:31 [INFO] GripperOptimized:fast_loop:484 - 性能統計: 循環=768000, 平均耗時=7.6ms, 最大耗時=51.7ms, 指令數=206
2025-07-19 20:06:51 [INFO] GripperOptimized:fast_loop:484 - 性能統計: 循環=769000, 平均耗時=7.5ms, 最大耗時=51.7ms, 指令數=206
2025-07-19 20:07:12 [INFO] GripperOptimized:fast_loop:484 - 性能統計: 循環=770000, 平均耗時=7.4ms, 最大耗時=51.7ms, 指令數=206
2025-07-19 20:07:33 [INFO] GripperOptimized:fast_loop:484 - 性能統計: 循環=771000, 平均耗時=7.3ms, 最大耗時=51.7ms, 指令數=206
2025-07-19 20:07:54 [INFO] GripperOptimized:fast_loop:484 - 性能統計: 循環=772000, 平均耗時=7.2ms, 最大耗時=51.7ms, 指令數=206
2025-07-19 20:08:14 [INFO] GripperOptimized:fast_loop:484 - 性能統計: 循環=773000, 平均耗時=7.2ms, 最大耗時=51.7ms, 指令數=206
2025-07-19 20:08:35 [INFO] GripperOptimized:fast_loop:484 - 性能統計: 循環=774000, 平均耗時=7.5ms, 最大耗時=51.7ms, 指令數=206
2025-07-19 20:08:56 [INFO] GripperOptimized:fast_loop:484 - 性能統計: 循環=775000, 平均耗時=7.4ms, 最大耗時=51.7ms, 指令數=206
2025-07-19 20:09:17 [INFO] GripperOptimized:fast_loop:484 - 性能統計: 循環=776000, 平均耗時=7.4ms, 最大耗時=51.7ms, 指令數=206
2025-07-19 20:09:37 [INFO] GripperOptimized:fast_loop:484 - 性能統計: 循環=777000, 平均耗時=7.5ms, 最大耗時=51.7ms, 指令數=206
2025-07-19 20:09:58 [INFO] GripperOptimized:fast_loop:484 - 性能統計: 循環=778000, 平均耗時=7.4ms, 最大耗時=51.7ms, 指令數=206
2025-07-19 20:10:19 [INFO] GripperOptimized:fast_loop:484 - 性能統計: 循環=779000, 平均耗時=7.5ms, 最大耗時=51.7ms, 指令數=206
2025-07-19 20:10:40 [INFO] GripperOptimized:fast_loop:484 - 性能統計: 循環=780000, 平均耗時=7.3ms, 最大耗時=51.7ms, 指令數=206
2025-07-19 20:11:00 [INFO] GripperOptimized:fast_loop:484 - 性能統計: 循環=781000, 平均耗時=7.2ms, 最大耗時=51.7ms, 指令數=206
2025-07-19 20:11:21 [INFO] GripperOptimized:fast_loop:484 - 性能統計: 循環=782000, 平均耗時=7.0ms, 最大耗時=51.7ms, 指令數=206
2025-07-19 20:11:42 [INFO] GripperOptimized:fast_loop:484 - 性能統計: 循環=783000, 平均耗時=7.3ms, 最大耗時=51.7ms, 指令數=206
2025-07-19 20:12:02 [INFO] GripperOptimized:fast_loop:484 - 性能統計: 循環=784000, 平均耗時=7.3ms, 最大耗時=51.7ms, 指令數=206
2025-07-19 20:12:23 [INFO] GripperOptimized:fast_loop:484 - 性能統計: 循環=785000, 平均耗時=7.4ms, 最大耗時=51.7ms, 指令數=206
2025-07-19 20:12:44 [INFO] GripperOptimized:fast_loop:484 - 性能統計: 循環=786000, 平均耗時=7.3ms, 最大耗時=51.7ms, 指令數=206
2025-07-19 20:13:05 [INFO] GripperOptimized:fast_loop:484 - 性能統計: 循環=787000, 平均耗時=7.6ms, 最大耗時=51.7ms, 指令數=206
2025-07-19 20:13:25 [INFO] GripperOptimized:fast_loop:484 - 性能統計: 循環=788000, 平均耗時=7.2ms, 最大耗時=51.7ms, 指令數=206
2025-07-19 20:13:46 [INFO] GripperOptimized:fast_loop:484 - 性能統計: 循環=789000, 平均耗時=7.5ms, 最大耗時=51.7ms, 指令數=206
2025-07-19 20:14:07 [INFO] GripperOptimized:fast_loop:484 - 性能統計: 循環=790000, 平均耗時=7.0ms, 最大耗時=51.7ms, 指令數=206
2025-07-19 20:14:28 [INFO] GripperOptimized:fast_loop:484 - 性能統計: 循環=791000, 平均耗時=7.4ms, 最大耗時=51.7ms, 指令數=206
2025-07-19 20:14:48 [INFO] GripperOptimized:fast_loop:484 - 性能統計: 循環=792000, 平均耗時=7.3ms, 最大耗時=51.7ms, 指令數=206
2025-07-19 20:15:09 [INFO] GripperOptimized:fast_loop:484 - 性能統計: 循環=793000, 平均耗時=7.2ms, 最大耗時=51.7ms, 指令數=206
2025-07-19 20:15:30 [INFO] GripperOptimized:fast_loop:484 - 性能統計: 循環=794000, 平均耗時=7.3ms, 最大耗時=51.7ms, 指令數=206
2025-07-19 20:15:51 [INFO] GripperOptimized:fast_loop:484 - 性能統計: 循環=795000, 平均耗時=7.2ms, 最大耗時=51.7ms, 指令數=206
2025-07-19 20:16:11 [INFO] GripperOptimized:fast_loop:484 - 性能統計: 循環=796000, 平均耗時=7.5ms, 最大耗時=51.7ms, 指令數=206
2025-07-19 20:16:32 [INFO] GripperOptimized:fast_loop:484 - 性能統計: 循環=797000, 平均耗時=7.3ms, 最大耗時=51.7ms, 指令數=206
2025-07-19 20:16:53 [INFO] GripperOptimized:fast_loop:484 - 性能統計: 循環=798000, 平均耗時=7.2ms, 最大耗時=51.7ms, 指令數=206
2025-07-19 20:17:14 [INFO] GripperOptimized:fast_loop:484 - 性能統計: 循環=799000, 平均耗時=7.5ms, 最大耗時=51.7ms, 指令數=206
2025-07-19 20:17:34 [INFO] GripperOptimized:fast_loop:484 - 性能統計: 循環=800000, 平均耗時=7.2ms, 最大耗時=51.7ms, 指令數=206
2025-07-19 20:17:55 [INFO] GripperOptimized:fast_loop:484 - 性能統計: 循環=801000, 平均耗時=7.7ms, 最大耗時=51.7ms, 指令數=206
2025-07-19 20:18:16 [INFO] GripperOptimized:fast_loop:484 - 性能統計: 循環=802000, 平均耗時=7.1ms, 最大耗時=51.7ms, 指令數=206
2025-07-19 20:18:37 [INFO] GripperOptimized:fast_loop:484 - 性能統計: 循環=803000, 平均耗時=7.4ms, 最大耗時=51.7ms, 指令數=206
2025-07-19 20:18:57 [INFO] GripperOptimized:fast_loop:484 - 性能統計: 循環=804000, 平均耗時=7.6ms, 最大耗時=51.7ms, 指令數=206
2025-07-19 20:19:18 [INFO] GripperOptimized:fast_loop:484 - 性能統計: 循環=805000, 平均耗時=7.2ms, 最大耗時=51.7ms, 指令數=206
2025-07-19 20:19:39 [INFO] GripperOptimized:fast_loop:484 - 性能統計: 循環=806000, 平均耗時=7.1ms, 最大耗時=51.7ms, 指令數=206
2025-07-19 20:19:59 [INFO] GripperOptimized:fast_loop:484 - 性能統計: 循環=807000, 平均耗時=7.5ms, 最大耗時=51.7ms, 指令數=206
2025-07-19 20:20:20 [INFO] GripperOptimized:fast_loop:484 - 性能統計: 循環=808000, 平均耗時=7.4ms, 最大耗時=51.7ms, 指令數=206
2025-07-19 20:20:41 [INFO] GripperOptimized:fast_loop:484 - 性能統計: 循環=809000, 平均耗時=7.4ms, 最大耗時=51.7ms, 指令數=206
2025-07-19 20:21:02 [INFO] GripperOptimized:fast_loop:484 - 性能統計: 循環=810000, 平均耗時=7.4ms, 最大耗時=51.7ms, 指令數=206
2025-07-19 20:21:22 [INFO] GripperOptimized:fast_loop:484 - 性能統計: 循環=811000, 平均耗時=7.5ms, 最大耗時=51.7ms, 指令數=206
2025-07-19 20:21:43 [INFO] GripperOptimized:fast_loop:484 - 性能統計: 循環=812000, 平均耗時=7.5ms, 最大耗時=51.7ms, 指令數=206
2025-07-19 20:22:04 [INFO] GripperOptimized:fast_loop:484 - 性能統計: 循環=813000, 平均耗時=7.4ms, 最大耗時=51.7ms, 指令數=206
2025-07-19 20:22:25 [INFO] GripperOptimized:fast_loop:484 - 性能統計: 循環=814000, 平均耗時=7.3ms, 最大耗時=51.7ms, 指令數=206
2025-07-19 20:22:45 [INFO] GripperOptimized:fast_loop:484 - 性能統計: 循環=815000, 平均耗時=7.0ms, 最大耗時=51.7ms, 指令數=206
2025-07-19 20:23:06 [INFO] GripperOptimized:fast_loop:484 - 性能統計: 循環=816000, 平均耗時=7.4ms, 最大耗時=51.7ms, 指令數=206
2025-07-19 20:23:27 [INFO] GripperOptimized:fast_loop:484 - 性能統計: 循環=817000, 平均耗時=7.2ms, 最大耗時=51.7ms, 指令數=206
2025-07-19 20:23:48 [INFO] GripperOptimized:fast_loop:484 - 性能統計: 循環=818000, 平均耗時=7.0ms, 最大耗時=51.7ms, 指令數=206
2025-07-19 20:24:08 [INFO] GripperOptimized:fast_loop:484 - 性能統計: 循環=819000, 平均耗時=7.3ms, 最大耗時=51.7ms, 指令數=206
2025-07-19 20:24:29 [INFO] GripperOptimized:fast_loop:484 - 性能統計: 循環=820000, 平均耗時=7.6ms, 最大耗時=51.7ms, 指令數=206
2025-07-19 20:24:50 [INFO] GripperOptimized:fast_loop:484 - 性能統計: 循環=821000, 平均耗時=7.4ms, 最大耗時=51.7ms, 指令數=206
2025-07-19 20:25:11 [INFO] GripperOptimized:fast_loop:484 - 性能統計: 循環=822000, 平均耗時=7.4ms, 最大耗時=51.7ms, 指令數=206
2025-07-19 20:25:31 [INFO] GripperOptimized:fast_loop:484 - 性能統計: 循環=823000, 平均耗時=7.4ms, 最大耗時=51.7ms, 指令數=206
2025-07-19 20:25:52 [INFO] GripperOptimized:fast_loop:484 - 性能統計: 循環=824000, 平均耗時=7.4ms, 最大耗時=51.7ms, 指令數=206
2025-07-19 20:26:13 [INFO] GripperOptimized:fast_loop:484 - 性能統計: 循環=825000, 平均耗時=7.6ms, 最大耗時=51.7ms, 指令數=206
2025-07-19 20:26:34 [INFO] GripperOptimized:fast_loop:484 - 性能統計: 循環=826000, 平均耗時=7.1ms, 最大耗時=51.7ms, 指令數=206
2025-07-19 20:26:54 [INFO] GripperOptimized:fast_loop:484 - 性能統計: 循環=827000, 平均耗時=7.4ms, 最大耗時=51.7ms, 指令數=206
2025-07-19 20:27:15 [INFO] GripperOptimized:fast_loop:484 - 性能統計: 循環=828000, 平均耗時=7.6ms, 最大耗時=51.7ms, 指令數=206
2025-07-19 20:27:36 [INFO] GripperOptimized:fast_loop:484 - 性能統計: 循環=829000, 平均耗時=7.3ms, 最大耗時=51.7ms, 指令數=206
2025-07-19 20:27:57 [INFO] GripperOptimized:fast_loop:484 - 性能統計: 循環=830000, 平均耗時=7.3ms, 最大耗時=51.7ms, 指令數=206
2025-07-19 20:28:17 [INFO] GripperOptimized:fast_loop:484 - 性能統計: 循環=831000, 平均耗時=7.4ms, 最大耗時=51.7ms, 指令數=206
2025-07-19 20:28:38 [INFO] GripperOptimized:fast_loop:484 - 性能統計: 循環=832000, 平均耗時=7.5ms, 最大耗時=51.7ms, 指令數=206
2025-07-19 20:28:59 [INFO] GripperOptimized:fast_loop:484 - 性能統計: 循環=833000, 平均耗時=7.6ms, 最大耗時=51.7ms, 指令數=206
2025-07-19 20:29:20 [INFO] GripperOptimized:fast_loop:484 - 性能統計: 循環=834000, 平均耗時=7.5ms, 最大耗時=51.7ms, 指令數=206
2025-07-19 20:29:40 [INFO] GripperOptimized:fast_loop:484 - 性能統計: 循環=835000, 平均耗時=7.5ms, 最大耗時=51.7ms, 指令數=206
2025-07-19 20:30:01 [INFO] GripperOptimized:fast_loop:484 - 性能統計: 循環=836000, 平均耗時=7.6ms, 最大耗時=51.7ms, 指令數=206
2025-07-19 20:30:22 [INFO] GripperOptimized:fast_loop:484 - 性能統計: 循環=837000, 平均耗時=7.3ms, 最大耗時=51.7ms, 指令數=206
2025-07-19 20:30:43 [INFO] GripperOptimized:fast_loop:484 - 性能統計: 循環=838000, 平均耗時=7.2ms, 最大耗時=51.7ms, 指令數=206
2025-07-19 20:31:03 [INFO] GripperOptimized:fast_loop:484 - 性能統計: 循環=839000, 平均耗時=7.3ms, 最大耗時=51.7ms, 指令數=206
2025-07-19 20:31:24 [INFO] GripperOptimized:fast_loop:484 - 性能統計: 循環=840000, 平均耗時=7.0ms, 最大耗時=51.7ms, 指令數=206
2025-07-19 20:31:45 [INFO] GripperOptimized:fast_loop:484 - 性能統計: 循環=841000, 平均耗時=6.9ms, 最大耗時=51.7ms, 指令數=206
2025-07-19 20:32:06 [INFO] GripperOptimized:fast_loop:484 - 性能統計: 循環=842000, 平均耗時=7.7ms, 最大耗時=51.7ms, 指令數=206
2025-07-19 20:32:26 [INFO] GripperOptimized:fast_loop:484 - 性能統計: 循環=843000, 平均耗時=7.5ms, 最大耗時=51.7ms, 指令數=206
2025-07-19 20:32:47 [INFO] GripperOptimized:fast_loop:484 - 性能統計: 循環=844000, 平均耗時=7.3ms, 最大耗時=51.7ms, 指令數=206
2025-07-19 20:33:08 [INFO] GripperOptimized:fast_loop:484 - 性能統計: 循環=845000, 平均耗時=7.4ms, 最大耗時=51.7ms, 指令數=206
2025-07-19 20:33:29 [INFO] GripperOptimized:fast_loop:484 - 性能統計: 循環=846000, 平均耗時=7.4ms, 最大耗時=51.7ms, 指令數=206
2025-07-19 20:33:49 [INFO] GripperOptimized:fast_loop:484 - 性能統計: 循環=847000, 平均耗時=7.5ms, 最大耗時=51.7ms, 指令數=206
2025-07-19 20:34:10 [INFO] GripperOptimized:fast_loop:484 - 性能統計: 循環=848000, 平均耗時=7.3ms, 最大耗時=51.7ms, 指令數=206
2025-07-19 20:34:31 [INFO] GripperOptimized:fast_loop:484 - 性能統計: 循環=849000, 平均耗時=7.6ms, 最大耗時=51.7ms, 指令數=206
2025-07-19 20:34:52 [INFO] GripperOptimized:fast_loop:484 - 性能統計: 循環=850000, 平均耗時=7.3ms, 最大耗時=51.7ms, 指令數=206
2025-07-19 20:35:12 [INFO] GripperOptimized:fast_loop:484 - 性能統計: 循環=851000, 平均耗時=7.3ms, 最大耗時=51.7ms, 指令數=206
2025-07-19 20:35:33 [INFO] GripperOptimized:fast_loop:484 - 性能統計: 循環=852000, 平均耗時=7.2ms, 最大耗時=51.7ms, 指令數=206
2025-07-19 20:35:54 [INFO] GripperOptimized:fast_loop:484 - 性能統計: 循環=853000, 平均耗時=7.2ms, 最大耗時=51.7ms, 指令數=206
2025-07-19 20:36:15 [INFO] GripperOptimized:fast_loop:484 - 性能統計: 循環=854000, 平均耗時=7.4ms, 最大耗時=51.7ms, 指令數=206
2025-07-19 20:36:35 [INFO] GripperOptimized:fast_loop:484 - 性能統計: 循環=855000, 平均耗時=7.3ms, 最大耗時=51.7ms, 指令數=206
2025-07-19 20:36:56 [INFO] GripperOptimized:fast_loop:484 - 性能統計: 循環=856000, 平均耗時=7.3ms, 最大耗時=51.7ms, 指令數=206
2025-07-19 20:37:17 [INFO] GripperOptimized:fast_loop:484 - 性能統計: 循環=857000, 平均耗時=7.5ms, 最大耗時=51.7ms, 指令數=206
2025-07-19 20:37:38 [INFO] GripperOptimized:fast_loop:484 - 性能統計: 循環=858000, 平均耗時=7.4ms, 最大耗時=51.7ms, 指令數=206
2025-07-19 20:37:58 [INFO] GripperOptimized:fast_loop:484 - 性能統計: 循環=859000, 平均耗時=7.3ms, 最大耗時=51.7ms, 指令數=206
2025-07-19 20:38:19 [INFO] GripperOptimized:fast_loop:484 - 性能統計: 循環=860000, 平均耗時=6.9ms, 最大耗時=51.7ms, 指令數=206
2025-07-19 20:38:40 [INFO] GripperOptimized:fast_loop:484 - 性能統計: 循環=861000, 平均耗時=7.2ms, 最大耗時=51.7ms, 指令數=206
2025-07-19 20:39:00 [INFO] GripperOptimized:fast_loop:484 - 性能統計: 循環=862000, 平均耗時=7.2ms, 最大耗時=51.7ms, 指令數=206
2025-07-19 20:39:21 [INFO] GripperOptimized:fast_loop:484 - 性能統計: 循環=863000, 平均耗時=7.0ms, 最大耗時=51.7ms, 指令數=206
2025-07-19 20:39:42 [INFO] GripperOptimized:fast_loop:484 - 性能統計: 循環=864000, 平均耗時=7.5ms, 最大耗時=51.7ms, 指令數=206
2025-07-19 20:40:03 [INFO] GripperOptimized:fast_loop:484 - 性能統計: 循環=865000, 平均耗時=7.6ms, 最大耗時=51.7ms, 指令數=206
2025-07-19 20:40:23 [INFO] GripperOptimized:fast_loop:484 - 性能統計: 循環=866000, 平均耗時=7.3ms, 最大耗時=51.7ms, 指令數=206
2025-07-19 20:40:44 [INFO] GripperOptimized:fast_loop:484 - 性能統計: 循環=867000, 平均耗時=7.3ms, 最大耗時=51.7ms, 指令數=206
2025-07-19 20:41:05 [INFO] GripperOptimized:fast_loop:484 - 性能統計: 循環=868000, 平均耗時=7.2ms, 最大耗時=51.7ms, 指令數=206
2025-07-19 20:41:26 [INFO] GripperOptimized:fast_loop:484 - 性能統計: 循環=869000, 平均耗時=7.2ms, 最大耗時=51.7ms, 指令數=206
2025-07-19 20:41:46 [INFO] GripperOptimized:fast_loop:484 - 性能統計: 循環=870000, 平均耗時=7.2ms, 最大耗時=51.7ms, 指令數=206
2025-07-19 20:42:07 [INFO] GripperOptimized:fast_loop:484 - 性能統計: 循環=871000, 平均耗時=7.1ms, 最大耗時=51.7ms, 指令數=206
2025-07-19 20:42:28 [INFO] GripperOptimized:fast_loop:484 - 性能統計: 循環=872000, 平均耗時=7.4ms, 最大耗時=51.7ms, 指令數=206
2025-07-19 20:42:49 [INFO] GripperOptimized:fast_loop:484 - 性能統計: 循環=873000, 平均耗時=7.3ms, 最大耗時=51.7ms, 指令數=206
2025-07-19 20:43:09 [INFO] GripperOptimized:fast_loop:484 - 性能統計: 循環=874000, 平均耗時=7.4ms, 最大耗時=51.7ms, 指令數=206
2025-07-19 20:43:30 [INFO] GripperOptimized:fast_loop:484 - 性能統計: 循環=875000, 平均耗時=7.2ms, 最大耗時=51.7ms, 指令數=206
2025-07-19 20:43:51 [INFO] GripperOptimized:fast_loop:484 - 性能統計: 循環=876000, 平均耗時=7.4ms, 最大耗時=51.7ms, 指令數=206
2025-07-19 20:44:12 [INFO] GripperOptimized:fast_loop:484 - 性能統計: 循環=877000, 平均耗時=7.2ms, 最大耗時=51.7ms, 指令數=206
2025-07-19 20:44:32 [INFO] GripperOptimized:fast_loop:484 - 性能統計: 循環=878000, 平均耗時=7.5ms, 最大耗時=51.7ms, 指令數=206
2025-07-19 20:44:53 [INFO] GripperOptimized:fast_loop:484 - 性能統計: 循環=879000, 平均耗時=7.1ms, 最大耗時=51.7ms, 指令數=206
2025-07-19 20:45:14 [INFO] GripperOptimized:fast_loop:484 - 性能統計: 循環=880000, 平均耗時=7.2ms, 最大耗時=51.7ms, 指令數=206
2025-07-19 20:45:35 [INFO] GripperOptimized:fast_loop:484 - 性能統計: 循環=881000, 平均耗時=7.4ms, 最大耗時=51.7ms, 指令數=206
2025-07-19 20:45:55 [INFO] GripperOptimized:fast_loop:484 - 性能統計: 循環=882000, 平均耗時=7.3ms, 最大耗時=51.7ms, 指令數=206
2025-07-19 20:46:16 [INFO] GripperOptimized:fast_loop:484 - 性能統計: 循環=883000, 平均耗時=7.4ms, 最大耗時=51.7ms, 指令數=206
2025-07-19 20:46:37 [INFO] GripperOptimized:fast_loop:484 - 性能統計: 循環=884000, 平均耗時=7.4ms, 最大耗時=51.7ms, 指令數=206
2025-07-19 20:46:58 [INFO] GripperOptimized:fast_loop:484 - 性能統計: 循環=885000, 平均耗時=7.5ms, 最大耗時=51.7ms, 指令數=206
2025-07-19 20:47:18 [INFO] GripperOptimized:fast_loop:484 - 性能統計: 循環=886000, 平均耗時=7.5ms, 最大耗時=51.7ms, 指令數=206
2025-07-19 20:47:39 [INFO] GripperOptimized:fast_loop:484 - 性能統計: 循環=887000, 平均耗時=7.4ms, 最大耗時=51.7ms, 指令數=206
2025-07-19 20:48:00 [INFO] GripperOptimized:fast_loop:484 - 性能統計: 循環=888000, 平均耗時=7.4ms, 最大耗時=51.7ms, 指令數=206
2025-07-19 20:48:20 [INFO] GripperOptimized:fast_loop:484 - 性能統計: 循環=889000, 平均耗時=7.6ms, 最大耗時=51.7ms, 指令數=206
2025-07-19 20:48:41 [INFO] GripperOptimized:fast_loop:484 - 性能統計: 循環=890000, 平均耗時=7.4ms, 最大耗時=51.7ms, 指令數=206
2025-07-19 20:49:02 [INFO] GripperOptimized:fast_loop:484 - 性能統計: 循環=891000, 平均耗時=7.2ms, 最大耗時=51.7ms, 指令數=206
2025-07-19 20:49:23 [INFO] GripperOptimized:fast_loop:484 - 性能統計: 循環=892000, 平均耗時=7.4ms, 最大耗時=51.7ms, 指令數=206
2025-07-19 20:49:43 [INFO] GripperOptimized:fast_loop:484 - 性能統計: 循環=893000, 平均耗時=7.0ms, 最大耗時=51.7ms, 指令數=206
2025-07-19 20:50:04 [INFO] GripperOptimized:fast_loop:484 - 性能統計: 循環=894000, 平均耗時=7.3ms, 最大耗時=51.7ms, 指令數=206
2025-07-19 20:50:25 [INFO] GripperOptimized:fast_loop:484 - 性能統計: 循環=895000, 平均耗時=7.2ms, 最大耗時=51.7ms, 指令數=206
2025-07-19 20:50:46 [INFO] GripperOptimized:fast_loop:484 - 性能統計: 循環=896000, 平均耗時=7.6ms, 最大耗時=51.7ms, 指令數=206
2025-07-19 20:51:06 [INFO] GripperOptimized:fast_loop:484 - 性能統計: 循環=897000, 平均耗時=7.1ms, 最大耗時=51.7ms, 指令數=206
2025-07-19 20:51:27 [INFO] GripperOptimized:fast_loop:484 - 性能統計: 循環=898000, 平均耗時=7.5ms, 最大耗時=51.7ms, 指令數=206
2025-07-19 20:51:48 [INFO] GripperOptimized:fast_loop:484 - 性能統計: 循環=899000, 平均耗時=7.5ms, 最大耗時=51.7ms, 指令數=206
2025-07-19 20:52:09 [INFO] GripperOptimized:fast_loop:484 - 性能統計: 循環=900000, 平均耗時=7.1ms, 最大耗時=51.7ms, 指令數=206
2025-07-19 20:52:29 [INFO] GripperOptimized:fast_loop:484 - 性能統計: 循環=901000, 平均耗時=7.2ms, 最大耗時=51.7ms, 指令數=206
2025-07-19 20:52:50 [INFO] GripperOptimized:fast_loop:484 - 性能統計: 循環=902000, 平均耗時=7.5ms, 最大耗時=51.7ms, 指令數=206
2025-07-19 20:53:11 [INFO] GripperOptimized:fast_loop:484 - 性能統計: 循環=903000, 平均耗時=7.3ms, 最大耗時=51.7ms, 指令數=206
2025-07-19 20:53:32 [INFO] GripperOptimized:fast_loop:484 - 性能統計: 循環=904000, 平均耗時=7.6ms, 最大耗時=51.7ms, 指令數=206
2025-07-19 20:53:52 [INFO] GripperOptimized:fast_loop:484 - 性能統計: 循環=905000, 平均耗時=7.4ms, 最大耗時=51.7ms, 指令數=206
2025-07-19 20:54:13 [INFO] GripperOptimized:fast_loop:484 - 性能統計: 循環=906000, 平均耗時=7.2ms, 最大耗時=51.7ms, 指令數=206
2025-07-19 20:54:34 [INFO] GripperOptimized:fast_loop:484 - 性能統計: 循環=907000, 平均耗時=7.2ms, 最大耗時=51.7ms, 指令數=206
2025-07-19 20:54:55 [INFO] GripperOptimized:fast_loop:484 - 性能統計: 循環=908000, 平均耗時=7.5ms, 最大耗時=51.7ms, 指令數=206
2025-07-19 20:55:15 [INFO] GripperOptimized:fast_loop:484 - 性能統計: 循環=909000, 平均耗時=7.4ms, 最大耗時=51.7ms, 指令數=206
2025-07-19 20:55:36 [INFO] GripperOptimized:fast_loop:484 - 性能統計: 循環=910000, 平均耗時=7.3ms, 最大耗時=51.7ms, 指令數=206
2025-07-19 20:55:57 [INFO] GripperOptimized:fast_loop:484 - 性能統計: 循環=911000, 平均耗時=7.5ms, 最大耗時=51.7ms, 指令數=206
2025-07-19 20:56:17 [INFO] GripperOptimized:fast_loop:484 - 性能統計: 循環=912000, 平均耗時=7.5ms, 最大耗時=51.7ms, 指令數=206
2025-07-19 20:56:38 [INFO] GripperOptimized:fast_loop:484 - 性能統計: 循環=913000, 平均耗時=7.3ms, 最大耗時=51.7ms, 指令數=206
2025-07-19 20:56:59 [INFO] GripperOptimized:fast_loop:484 - 性能統計: 循環=914000, 平均耗時=7.3ms, 最大耗時=51.7ms, 指令數=206
2025-07-19 20:57:20 [INFO] GripperOptimized:fast_loop:484 - 性能統計: 循環=915000, 平均耗時=7.5ms, 最大耗時=51.7ms, 指令數=206
2025-07-19 20:57:40 [INFO] GripperOptimized:fast_loop:484 - 性能統計: 循環=916000, 平均耗時=7.5ms, 最大耗時=51.7ms, 指令數=206
2025-07-19 20:58:01 [INFO] GripperOptimized:fast_loop:484 - 性能統計: 循環=917000, 平均耗時=7.4ms, 最大耗時=51.7ms, 指令數=206
2025-07-19 20:58:22 [INFO] GripperOptimized:fast_loop:484 - 性能統計: 循環=918000, 平均耗時=7.3ms, 最大耗時=51.7ms, 指令數=206
2025-07-19 20:58:43 [INFO] GripperOptimized:fast_loop:484 - 性能統計: 循環=919000, 平均耗時=7.2ms, 最大耗時=51.7ms, 指令數=206
2025-07-19 20:59:03 [INFO] GripperOptimized:fast_loop:484 - 性能統計: 循環=920000, 平均耗時=7.0ms, 最大耗時=51.7ms, 指令數=206
2025-07-19 20:59:24 [INFO] GripperOptimized:fast_loop:484 - 性能統計: 循環=921000, 平均耗時=7.4ms, 最大耗時=51.7ms, 指令數=206
2025-07-19 20:59:45 [INFO] GripperOptimized:fast_loop:484 - 性能統計: 循環=922000, 平均耗時=7.4ms, 最大耗時=51.7ms, 指令數=206
2025-07-19 21:00:06 [INFO] GripperOptimized:fast_loop:484 - 性能統計: 循環=923000, 平均耗時=7.5ms, 最大耗時=51.7ms, 指令數=206
2025-07-19 21:00:26 [INFO] GripperOptimized:fast_loop:484 - 性能統計: 循環=924000, 平均耗時=7.7ms, 最大耗時=51.7ms, 指令數=206
2025-07-19 21:00:47 [INFO] GripperOptimized:fast_loop:484 - 性能統計: 循環=925000, 平均耗時=7.1ms, 最大耗時=51.7ms, 指令數=206
2025-07-19 21:01:08 [INFO] GripperOptimized:fast_loop:484 - 性能統計: 循環=926000, 平均耗時=7.2ms, 最大耗時=51.7ms, 指令數=206
2025-07-19 21:01:29 [INFO] GripperOptimized:fast_loop:484 - 性能統計: 循環=927000, 平均耗時=7.7ms, 最大耗時=51.7ms, 指令數=206
2025-07-19 21:01:49 [INFO] GripperOptimized:fast_loop:484 - 性能統計: 循環=928000, 平均耗時=7.8ms, 最大耗時=51.7ms, 指令數=206
2025-07-19 21:02:10 [INFO] GripperOptimized:fast_loop:484 - 性能統計: 循環=929000, 平均耗時=7.6ms, 最大耗時=51.7ms, 指令數=206
2025-07-19 21:02:31 [INFO] GripperOptimized:fast_loop:484 - 性能統計: 循環=930000, 平均耗時=7.5ms, 最大耗時=51.7ms, 指令數=206
2025-07-19 21:02:51 [INFO] GripperOptimized:fast_loop:484 - 性能統計: 循環=931000, 平均耗時=7.6ms, 最大耗時=51.7ms, 指令數=206
2025-07-19 21:03:12 [INFO] GripperOptimized:fast_loop:484 - 性能統計: 循環=932000, 平均耗時=7.6ms, 最大耗時=51.7ms, 指令數=206
2025-07-19 21:03:33 [INFO] GripperOptimized:fast_loop:484 - 性能統計: 循環=933000, 平均耗時=7.7ms, 最大耗時=51.7ms, 指令數=206
2025-07-19 21:03:54 [INFO] GripperOptimized:fast_loop:484 - 性能統計: 循環=934000, 平均耗時=7.6ms, 最大耗時=51.7ms, 指令數=206
2025-07-19 21:04:15 [INFO] GripperOptimized:fast_loop:484 - 性能統計: 循環=935000, 平均耗時=7.2ms, 最大耗時=51.7ms, 指令數=206
2025-07-19 21:04:35 [INFO] GripperOptimized:fast_loop:484 - 性能統計: 循環=936000, 平均耗時=7.6ms, 最大耗時=51.7ms, 指令數=206
2025-07-19 21:04:56 [INFO] GripperOptimized:fast_loop:484 - 性能統計: 循環=937000, 平均耗時=7.6ms, 最大耗時=51.7ms, 指令數=206
2025-07-19 21:05:17 [INFO] GripperOptimized:fast_loop:484 - 性能統計: 循環=938000, 平均耗時=7.6ms, 最大耗時=51.7ms, 指令數=206
2025-07-19 21:05:38 [INFO] GripperOptimized:fast_loop:484 - 性能統計: 循環=939000, 平均耗時=7.6ms, 最大耗時=51.7ms, 指令數=206
2025-07-19 21:05:58 [INFO] GripperOptimized:fast_loop:484 - 性能統計: 循環=940000, 平均耗時=7.6ms, 最大耗時=51.7ms, 指令數=206
2025-07-19 21:06:19 [INFO] GripperOptimized:fast_loop:484 - 性能統計: 循環=941000, 平均耗時=7.7ms, 最大耗時=51.7ms, 指令數=206
2025-07-19 21:06:40 [INFO] GripperOptimized:fast_loop:484 - 性能統計: 循環=942000, 平均耗時=7.0ms, 最大耗時=51.7ms, 指令數=206
2025-07-19 21:07:00 [INFO] GripperOptimized:fast_loop:484 - 性能統計: 循環=943000, 平均耗時=7.6ms, 最大耗時=51.7ms, 指令數=206
2025-07-19 21:07:21 [INFO] GripperOptimized:fast_loop:484 - 性能統計: 循環=944000, 平均耗時=7.7ms, 最大耗時=51.7ms, 指令數=206
2025-07-19 21:07:42 [INFO] GripperOptimized:fast_loop:484 - 性能統計: 循環=945000, 平均耗時=7.2ms, 最大耗時=51.7ms, 指令數=206
2025-07-19 21:08:00 [INFO] GripperOptimized:process_commands:412 - 收到PGC指令: 代碼=8, 參數1=0, 參數2=0, ID=37913
2025-07-19 21:08:00 [INFO] GripperOptimized:process_commands:418 - PGC指令執行成功
2025-07-19 21:08:00 [WARNING] GripperOptimized:fast_loop:492 - 主循環執行時間過長: 36.0ms
2025-07-19 21:08:03 [INFO] GripperOptimized:fast_loop:484 - 性能統計: 循環=946000, 平均耗時=7.3ms, 最大耗時=51.7ms, 指令數=207
2025-07-19 21:08:21 [INFO] GripperOptimized:process_commands:412 - 收到PGC指令: 代碼=1, 參數1=0, 參數2=0, ID=1
2025-07-19 21:08:21 [INFO] GripperOptimized:process_commands:418 - PGC指令執行成功
2025-07-19 21:08:21 [WARNING] GripperOptimized:fast_loop:492 - 主循環執行時間過長: 37.0ms
2025-07-19 21:08:24 [INFO] GripperOptimized:fast_loop:484 - 性能統計: 循環=947000, 平均耗時=7.5ms, 最大耗時=51.7ms, 指令數=208
2025-07-19 21:08:44 [INFO] GripperOptimized:fast_loop:484 - 性能統計: 循環=948000, 平均耗時=7.3ms, 最大耗時=51.7ms, 指令數=208
2025-07-19 21:08:46 [INFO] GripperOptimized:process_commands:412 - 收到PGC指令: 代碼=3, 參數1=600, 參數2=0, ID=2
2025-07-19 21:08:46 [INFO] GripperOptimized:process_commands:418 - PGC指令執行成功
2025-07-19 21:08:46 [WARNING] GripperOptimized:fast_loop:492 - 主循環執行時間過長: 34.9ms
2025-07-19 21:08:49 [INFO] GripperOptimized:process_commands:412 - 收到PGC指令: 代碼=3, 參數1=300, 參數2=0, ID=3
2025-07-19 21:08:49 [INFO] GripperOptimized:process_commands:418 - PGC指令執行成功
2025-07-19 21:08:49 [WARNING] GripperOptimized:fast_loop:492 - 主循環執行時間過長: 36.2ms
2025-07-19 21:08:51 [INFO] GripperOptimized:process_commands:412 - 收到PGC指令: 代碼=3, 參數1=600, 參數2=0, ID=4
2025-07-19 21:08:51 [INFO] GripperOptimized:process_commands:418 - PGC指令執行成功
2025-07-19 21:08:51 [WARNING] GripperOptimized:fast_loop:492 - 主循環執行時間過長: 35.1ms
2025-07-19 21:08:56 [INFO] GripperOptimized:process_commands:412 - 收到PGC指令: 代碼=3, 參數1=300, 參數2=0, ID=5
2025-07-19 21:08:56 [INFO] GripperOptimized:process_commands:418 - PGC指令執行成功
2025-07-19 21:08:56 [WARNING] GripperOptimized:fast_loop:492 - 主循環執行時間過長: 35.2ms
2025-07-19 21:09:04 [INFO] GripperOptimized:process_commands:412 - 收到PGC指令: 代碼=3, 參數1=600, 參數2=0, ID=6
2025-07-19 21:09:04 [INFO] GripperOptimized:process_commands:418 - PGC指令執行成功
2025-07-19 21:09:04 [WARNING] GripperOptimized:fast_loop:492 - 主循環執行時間過長: 37.0ms
2025-07-19 21:09:05 [INFO] GripperOptimized:fast_loop:484 - 性能統計: 循環=949000, 平均耗時=7.4ms, 最大耗時=51.7ms, 指令數=213
2025-07-19 21:09:07 [INFO] GripperOptimized:process_commands:412 - 收到PGC指令: 代碼=3, 參數1=300, 參數2=0, ID=7
2025-07-19 21:09:07 [INFO] GripperOptimized:process_commands:418 - PGC指令執行成功
2025-07-19 21:09:07 [WARNING] GripperOptimized:fast_loop:492 - 主循環執行時間過長: 34.2ms
2025-07-19 21:09:08 [INFO] GripperOptimized:process_commands:412 - 收到PGC指令: 代碼=3, 參數1=600, 參數2=0, ID=8
2025-07-19 21:09:08 [INFO] GripperOptimized:process_commands:418 - PGC指令執行成功
2025-07-19 21:09:08 [WARNING] GripperOptimized:fast_loop:492 - 主循環執行時間過長: 35.0ms
2025-07-19 21:09:26 [INFO] GripperOptimized:fast_loop:484 - 性能統計: 循環=950000, 平均耗時=7.3ms, 最大耗時=51.7ms, 指令數=215
2025-07-19 21:09:47 [INFO] GripperOptimized:fast_loop:484 - 性能統計: 循環=951000, 平均耗時=7.3ms, 最大耗時=51.7ms, 指令數=215
2025-07-19 21:10:08 [INFO] GripperOptimized:fast_loop:484 - 性能統計: 循環=952000, 平均耗時=7.4ms, 最大耗時=51.7ms, 指令數=215
2025-07-19 21:10:28 [INFO] GripperOptimized:fast_loop:484 - 性能統計: 循環=953000, 平均耗時=7.4ms, 最大耗時=51.7ms, 指令數=215
2025-07-19 21:10:49 [INFO] GripperOptimized:fast_loop:484 - 性能統計: 循環=954000, 平均耗時=7.3ms, 最大耗時=51.7ms, 指令數=215
2025-07-19 21:11:10 [INFO] GripperOptimized:fast_loop:484 - 性能統計: 循環=955000, 平均耗時=7.7ms, 最大耗時=51.7ms, 指令數=215
2025-07-19 21:11:30 [INFO] GripperOptimized:fast_loop:484 - 性能統計: 循環=956000, 平均耗時=7.4ms, 最大耗時=51.7ms, 指令數=215
2025-07-19 21:11:51 [INFO] GripperOptimized:fast_loop:484 - 性能統計: 循環=957000, 平均耗時=7.6ms, 最大耗時=51.7ms, 指令數=215
2025-07-19 21:12:12 [INFO] GripperOptimized:fast_loop:484 - 性能統計: 循環=958000, 平均耗時=7.3ms, 最大耗時=51.7ms, 指令數=215
2025-07-19 21:12:32 [INFO] GripperOptimized:fast_loop:484 - 性能統計: 循環=959000, 平均耗時=7.7ms, 最大耗時=51.7ms, 指令數=215
2025-07-19 21:12:53 [INFO] GripperOptimized:fast_loop:484 - 性能統計: 循環=960000, 平均耗時=7.6ms, 最大耗時=51.7ms, 指令數=215
2025-07-19 21:13:14 [INFO] GripperOptimized:fast_loop:484 - 性能統計: 循環=961000, 平均耗時=7.4ms, 最大耗時=51.7ms, 指令數=215
2025-07-19 21:13:34 [INFO] GripperOptimized:fast_loop:484 - 性能統計: 循環=962000, 平均耗時=7.5ms, 最大耗時=51.7ms, 指令數=215
2025-07-19 21:13:55 [INFO] GripperOptimized:fast_loop:484 - 性能統計: 循環=963000, 平均耗時=7.6ms, 最大耗時=51.7ms, 指令數=215
2025-07-19 21:14:16 [INFO] GripperOptimized:fast_loop:484 - 性能統計: 循環=964000, 平均耗時=7.6ms, 最大耗時=51.7ms, 指令數=215
2025-07-19 21:14:36 [INFO] GripperOptimized:fast_loop:484 - 性能統計: 循環=965000, 平均耗時=7.2ms, 最大耗時=51.7ms, 指令數=215
2025-07-19 21:14:57 [INFO] GripperOptimized:fast_loop:484 - 性能統計: 循環=966000, 平均耗時=7.5ms, 最大耗時=51.7ms, 指令數=215
2025-07-19 21:15:18 [INFO] GripperOptimized:fast_loop:484 - 性能統計: 循環=967000, 平均耗時=7.5ms, 最大耗時=51.7ms, 指令數=215
2025-07-19 21:15:38 [INFO] GripperOptimized:fast_loop:484 - 性能統計: 循環=968000, 平均耗時=7.2ms, 最大耗時=51.7ms, 指令數=215
2025-07-19 21:15:59 [INFO] GripperOptimized:fast_loop:484 - 性能統計: 循環=969000, 平均耗時=7.3ms, 最大耗時=51.7ms, 指令數=215
2025-07-19 21:16:19 [INFO] GripperOptimized:fast_loop:484 - 性能統計: 循環=970000, 平均耗時=7.3ms, 最大耗時=51.7ms, 指令數=215
2025-07-19 21:16:40 [INFO] GripperOptimized:fast_loop:484 - 性能統計: 循環=971000, 平均耗時=7.6ms, 最大耗時=51.7ms, 指令數=215
2025-07-19 21:17:01 [INFO] GripperOptimized:fast_loop:484 - 性能統計: 循環=972000, 平均耗時=7.3ms, 最大耗時=51.7ms, 指令數=215
2025-07-19 21:17:21 [INFO] GripperOptimized:fast_loop:484 - 性能統計: 循環=973000, 平均耗時=7.4ms, 最大耗時=51.7ms, 指令數=215
2025-07-19 21:17:42 [INFO] GripperOptimized:fast_loop:484 - 性能統計: 循環=974000, 平均耗時=7.5ms, 最大耗時=51.7ms, 指令數=215
2025-07-19 21:18:03 [INFO] GripperOptimized:fast_loop:484 - 性能統計: 循環=975000, 平均耗時=7.1ms, 最大耗時=51.7ms, 指令數=215
2025-07-19 21:18:23 [INFO] GripperOptimized:fast_loop:484 - 性能統計: 循環=976000, 平均耗時=7.5ms, 最大耗時=51.7ms, 指令數=215
2025-07-19 21:18:44 [INFO] GripperOptimized:fast_loop:484 - 性能統計: 循環=977000, 平均耗時=7.5ms, 最大耗時=51.7ms, 指令數=215
2025-07-19 21:19:04 [INFO] GripperOptimized:fast_loop:484 - 性能統計: 循環=978000, 平均耗時=7.5ms, 最大耗時=51.7ms, 指令數=215
2025-07-19 21:19:25 [INFO] GripperOptimized:fast_loop:484 - 性能統計: 循環=979000, 平均耗時=7.2ms, 最大耗時=51.7ms, 指令數=215
2025-07-19 21:19:46 [INFO] GripperOptimized:fast_loop:484 - 性能統計: 循環=980000, 平均耗時=7.6ms, 最大耗時=51.7ms, 指令數=215
2025-07-19 21:20:06 [INFO] GripperOptimized:fast_loop:484 - 性能統計: 循環=981000, 平均耗時=7.5ms, 最大耗時=51.7ms, 指令數=215
2025-07-19 21:20:27 [INFO] GripperOptimized:fast_loop:484 - 性能統計: 循環=982000, 平均耗時=7.4ms, 最大耗時=51.7ms, 指令數=215
2025-07-19 21:20:48 [INFO] GripperOptimized:fast_loop:484 - 性能統計: 循環=983000, 平均耗時=7.7ms, 最大耗時=51.7ms, 指令數=215
2025-07-19 21:21:08 [INFO] GripperOptimized:fast_loop:484 - 性能統計: 循環=984000, 平均耗時=7.5ms, 最大耗時=51.7ms, 指令數=215
2025-07-19 21:21:29 [INFO] GripperOptimized:fast_loop:484 - 性能統計: 循環=985000, 平均耗時=7.3ms, 最大耗時=51.7ms, 指令數=215
2025-07-19 21:21:49 [INFO] GripperOptimized:fast_loop:484 - 性能統計: 循環=986000, 平均耗時=7.5ms, 最大耗時=51.7ms, 指令數=215
2025-07-19 21:22:10 [INFO] GripperOptimized:fast_loop:484 - 性能統計: 循環=987000, 平均耗時=7.5ms, 最大耗時=51.7ms, 指令數=215
2025-07-19 21:22:31 [INFO] GripperOptimized:fast_loop:484 - 性能統計: 循環=988000, 平均耗時=7.1ms, 最大耗時=51.7ms, 指令數=215
2025-07-19 21:22:51 [INFO] GripperOptimized:fast_loop:484 - 性能統計: 循環=989000, 平均耗時=7.7ms, 最大耗時=51.7ms, 指令數=215
2025-07-19 21:23:12 [INFO] GripperOptimized:fast_loop:484 - 性能統計: 循環=990000, 平均耗時=7.5ms, 最大耗時=51.7ms, 指令數=215
2025-07-19 21:23:33 [INFO] GripperOptimized:fast_loop:484 - 性能統計: 循環=991000, 平均耗時=7.2ms, 最大耗時=51.7ms, 指令數=215
2025-07-19 21:23:53 [INFO] GripperOptimized:fast_loop:484 - 性能統計: 循環=992000, 平均耗時=7.4ms, 最大耗時=51.7ms, 指令數=215
2025-07-19 21:24:14 [INFO] GripperOptimized:fast_loop:484 - 性能統計: 循環=993000, 平均耗時=7.4ms, 最大耗時=51.7ms, 指令數=215
2025-07-19 21:24:35 [INFO] GripperOptimized:fast_loop:484 - 性能統計: 循環=994000, 平均耗時=7.3ms, 最大耗時=51.7ms, 指令數=215
2025-07-19 21:24:55 [INFO] GripperOptimized:fast_loop:484 - 性能統計: 循環=995000, 平均耗時=7.5ms, 最大耗時=51.7ms, 指令數=215
2025-07-19 21:25:16 [INFO] GripperOptimized:fast_loop:484 - 性能統計: 循環=996000, 平均耗時=7.4ms, 最大耗時=51.7ms, 指令數=215
2025-07-19 21:25:36 [INFO] GripperOptimized:fast_loop:484 - 性能統計: 循環=997000, 平均耗時=7.8ms, 最大耗時=51.7ms, 指令數=215
2025-07-19 21:25:57 [INFO] GripperOptimized:fast_loop:484 - 性能統計: 循環=998000, 平均耗時=7.6ms, 最大耗時=51.7ms, 指令數=215
2025-07-19 21:26:18 [INFO] GripperOptimized:fast_loop:484 - 性能統計: 循環=999000, 平均耗時=7.6ms, 最大耗時=51.7ms, 指令數=215
2025-07-19 21:26:38 [INFO] GripperOptimized:fast_loop:484 - 性能統計: 循環=1000000, 平均耗時=7.5ms, 最大耗時=51.7ms, 指令數=215
2025-07-19 21:26:59 [INFO] GripperOptimized:fast_loop:484 - 性能統計: 循環=1001000, 平均耗時=7.3ms, 最大耗時=51.7ms, 指令數=215
2025-07-19 21:27:20 [INFO] GripperOptimized:fast_loop:484 - 性能統計: 循環=1002000, 平均耗時=7.4ms, 最大耗時=51.7ms, 指令數=215
2025-07-19 21:27:40 [INFO] GripperOptimized:fast_loop:484 - 性能統計: 循環=1003000, 平均耗時=7.5ms, 最大耗時=51.7ms, 指令數=215
2025-07-19 21:28:01 [INFO] GripperOptimized:fast_loop:484 - 性能統計: 循環=1004000, 平均耗時=7.2ms, 最大耗時=51.7ms, 指令數=215
2025-07-19 21:28:21 [INFO] GripperOptimized:fast_loop:484 - 性能統計: 循環=1005000, 平均耗時=7.6ms, 最大耗時=51.7ms, 指令數=215
2025-07-19 21:28:42 [INFO] GripperOptimized:fast_loop:484 - 性能統計: 循環=1006000, 平均耗時=7.0ms, 最大耗時=51.7ms, 指令數=215
2025-07-19 21:29:03 [INFO] GripperOptimized:fast_loop:484 - 性能統計: 循環=1007000, 平均耗時=7.6ms, 最大耗時=51.7ms, 指令數=215
2025-07-19 21:29:23 [INFO] GripperOptimized:fast_loop:484 - 性能統計: 循環=1008000, 平均耗時=7.3ms, 最大耗時=51.7ms, 指令數=215
2025-07-19 21:29:44 [INFO] GripperOptimized:fast_loop:484 - 性能統計: 循環=1009000, 平均耗時=7.6ms, 最大耗時=51.7ms, 指令數=215
2025-07-19 21:30:05 [INFO] GripperOptimized:fast_loop:484 - 性能統計: 循環=1010000, 平均耗時=7.5ms, 最大耗時=51.7ms, 指令數=215
2025-07-19 21:30:25 [INFO] GripperOptimized:fast_loop:484 - 性能統計: 循環=1011000, 平均耗時=7.4ms, 最大耗時=51.7ms, 指令數=215
2025-07-19 21:30:46 [INFO] GripperOptimized:fast_loop:484 - 性能統計: 循環=1012000, 平均耗時=7.5ms, 最大耗時=51.7ms, 指令數=215
2025-07-19 21:31:07 [INFO] GripperOptimized:fast_loop:484 - 性能統計: 循環=1013000, 平均耗時=7.5ms, 最大耗時=51.7ms, 指令數=215
2025-07-19 21:31:27 [INFO] GripperOptimized:fast_loop:484 - 性能統計: 循環=1014000, 平均耗時=7.5ms, 最大耗時=51.7ms, 指令數=215
2025-07-19 21:31:48 [INFO] GripperOptimized:fast_loop:484 - 性能統計: 循環=1015000, 平均耗時=7.5ms, 最大耗時=51.7ms, 指令數=215
2025-07-19 21:32:08 [INFO] GripperOptimized:fast_loop:484 - 性能統計: 循環=1016000, 平均耗時=7.6ms, 最大耗時=51.7ms, 指令數=215
2025-07-19 21:32:29 [INFO] GripperOptimized:fast_loop:484 - 性能統計: 循環=1017000, 平均耗時=7.5ms, 最大耗時=51.7ms, 指令數=215
2025-07-19 21:32:50 [INFO] GripperOptimized:fast_loop:484 - 性能統計: 循環=1018000, 平均耗時=7.5ms, 最大耗時=51.7ms, 指令數=215
2025-07-19 21:33:10 [INFO] GripperOptimized:fast_loop:484 - 性能統計: 循環=1019000, 平均耗時=7.5ms, 最大耗時=51.7ms, 指令數=215
2025-07-19 21:33:31 [INFO] GripperOptimized:fast_loop:484 - 性能統計: 循環=1020000, 平均耗時=7.6ms, 最大耗時=51.7ms, 指令數=215
2025-07-19 21:33:52 [INFO] GripperOptimized:fast_loop:484 - 性能統計: 循環=1021000, 平均耗時=7.4ms, 最大耗時=51.7ms, 指令數=215
2025-07-19 21:34:12 [INFO] GripperOptimized:fast_loop:484 - 性能統計: 循環=1022000, 平均耗時=7.3ms, 最大耗時=51.7ms, 指令數=215
2025-07-19 21:34:33 [INFO] GripperOptimized:fast_loop:484 - 性能統計: 循環=1023000, 平均耗時=7.4ms, 最大耗時=51.7ms, 指令數=215
2025-07-19 21:34:53 [INFO] GripperOptimized:fast_loop:484 - 性能統計: 循環=1024000, 平均耗時=7.3ms, 最大耗時=51.7ms, 指令數=215
2025-07-19 21:35:14 [INFO] GripperOptimized:fast_loop:484 - 性能統計: 循環=1025000, 平均耗時=7.4ms, 最大耗時=51.7ms, 指令數=215
2025-07-19 21:35:35 [INFO] GripperOptimized:fast_loop:484 - 性能統計: 循環=1026000, 平均耗時=7.5ms, 最大耗時=51.7ms, 指令數=215
2025-07-19 21:35:55 [INFO] GripperOptimized:fast_loop:484 - 性能統計: 循環=1027000, 平均耗時=7.4ms, 最大耗時=51.7ms, 指令數=215
2025-07-19 21:36:16 [INFO] GripperOptimized:fast_loop:484 - 性能統計: 循環=1028000, 平均耗時=7.3ms, 最大耗時=51.7ms, 指令數=215
2025-07-19 21:36:21 [INFO] GripperOptimized:process_commands:412 - 收到PGC指令: 代碼=8, 參數1=0, 參數2=0, ID=35263
2025-07-19 21:36:21 [INFO] GripperOptimized:process_commands:418 - PGC指令執行成功
2025-07-19 21:36:21 [WARNING] GripperOptimized:fast_loop:492 - 主循環執行時間過長: 35.6ms
2025-07-19 21:36:37 [INFO] GripperOptimized:fast_loop:484 - 性能統計: 循環=1029000, 平均耗時=7.5ms, 最大耗時=51.7ms, 指令數=216
2025-07-19 21:36:39 [INFO] GripperOptimized:process_commands:412 - 收到PGC指令: 代碼=1, 參數1=0, 參數2=0, ID=1
2025-07-19 21:36:39 [INFO] GripperOptimized:process_commands:418 - PGC指令執行成功
2025-07-19 21:36:39 [WARNING] GripperOptimized:fast_loop:492 - 主循環執行時間過長: 37.2ms
2025-07-19 21:36:45 [INFO] GripperOptimized:process_commands:412 - 收到PGC指令: 代碼=3, 參數1=460, 參數2=0, ID=2
2025-07-19 21:36:45 [INFO] GripperOptimized:process_commands:418 - PGC指令執行成功
2025-07-19 21:36:45 [WARNING] GripperOptimized:fast_loop:492 - 主循環執行時間過長: 37.5ms
2025-07-19 21:36:48 [INFO] GripperOptimized:process_commands:412 - 收到PGC指令: 代碼=3, 參數1=300, 參數2=0, ID=3
2025-07-19 21:36:48 [INFO] GripperOptimized:process_commands:418 - PGC指令執行成功
2025-07-19 21:36:48 [WARNING] GripperOptimized:fast_loop:492 - 主循環執行時間過長: 35.8ms
2025-07-19 21:36:49 [INFO] GripperOptimized:process_commands:412 - 收到PGC指令: 代碼=3, 參數1=460, 參數2=0, ID=4
2025-07-19 21:36:49 [INFO] GripperOptimized:process_commands:418 - PGC指令執行成功
2025-07-19 21:36:49 [WARNING] GripperOptimized:fast_loop:492 - 主循環執行時間過長: 35.2ms
2025-07-19 21:36:58 [INFO] GripperOptimized:fast_loop:484 - 性能統計: 循環=1030000, 平均耗時=7.4ms, 最大耗時=51.7ms, 指令數=220
2025-07-19 21:36:59 [INFO] GripperOptimized:process_commands:412 - 收到PGC指令: 代碼=3, 參數1=300, 參數2=0, ID=5
2025-07-19 21:36:59 [INFO] GripperOptimized:process_commands:418 - PGC指令執行成功
2025-07-19 21:36:59 [WARNING] GripperOptimized:fast_loop:492 - 主循環執行時間過長: 36.1ms
2025-07-19 21:37:05 [INFO] GripperOptimized:process_commands:412 - 收到PGC指令: 代碼=3, 參數1=460, 參數2=0, ID=6
2025-07-19 21:37:05 [INFO] GripperOptimized:process_commands:418 - PGC指令執行成功
2025-07-19 21:37:05 [WARNING] GripperOptimized:fast_loop:492 - 主循環執行時間過長: 36.9ms
2025-07-19 21:37:08 [INFO] GripperOptimized:process_commands:412 - 收到PGC指令: 代碼=3, 參數1=300, 參數2=0, ID=7
2025-07-19 21:37:08 [INFO] GripperOptimized:process_commands:418 - PGC指令執行成功
2025-07-19 21:37:08 [WARNING] GripperOptimized:fast_loop:492 - 主循環執行時間過長: 36.7ms
2025-07-19 21:37:09 [INFO] GripperOptimized:process_commands:412 - 收到PGC指令: 代碼=3, 參數1=460, 參數2=0, ID=8
2025-07-19 21:37:09 [INFO] GripperOptimized:process_commands:418 - PGC指令執行成功
2025-07-19 21:37:09 [WARNING] GripperOptimized:fast_loop:492 - 主循環執行時間過長: 36.8ms
2025-07-19 21:37:18 [INFO] GripperOptimized:fast_loop:484 - 性能統計: 循環=1031000, 平均耗時=7.4ms, 最大耗時=51.7ms, 指令數=224
2025-07-19 21:37:39 [INFO] GripperOptimized:fast_loop:484 - 性能統計: 循環=1032000, 平均耗時=7.3ms, 最大耗時=51.7ms, 指令數=224
2025-07-19 21:38:00 [INFO] GripperOptimized:fast_loop:484 - 性能統計: 循環=1033000, 平均耗時=7.6ms, 最大耗時=51.7ms, 指令數=224
2025-07-19 21:38:06 [INFO] GripperOptimized:process_commands:412 - 收到PGC指令: 代碼=3, 參數1=300, 參數2=0, ID=9
2025-07-19 21:38:06 [INFO] GripperOptimized:process_commands:418 - PGC指令執行成功
2025-07-19 21:38:06 [WARNING] GripperOptimized:fast_loop:492 - 主循環執行時間過長: 35.9ms
2025-07-19 21:38:12 [INFO] GripperOptimized:process_commands:412 - 收到PGC指令: 代碼=3, 參數1=460, 參數2=0, ID=10
2025-07-19 21:38:12 [INFO] GripperOptimized:process_commands:418 - PGC指令執行成功
2025-07-19 21:38:12 [WARNING] GripperOptimized:fast_loop:492 - 主循環執行時間過長: 35.6ms
2025-07-19 21:38:15 [INFO] GripperOptimized:process_commands:412 - 收到PGC指令: 代碼=3, 參數1=300, 參數2=0, ID=11
2025-07-19 21:38:15 [INFO] GripperOptimized:process_commands:418 - PGC指令執行成功
2025-07-19 21:38:15 [WARNING] GripperOptimized:fast_loop:492 - 主循環執行時間過長: 34.8ms
2025-07-19 21:38:16 [INFO] GripperOptimized:process_commands:412 - 收到PGC指令: 代碼=3, 參數1=460, 參數2=0, ID=12
2025-07-19 21:38:16 [INFO] GripperOptimized:process_commands:418 - PGC指令執行成功
2025-07-19 21:38:16 [WARNING] GripperOptimized:fast_loop:492 - 主循環執行時間過長: 35.7ms
2025-07-19 21:38:21 [INFO] GripperOptimized:fast_loop:484 - 性能統計: 循環=1034000, 平均耗時=7.4ms, 最大耗時=51.7ms, 指令數=228
2025-07-19 21:38:41 [INFO] GripperOptimized:fast_loop:484 - 性能統計: 循環=1035000, 平均耗時=7.5ms, 最大耗時=51.7ms, 指令數=228
2025-07-19 21:39:02 [INFO] GripperOptimized:fast_loop:484 - 性能統計: 循環=1036000, 平均耗時=7.7ms, 最大耗時=51.7ms, 指令數=228
2025-07-19 21:39:23 [INFO] GripperOptimized:fast_loop:484 - 性能統計: 循環=1037000, 平均耗時=7.3ms, 最大耗時=51.7ms, 指令數=228
2025-07-19 21:39:44 [INFO] GripperOptimized:fast_loop:484 - 性能統計: 循環=1038000, 平均耗時=7.7ms, 最大耗時=51.7ms, 指令數=228
2025-07-19 21:40:05 [INFO] GripperOptimized:fast_loop:484 - 性能統計: 循環=1039000, 平均耗時=7.4ms, 最大耗時=51.7ms, 指令數=228
2025-07-19 21:40:25 [INFO] GripperOptimized:fast_loop:484 - 性能統計: 循環=1040000, 平均耗時=7.2ms, 最大耗時=51.7ms, 指令數=228
2025-07-19 21:40:37 [INFO] GripperOptimized:process_commands:412 - 收到PGC指令: 代碼=8, 參數1=0, 參數2=0, ID=28899
2025-07-19 21:40:37 [INFO] GripperOptimized:process_commands:418 - PGC指令執行成功
2025-07-19 21:40:37 [WARNING] GripperOptimized:fast_loop:492 - 主循環執行時間過長: 36.0ms
2025-07-19 21:40:46 [INFO] GripperOptimized:fast_loop:484 - 性能統計: 循環=1041000, 平均耗時=7.5ms, 最大耗時=51.7ms, 指令數=229
2025-07-19 21:41:07 [INFO] GripperOptimized:fast_loop:484 - 性能統計: 循環=1042000, 平均耗時=7.8ms, 最大耗時=51.7ms, 指令數=229
2025-07-19 21:41:28 [INFO] GripperOptimized:fast_loop:484 - 性能統計: 循環=1043000, 平均耗時=7.4ms, 最大耗時=51.7ms, 指令數=229
2025-07-19 21:41:48 [INFO] GripperOptimized:fast_loop:484 - 性能統計: 循環=1044000, 平均耗時=7.8ms, 最大耗時=51.7ms, 指令數=229
2025-07-19 21:42:09 [INFO] GripperOptimized:fast_loop:484 - 性能統計: 循環=1045000, 平均耗時=7.5ms, 最大耗時=51.7ms, 指令數=229
2025-07-19 21:42:30 [INFO] GripperOptimized:fast_loop:484 - 性能統計: 循環=1046000, 平均耗時=7.8ms, 最大耗時=51.7ms, 指令數=229
2025-07-19 21:42:40 [INFO] GripperOptimized:process_commands:412 - 收到PGC指令: 代碼=1, 參數1=0, 參數2=0, ID=1
2025-07-19 21:42:40 [INFO] GripperOptimized:process_commands:418 - PGC指令執行成功
2025-07-19 21:42:41 [WARNING] GripperOptimized:fast_loop:492 - 主循環執行時間過長: 36.4ms
2025-07-19 21:42:49 [INFO] GripperOptimized:process_commands:412 - 收到PGC指令: 代碼=3, 參數1=460, 參數2=0, ID=2
2025-07-19 21:42:49 [INFO] GripperOptimized:process_commands:418 - PGC指令執行成功
2025-07-19 21:42:49 [WARNING] GripperOptimized:fast_loop:492 - 主循環執行時間過長: 35.6ms
2025-07-19 21:42:51 [INFO] GripperOptimized:fast_loop:484 - 性能統計: 循環=1047000, 平均耗時=7.5ms, 最大耗時=51.7ms, 指令數=231
2025-07-19 21:42:52 [INFO] GripperOptimized:process_commands:412 - 收到PGC指令: 代碼=3, 參數1=300, 參數2=0, ID=3
2025-07-19 21:42:52 [INFO] GripperOptimized:process_commands:418 - PGC指令執行成功
2025-07-19 21:42:52 [WARNING] GripperOptimized:fast_loop:492 - 主循環執行時間過長: 36.3ms
2025-07-19 21:43:03 [INFO] GripperOptimized:process_commands:412 - 收到PGC指令: 代碼=3, 參數1=460, 參數2=0, ID=4
2025-07-19 21:43:03 [INFO] GripperOptimized:process_commands:418 - PGC指令執行成功
2025-07-19 21:43:03 [WARNING] GripperOptimized:fast_loop:492 - 主循環執行時間過長: 35.1ms
2025-07-19 21:43:11 [INFO] GripperOptimized:fast_loop:484 - 性能統計: 循環=1048000, 平均耗時=7.3ms, 最大耗時=51.7ms, 指令數=233
2025-07-19 21:43:32 [INFO] GripperOptimized:fast_loop:484 - 性能統計: 循環=1049000, 平均耗時=7.7ms, 最大耗時=51.7ms, 指令數=233
2025-07-19 21:43:52 [INFO] GripperOptimized:process_commands:412 - 收到PGC指令: 代碼=8, 參數1=0, 參數2=0, ID=27431
2025-07-19 21:43:52 [INFO] GripperOptimized:process_commands:418 - PGC指令執行成功
2025-07-19 21:43:52 [WARNING] GripperOptimized:fast_loop:492 - 主循環執行時間過長: 36.4ms
2025-07-19 21:43:53 [INFO] GripperOptimized:fast_loop:484 - 性能統計: 循環=1050000, 平均耗時=7.7ms, 最大耗時=51.7ms, 指令數=234
2025-07-19 21:44:11 [INFO] GripperOptimized:process_commands:412 - 收到PGC指令: 代碼=1, 參數1=0, 參數2=0, ID=1
2025-07-19 21:44:11 [INFO] GripperOptimized:process_commands:418 - PGC指令執行成功
2025-07-19 21:44:11 [WARNING] GripperOptimized:fast_loop:492 - 主循環執行時間過長: 35.3ms
2025-07-19 21:44:14 [INFO] GripperOptimized:fast_loop:484 - 性能統計: 循環=1051000, 平均耗時=7.6ms, 最大耗時=51.7ms, 指令數=235
2025-07-19 21:44:19 [INFO] GripperOptimized:process_commands:412 - 收到PGC指令: 代碼=3, 參數1=460, 參數2=0, ID=2
2025-07-19 21:44:19 [INFO] GripperOptimized:process_commands:418 - PGC指令執行成功
2025-07-19 21:44:19 [WARNING] GripperOptimized:fast_loop:492 - 主循環執行時間過長: 37.3ms
2025-07-19 21:44:22 [INFO] GripperOptimized:process_commands:412 - 收到PGC指令: 代碼=3, 參數1=300, 參數2=0, ID=3
2025-07-19 21:44:22 [INFO] GripperOptimized:process_commands:418 - PGC指令執行成功
2025-07-19 21:44:22 [WARNING] GripperOptimized:fast_loop:492 - 主循環執行時間過長: 35.4ms
2025-07-19 21:44:23 [INFO] GripperOptimized:process_commands:412 - 收到PGC指令: 代碼=3, 參數1=460, 參數2=0, ID=4
2025-07-19 21:44:23 [INFO] GripperOptimized:process_commands:418 - PGC指令執行成功
2025-07-19 21:44:23 [WARNING] GripperOptimized:fast_loop:492 - 主循環執行時間過長: 35.4ms
2025-07-19 21:44:34 [INFO] GripperOptimized:fast_loop:484 - 性能統計: 循環=1052000, 平均耗時=7.4ms, 最大耗時=51.7ms, 指令數=238
2025-07-19 21:44:42 [INFO] GripperOptimized:process_commands:412 - 收到PGC指令: 代碼=3, 參數1=300, 參數2=0, ID=5
2025-07-19 21:44:42 [INFO] GripperOptimized:process_commands:418 - PGC指令執行成功
2025-07-19 21:44:42 [WARNING] GripperOptimized:fast_loop:492 - 主循環執行時間過長: 34.8ms
2025-07-19 21:44:48 [INFO] GripperOptimized:process_commands:412 - 收到PGC指令: 代碼=3, 參數1=460, 參數2=0, ID=6
2025-07-19 21:44:48 [INFO] GripperOptimized:process_commands:418 - PGC指令執行成功
2025-07-19 21:44:48 [WARNING] GripperOptimized:fast_loop:492 - 主循環執行時間過長: 36.8ms
2025-07-19 21:44:51 [INFO] GripperOptimized:process_commands:412 - 收到PGC指令: 代碼=3, 參數1=300, 參數2=0, ID=7
2025-07-19 21:44:51 [INFO] GripperOptimized:process_commands:418 - PGC指令執行成功
2025-07-19 21:44:51 [WARNING] GripperOptimized:fast_loop:492 - 主循環執行時間過長: 36.0ms
2025-07-19 21:44:52 [INFO] GripperOptimized:process_commands:412 - 收到PGC指令: 代碼=3, 參數1=460, 參數2=0, ID=8
2025-07-19 21:44:52 [INFO] GripperOptimized:process_commands:418 - PGC指令執行成功
2025-07-19 21:44:52 [WARNING] GripperOptimized:fast_loop:492 - 主循環執行時間過長: 36.3ms
2025-07-19 21:44:55 [INFO] GripperOptimized:fast_loop:484 - 性能統計: 循環=1053000, 平均耗時=7.6ms, 最大耗時=51.7ms, 指令數=242
2025-07-19 21:44:56 [INFO] GripperOptimized:process_commands:412 - 收到PGC指令: 代碼=3, 參數1=300, 參數2=0, ID=9
2025-07-19 21:44:56 [INFO] GripperOptimized:process_commands:418 - PGC指令執行成功
2025-07-19 21:44:56 [WARNING] GripperOptimized:fast_loop:492 - 主循環執行時間過長: 36.1ms
2025-07-19 21:45:02 [INFO] GripperOptimized:process_commands:412 - 收到PGC指令: 代碼=3, 參數1=460, 參數2=0, ID=10
2025-07-19 21:45:02 [INFO] GripperOptimized:process_commands:418 - PGC指令執行成功
2025-07-19 21:45:02 [WARNING] GripperOptimized:fast_loop:492 - 主循環執行時間過長: 35.1ms
2025-07-19 21:45:05 [INFO] GripperOptimized:process_commands:412 - 收到PGC指令: 代碼=3, 參數1=300, 參數2=0, ID=11
2025-07-19 21:45:05 [INFO] GripperOptimized:process_commands:418 - PGC指令執行成功
2025-07-19 21:45:05 [WARNING] GripperOptimized:fast_loop:492 - 主循環執行時間過長: 36.0ms
2025-07-19 21:45:16 [INFO] GripperOptimized:fast_loop:484 - 性能統計: 循環=1054000, 平均耗時=7.6ms, 最大耗時=51.7ms, 指令數=245
2025-07-19 21:45:16 [INFO] GripperOptimized:process_commands:412 - 收到PGC指令: 代碼=3, 參數1=460, 參數2=0, ID=12
2025-07-19 21:45:16 [INFO] GripperOptimized:process_commands:418 - PGC指令執行成功
2025-07-19 21:45:16 [WARNING] GripperOptimized:fast_loop:492 - 主循環執行時間過長: 36.9ms
2025-07-19 21:45:37 [INFO] GripperOptimized:fast_loop:484 - 性能統計: 循環=1055000, 平均耗時=7.8ms, 最大耗時=51.7ms, 指令數=246
2025-07-19 21:45:57 [INFO] GripperOptimized:fast_loop:484 - 性能統計: 循環=1056000, 平均耗時=7.5ms, 最大耗時=51.7ms, 指令數=246
2025-07-19 21:46:18 [INFO] GripperOptimized:fast_loop:484 - 性能統計: 循環=1057000, 平均耗時=7.7ms, 最大耗時=51.7ms, 指令數=246
2025-07-19 21:46:19 [INFO] GripperOptimized:process_commands:412 - 收到PGC指令: 代碼=1, 參數1=0, 參數2=0, ID=1
2025-07-19 21:46:19 [INFO] GripperOptimized:process_commands:418 - PGC指令執行成功
2025-07-19 21:46:19 [WARNING] GripperOptimized:fast_loop:492 - 主循環執行時間過長: 33.4ms
2025-07-19 21:46:28 [INFO] GripperOptimized:process_commands:412 - 收到PGC指令: 代碼=3, 參數1=460, 參數2=0, ID=2
2025-07-19 21:46:28 [INFO] GripperOptimized:process_commands:418 - PGC指令執行成功
2025-07-19 21:46:28 [WARNING] GripperOptimized:fast_loop:492 - 主循環執行時間過長: 35.4ms
2025-07-19 21:46:31 [INFO] GripperOptimized:process_commands:412 - 收到PGC指令: 代碼=3, 參數1=300, 參數2=0, ID=3
2025-07-19 21:46:31 [INFO] GripperOptimized:process_commands:418 - PGC指令執行成功
2025-07-19 21:46:31 [WARNING] GripperOptimized:fast_loop:492 - 主循環執行時間過長: 36.4ms
2025-07-19 21:46:33 [INFO] GripperOptimized:process_commands:412 - 收到PGC指令: 代碼=3, 參數1=460, 參數2=0, ID=4
2025-07-19 21:46:33 [INFO] GripperOptimized:process_commands:418 - PGC指令執行成功
2025-07-19 21:46:33 [WARNING] GripperOptimized:fast_loop:492 - 主循環執行時間過長: 35.1ms
2025-07-19 21:46:39 [INFO] GripperOptimized:fast_loop:484 - 性能統計: 循環=1058000, 平均耗時=7.3ms, 最大耗時=51.7ms, 指令數=250
2025-07-19 21:46:54 [INFO] GripperOptimized:process_commands:412 - 收到PGC指令: 代碼=3, 參數1=300, 參數2=0, ID=5
2025-07-19 21:46:54 [INFO] GripperOptimized:process_commands:418 - PGC指令執行成功
2025-07-19 21:46:54 [WARNING] GripperOptimized:fast_loop:492 - 主循環執行時間過長: 35.8ms
2025-07-19 21:46:59 [INFO] GripperOptimized:fast_loop:484 - 性能統計: 循環=1059000, 平均耗時=7.6ms, 最大耗時=51.7ms, 指令數=251
2025-07-19 21:47:00 [INFO] GripperOptimized:process_commands:412 - 收到PGC指令: 代碼=3, 參數1=460, 參數2=0, ID=6
2025-07-19 21:47:00 [INFO] GripperOptimized:process_commands:418 - PGC指令執行成功
2025-07-19 21:47:00 [WARNING] GripperOptimized:fast_loop:492 - 主循環執行時間過長: 35.9ms
2025-07-19 21:47:03 [INFO] GripperOptimized:process_commands:412 - 收到PGC指令: 代碼=3, 參數1=300, 參數2=0, ID=7
2025-07-19 21:47:03 [INFO] GripperOptimized:process_commands:418 - PGC指令執行成功
2025-07-19 21:47:03 [WARNING] GripperOptimized:fast_loop:492 - 主循環執行時間過長: 35.3ms
2025-07-19 21:47:04 [INFO] GripperOptimized:process_commands:412 - 收到PGC指令: 代碼=3, 參數1=460, 參數2=0, ID=8
2025-07-19 21:47:04 [INFO] GripperOptimized:process_commands:418 - PGC指令執行成功
2025-07-19 21:47:04 [WARNING] GripperOptimized:fast_loop:492 - 主循環執行時間過長: 36.7ms
2025-07-19 21:47:19 [INFO] GripperOptimized:process_commands:412 - 收到PGC指令: 代碼=3, 參數1=300, 參數2=0, ID=9
2025-07-19 21:47:19 [INFO] GripperOptimized:process_commands:418 - PGC指令執行成功
2025-07-19 21:47:19 [WARNING] GripperOptimized:fast_loop:492 - 主循環執行時間過長: 35.6ms
2025-07-19 21:47:20 [INFO] GripperOptimized:fast_loop:484 - 性能統計: 循環=1060000, 平均耗時=7.3ms, 最大耗時=51.7ms, 指令數=255
2025-07-19 21:47:24 [INFO] GripperOptimized:process_commands:412 - 收到PGC指令: 代碼=3, 參數1=460, 參數2=0, ID=10
2025-07-19 21:47:24 [INFO] GripperOptimized:process_commands:418 - PGC指令執行成功
2025-07-19 21:47:24 [WARNING] GripperOptimized:fast_loop:492 - 主循環執行時間過長: 36.0ms
2025-07-19 21:47:27 [INFO] GripperOptimized:process_commands:412 - 收到PGC指令: 代碼=3, 參數1=300, 參數2=0, ID=11
2025-07-19 21:47:27 [INFO] GripperOptimized:process_commands:418 - PGC指令執行成功
2025-07-19 21:47:27 [WARNING] GripperOptimized:fast_loop:492 - 主循環執行時間過長: 36.8ms
2025-07-19 21:47:29 [INFO] GripperOptimized:process_commands:412 - 收到PGC指令: 代碼=3, 參數1=460, 參數2=0, ID=12
2025-07-19 21:47:29 [INFO] GripperOptimized:process_commands:418 - PGC指令執行成功
2025-07-19 21:47:29 [WARNING] GripperOptimized:fast_loop:492 - 主循環執行時間過長: 35.3ms
2025-07-19 21:47:41 [INFO] GripperOptimized:fast_loop:484 - 性能統計: 循環=1061000, 平均耗時=7.2ms, 最大耗時=51.7ms, 指令數=258
2025-07-19 21:47:52 [INFO] GripperOptimized:process_commands:412 - 收到PGC指令: 代碼=3, 參數1=300, 參數2=0, ID=13
2025-07-19 21:47:52 [INFO] GripperOptimized:process_commands:418 - PGC指令執行成功
2025-07-19 21:47:52 [WARNING] GripperOptimized:fast_loop:492 - 主循環執行時間過長: 36.7ms
2025-07-19 21:47:58 [INFO] GripperOptimized:process_commands:412 - 收到PGC指令: 代碼=3, 參數1=460, 參數2=0, ID=14
2025-07-19 21:47:58 [INFO] GripperOptimized:process_commands:418 - PGC指令執行成功
2025-07-19 21:47:58 [WARNING] GripperOptimized:fast_loop:492 - 主循環執行時間過長: 36.5ms
2025-07-19 21:48:01 [INFO] GripperOptimized:process_commands:412 - 收到PGC指令: 代碼=3, 參數1=300, 參數2=0, ID=15
2025-07-19 21:48:01 [INFO] GripperOptimized:process_commands:418 - PGC指令執行成功
2025-07-19 21:48:01 [WARNING] GripperOptimized:fast_loop:492 - 主循環執行時間過長: 35.6ms
2025-07-19 21:48:02 [INFO] GripperOptimized:fast_loop:484 - 性能統計: 循環=1062000, 平均耗時=7.6ms, 最大耗時=51.7ms, 指令數=261
2025-07-19 21:48:03 [INFO] GripperOptimized:process_commands:412 - 收到PGC指令: 代碼=3, 參數1=460, 參數2=0, ID=16
2025-07-19 21:48:03 [INFO] GripperOptimized:process_commands:418 - PGC指令執行成功
2025-07-19 21:48:03 [WARNING] GripperOptimized:fast_loop:492 - 主循環執行時間過長: 36.0ms
2025-07-19 21:48:23 [INFO] GripperOptimized:fast_loop:484 - 性能統計: 循環=1063000, 平均耗時=7.3ms, 最大耗時=51.7ms, 指令數=262
2025-07-19 21:48:43 [INFO] GripperOptimized:fast_loop:484 - 性能統計: 循環=1064000, 平均耗時=7.6ms, 最大耗時=51.7ms, 指令數=262
2025-07-19 21:49:00 [INFO] GripperOptimized:process_commands:412 - 收到PGC指令: 代碼=8, 參數1=0, 參數2=0, ID=8385
2025-07-19 21:49:00 [INFO] GripperOptimized:process_commands:418 - PGC指令執行成功
2025-07-19 21:49:00 [WARNING] GripperOptimized:fast_loop:492 - 主循環執行時間過長: 35.2ms
2025-07-19 21:49:04 [INFO] GripperOptimized:fast_loop:484 - 性能統計: 循環=1065000, 平均耗時=7.5ms, 最大耗時=51.7ms, 指令數=263
2025-07-19 21:49:19 [INFO] GripperOptimized:process_commands:412 - 收到PGC指令: 代碼=1, 參數1=0, 參數2=0, ID=1
2025-07-19 21:49:19 [INFO] GripperOptimized:process_commands:418 - PGC指令執行成功
2025-07-19 21:49:19 [WARNING] GripperOptimized:fast_loop:492 - 主循環執行時間過長: 36.7ms
2025-07-19 21:49:25 [INFO] GripperOptimized:fast_loop:484 - 性能統計: 循環=1066000, 平均耗時=7.3ms, 最大耗時=51.7ms, 指令數=264
2025-07-19 21:49:30 [INFO] GripperOptimized:process_commands:412 - 收到PGC指令: 代碼=3, 參數1=460, 參數2=0, ID=2
2025-07-19 21:49:30 [INFO] GripperOptimized:process_commands:418 - PGC指令執行成功
2025-07-19 21:49:30 [WARNING] GripperOptimized:fast_loop:492 - 主循環執行時間過長: 35.2ms
2025-07-19 21:49:31 [INFO] GripperOptimized:process_commands:412 - 收到PGC指令: 代碼=3, 參數1=300, 參數2=0, ID=3
2025-07-19 21:49:31 [INFO] GripperOptimized:process_commands:418 - PGC指令執行成功
2025-07-19 21:49:31 [WARNING] GripperOptimized:fast_loop:492 - 主循環執行時間過長: 35.9ms
2025-07-19 21:49:42 [INFO] GripperOptimized:process_commands:412 - 收到PGC指令: 代碼=3, 參數1=460, 參數2=0, ID=4
2025-07-19 21:49:42 [INFO] GripperOptimized:process_commands:418 - PGC指令執行成功
2025-07-19 21:49:42 [WARNING] GripperOptimized:fast_loop:492 - 主循環執行時間過長: 34.3ms
2025-07-19 21:49:45 [INFO] GripperOptimized:fast_loop:484 - 性能統計: 循環=1067000, 平均耗時=7.4ms, 最大耗時=51.7ms, 指令數=267
2025-07-19 21:49:49 [INFO] GripperOptimized:process_commands:412 - 收到PGC指令: 代碼=3, 參數1=300, 參數2=0, ID=5
2025-07-19 21:49:49 [INFO] GripperOptimized:process_commands:418 - PGC指令執行成功
2025-07-19 21:49:49 [WARNING] GripperOptimized:fast_loop:492 - 主循環執行時間過長: 36.2ms
2025-07-19 21:49:53 [INFO] GripperOptimized:process_commands:412 - 收到PGC指令: 代碼=3, 參數1=460, 參數2=0, ID=6
2025-07-19 21:49:53 [INFO] GripperOptimized:process_commands:418 - PGC指令執行成功
2025-07-19 21:49:53 [WARNING] GripperOptimized:fast_loop:492 - 主循環執行時間過長: 35.4ms
2025-07-19 21:49:54 [INFO] GripperOptimized:process_commands:412 - 收到PGC指令: 代碼=3, 參數1=300, 參數2=0, ID=7
2025-07-19 21:49:54 [INFO] GripperOptimized:process_commands:418 - PGC指令執行成功
2025-07-19 21:49:54 [WARNING] GripperOptimized:fast_loop:492 - 主循環執行時間過長: 36.0ms
2025-07-19 21:50:05 [INFO] GripperOptimized:process_commands:412 - 收到PGC指令: 代碼=3, 參數1=460, 參數2=0, ID=8
2025-07-19 21:50:05 [INFO] GripperOptimized:process_commands:418 - PGC指令執行成功
2025-07-19 21:50:06 [WARNING] GripperOptimized:fast_loop:492 - 主循環執行時間過長: 35.4ms
2025-07-19 21:50:06 [INFO] GripperOptimized:fast_loop:484 - 性能統計: 循環=1068000, 平均耗時=7.4ms, 最大耗時=51.7ms, 指令數=271
2025-07-19 21:50:12 [INFO] GripperOptimized:process_commands:412 - 收到PGC指令: 代碼=3, 參數1=300, 參數2=0, ID=9
2025-07-19 21:50:12 [INFO] GripperOptimized:process_commands:418 - PGC指令執行成功
2025-07-19 21:50:12 [WARNING] GripperOptimized:fast_loop:492 - 主循環執行時間過長: 34.8ms
2025-07-19 21:50:16 [INFO] GripperOptimized:process_commands:412 - 收到PGC指令: 代碼=3, 參數1=460, 參數2=0, ID=10
2025-07-19 21:50:16 [INFO] GripperOptimized:process_commands:418 - PGC指令執行成功
2025-07-19 21:50:16 [WARNING] GripperOptimized:fast_loop:492 - 主循環執行時間過長: 37.0ms
2025-07-19 21:50:18 [INFO] GripperOptimized:process_commands:412 - 收到PGC指令: 代碼=3, 參數1=300, 參數2=0, ID=11
2025-07-19 21:50:18 [INFO] GripperOptimized:process_commands:418 - PGC指令執行成功
2025-07-19 21:50:18 [WARNING] GripperOptimized:fast_loop:492 - 主循環執行時間過長: 35.9ms
2025-07-19 21:50:27 [INFO] GripperOptimized:fast_loop:484 - 性能統計: 循環=1069000, 平均耗時=7.5ms, 最大耗時=51.7ms, 指令數=274
2025-07-19 21:50:29 [INFO] GripperOptimized:process_commands:412 - 收到PGC指令: 代碼=3, 參數1=460, 參數2=0, ID=12
2025-07-19 21:50:29 [INFO] GripperOptimized:process_commands:418 - PGC指令執行成功
2025-07-19 21:50:29 [WARNING] GripperOptimized:fast_loop:492 - 主循環執行時間過長: 34.7ms
2025-07-19 21:50:35 [INFO] GripperOptimized:process_commands:412 - 收到PGC指令: 代碼=3, 參數1=300, 參數2=0, ID=13
2025-07-19 21:50:35 [INFO] GripperOptimized:process_commands:418 - PGC指令執行成功
2025-07-19 21:50:35 [WARNING] GripperOptimized:fast_loop:492 - 主循環執行時間過長: 33.8ms
2025-07-19 21:50:39 [INFO] GripperOptimized:process_commands:412 - 收到PGC指令: 代碼=3, 參數1=460, 參數2=0, ID=14
2025-07-19 21:50:39 [INFO] GripperOptimized:process_commands:418 - PGC指令執行成功
2025-07-19 21:50:39 [WARNING] GripperOptimized:fast_loop:492 - 主循環執行時間過長: 35.1ms
2025-07-19 21:50:40 [INFO] GripperOptimized:process_commands:412 - 收到PGC指令: 代碼=3, 參數1=300, 參數2=0, ID=15
2025-07-19 21:50:40 [INFO] GripperOptimized:process_commands:418 - PGC指令執行成功
2025-07-19 21:50:40 [WARNING] GripperOptimized:fast_loop:492 - 主循環執行時間過長: 35.7ms
2025-07-19 21:50:48 [INFO] GripperOptimized:fast_loop:484 - 性能統計: 循環=1070000, 平均耗時=7.3ms, 最大耗時=51.7ms, 指令數=278
2025-07-19 21:50:52 [INFO] GripperOptimized:process_commands:412 - 收到PGC指令: 代碼=3, 參數1=460, 參數2=0, ID=16
2025-07-19 21:50:52 [INFO] GripperOptimized:process_commands:418 - PGC指令執行成功
2025-07-19 21:50:52 [WARNING] GripperOptimized:fast_loop:492 - 主循環執行時間過長: 36.6ms
2025-07-19 21:51:08 [INFO] GripperOptimized:fast_loop:484 - 性能統計: 循環=1071000, 平均耗時=7.5ms, 最大耗時=51.7ms, 指令數=279
2025-07-19 21:51:29 [INFO] GripperOptimized:fast_loop:484 - 性能統計: 循環=1072000, 平均耗時=7.7ms, 最大耗時=51.7ms, 指令數=279
2025-07-19 21:51:50 [INFO] GripperOptimized:fast_loop:484 - 性能統計: 循環=1073000, 平均耗時=7.6ms, 最大耗時=51.7ms, 指令數=279
2025-07-19 21:52:11 [INFO] GripperOptimized:fast_loop:484 - 性能統計: 循環=1074000, 平均耗時=7.7ms, 最大耗時=51.7ms, 指令數=279
2025-07-19 21:52:31 [INFO] GripperOptimized:fast_loop:484 - 性能統計: 循環=1075000, 平均耗時=7.9ms, 最大耗時=51.7ms, 指令數=279
2025-07-19 21:52:52 [INFO] GripperOptimized:fast_loop:484 - 性能統計: 循環=1076000, 平均耗時=7.7ms, 最大耗時=51.7ms, 指令數=279
2025-07-19 21:53:13 [INFO] GripperOptimized:fast_loop:484 - 性能統計: 循環=1077000, 平均耗時=7.8ms, 最大耗時=51.7ms, 指令數=279
2025-07-19 21:53:33 [INFO] GripperOptimized:fast_loop:484 - 性能統計: 循環=1078000, 平均耗時=7.7ms, 最大耗時=51.7ms, 指令數=279
2025-07-19 21:53:54 [INFO] GripperOptimized:fast_loop:484 - 性能統計: 循環=1079000, 平均耗時=7.1ms, 最大耗時=51.7ms, 指令數=279
2025-07-19 21:54:15 [INFO] GripperOptimized:fast_loop:484 - 性能統計: 循環=1080000, 平均耗時=7.2ms, 最大耗時=51.7ms, 指令數=279
2025-07-19 21:54:36 [INFO] GripperOptimized:fast_loop:484 - 性能統計: 循環=1081000, 平均耗時=7.9ms, 最大耗時=51.7ms, 指令數=279
2025-07-19 21:54:56 [INFO] GripperOptimized:fast_loop:484 - 性能統計: 循環=1082000, 平均耗時=7.8ms, 最大耗時=51.7ms, 指令數=279
2025-07-19 21:55:17 [INFO] GripperOptimized:fast_loop:484 - 性能統計: 循環=1083000, 平均耗時=7.6ms, 最大耗時=51.7ms, 指令數=279
2025-07-19 21:55:38 [INFO] GripperOptimized:fast_loop:484 - 性能統計: 循環=1084000, 平均耗時=7.8ms, 最大耗時=51.7ms, 指令數=279
2025-07-19 21:55:58 [INFO] GripperOptimized:fast_loop:484 - 性能統計: 循環=1085000, 平均耗時=7.6ms, 最大耗時=51.7ms, 指令數=279
2025-07-19 21:56:19 [INFO] GripperOptimized:fast_loop:484 - 性能統計: 循環=1086000, 平均耗時=7.7ms, 最大耗時=51.7ms, 指令數=279
2025-07-19 21:56:40 [INFO] GripperOptimized:fast_loop:484 - 性能統計: 循環=1087000, 平均耗時=7.7ms, 最大耗時=51.7ms, 指令數=279
2025-07-19 21:57:00 [INFO] GripperOptimized:fast_loop:484 - 性能統計: 循環=1088000, 平均耗時=7.7ms, 最大耗時=51.7ms, 指令數=279
2025-07-19 21:57:18 [INFO] GripperOptimized:process_commands:412 - 收到PGC指令: 代碼=1, 參數1=0, 參數2=0, ID=1
2025-07-19 21:57:18 [INFO] GripperOptimized:process_commands:418 - PGC指令執行成功
2025-07-19 21:57:18 [WARNING] GripperOptimized:fast_loop:492 - 主循環執行時間過長: 36.2ms
2025-07-19 21:57:21 [INFO] GripperOptimized:fast_loop:484 - 性能統計: 循環=1089000, 平均耗時=7.7ms, 最大耗時=51.7ms, 指令數=280
2025-07-19 21:57:42 [INFO] GripperOptimized:fast_loop:484 - 性能統計: 循環=1090000, 平均耗時=7.4ms, 最大耗時=51.7ms, 指令數=280
2025-07-19 21:57:47 [INFO] GripperOptimized:process_commands:412 - 收到PGC指令: 代碼=3, 參數1=460, 參數2=0, ID=2
2025-07-19 21:57:47 [INFO] GripperOptimized:process_commands:418 - PGC指令執行成功
2025-07-19 21:57:47 [WARNING] GripperOptimized:fast_loop:492 - 主循環執行時間過長: 36.4ms
2025-07-19 21:57:48 [INFO] GripperOptimized:process_commands:412 - 收到PGC指令: 代碼=3, 參數1=300, 參數2=0, ID=3
2025-07-19 21:57:48 [INFO] GripperOptimized:process_commands:418 - PGC指令執行成功
2025-07-19 21:57:48 [WARNING] GripperOptimized:fast_loop:492 - 主循環執行時間過長: 36.5ms
2025-07-19 21:57:59 [INFO] GripperOptimized:process_commands:412 - 收到PGC指令: 代碼=3, 參數1=460, 參數2=0, ID=4
2025-07-19 21:57:59 [INFO] GripperOptimized:process_commands:418 - PGC指令執行成功
2025-07-19 21:57:59 [WARNING] GripperOptimized:fast_loop:492 - 主循環執行時間過長: 36.0ms
2025-07-19 21:58:03 [INFO] GripperOptimized:fast_loop:484 - 性能統計: 循環=1091000, 平均耗時=7.6ms, 最大耗時=51.7ms, 指令數=283
2025-07-19 21:58:03 [INFO] GripperOptimized:process_commands:412 - 收到PGC指令: 代碼=3, 參數1=300, 參數2=0, ID=5
2025-07-19 21:58:03 [INFO] GripperOptimized:process_commands:418 - PGC指令執行成功
2025-07-19 21:58:03 [WARNING] GripperOptimized:fast_loop:492 - 主循環執行時間過長: 36.7ms
2025-07-19 21:58:23 [INFO] GripperOptimized:fast_loop:484 - 性能統計: 循環=1092000, 平均耗時=7.6ms, 最大耗時=51.7ms, 指令數=284
2025-07-19 21:58:44 [INFO] GripperOptimized:fast_loop:484 - 性能統計: 循環=1093000, 平均耗時=7.8ms, 最大耗時=51.7ms, 指令數=284
2025-07-19 21:59:05 [INFO] GripperOptimized:fast_loop:484 - 性能統計: 循環=1094000, 平均耗時=7.7ms, 最大耗時=51.7ms, 指令數=284
2025-07-19 21:59:25 [INFO] GripperOptimized:fast_loop:484 - 性能統計: 循環=1095000, 平均耗時=7.8ms, 最大耗時=51.7ms, 指令數=284
2025-07-19 21:59:46 [INFO] GripperOptimized:fast_loop:484 - 性能統計: 循環=1096000, 平均耗時=7.6ms, 最大耗時=51.7ms, 指令數=284
2025-07-19 22:00:07 [INFO] GripperOptimized:fast_loop:484 - 性能統計: 循環=1097000, 平均耗時=7.7ms, 最大耗時=51.7ms, 指令數=284
2025-07-19 22:00:27 [INFO] GripperOptimized:fast_loop:484 - 性能統計: 循環=1098000, 平均耗時=7.3ms, 最大耗時=51.7ms, 指令數=284
2025-07-19 22:00:48 [INFO] GripperOptimized:fast_loop:484 - 性能統計: 循環=1099000, 平均耗時=7.6ms, 最大耗時=51.7ms, 指令數=284
2025-07-19 22:01:09 [INFO] GripperOptimized:fast_loop:484 - 性能統計: 循環=1100000, 平均耗時=7.3ms, 最大耗時=51.7ms, 指令數=284
2025-07-19 22:01:29 [INFO] GripperOptimized:fast_loop:484 - 性能統計: 循環=1101000, 平均耗時=7.3ms, 最大耗時=51.7ms, 指令數=284
2025-07-19 22:01:50 [INFO] GripperOptimized:fast_loop:484 - 性能統計: 循環=1102000, 平均耗時=7.6ms, 最大耗時=51.7ms, 指令數=284
2025-07-19 22:02:11 [INFO] GripperOptimized:fast_loop:484 - 性能統計: 循環=1103000, 平均耗時=7.4ms, 最大耗時=51.7ms, 指令數=284
2025-07-19 22:02:31 [INFO] GripperOptimized:fast_loop:484 - 性能統計: 循環=1104000, 平均耗時=7.5ms, 最大耗時=51.7ms, 指令數=284
2025-07-19 22:02:52 [INFO] GripperOptimized:fast_loop:484 - 性能統計: 循環=1105000, 平均耗時=7.7ms, 最大耗時=51.7ms, 指令數=284
2025-07-19 22:03:13 [INFO] GripperOptimized:fast_loop:484 - 性能統計: 循環=1106000, 平均耗時=7.4ms, 最大耗時=51.7ms, 指令數=284
2025-07-19 22:03:34 [INFO] GripperOptimized:fast_loop:484 - 性能統計: 循環=1107000, 平均耗時=7.8ms, 最大耗時=51.7ms, 指令數=284
2025-07-19 22:03:54 [INFO] GripperOptimized:fast_loop:484 - 性能統計: 循環=1108000, 平均耗時=7.7ms, 最大耗時=51.7ms, 指令數=284
2025-07-19 22:04:15 [INFO] GripperOptimized:fast_loop:484 - 性能統計: 循環=1109000, 平均耗時=7.4ms, 最大耗時=51.7ms, 指令數=284
2025-07-19 22:04:34 [INFO] GripperOptimized:process_commands:412 - 收到PGC指令: 代碼=1, 參數1=0, 參數2=0, ID=1
2025-07-19 22:04:34 [INFO] GripperOptimized:process_commands:418 - PGC指令執行成功
2025-07-19 22:04:34 [WARNING] GripperOptimized:fast_loop:492 - 主循環執行時間過長: 35.5ms
2025-07-19 22:04:36 [INFO] GripperOptimized:fast_loop:484 - 性能統計: 循環=1110000, 平均耗時=7.4ms, 最大耗時=51.7ms, 指令數=285
2025-07-19 22:04:38 [INFO] GripperOptimized:process_commands:412 - 收到PGC指令: 代碼=3, 參數1=460, 參數2=0, ID=2
2025-07-19 22:04:38 [INFO] GripperOptimized:process_commands:418 - PGC指令執行成功
2025-07-19 22:04:38 [WARNING] GripperOptimized:fast_loop:492 - 主循環執行時間過長: 36.7ms
2025-07-19 22:04:39 [INFO] GripperOptimized:process_commands:412 - 收到PGC指令: 代碼=3, 參數1=300, 參數2=0, ID=3
2025-07-19 22:04:39 [INFO] GripperOptimized:process_commands:418 - PGC指令執行成功
2025-07-19 22:04:39 [WARNING] GripperOptimized:fast_loop:492 - 主循環執行時間過長: 36.6ms
2025-07-19 22:04:50 [INFO] GripperOptimized:process_commands:412 - 收到PGC指令: 代碼=3, 參數1=460, 參數2=0, ID=4
2025-07-19 22:04:50 [INFO] GripperOptimized:process_commands:418 - PGC指令執行成功
2025-07-19 22:04:50 [WARNING] GripperOptimized:fast_loop:492 - 主循環執行時間過長: 34.9ms
2025-07-19 22:04:56 [INFO] GripperOptimized:fast_loop:484 - 性能統計: 循環=1111000, 平均耗時=7.7ms, 最大耗時=51.7ms, 指令數=288
2025-07-19 22:05:17 [INFO] GripperOptimized:fast_loop:484 - 性能統計: 循環=1112000, 平均耗時=7.8ms, 最大耗時=51.7ms, 指令數=288
2025-07-19 22:05:38 [INFO] GripperOptimized:fast_loop:484 - 性能統計: 循環=1113000, 平均耗時=7.7ms, 最大耗時=51.7ms, 指令數=288
2025-07-19 22:05:59 [INFO] GripperOptimized:fast_loop:484 - 性能統計: 循環=1114000, 平均耗時=7.7ms, 最大耗時=51.7ms, 指令數=288
2025-07-19 22:06:19 [INFO] GripperOptimized:fast_loop:484 - 性能統計: 循環=1115000, 平均耗時=7.8ms, 最大耗時=51.7ms, 指令數=288
2025-07-19 22:06:40 [INFO] GripperOptimized:fast_loop:484 - 性能統計: 循環=1116000, 平均耗時=7.6ms, 最大耗時=51.7ms, 指令數=288
2025-07-19 22:07:01 [INFO] GripperOptimized:fast_loop:484 - 性能統計: 循環=1117000, 平均耗時=7.0ms, 最大耗時=51.7ms, 指令數=288
2025-07-19 22:07:21 [INFO] GripperOptimized:fast_loop:484 - 性能統計: 循環=1118000, 平均耗時=7.2ms, 最大耗時=51.7ms, 指令數=288
2025-07-19 22:07:29 [INFO] GripperOptimized:process_commands:412 - 收到PGC指令: 代碼=1, 參數1=0, 參數2=0, ID=1
2025-07-19 22:07:29 [INFO] GripperOptimized:process_commands:418 - PGC指令執行成功
2025-07-19 22:07:29 [WARNING] GripperOptimized:fast_loop:492 - 主循環執行時間過長: 35.6ms
2025-07-19 22:07:34 [INFO] GripperOptimized:process_commands:412 - 收到PGC指令: 代碼=3, 參數1=460, 參數2=0, ID=2
2025-07-19 22:07:34 [INFO] GripperOptimized:process_commands:418 - PGC指令執行成功
2025-07-19 22:07:34 [WARNING] GripperOptimized:fast_loop:492 - 主循環執行時間過長: 35.6ms
2025-07-19 22:07:34 [INFO] GripperOptimized:process_commands:412 - 收到PGC指令: 代碼=3, 參數1=300, 參數2=0, ID=3
2025-07-19 22:07:34 [INFO] GripperOptimized:process_commands:418 - PGC指令執行成功
2025-07-19 22:07:34 [WARNING] GripperOptimized:fast_loop:492 - 主循環執行時間過長: 35.3ms
2025-07-19 22:07:42 [INFO] GripperOptimized:fast_loop:484 - 性能統計: 循環=1119000, 平均耗時=7.4ms, 最大耗時=51.7ms, 指令數=291
2025-07-19 22:07:45 [INFO] GripperOptimized:process_commands:412 - 收到PGC指令: 代碼=3, 參數1=460, 參數2=0, ID=4
2025-07-19 22:07:45 [INFO] GripperOptimized:process_commands:418 - PGC指令執行成功
2025-07-19 22:07:45 [WARNING] GripperOptimized:fast_loop:492 - 主循環執行時間過長: 35.5ms
2025-07-19 22:08:03 [INFO] GripperOptimized:fast_loop:484 - 性能統計: 循環=1120000, 平均耗時=7.4ms, 最大耗時=51.7ms, 指令數=292
2025-07-19 22:08:12 [INFO] GripperOptimized:process_commands:412 - 收到PGC指令: 代碼=3, 參數1=300, 參數2=0, ID=5
2025-07-19 22:08:12 [INFO] GripperOptimized:process_commands:418 - PGC指令執行成功
2025-07-19 22:08:12 [WARNING] GripperOptimized:fast_loop:492 - 主循環執行時間過長: 35.5ms
2025-07-19 22:08:17 [INFO] GripperOptimized:process_commands:412 - 收到PGC指令: 代碼=3, 參數1=460, 參數2=0, ID=6
2025-07-19 22:08:17 [INFO] GripperOptimized:process_commands:418 - PGC指令執行成功
2025-07-19 22:08:17 [WARNING] GripperOptimized:fast_loop:492 - 主循環執行時間過長: 35.6ms
2025-07-19 22:08:17 [INFO] GripperOptimized:process_commands:412 - 收到PGC指令: 代碼=3, 參數1=300, 參數2=0, ID=7
2025-07-19 22:08:17 [INFO] GripperOptimized:process_commands:418 - PGC指令執行成功
2025-07-19 22:08:17 [WARNING] GripperOptimized:fast_loop:492 - 主循環執行時間過長: 36.7ms
2025-07-19 22:08:24 [INFO] GripperOptimized:fast_loop:484 - 性能統計: 循環=1121000, 平均耗時=7.5ms, 最大耗時=51.7ms, 指令數=295
2025-07-19 22:08:28 [INFO] GripperOptimized:process_commands:412 - 收到PGC指令: 代碼=3, 參數1=460, 參數2=0, ID=8
2025-07-19 22:08:28 [INFO] GripperOptimized:process_commands:418 - PGC指令執行成功
2025-07-19 22:08:28 [WARNING] GripperOptimized:fast_loop:492 - 主循環執行時間過長: 35.7ms
2025-07-19 22:08:32 [INFO] GripperOptimized:process_commands:412 - 收到PGC指令: 代碼=3, 參數1=300, 參數2=0, ID=9
2025-07-19 22:08:32 [INFO] GripperOptimized:process_commands:418 - PGC指令執行成功
2025-07-19 22:08:32 [WARNING] GripperOptimized:fast_loop:492 - 主循環執行時間過長: 34.9ms
2025-07-19 22:08:36 [INFO] GripperOptimized:process_commands:412 - 收到PGC指令: 代碼=3, 參數1=460, 參數2=0, ID=10
2025-07-19 22:08:36 [INFO] GripperOptimized:process_commands:418 - PGC指令執行成功
2025-07-19 22:08:36 [WARNING] GripperOptimized:fast_loop:492 - 主循環執行時間過長: 37.1ms
2025-07-19 22:08:37 [INFO] GripperOptimized:process_commands:412 - 收到PGC指令: 代碼=3, 參數1=300, 參數2=0, ID=11
2025-07-19 22:08:37 [INFO] GripperOptimized:process_commands:418 - PGC指令執行成功
2025-07-19 22:08:37 [WARNING] GripperOptimized:fast_loop:492 - 主循環執行時間過長: 37.4ms
2025-07-19 22:08:44 [INFO] GripperOptimized:fast_loop:484 - 性能統計: 循環=1122000, 平均耗時=7.0ms, 最大耗時=51.7ms, 指令數=299
2025-07-19 22:08:48 [INFO] GripperOptimized:process_commands:412 - 收到PGC指令: 代碼=3, 參數1=460, 參數2=0, ID=12
2025-07-19 22:08:48 [INFO] GripperOptimized:process_commands:418 - PGC指令執行成功
2025-07-19 22:08:48 [WARNING] GripperOptimized:fast_loop:492 - 主循環執行時間過長: 35.1ms
2025-07-19 22:09:05 [INFO] GripperOptimized:fast_loop:484 - 性能統計: 循環=1123000, 平均耗時=7.3ms, 最大耗時=51.7ms, 指令數=300
2025-07-19 22:09:26 [INFO] GripperOptimized:fast_loop:484 - 性能統計: 循環=1124000, 平均耗時=7.7ms, 最大耗時=51.7ms, 指令數=300
2025-07-19 22:09:39 [INFO] GripperOptimized:process_commands:412 - 收到PGC指令: 代碼=1, 參數1=0, 參數2=0, ID=1
2025-07-19 22:09:39 [INFO] GripperOptimized:process_commands:418 - PGC指令執行成功
2025-07-19 22:09:39 [WARNING] GripperOptimized:fast_loop:492 - 主循環執行時間過長: 37.0ms
2025-07-19 22:09:45 [INFO] GripperOptimized:process_commands:412 - 收到PGC指令: 代碼=3, 參數1=460, 參數2=0, ID=2
2025-07-19 22:09:45 [INFO] GripperOptimized:process_commands:418 - PGC指令執行成功
2025-07-19 22:09:45 [WARNING] GripperOptimized:fast_loop:492 - 主循環執行時間過長: 36.2ms
2025-07-19 22:09:45 [INFO] GripperOptimized:process_commands:412 - 收到PGC指令: 代碼=3, 參數1=300, 參數2=0, ID=3
2025-07-19 22:09:45 [INFO] GripperOptimized:process_commands:418 - PGC指令執行成功
2025-07-19 22:09:45 [WARNING] GripperOptimized:fast_loop:492 - 主循環執行時間過長: 36.4ms
2025-07-19 22:09:47 [INFO] GripperOptimized:fast_loop:484 - 性能統計: 循環=1125000, 平均耗時=7.5ms, 最大耗時=51.7ms, 指令數=303
2025-07-19 22:09:56 [INFO] GripperOptimized:process_commands:412 - 收到PGC指令: 代碼=3, 參數1=460, 參數2=0, ID=4
2025-07-19 22:09:57 [INFO] GripperOptimized:process_commands:418 - PGC指令執行成功
2025-07-19 22:09:57 [WARNING] GripperOptimized:fast_loop:492 - 主循環執行時間過長: 36.1ms
2025-07-19 22:10:02 [INFO] GripperOptimized:process_commands:412 - 收到PGC指令: 代碼=3, 參數1=300, 參數2=0, ID=5
2025-07-19 22:10:02 [INFO] GripperOptimized:process_commands:418 - PGC指令執行成功
2025-07-19 22:10:02 [WARNING] GripperOptimized:fast_loop:492 - 主循環執行時間過長: 37.0ms
2025-07-19 22:10:05 [INFO] GripperOptimized:process_commands:412 - 收到PGC指令: 代碼=3, 參數1=460, 參數2=0, ID=6
2025-07-19 22:10:05 [INFO] GripperOptimized:process_commands:418 - PGC指令執行成功
2025-07-19 22:10:05 [WARNING] GripperOptimized:fast_loop:492 - 主循環執行時間過長: 37.0ms
2025-07-19 22:10:05 [INFO] GripperOptimized:process_commands:412 - 收到PGC指令: 代碼=3, 參數1=300, 參數2=0, ID=7
2025-07-19 22:10:05 [INFO] GripperOptimized:process_commands:418 - PGC指令執行成功
2025-07-19 22:10:05 [WARNING] GripperOptimized:fast_loop:492 - 主循環執行時間過長: 34.7ms
2025-07-19 22:10:08 [INFO] GripperOptimized:fast_loop:484 - 性能統計: 循環=1126000, 平均耗時=7.4ms, 最大耗時=51.7ms, 指令數=307
2025-07-19 22:10:16 [INFO] GripperOptimized:process_commands:412 - 收到PGC指令: 代碼=3, 參數1=460, 參數2=0, ID=8
2025-07-19 22:10:16 [INFO] GripperOptimized:process_commands:418 - PGC指令執行成功
2025-07-19 22:10:16 [WARNING] GripperOptimized:fast_loop:492 - 主循環執行時間過長: 36.3ms
2025-07-19 22:10:21 [INFO] GripperOptimized:process_commands:412 - 收到PGC指令: 代碼=3, 參數1=300, 參數2=0, ID=9
2025-07-19 22:10:21 [INFO] GripperOptimized:process_commands:418 - PGC指令執行成功
2025-07-19 22:10:21 [WARNING] GripperOptimized:fast_loop:492 - 主循環執行時間過長: 36.5ms
2025-07-19 22:10:24 [INFO] GripperOptimized:process_commands:412 - 收到PGC指令: 代碼=3, 參數1=460, 參數2=0, ID=10
2025-07-19 22:10:24 [INFO] GripperOptimized:process_commands:418 - PGC指令執行成功
2025-07-19 22:10:24 [WARNING] GripperOptimized:fast_loop:492 - 主循環執行時間過長: 35.7ms
2025-07-19 22:10:24 [INFO] GripperOptimized:process_commands:412 - 收到PGC指令: 代碼=3, 參數1=300, 參數2=0, ID=11
2025-07-19 22:10:24 [INFO] GripperOptimized:process_commands:418 - PGC指令執行成功
2025-07-19 22:10:24 [WARNING] GripperOptimized:fast_loop:492 - 主循環執行時間過長: 35.7ms
2025-07-19 22:10:28 [INFO] GripperOptimized:fast_loop:484 - 性能統計: 循環=1127000, 平均耗時=7.5ms, 最大耗時=51.7ms, 指令數=311
2025-07-19 22:10:35 [INFO] GripperOptimized:process_commands:412 - 收到PGC指令: 代碼=3, 參數1=460, 參數2=0, ID=12
2025-07-19 22:10:35 [INFO] GripperOptimized:process_commands:418 - PGC指令執行成功
2025-07-19 22:10:35 [WARNING] GripperOptimized:fast_loop:492 - 主循環執行時間過長: 36.4ms
2025-07-19 22:10:39 [INFO] GripperOptimized:process_commands:412 - 收到PGC指令: 代碼=3, 參數1=300, 參數2=0, ID=13
2025-07-19 22:10:39 [INFO] GripperOptimized:process_commands:418 - PGC指令執行成功
2025-07-19 22:10:39 [WARNING] GripperOptimized:fast_loop:492 - 主循環執行時間過長: 37.5ms
2025-07-19 22:10:42 [INFO] GripperOptimized:process_commands:412 - 收到PGC指令: 代碼=3, 參數1=460, 參數2=0, ID=14
2025-07-19 22:10:42 [INFO] GripperOptimized:process_commands:418 - PGC指令執行成功
2025-07-19 22:10:42 [WARNING] GripperOptimized:fast_loop:492 - 主循環執行時間過長: 36.9ms
2025-07-19 22:10:42 [INFO] GripperOptimized:process_commands:412 - 收到PGC指令: 代碼=3, 參數1=300, 參數2=0, ID=15
2025-07-19 22:10:42 [INFO] GripperOptimized:process_commands:418 - PGC指令執行成功
2025-07-19 22:10:42 [WARNING] GripperOptimized:fast_loop:492 - 主循環執行時間過長: 36.4ms
2025-07-19 22:10:49 [INFO] GripperOptimized:fast_loop:484 - 性能統計: 循環=1128000, 平均耗時=7.5ms, 最大耗時=51.7ms, 指令數=315
2025-07-19 22:10:53 [INFO] GripperOptimized:process_commands:412 - 收到PGC指令: 代碼=3, 參數1=460, 參數2=0, ID=16
2025-07-19 22:10:53 [INFO] GripperOptimized:process_commands:418 - PGC指令執行成功
2025-07-19 22:10:53 [WARNING] GripperOptimized:fast_loop:492 - 主循環執行時間過長: 35.1ms
2025-07-19 22:11:01 [INFO] GripperOptimized:process_commands:412 - 收到PGC指令: 代碼=3, 參數1=300, 參數2=0, ID=17
2025-07-19 22:11:01 [INFO] GripperOptimized:process_commands:418 - PGC指令執行成功
2025-07-19 22:11:01 [WARNING] GripperOptimized:fast_loop:492 - 主循環執行時間過長: 36.1ms
2025-07-19 22:11:04 [INFO] GripperOptimized:process_commands:412 - 收到PGC指令: 代碼=3, 參數1=460, 參數2=0, ID=18
2025-07-19 22:11:04 [INFO] GripperOptimized:process_commands:418 - PGC指令執行成功
2025-07-19 22:11:04 [WARNING] GripperOptimized:fast_loop:492 - 主循環執行時間過長: 36.2ms
2025-07-19 22:11:04 [INFO] GripperOptimized:process_commands:412 - 收到PGC指令: 代碼=3, 參數1=300, 參數2=0, ID=19
2025-07-19 22:11:04 [INFO] GripperOptimized:process_commands:418 - PGC指令執行成功
2025-07-19 22:11:04 [WARNING] GripperOptimized:fast_loop:492 - 主循環執行時間過長: 33.6ms
2025-07-19 22:11:10 [INFO] GripperOptimized:fast_loop:484 - 性能統計: 循環=1129000, 平均耗時=7.5ms, 最大耗時=51.7ms, 指令數=319
2025-07-19 22:11:15 [INFO] GripperOptimized:process_commands:412 - 收到PGC指令: 代碼=3, 參數1=460, 參數2=0, ID=20
2025-07-19 22:11:15 [INFO] GripperOptimized:process_commands:418 - PGC指令執行成功
2025-07-19 22:11:15 [WARNING] GripperOptimized:fast_loop:492 - 主循環執行時間過長: 36.0ms
2025-07-19 22:11:22 [INFO] GripperOptimized:process_commands:412 - 收到PGC指令: 代碼=3, 參數1=300, 參數2=0, ID=21
2025-07-19 22:11:22 [INFO] GripperOptimized:process_commands:418 - PGC指令執行成功
2025-07-19 22:11:22 [WARNING] GripperOptimized:fast_loop:492 - 主循環執行時間過長: 36.1ms
2025-07-19 22:11:31 [INFO] GripperOptimized:fast_loop:484 - 性能統計: 循環=1130000, 平均耗時=7.9ms, 最大耗時=51.7ms, 指令數=321
2025-07-19 22:11:51 [INFO] GripperOptimized:fast_loop:484 - 性能統計: 循環=1131000, 平均耗時=7.6ms, 最大耗時=51.7ms, 指令數=321
2025-07-19 22:12:12 [INFO] GripperOptimized:fast_loop:484 - 性能統計: 循環=1132000, 平均耗時=7.6ms, 最大耗時=51.7ms, 指令數=321
2025-07-19 22:12:33 [INFO] GripperOptimized:fast_loop:484 - 性能統計: 循環=1133000, 平均耗時=7.6ms, 最大耗時=51.7ms, 指令數=321
2025-07-19 22:12:53 [INFO] GripperOptimized:fast_loop:484 - 性能統計: 循環=1134000, 平均耗時=7.5ms, 最大耗時=51.7ms, 指令數=321
2025-07-19 22:13:14 [INFO] GripperOptimized:fast_loop:484 - 性能統計: 循環=1135000, 平均耗時=7.4ms, 最大耗時=51.7ms, 指令數=321
2025-07-19 22:13:35 [INFO] GripperOptimized:fast_loop:484 - 性能統計: 循環=1136000, 平均耗時=7.8ms, 最大耗時=51.7ms, 指令數=321
2025-07-19 22:13:56 [INFO] GripperOptimized:fast_loop:484 - 性能統計: 循環=1137000, 平均耗時=7.7ms, 最大耗時=51.7ms, 指令數=321
2025-07-19 22:13:57 [INFO] GripperOptimized:process_commands:412 - 收到PGC指令: 代碼=1, 參數1=0, 參數2=0, ID=1
2025-07-19 22:13:57 [INFO] GripperOptimized:process_commands:418 - PGC指令執行成功
2025-07-19 22:13:57 [WARNING] GripperOptimized:fast_loop:492 - 主循環執行時間過長: 35.6ms
2025-07-19 22:14:05 [INFO] GripperOptimized:process_commands:412 - 收到PGC指令: 代碼=3, 參數1=300, 參數2=0, ID=5740
2025-07-19 22:14:05 [INFO] GripperOptimized:process_commands:418 - PGC指令執行成功
2025-07-19 22:14:05 [WARNING] GripperOptimized:fast_loop:492 - 主循環執行時間過長: 35.9ms
2025-07-19 22:14:06 [INFO] GripperOptimized:process_commands:412 - 收到PGC指令: 代碼=5, 參數1=100, 參數2=0, ID=6591
2025-07-19 22:14:06 [INFO] GripperOptimized:process_commands:418 - PGC指令執行成功
2025-07-19 22:14:06 [WARNING] GripperOptimized:fast_loop:492 - 主循環執行時間過長: 35.6ms
2025-07-19 22:14:06 [INFO] GripperOptimized:process_commands:412 - 收到PGC指令: 代碼=6, 參數1=100, 參數2=0, ID=7095
2025-07-19 22:14:06 [INFO] GripperOptimized:process_commands:418 - PGC指令執行成功
2025-07-19 22:14:06 [WARNING] GripperOptimized:fast_loop:492 - 主循環執行時間過長: 36.4ms
2025-07-19 22:14:13 [INFO] GripperOptimized:process_commands:412 - 收到PGC指令: 代碼=3, 參數1=460, 參數2=0, ID=2
2025-07-19 22:14:13 [INFO] GripperOptimized:process_commands:418 - PGC指令執行成功
2025-07-19 22:14:13 [WARNING] GripperOptimized:fast_loop:492 - 主循環執行時間過長: 35.4ms
2025-07-19 22:14:15 [INFO] GripperOptimized:process_commands:412 - 收到PGC指令: 代碼=3, 參數1=300, 參數2=0, ID=3
2025-07-19 22:14:15 [INFO] GripperOptimized:process_commands:418 - PGC指令執行成功
2025-07-19 22:14:15 [WARNING] GripperOptimized:fast_loop:492 - 主循環執行時間過長: 35.8ms
2025-07-19 22:14:16 [INFO] GripperOptimized:fast_loop:484 - 性能統計: 循環=1138000, 平均耗時=7.2ms, 最大耗時=51.7ms, 指令數=327
2025-07-19 22:14:16 [INFO] GripperOptimized:process_commands:412 - 收到PGC指令: 代碼=3, 參數1=460, 參數2=0, ID=4
2025-07-19 22:14:16 [INFO] GripperOptimized:process_commands:418 - PGC指令執行成功
2025-07-19 22:14:16 [WARNING] GripperOptimized:fast_loop:492 - 主循環執行時間過長: 36.9ms
2025-07-19 22:14:22 [INFO] GripperOptimized:process_commands:412 - 收到PGC指令: 代碼=3, 參數1=300, 參數2=0, ID=5
2025-07-19 22:14:22 [INFO] GripperOptimized:process_commands:418 - PGC指令執行成功
2025-07-19 22:14:22 [WARNING] GripperOptimized:fast_loop:492 - 主循環執行時間過長: 34.2ms
2025-07-19 22:14:27 [INFO] GripperOptimized:process_commands:412 - 收到PGC指令: 代碼=3, 參數1=460, 參數2=0, ID=6
2025-07-19 22:14:27 [INFO] GripperOptimized:process_commands:418 - PGC指令執行成功
2025-07-19 22:14:27 [WARNING] GripperOptimized:fast_loop:492 - 主循環執行時間過長: 36.5ms
2025-07-19 22:14:29 [INFO] GripperOptimized:process_commands:412 - 收到PGC指令: 代碼=3, 參數1=300, 參數2=0, ID=7
2025-07-19 22:14:29 [INFO] GripperOptimized:process_commands:418 - PGC指令執行成功
2025-07-19 22:14:29 [WARNING] GripperOptimized:fast_loop:492 - 主循環執行時間過長: 36.5ms
2025-07-19 22:14:31 [INFO] GripperOptimized:process_commands:412 - 收到PGC指令: 代碼=3, 參數1=460, 參數2=0, ID=8
2025-07-19 22:14:31 [INFO] GripperOptimized:process_commands:418 - PGC指令執行成功
2025-07-19 22:14:31 [WARNING] GripperOptimized:fast_loop:492 - 主循環執行時間過長: 36.2ms
2025-07-19 22:14:37 [INFO] GripperOptimized:fast_loop:484 - 性能統計: 循環=1139000, 平均耗時=7.4ms, 最大耗時=51.7ms, 指令數=332
2025-07-19 22:14:42 [INFO] GripperOptimized:process_commands:412 - 收到PGC指令: 代碼=3, 參數1=300, 參數2=0, ID=9
2025-07-19 22:14:42 [INFO] GripperOptimized:process_commands:418 - PGC指令執行成功
2025-07-19 22:14:42 [WARNING] GripperOptimized:fast_loop:492 - 主循環執行時間過長: 37.5ms
2025-07-19 22:14:47 [INFO] GripperOptimized:process_commands:412 - 收到PGC指令: 代碼=3, 參數1=460, 參數2=0, ID=10
2025-07-19 22:14:47 [INFO] GripperOptimized:process_commands:418 - PGC指令執行成功
2025-07-19 22:14:47 [WARNING] GripperOptimized:fast_loop:492 - 主循環執行時間過長: 36.8ms
2025-07-19 22:14:49 [INFO] GripperOptimized:process_commands:412 - 收到PGC指令: 代碼=3, 參數1=300, 參數2=0, ID=11
2025-07-19 22:14:49 [INFO] GripperOptimized:process_commands:418 - PGC指令執行成功
2025-07-19 22:14:49 [WARNING] GripperOptimized:fast_loop:492 - 主循環執行時間過長: 36.1ms
2025-07-19 22:14:50 [INFO] GripperOptimized:process_commands:412 - 收到PGC指令: 代碼=3, 參數1=460, 參數2=0, ID=12
2025-07-19 22:14:50 [INFO] GripperOptimized:process_commands:418 - PGC指令執行成功
2025-07-19 22:14:50 [WARNING] GripperOptimized:fast_loop:492 - 主循環執行時間過長: 35.5ms
2025-07-19 22:14:58 [INFO] GripperOptimized:fast_loop:484 - 性能統計: 循環=1140000, 平均耗時=7.3ms, 最大耗時=51.7ms, 指令數=336
2025-07-19 22:15:15 [INFO] GripperOptimized:process_commands:412 - 收到PGC指令: 代碼=3, 參數1=300, 參數2=0, ID=13
2025-07-19 22:15:15 [INFO] GripperOptimized:process_commands:418 - PGC指令執行成功
2025-07-19 22:15:15 [WARNING] GripperOptimized:fast_loop:492 - 主循環執行時間過長: 36.9ms
2025-07-19 22:15:19 [INFO] GripperOptimized:fast_loop:484 - 性能統計: 循環=1141000, 平均耗時=7.3ms, 最大耗時=51.7ms, 指令數=337
2025-07-19 22:15:20 [INFO] GripperOptimized:process_commands:412 - 收到PGC指令: 代碼=3, 參數1=460, 參數2=0, ID=14
2025-07-19 22:15:20 [INFO] GripperOptimized:process_commands:418 - PGC指令執行成功
2025-07-19 22:15:20 [WARNING] GripperOptimized:fast_loop:492 - 主循環執行時間過長: 36.0ms
2025-07-19 22:15:21 [INFO] GripperOptimized:process_commands:412 - 收到PGC指令: 代碼=3, 參數1=300, 參數2=0, ID=15
2025-07-19 22:15:21 [INFO] GripperOptimized:process_commands:418 - PGC指令執行成功
2025-07-19 22:15:21 [WARNING] GripperOptimized:fast_loop:492 - 主循環執行時間過長: 36.7ms
2025-07-19 22:15:23 [INFO] GripperOptimized:process_commands:412 - 收到PGC指令: 代碼=3, 參數1=460, 參數2=0, ID=16
2025-07-19 22:15:23 [INFO] GripperOptimized:process_commands:418 - PGC指令執行成功
2025-07-19 22:15:23 [WARNING] GripperOptimized:fast_loop:492 - 主循環執行時間過長: 35.9ms
2025-07-19 22:15:39 [INFO] GripperOptimized:fast_loop:484 - 性能統計: 循環=1142000, 平均耗時=7.3ms, 最大耗時=51.7ms, 指令數=340
2025-07-19 22:15:43 [INFO] GripperOptimized:process_commands:412 - 收到PGC指令: 代碼=3, 參數1=300, 參數2=0, ID=17
2025-07-19 22:15:43 [INFO] GripperOptimized:process_commands:418 - PGC指令執行成功
2025-07-19 22:15:43 [WARNING] GripperOptimized:fast_loop:492 - 主循環執行時間過長: 37.1ms
2025-07-19 22:15:47 [INFO] GripperOptimized:process_commands:412 - 收到PGC指令: 代碼=3, 參數1=460, 參數2=0, ID=18
2025-07-19 22:15:47 [INFO] GripperOptimized:process_commands:418 - PGC指令執行成功
2025-07-19 22:15:48 [WARNING] GripperOptimized:fast_loop:492 - 主循環執行時間過長: 34.9ms
2025-07-19 22:15:50 [INFO] GripperOptimized:process_commands:412 - 收到PGC指令: 代碼=3, 參數1=300, 參數2=0, ID=19
2025-07-19 22:15:50 [INFO] GripperOptimized:process_commands:418 - PGC指令執行成功
2025-07-19 22:15:50 [WARNING] GripperOptimized:fast_loop:492 - 主循環執行時間過長: 35.2ms
2025-07-19 22:15:51 [INFO] GripperOptimized:process_commands:412 - 收到PGC指令: 代碼=3, 參數1=460, 參數2=0, ID=20
2025-07-19 22:15:51 [INFO] GripperOptimized:process_commands:418 - PGC指令執行成功
2025-07-19 22:15:51 [WARNING] GripperOptimized:fast_loop:492 - 主循環執行時間過長: 36.4ms
2025-07-19 22:16:00 [INFO] GripperOptimized:fast_loop:484 - 性能統計: 循環=1143000, 平均耗時=7.7ms, 最大耗時=51.7ms, 指令數=344
2025-07-19 22:16:13 [INFO] GripperOptimized:process_commands:412 - 收到PGC指令: 代碼=3, 參數1=300, 參數2=0, ID=21
2025-07-19 22:16:13 [INFO] GripperOptimized:process_commands:418 - PGC指令執行成功
2025-07-19 22:16:13 [WARNING] GripperOptimized:fast_loop:492 - 主循環執行時間過長: 34.1ms
2025-07-19 22:16:17 [INFO] GripperOptimized:process_commands:412 - 收到PGC指令: 代碼=3, 參數1=460, 參數2=0, ID=22
2025-07-19 22:16:17 [INFO] GripperOptimized:process_commands:418 - PGC指令執行成功
2025-07-19 22:16:18 [WARNING] GripperOptimized:fast_loop:492 - 主循環執行時間過長: 36.6ms
2025-07-19 22:16:20 [INFO] GripperOptimized:process_commands:412 - 收到PGC指令: 代碼=3, 參數1=300, 參數2=0, ID=23
2025-07-19 22:16:20 [INFO] GripperOptimized:process_commands:418 - PGC指令執行成功
2025-07-19 22:16:20 [WARNING] GripperOptimized:fast_loop:492 - 主循環執行時間過長: 35.2ms
2025-07-19 22:16:21 [INFO] GripperOptimized:fast_loop:484 - 性能統計: 循環=1144000, 平均耗時=7.4ms, 最大耗時=51.7ms, 指令數=347
2025-07-19 22:16:21 [INFO] GripperOptimized:process_commands:412 - 收到PGC指令: 代碼=3, 參數1=460, 參數2=0, ID=24
2025-07-19 22:16:21 [INFO] GripperOptimized:process_commands:418 - PGC指令執行成功
2025-07-19 22:16:21 [WARNING] GripperOptimized:fast_loop:492 - 主循環執行時間過長: 36.1ms
2025-07-19 22:16:42 [INFO] GripperOptimized:fast_loop:484 - 性能統計: 循環=1145000, 平均耗時=7.5ms, 最大耗時=51.7ms, 指令數=348
2025-07-19 22:17:02 [INFO] GripperOptimized:fast_loop:484 - 性能統計: 循環=1146000, 平均耗時=7.8ms, 最大耗時=51.7ms, 指令數=348
2025-07-19 22:17:23 [INFO] GripperOptimized:fast_loop:484 - 性能統計: 循環=1147000, 平均耗時=7.7ms, 最大耗時=51.7ms, 指令數=348
2025-07-19 22:17:44 [INFO] GripperOptimized:fast_loop:484 - 性能統計: 循環=1148000, 平均耗時=7.9ms, 最大耗時=51.7ms, 指令數=348
2025-07-19 22:18:04 [INFO] GripperOptimized:fast_loop:484 - 性能統計: 循環=1149000, 平均耗時=7.8ms, 最大耗時=51.7ms, 指令數=348
2025-07-19 22:18:25 [INFO] GripperOptimized:fast_loop:484 - 性能統計: 循環=1150000, 平均耗時=7.8ms, 最大耗時=51.7ms, 指令數=348
2025-07-19 22:18:46 [INFO] GripperOptimized:fast_loop:484 - 性能統計: 循環=1151000, 平均耗時=7.4ms, 最大耗時=51.7ms, 指令數=348
2025-07-19 22:19:06 [INFO] GripperOptimized:fast_loop:484 - 性能統計: 循環=1152000, 平均耗時=7.4ms, 最大耗時=51.7ms, 指令數=348
2025-07-19 22:19:27 [INFO] GripperOptimized:fast_loop:484 - 性能統計: 循環=1153000, 平均耗時=7.4ms, 最大耗時=51.7ms, 指令數=348
2025-07-19 22:19:48 [INFO] GripperOptimized:fast_loop:484 - 性能統計: 循環=1154000, 平均耗時=7.7ms, 最大耗時=51.7ms, 指令數=348
2025-07-19 22:20:08 [INFO] GripperOptimized:fast_loop:484 - 性能統計: 循環=1155000, 平均耗時=7.7ms, 最大耗時=51.7ms, 指令數=348
2025-07-19 22:20:29 [INFO] GripperOptimized:fast_loop:484 - 性能統計: 循環=1156000, 平均耗時=7.7ms, 最大耗時=51.7ms, 指令數=348
2025-07-19 22:20:50 [INFO] GripperOptimized:fast_loop:484 - 性能統計: 循環=1157000, 平均耗時=7.8ms, 最大耗時=51.7ms, 指令數=348
2025-07-19 22:21:10 [INFO] GripperOptimized:fast_loop:484 - 性能統計: 循環=1158000, 平均耗時=7.7ms, 最大耗時=51.7ms, 指令數=348
2025-07-19 22:21:31 [INFO] GripperOptimized:fast_loop:484 - 性能統計: 循環=1159000, 平均耗時=7.6ms, 最大耗時=51.7ms, 指令數=348
2025-07-19 22:21:52 [INFO] GripperOptimized:fast_loop:484 - 性能統計: 循環=1160000, 平均耗時=7.9ms, 最大耗時=51.7ms, 指令數=348
2025-07-19 22:22:13 [INFO] GripperOptimized:fast_loop:484 - 性能統計: 循環=1161000, 平均耗時=7.7ms, 最大耗時=51.7ms, 指令數=348
2025-07-19 22:22:33 [INFO] GripperOptimized:fast_loop:484 - 性能統計: 循環=1162000, 平均耗時=7.8ms, 最大耗時=51.7ms, 指令數=348
2025-07-19 22:22:54 [INFO] GripperOptimized:fast_loop:484 - 性能統計: 循環=1163000, 平均耗時=7.8ms, 最大耗時=51.7ms, 指令數=348
2025-07-19 22:23:15 [INFO] GripperOptimized:fast_loop:484 - 性能統計: 循環=1164000, 平均耗時=7.4ms, 最大耗時=51.7ms, 指令數=348
2025-07-19 22:23:35 [INFO] GripperOptimized:fast_loop:484 - 性能統計: 循環=1165000, 平均耗時=7.8ms, 最大耗時=51.7ms, 指令數=348
2025-07-19 22:23:56 [INFO] GripperOptimized:fast_loop:484 - 性能統計: 循環=1166000, 平均耗時=7.7ms, 最大耗時=51.7ms, 指令數=348
2025-07-19 22:24:17 [INFO] GripperOptimized:fast_loop:484 - 性能統計: 循環=1167000, 平均耗時=7.6ms, 最大耗時=51.7ms, 指令數=348
2025-07-19 22:24:38 [INFO] GripperOptimized:fast_loop:484 - 性能統計: 循環=1168000, 平均耗時=7.2ms, 最大耗時=51.7ms, 指令數=348
2025-07-19 22:24:58 [INFO] GripperOptimized:fast_loop:484 - 性能統計: 循環=1169000, 平均耗時=7.5ms, 最大耗時=51.7ms, 指令數=348
2025-07-19 22:25:19 [INFO] GripperOptimized:fast_loop:484 - 性能統計: 循環=1170000, 平均耗時=7.6ms, 最大耗時=51.7ms, 指令數=348
2025-07-19 22:25:40 [INFO] GripperOptimized:fast_loop:484 - 性能統計: 循環=1171000, 平均耗時=7.5ms, 最大耗時=51.7ms, 指令數=348
2025-07-19 22:26:00 [INFO] GripperOptimized:fast_loop:484 - 性能統計: 循環=1172000, 平均耗時=7.8ms, 最大耗時=51.7ms, 指令數=348
2025-07-19 22:26:21 [INFO] GripperOptimized:fast_loop:484 - 性能統計: 循環=1173000, 平均耗時=7.7ms, 最大耗時=51.7ms, 指令數=348
2025-07-19 22:26:42 [INFO] GripperOptimized:fast_loop:484 - 性能統計: 循環=1174000, 平均耗時=7.7ms, 最大耗時=51.7ms, 指令數=348
2025-07-19 22:26:55 [INFO] GripperOptimized:process_commands:412 - 收到PGC指令: 代碼=8, 參數1=0, 參數2=0, ID=54382
2025-07-19 22:26:55 [INFO] GripperOptimized:process_commands:418 - PGC指令執行成功
2025-07-19 22:26:55 [WARNING] GripperOptimized:fast_loop:492 - 主循環執行時間過長: 37.8ms
2025-07-19 22:27:02 [INFO] GripperOptimized:fast_loop:484 - 性能統計: 循環=1175000, 平均耗時=7.8ms, 最大耗時=51.7ms, 指令數=349
2025-07-19 22:27:23 [INFO] GripperOptimized:fast_loop:484 - 性能統計: 循環=1176000, 平均耗時=7.8ms, 最大耗時=51.7ms, 指令數=349
2025-07-19 22:27:44 [INFO] GripperOptimized:fast_loop:484 - 性能統計: 循環=1177000, 平均耗時=7.8ms, 最大耗時=51.7ms, 指令數=349
2025-07-19 22:27:54 [INFO] GripperOptimized:process_commands:412 - 收到PGC指令: 代碼=1, 參數1=0, 參數2=0, ID=1
2025-07-19 22:27:54 [INFO] GripperOptimized:process_commands:418 - PGC指令執行成功
2025-07-19 22:27:54 [WARNING] GripperOptimized:fast_loop:492 - 主循環執行時間過長: 35.2ms
2025-07-19 22:28:05 [INFO] GripperOptimized:fast_loop:484 - 性能統計: 循環=1178000, 平均耗時=7.6ms, 最大耗時=51.7ms, 指令數=350
2025-07-19 22:28:07 [INFO] GripperOptimized:process_commands:412 - 收到PGC指令: 代碼=3, 參數1=460, 參數2=0, ID=2
2025-07-19 22:28:07 [INFO] GripperOptimized:process_commands:418 - PGC指令執行成功
2025-07-19 22:28:07 [WARNING] GripperOptimized:fast_loop:492 - 主循環執行時間過長: 35.9ms
2025-07-19 22:28:09 [INFO] GripperOptimized:process_commands:412 - 收到PGC指令: 代碼=3, 參數1=300, 參數2=0, ID=3
2025-07-19 22:28:09 [INFO] GripperOptimized:process_commands:418 - PGC指令執行成功
2025-07-19 22:28:09 [WARNING] GripperOptimized:fast_loop:492 - 主循環執行時間過長: 36.2ms
2025-07-19 22:28:21 [INFO] GripperOptimized:process_commands:412 - 收到PGC指令: 代碼=3, 參數1=460, 參數2=0, ID=4
2025-07-19 22:28:21 [INFO] GripperOptimized:process_commands:418 - PGC指令執行成功
2025-07-19 22:28:21 [WARNING] GripperOptimized:fast_loop:492 - 主循環執行時間過長: 37.5ms
2025-07-19 22:28:25 [INFO] GripperOptimized:fast_loop:484 - 性能統計: 循環=1179000, 平均耗時=7.6ms, 最大耗時=51.7ms, 指令數=353
2025-07-19 22:28:33 [INFO] GripperOptimized:process_commands:412 - 收到PGC指令: 代碼=3, 參數1=300, 參數2=0, ID=5
2025-07-19 22:28:33 [INFO] GripperOptimized:process_commands:418 - PGC指令執行成功
2025-07-19 22:28:33 [WARNING] GripperOptimized:fast_loop:492 - 主循環執行時間過長: 37.8ms
2025-07-19 22:28:46 [INFO] GripperOptimized:fast_loop:484 - 性能統計: 循環=1180000, 平均耗時=7.5ms, 最大耗時=51.7ms, 指令數=354
2025-07-19 22:29:07 [INFO] GripperOptimized:fast_loop:484 - 性能統計: 循環=1181000, 平均耗時=7.4ms, 最大耗時=51.7ms, 指令數=354
2025-07-19 22:29:28 [INFO] GripperOptimized:fast_loop:484 - 性能統計: 循環=1182000, 平均耗時=7.6ms, 最大耗時=51.7ms, 指令數=354
2025-07-19 22:29:47 [INFO] GripperOptimized:process_commands:412 - 收到PGC指令: 代碼=1, 參數1=0, 參數2=0, ID=1
2025-07-19 22:29:47 [INFO] GripperOptimized:process_commands:418 - PGC指令執行成功
2025-07-19 22:29:47 [WARNING] GripperOptimized:fast_loop:492 - 主循環執行時間過長: 36.2ms
2025-07-19 22:29:48 [INFO] GripperOptimized:fast_loop:484 - 性能統計: 循環=1183000, 平均耗時=7.6ms, 最大耗時=51.7ms, 指令數=355
2025-07-19 22:29:50 [INFO] GripperOptimized:process_commands:412 - 收到PGC指令: 代碼=3, 參數1=460, 參數2=0, ID=2
2025-07-19 22:29:50 [INFO] GripperOptimized:process_commands:418 - PGC指令執行成功
2025-07-19 22:29:50 [WARNING] GripperOptimized:fast_loop:492 - 主循環執行時間過長: 36.6ms
2025-07-19 22:29:52 [INFO] GripperOptimized:process_commands:412 - 收到PGC指令: 代碼=3, 參數1=300, 參數2=0, ID=3
2025-07-19 22:29:52 [INFO] GripperOptimized:process_commands:418 - PGC指令執行成功
2025-07-19 22:29:52 [WARNING] GripperOptimized:fast_loop:492 - 主循環執行時間過長: 36.3ms
2025-07-19 22:30:04 [INFO] GripperOptimized:process_commands:412 - 收到PGC指令: 代碼=3, 參數1=460, 參數2=0, ID=4
2025-07-19 22:30:04 [INFO] GripperOptimized:process_commands:418 - PGC指令執行成功
2025-07-19 22:30:04 [WARNING] GripperOptimized:fast_loop:492 - 主循環執行時間過長: 34.8ms
2025-07-19 22:30:09 [INFO] GripperOptimized:process_commands:412 - 收到PGC指令: 代碼=3, 參數1=300, 參數2=0, ID=5
2025-07-19 22:30:09 [INFO] GripperOptimized:process_commands:418 - PGC指令執行成功
2025-07-19 22:30:09 [WARNING] GripperOptimized:fast_loop:492 - 主循環執行時間過長: 35.2ms
2025-07-19 22:30:09 [INFO] GripperOptimized:fast_loop:484 - 性能統計: 循環=1184000, 平均耗時=7.8ms, 最大耗時=51.7ms, 指令數=359
2025-07-19 22:30:12 [INFO] GripperOptimized:process_commands:412 - 收到PGC指令: 代碼=3, 參數1=460, 參數2=0, ID=6
2025-07-19 22:30:12 [INFO] GripperOptimized:process_commands:418 - PGC指令執行成功
2025-07-19 22:30:12 [WARNING] GripperOptimized:fast_loop:492 - 主循環執行時間過長: 36.6ms
2025-07-19 22:30:15 [INFO] GripperOptimized:process_commands:412 - 收到PGC指令: 代碼=3, 參數1=300, 參數2=0, ID=7
2025-07-19 22:30:15 [INFO] GripperOptimized:process_commands:418 - PGC指令執行成功
2025-07-19 22:30:15 [WARNING] GripperOptimized:fast_loop:492 - 主循環執行時間過長: 36.2ms
2025-07-19 22:30:16 [INFO] GripperOptimized:process_commands:412 - 收到PGC指令: 代碼=3, 參數1=460, 參數2=0, ID=8
2025-07-19 22:30:16 [INFO] GripperOptimized:process_commands:418 - PGC指令執行成功
2025-07-19 22:30:16 [WARNING] GripperOptimized:fast_loop:492 - 主循環執行時間過長: 35.2ms
2025-07-19 22:30:22 [INFO] GripperOptimized:process_commands:412 - 收到PGC指令: 代碼=3, 參數1=300, 參數2=0, ID=9
2025-07-19 22:30:22 [INFO] GripperOptimized:process_commands:418 - PGC指令執行成功
2025-07-19 22:30:22 [WARNING] GripperOptimized:fast_loop:492 - 主循環執行時間過長: 36.8ms
2025-07-19 22:30:26 [INFO] GripperOptimized:process_commands:412 - 收到PGC指令: 代碼=3, 參數1=460, 參數2=0, ID=10
2025-07-19 22:30:26 [INFO] GripperOptimized:process_commands:418 - PGC指令執行成功
2025-07-19 22:30:26 [WARNING] GripperOptimized:fast_loop:492 - 主循環執行時間過長: 36.0ms
2025-07-19 22:30:27 [INFO] GripperOptimized:process_commands:412 - 收到PGC指令: 代碼=3, 參數1=300, 參數2=0, ID=11
2025-07-19 22:30:27 [INFO] GripperOptimized:process_commands:418 - PGC指令執行成功
2025-07-19 22:30:27 [WARNING] GripperOptimized:fast_loop:492 - 主循環執行時間過長: 35.5ms
2025-07-19 22:30:30 [INFO] GripperOptimized:fast_loop:484 - 性能統計: 循環=1185000, 平均耗時=7.4ms, 最大耗時=51.7ms, 指令數=365
2025-07-19 22:30:51 [INFO] GripperOptimized:fast_loop:484 - 性能統計: 循環=1186000, 平均耗時=7.6ms, 最大耗時=51.7ms, 指令數=365
2025-07-19 22:31:11 [INFO] GripperOptimized:fast_loop:484 - 性能統計: 循環=1187000, 平均耗時=7.7ms, 最大耗時=51.7ms, 指令數=365
2025-07-19 22:31:32 [INFO] GripperOptimized:fast_loop:484 - 性能統計: 循環=1188000, 平均耗時=7.7ms, 最大耗時=51.7ms, 指令數=365
2025-07-19 22:31:53 [INFO] GripperOptimized:fast_loop:484 - 性能統計: 循環=1189000, 平均耗時=7.9ms, 最大耗時=51.7ms, 指令數=365
2025-07-19 22:31:58 [INFO] GripperOptimized:process_commands:412 - 收到PGC指令: 代碼=1, 參數1=0, 參數2=0, ID=1
2025-07-19 22:31:58 [INFO] GripperOptimized:process_commands:418 - PGC指令執行成功
2025-07-19 22:31:58 [WARNING] GripperOptimized:fast_loop:492 - 主循環執行時間過長: 36.1ms
2025-07-19 22:32:05 [INFO] GripperOptimized:process_commands:412 - 收到PGC指令: 代碼=3, 參數1=300, 參數2=0, ID=36772
2025-07-19 22:32:05 [INFO] GripperOptimized:process_commands:418 - PGC指令執行成功
2025-07-19 22:32:05 [WARNING] GripperOptimized:fast_loop:492 - 主循環執行時間過長: 37.4ms
2025-07-19 22:32:14 [INFO] GripperOptimized:fast_loop:484 - 性能統計: 循環=1190000, 平均耗時=7.7ms, 最大耗時=51.7ms, 指令數=367
2025-07-19 22:32:16 [INFO] GripperOptimized:process_commands:412 - 收到PGC指令: 代碼=3, 參數1=460, 參數2=0, ID=2
2025-07-19 22:32:16 [INFO] GripperOptimized:process_commands:418 - PGC指令執行成功
2025-07-19 22:32:16 [WARNING] GripperOptimized:fast_loop:492 - 主循環執行時間過長: 36.7ms
2025-07-19 22:32:18 [INFO] GripperOptimized:process_commands:412 - 收到PGC指令: 代碼=3, 參數1=300, 參數2=0, ID=3
2025-07-19 22:32:18 [INFO] GripperOptimized:process_commands:418 - PGC指令執行成功
2025-07-19 22:32:18 [WARNING] GripperOptimized:fast_loop:492 - 主循環執行時間過長: 37.4ms
2025-07-19 22:32:20 [INFO] GripperOptimized:process_commands:412 - 收到PGC指令: 代碼=3, 參數1=460, 參數2=0, ID=4
2025-07-19 22:32:20 [INFO] GripperOptimized:process_commands:418 - PGC指令執行成功
2025-07-19 22:32:20 [WARNING] GripperOptimized:fast_loop:492 - 主循環執行時間過長: 36.2ms
2025-07-19 22:32:27 [INFO] GripperOptimized:process_commands:412 - 收到PGC指令: 代碼=3, 參數1=300, 參數2=0, ID=5
2025-07-19 22:32:27 [INFO] GripperOptimized:process_commands:418 - PGC指令執行成功
2025-07-19 22:32:27 [WARNING] GripperOptimized:fast_loop:492 - 主循環執行時間過長: 34.8ms
2025-07-19 22:32:31 [INFO] GripperOptimized:process_commands:412 - 收到PGC指令: 代碼=3, 參數1=460, 參數2=0, ID=6
2025-07-19 22:32:31 [INFO] GripperOptimized:process_commands:418 - PGC指令執行成功
2025-07-19 22:32:31 [WARNING] GripperOptimized:fast_loop:492 - 主循環執行時間過長: 36.9ms
2025-07-19 22:32:33 [INFO] GripperOptimized:process_commands:412 - 收到PGC指令: 代碼=3, 參數1=300, 參數2=0, ID=7
2025-07-19 22:32:33 [INFO] GripperOptimized:process_commands:418 - PGC指令執行成功
2025-07-19 22:32:33 [WARNING] GripperOptimized:fast_loop:492 - 主循環執行時間過長: 35.8ms
2025-07-19 22:32:34 [INFO] GripperOptimized:fast_loop:484 - 性能統計: 循環=1191000, 平均耗時=7.3ms, 最大耗時=51.7ms, 指令數=373
2025-07-19 22:32:45 [INFO] GripperOptimized:process_commands:412 - 收到PGC指令: 代碼=3, 參數1=460, 參數2=0, ID=8
2025-07-19 22:32:45 [INFO] GripperOptimized:process_commands:418 - PGC指令執行成功
2025-07-19 22:32:45 [WARNING] GripperOptimized:fast_loop:492 - 主循環執行時間過長: 36.0ms
2025-07-19 22:32:55 [INFO] GripperOptimized:fast_loop:484 - 性能統計: 循環=1192000, 平均耗時=7.4ms, 最大耗時=51.7ms, 指令數=374
2025-07-19 22:33:16 [INFO] GripperOptimized:fast_loop:484 - 性能統計: 循環=1193000, 平均耗時=7.7ms, 最大耗時=51.7ms, 指令數=374
2025-07-19 22:33:37 [INFO] GripperOptimized:fast_loop:484 - 性能統計: 循環=1194000, 平均耗時=7.3ms, 最大耗時=51.7ms, 指令數=374
2025-07-19 22:33:58 [INFO] GripperOptimized:fast_loop:484 - 性能統計: 循環=1195000, 平均耗時=7.4ms, 最大耗時=51.7ms, 指令數=374
2025-07-19 22:34:18 [INFO] GripperOptimized:fast_loop:484 - 性能統計: 循環=1196000, 平均耗時=7.3ms, 最大耗時=51.7ms, 指令數=374
2025-07-19 22:34:36 [INFO] GripperOptimized:process_commands:412 - 收到PGC指令: 代碼=3, 參數1=300, 參數2=0, ID=56765
2025-07-19 22:34:36 [INFO] GripperOptimized:process_commands:418 - PGC指令執行成功
2025-07-19 22:34:36 [WARNING] GripperOptimized:fast_loop:492 - 主循環執行時間過長: 36.7ms
2025-07-19 22:34:39 [INFO] GripperOptimized:fast_loop:484 - 性能統計: 循環=1197000, 平均耗時=7.6ms, 最大耗時=51.7ms, 指令數=375
2025-07-19 22:35:00 [INFO] GripperOptimized:fast_loop:484 - 性能統計: 循環=1198000, 平均耗時=7.7ms, 最大耗時=51.7ms, 指令數=375
2025-07-19 22:35:20 [INFO] GripperOptimized:fast_loop:484 - 性能統計: 循環=1199000, 平均耗時=7.8ms, 最大耗時=51.7ms, 指令數=375
2025-07-19 22:35:41 [INFO] GripperOptimized:fast_loop:484 - 性能統計: 循環=1200000, 平均耗時=7.8ms, 最大耗時=51.7ms, 指令數=375
2025-07-19 22:36:02 [INFO] GripperOptimized:fast_loop:484 - 性能統計: 循環=1201000, 平均耗時=7.8ms, 最大耗時=51.7ms, 指令數=375
2025-07-19 22:36:23 [INFO] GripperOptimized:fast_loop:484 - 性能統計: 循環=1202000, 平均耗時=7.5ms, 最大耗時=51.7ms, 指令數=375
2025-07-19 22:36:34 [INFO] GripperOptimized:process_commands:412 - 收到PGC指令: 代碼=1, 參數1=0, 參數2=0, ID=1
2025-07-19 22:36:34 [INFO] GripperOptimized:process_commands:418 - PGC指令執行成功
2025-07-19 22:36:34 [WARNING] GripperOptimized:fast_loop:492 - 主循環執行時間過長: 37.1ms
2025-07-19 22:36:40 [INFO] GripperOptimized:process_commands:412 - 收到PGC指令: 代碼=3, 參數1=300, 參數2=0, ID=50099
2025-07-19 22:36:40 [INFO] GripperOptimized:process_commands:418 - PGC指令執行成功
2025-07-19 22:36:40 [WARNING] GripperOptimized:fast_loop:492 - 主循環執行時間過長: 37.4ms
2025-07-19 22:36:43 [INFO] GripperOptimized:fast_loop:484 - 性能統計: 循環=1203000, 平均耗時=7.5ms, 最大耗時=51.7ms, 指令數=377
2025-07-19 22:36:50 [INFO] GripperOptimized:process_commands:412 - 收到PGC指令: 代碼=3, 參數1=460, 參數2=0, ID=2
2025-07-19 22:36:50 [INFO] GripperOptimized:process_commands:418 - PGC指令執行成功
2025-07-19 22:36:50 [WARNING] GripperOptimized:fast_loop:492 - 主循環執行時間過長: 36.6ms
2025-07-19 22:36:53 [INFO] GripperOptimized:process_commands:412 - 收到PGC指令: 代碼=3, 參數1=300, 參數2=0, ID=3
2025-07-19 22:36:53 [INFO] GripperOptimized:process_commands:418 - PGC指令執行成功
2025-07-19 22:36:53 [WARNING] GripperOptimized:fast_loop:492 - 主循環執行時間過長: 36.9ms
2025-07-19 22:36:55 [INFO] GripperOptimized:process_commands:412 - 收到PGC指令: 代碼=3, 參數1=460, 參數2=0, ID=4
2025-07-19 22:36:55 [INFO] GripperOptimized:process_commands:418 - PGC指令執行成功
2025-07-19 22:36:55 [WARNING] GripperOptimized:fast_loop:492 - 主循環執行時間過長: 33.6ms
2025-07-19 22:36:59 [INFO] GripperOptimized:process_commands:412 - 收到PGC指令: 代碼=3, 參數1=300, 參數2=0, ID=5
2025-07-19 22:36:59 [INFO] GripperOptimized:process_commands:418 - PGC指令執行成功
2025-07-19 22:36:59 [WARNING] GripperOptimized:fast_loop:492 - 主循環執行時間過長: 35.8ms
2025-07-19 22:37:03 [INFO] GripperOptimized:process_commands:412 - 收到PGC指令: 代碼=3, 參數1=460, 參數2=0, ID=6
2025-07-19 22:37:03 [INFO] GripperOptimized:process_commands:418 - PGC指令執行成功
2025-07-19 22:37:03 [WARNING] GripperOptimized:fast_loop:492 - 主循環執行時間過長: 37.1ms
2025-07-19 22:37:04 [INFO] GripperOptimized:fast_loop:484 - 性能統計: 循環=1204000, 平均耗時=7.4ms, 最大耗時=51.7ms, 指令數=382
2025-07-19 22:37:05 [INFO] GripperOptimized:process_commands:412 - 收到PGC指令: 代碼=3, 參數1=300, 參數2=0, ID=7
2025-07-19 22:37:05 [INFO] GripperOptimized:process_commands:418 - PGC指令執行成功
2025-07-19 22:37:05 [WARNING] GripperOptimized:fast_loop:492 - 主循環執行時間過長: 35.0ms
2025-07-19 22:37:07 [INFO] GripperOptimized:process_commands:412 - 收到PGC指令: 代碼=3, 參數1=460, 參數2=0, ID=8
2025-07-19 22:37:07 [INFO] GripperOptimized:process_commands:418 - PGC指令執行成功
2025-07-19 22:37:07 [WARNING] GripperOptimized:fast_loop:492 - 主循環執行時間過長: 36.7ms
2025-07-19 22:37:10 [INFO] GripperOptimized:process_commands:412 - 收到PGC指令: 代碼=3, 參數1=300, 參數2=0, ID=9
2025-07-19 22:37:10 [INFO] GripperOptimized:process_commands:418 - PGC指令執行成功
2025-07-19 22:37:10 [WARNING] GripperOptimized:fast_loop:492 - 主循環執行時間過長: 37.3ms
2025-07-19 22:37:13 [INFO] GripperOptimized:process_commands:412 - 收到PGC指令: 代碼=3, 參數1=460, 參數2=0, ID=10
2025-07-19 22:37:13 [INFO] GripperOptimized:process_commands:418 - PGC指令執行成功
2025-07-19 22:37:13 [WARNING] GripperOptimized:fast_loop:492 - 主循環執行時間過長: 35.9ms
2025-07-19 22:37:16 [INFO] GripperOptimized:process_commands:412 - 收到PGC指令: 代碼=3, 參數1=300, 參數2=0, ID=11
2025-07-19 22:37:16 [INFO] GripperOptimized:process_commands:418 - PGC指令執行成功
2025-07-19 22:37:16 [WARNING] GripperOptimized:fast_loop:492 - 主循環執行時間過長: 34.9ms
2025-07-19 22:37:18 [INFO] GripperOptimized:process_commands:412 - 收到PGC指令: 代碼=3, 參數1=460, 參數2=0, ID=12
2025-07-19 22:37:18 [INFO] GripperOptimized:process_commands:418 - PGC指令執行成功
2025-07-19 22:37:18 [WARNING] GripperOptimized:fast_loop:492 - 主循環執行時間過長: 36.8ms
2025-07-19 22:37:21 [INFO] GripperOptimized:process_commands:412 - 收到PGC指令: 代碼=3, 參數1=300, 參數2=0, ID=13
2025-07-19 22:37:21 [INFO] GripperOptimized:process_commands:418 - PGC指令執行成功
2025-07-19 22:37:21 [WARNING] GripperOptimized:fast_loop:492 - 主循環執行時間過長: 36.9ms
2025-07-19 22:37:25 [INFO] GripperOptimized:process_commands:412 - 收到PGC指令: 代碼=3, 參數1=460, 參數2=0, ID=14
2025-07-19 22:37:25 [INFO] GripperOptimized:process_commands:418 - PGC指令執行成功
2025-07-19 22:37:25 [WARNING] GripperOptimized:fast_loop:492 - 主循環執行時間過長: 35.3ms
2025-07-19 22:37:25 [INFO] GripperOptimized:fast_loop:484 - 性能統計: 循環=1205000, 平均耗時=8.2ms, 最大耗時=51.7ms, 指令數=390
2025-07-19 22:37:27 [INFO] GripperOptimized:process_commands:412 - 收到PGC指令: 代碼=3, 參數1=300, 參數2=0, ID=15
2025-07-19 22:37:27 [INFO] GripperOptimized:process_commands:418 - PGC指令執行成功
2025-07-19 22:37:27 [WARNING] GripperOptimized:fast_loop:492 - 主循環執行時間過長: 34.8ms
2025-07-19 22:37:29 [INFO] GripperOptimized:process_commands:412 - 收到PGC指令: 代碼=3, 參數1=460, 參數2=0, ID=16
2025-07-19 22:37:29 [INFO] GripperOptimized:process_commands:418 - PGC指令執行成功
2025-07-19 22:37:29 [WARNING] GripperOptimized:fast_loop:492 - 主循環執行時間過長: 36.4ms
2025-07-19 22:37:33 [INFO] GripperOptimized:process_commands:412 - 收到PGC指令: 代碼=3, 參數1=300, 參數2=0, ID=17
2025-07-19 22:37:33 [INFO] GripperOptimized:process_commands:418 - PGC指令執行成功
2025-07-19 22:37:33 [WARNING] GripperOptimized:fast_loop:492 - 主循環執行時間過長: 36.6ms
2025-07-19 22:37:37 [INFO] GripperOptimized:process_commands:412 - 收到PGC指令: 代碼=3, 參數1=460, 參數2=0, ID=18
2025-07-19 22:37:37 [INFO] GripperOptimized:process_commands:418 - PGC指令執行成功
2025-07-19 22:37:37 [WARNING] GripperOptimized:fast_loop:492 - 主循環執行時間過長: 36.9ms
2025-07-19 22:37:40 [INFO] GripperOptimized:process_commands:412 - 收到PGC指令: 代碼=3, 參數1=300, 參數2=0, ID=19
2025-07-19 22:37:40 [INFO] GripperOptimized:process_commands:418 - PGC指令執行成功
2025-07-19 22:37:40 [WARNING] GripperOptimized:fast_loop:492 - 主循環執行時間過長: 35.2ms
2025-07-19 22:37:41 [INFO] GripperOptimized:process_commands:412 - 收到PGC指令: 代碼=3, 參數1=460, 參數2=0, ID=20
2025-07-19 22:37:41 [INFO] GripperOptimized:process_commands:418 - PGC指令執行成功
2025-07-19 22:37:41 [WARNING] GripperOptimized:fast_loop:492 - 主循環執行時間過長: 34.9ms
2025-07-19 22:37:46 [INFO] GripperOptimized:fast_loop:484 - 性能統計: 循環=1206000, 平均耗時=7.5ms, 最大耗時=51.7ms, 指令數=396
2025-07-19 22:37:46 [INFO] GripperOptimized:process_commands:412 - 收到PGC指令: 代碼=3, 參數1=300, 參數2=0, ID=21
2025-07-19 22:37:46 [INFO] GripperOptimized:process_commands:418 - PGC指令執行成功
2025-07-19 22:37:46 [WARNING] GripperOptimized:fast_loop:492 - 主循環執行時間過長: 36.5ms
2025-07-19 22:37:49 [INFO] GripperOptimized:process_commands:412 - 收到PGC指令: 代碼=3, 參數1=460, 參數2=0, ID=22
2025-07-19 22:37:49 [INFO] GripperOptimized:process_commands:418 - PGC指令執行成功
2025-07-19 22:37:49 [WARNING] GripperOptimized:fast_loop:492 - 主循環執行時間過長: 36.1ms
2025-07-19 22:37:52 [INFO] GripperOptimized:process_commands:412 - 收到PGC指令: 代碼=3, 參數1=300, 參數2=0, ID=23
2025-07-19 22:37:52 [INFO] GripperOptimized:process_commands:418 - PGC指令執行成功
2025-07-19 22:37:52 [WARNING] GripperOptimized:fast_loop:492 - 主循環執行時間過長: 35.2ms
2025-07-19 22:37:53 [INFO] GripperOptimized:process_commands:412 - 收到PGC指令: 代碼=3, 參數1=460, 參數2=0, ID=24
2025-07-19 22:37:53 [INFO] GripperOptimized:process_commands:418 - PGC指令執行成功
2025-07-19 22:37:53 [WARNING] GripperOptimized:fast_loop:492 - 主循環執行時間過長: 35.7ms
2025-07-19 22:38:03 [INFO] GripperOptimized:process_commands:412 - 收到PGC指令: 代碼=3, 參數1=300, 參數2=0, ID=25
2025-07-19 22:38:03 [INFO] GripperOptimized:process_commands:418 - PGC指令執行成功
2025-07-19 22:38:03 [WARNING] GripperOptimized:fast_loop:492 - 主循環執行時間過長: 35.5ms
2025-07-19 22:38:06 [INFO] GripperOptimized:process_commands:412 - 收到PGC指令: 代碼=3, 參數1=460, 參數2=0, ID=26
2025-07-19 22:38:06 [INFO] GripperOptimized:process_commands:418 - PGC指令執行成功
2025-07-19 22:38:06 [WARNING] GripperOptimized:fast_loop:492 - 主循環執行時間過長: 36.0ms
2025-07-19 22:38:06 [INFO] GripperOptimized:fast_loop:484 - 性能統計: 循環=1207000, 平均耗時=8.1ms, 最大耗時=51.7ms, 指令數=402
2025-07-19 22:38:09 [INFO] GripperOptimized:process_commands:412 - 收到PGC指令: 代碼=3, 參數1=300, 參數2=0, ID=27
2025-07-19 22:38:09 [INFO] GripperOptimized:process_commands:418 - PGC指令執行成功
2025-07-19 22:38:09 [WARNING] GripperOptimized:fast_loop:492 - 主循環執行時間過長: 36.2ms
2025-07-19 22:38:10 [INFO] GripperOptimized:process_commands:412 - 收到PGC指令: 代碼=3, 參數1=460, 參數2=0, ID=28
2025-07-19 22:38:10 [INFO] GripperOptimized:process_commands:418 - PGC指令執行成功
2025-07-19 22:38:11 [WARNING] GripperOptimized:fast_loop:492 - 主循環執行時間過長: 36.4ms
2025-07-19 22:38:24 [INFO] GripperOptimized:process_commands:412 - 收到PGC指令: 代碼=3, 參數1=300, 參數2=0, ID=29
2025-07-19 22:38:24 [INFO] GripperOptimized:process_commands:418 - PGC指令執行成功
2025-07-19 22:38:25 [WARNING] GripperOptimized:fast_loop:492 - 主循環執行時間過長: 36.3ms
2025-07-19 22:38:27 [INFO] GripperOptimized:fast_loop:484 - 性能統計: 循環=1208000, 平均耗時=7.6ms, 最大耗時=51.7ms, 指令數=405
2025-07-19 22:38:28 [INFO] GripperOptimized:process_commands:412 - 收到PGC指令: 代碼=3, 參數1=460, 參數2=0, ID=30
2025-07-19 22:38:28 [INFO] GripperOptimized:process_commands:418 - PGC指令執行成功
2025-07-19 22:38:28 [WARNING] GripperOptimized:fast_loop:492 - 主循環執行時間過長: 35.1ms
2025-07-19 22:38:31 [INFO] GripperOptimized:process_commands:412 - 收到PGC指令: 代碼=3, 參數1=300, 參數2=0, ID=31
2025-07-19 22:38:31 [INFO] GripperOptimized:process_commands:418 - PGC指令執行成功
2025-07-19 22:38:31 [WARNING] GripperOptimized:fast_loop:492 - 主循環執行時間過長: 35.9ms
2025-07-19 22:38:32 [INFO] GripperOptimized:process_commands:412 - 收到PGC指令: 代碼=3, 參數1=460, 參數2=0, ID=32
2025-07-19 22:38:32 [INFO] GripperOptimized:process_commands:418 - PGC指令執行成功
2025-07-19 22:38:32 [WARNING] GripperOptimized:fast_loop:492 - 主循環執行時間過長: 35.0ms
2025-07-19 22:38:48 [INFO] GripperOptimized:fast_loop:484 - 性能統計: 循環=1209000, 平均耗時=7.6ms, 最大耗時=51.7ms, 指令數=408
2025-07-19 22:39:09 [INFO] GripperOptimized:fast_loop:484 - 性能統計: 循環=1210000, 平均耗時=7.5ms, 最大耗時=51.7ms, 指令數=408
2025-07-19 22:39:12 [INFO] GripperOptimized:process_commands:412 - 收到PGC指令: 代碼=3, 參數1=300, 參數2=0, ID=33
2025-07-19 22:39:12 [INFO] GripperOptimized:process_commands:418 - PGC指令執行成功
2025-07-19 22:39:12 [WARNING] GripperOptimized:fast_loop:492 - 主循環執行時間過長: 36.1ms
2025-07-19 22:39:16 [INFO] GripperOptimized:process_commands:412 - 收到PGC指令: 代碼=3, 參數1=460, 參數2=0, ID=34
2025-07-19 22:39:16 [INFO] GripperOptimized:process_commands:418 - PGC指令執行成功
2025-07-19 22:39:16 [WARNING] GripperOptimized:fast_loop:492 - 主循環執行時間過長: 36.7ms
2025-07-19 22:39:18 [INFO] GripperOptimized:process_commands:412 - 收到PGC指令: 代碼=3, 參數1=300, 參數2=0, ID=35
2025-07-19 22:39:18 [INFO] GripperOptimized:process_commands:418 - PGC指令執行成功
2025-07-19 22:39:18 [WARNING] GripperOptimized:fast_loop:492 - 主循環執行時間過長: 35.3ms
2025-07-19 22:39:20 [INFO] GripperOptimized:process_commands:412 - 收到PGC指令: 代碼=3, 參數1=460, 參數2=0, ID=36
2025-07-19 22:39:20 [INFO] GripperOptimized:process_commands:418 - PGC指令執行成功
2025-07-19 22:39:20 [WARNING] GripperOptimized:fast_loop:492 - 主循環執行時間過長: 35.9ms
2025-07-19 22:39:30 [INFO] GripperOptimized:fast_loop:484 - 性能統計: 循環=1211000, 平均耗時=7.4ms, 最大耗時=51.7ms, 指令數=412
2025-07-19 22:39:50 [INFO] GripperOptimized:fast_loop:484 - 性能統計: 循環=1212000, 平均耗時=7.5ms, 最大耗時=51.7ms, 指令數=412
2025-07-19 22:40:11 [INFO] GripperOptimized:fast_loop:484 - 性能統計: 循環=1213000, 平均耗時=7.5ms, 最大耗時=51.7ms, 指令數=412
2025-07-19 22:40:32 [INFO] GripperOptimized:fast_loop:484 - 性能統計: 循環=1214000, 平均耗時=7.6ms, 最大耗時=51.7ms, 指令數=412
2025-07-19 22:40:52 [INFO] GripperOptimized:fast_loop:484 - 性能統計: 循環=1215000, 平均耗時=7.4ms, 最大耗時=51.7ms, 指令數=412
2025-07-19 22:41:13 [INFO] GripperOptimized:fast_loop:484 - 性能統計: 循環=1216000, 平均耗時=7.5ms, 最大耗時=51.7ms, 指令數=412
2025-07-19 22:41:26 [INFO] GripperOptimized:process_commands:412 - 收到PGC指令: 代碼=3, 參數1=300, 參數2=0, ID=37
2025-07-19 22:41:26 [INFO] GripperOptimized:process_commands:418 - PGC指令執行成功
2025-07-19 22:41:26 [WARNING] GripperOptimized:fast_loop:492 - 主循環執行時間過長: 36.6ms
2025-07-19 22:41:30 [INFO] GripperOptimized:process_commands:412 - 收到PGC指令: 代碼=3, 參數1=460, 參數2=0, ID=38
2025-07-19 22:41:30 [INFO] GripperOptimized:process_commands:418 - PGC指令執行成功
2025-07-19 22:41:30 [WARNING] GripperOptimized:fast_loop:492 - 主循環執行時間過長: 35.2ms
2025-07-19 22:41:32 [INFO] GripperOptimized:process_commands:412 - 收到PGC指令: 代碼=3, 參數1=300, 參數2=0, ID=39
2025-07-19 22:41:32 [INFO] GripperOptimized:process_commands:418 - PGC指令執行成功
2025-07-19 22:41:32 [WARNING] GripperOptimized:fast_loop:492 - 主循環執行時間過長: 36.3ms
2025-07-19 22:41:34 [INFO] GripperOptimized:process_commands:412 - 收到PGC指令: 代碼=3, 參數1=460, 參數2=0, ID=40
2025-07-19 22:41:34 [INFO] GripperOptimized:process_commands:418 - PGC指令執行成功
2025-07-19 22:41:34 [WARNING] GripperOptimized:fast_loop:492 - 主循環執行時間過長: 35.2ms
2025-07-19 22:41:34 [INFO] GripperOptimized:fast_loop:484 - 性能統計: 循環=1217000, 平均耗時=8.4ms, 最大耗時=51.7ms, 指令數=416
2025-07-19 22:41:42 [INFO] GripperOptimized:process_commands:412 - 收到PGC指令: 代碼=3, 參數1=300, 參數2=0, ID=41
2025-07-19 22:41:42 [INFO] GripperOptimized:process_commands:418 - PGC指令執行成功
2025-07-19 22:41:42 [WARNING] GripperOptimized:fast_loop:492 - 主循環執行時間過長: 35.7ms
2025-07-19 22:41:45 [INFO] GripperOptimized:process_commands:412 - 收到PGC指令: 代碼=3, 參數1=460, 參數2=0, ID=42
2025-07-19 22:41:45 [INFO] GripperOptimized:process_commands:418 - PGC指令執行成功
2025-07-19 22:41:45 [WARNING] GripperOptimized:fast_loop:492 - 主循環執行時間過長: 35.1ms
2025-07-19 22:41:48 [INFO] GripperOptimized:process_commands:412 - 收到PGC指令: 代碼=3, 參數1=300, 參數2=0, ID=43
2025-07-19 22:41:48 [INFO] GripperOptimized:process_commands:418 - PGC指令執行成功
2025-07-19 22:41:48 [WARNING] GripperOptimized:fast_loop:492 - 主循環執行時間過長: 35.3ms
2025-07-19 22:41:49 [INFO] GripperOptimized:process_commands:412 - 收到PGC指令: 代碼=3, 參數1=460, 參數2=0, ID=44
2025-07-19 22:41:49 [INFO] GripperOptimized:process_commands:418 - PGC指令執行成功
2025-07-19 22:41:49 [WARNING] GripperOptimized:fast_loop:492 - 主循環執行時間過長: 33.9ms
2025-07-19 22:41:55 [INFO] GripperOptimized:fast_loop:484 - 性能統計: 循環=1218000, 平均耗時=7.5ms, 最大耗時=51.7ms, 指令數=420
2025-07-19 22:42:15 [INFO] GripperOptimized:fast_loop:484 - 性能統計: 循環=1219000, 平均耗時=7.2ms, 最大耗時=51.7ms, 指令數=420
2025-07-19 22:42:36 [INFO] GripperOptimized:fast_loop:484 - 性能統計: 循環=1220000, 平均耗時=7.6ms, 最大耗時=51.7ms, 指令數=420
2025-07-19 22:42:37 [INFO] GripperOptimized:process_commands:412 - 收到PGC指令: 代碼=3, 參數1=300, 參數2=0, ID=45
2025-07-19 22:42:37 [INFO] GripperOptimized:process_commands:418 - PGC指令執行成功
2025-07-19 22:42:37 [WARNING] GripperOptimized:fast_loop:492 - 主循環執行時間過長: 37.1ms
2025-07-19 22:42:40 [INFO] GripperOptimized:process_commands:412 - 收到PGC指令: 代碼=3, 參數1=460, 參數2=0, ID=46
2025-07-19 22:42:40 [INFO] GripperOptimized:process_commands:418 - PGC指令執行成功
2025-07-19 22:42:40 [WARNING] GripperOptimized:fast_loop:492 - 主循環執行時間過長: 41.3ms
2025-07-19 22:42:43 [INFO] GripperOptimized:process_commands:412 - 收到PGC指令: 代碼=3, 參數1=300, 參數2=0, ID=47
2025-07-19 22:42:43 [INFO] GripperOptimized:process_commands:418 - PGC指令執行成功
2025-07-19 22:42:43 [WARNING] GripperOptimized:fast_loop:492 - 主循環執行時間過長: 35.4ms
2025-07-19 22:42:44 [INFO] GripperOptimized:process_commands:412 - 收到PGC指令: 代碼=3, 參數1=460, 參數2=0, ID=48
2025-07-19 22:42:44 [INFO] GripperOptimized:process_commands:418 - PGC指令執行成功
2025-07-19 22:42:44 [WARNING] GripperOptimized:fast_loop:492 - 主循環執行時間過長: 35.3ms
2025-07-19 22:42:53 [INFO] GripperOptimized:process_commands:412 - 收到PGC指令: 代碼=3, 參數1=300, 參數2=0, ID=49
2025-07-19 22:42:53 [INFO] GripperOptimized:process_commands:418 - PGC指令執行成功
2025-07-19 22:42:53 [WARNING] GripperOptimized:fast_loop:492 - 主循環執行時間過長: 37.2ms
2025-07-19 22:42:56 [INFO] GripperOptimized:process_commands:412 - 收到PGC指令: 代碼=3, 參數1=460, 參數2=0, ID=50
2025-07-19 22:42:56 [INFO] GripperOptimized:process_commands:418 - PGC指令執行成功
2025-07-19 22:42:56 [WARNING] GripperOptimized:fast_loop:492 - 主循環執行時間過長: 35.5ms
2025-07-19 22:42:57 [INFO] GripperOptimized:fast_loop:484 - 性能統計: 循環=1221000, 平均耗時=7.4ms, 最大耗時=51.7ms, 指令數=426
2025-07-19 22:42:59 [INFO] GripperOptimized:process_commands:412 - 收到PGC指令: 代碼=3, 參數1=300, 參數2=0, ID=51
2025-07-19 22:42:59 [INFO] GripperOptimized:process_commands:418 - PGC指令執行成功
2025-07-19 22:42:59 [WARNING] GripperOptimized:fast_loop:492 - 主循環執行時間過長: 36.6ms
2025-07-19 22:43:10 [INFO] GripperOptimized:process_commands:412 - 收到PGC指令: 代碼=3, 參數1=460, 參數2=0, ID=52
2025-07-19 22:43:10 [INFO] GripperOptimized:process_commands:418 - PGC指令執行成功
2025-07-19 22:43:10 [WARNING] GripperOptimized:fast_loop:492 - 主循環執行時間過長: 35.3ms
2025-07-19 22:43:18 [INFO] GripperOptimized:fast_loop:484 - 性能統計: 循環=1222000, 平均耗時=7.5ms, 最大耗時=51.7ms, 指令數=428
2025-07-19 22:43:38 [INFO] GripperOptimized:fast_loop:484 - 性能統計: 循環=1223000, 平均耗時=7.4ms, 最大耗時=51.7ms, 指令數=428
2025-07-19 22:43:59 [INFO] GripperOptimized:fast_loop:484 - 性能統計: 循環=1224000, 平均耗時=7.5ms, 最大耗時=51.7ms, 指令數=428
2025-07-19 22:44:08 [INFO] GripperOptimized:process_commands:412 - 收到PGC指令: 代碼=3, 參數1=300, 參數2=0, ID=53
2025-07-19 22:44:08 [INFO] GripperOptimized:process_commands:418 - PGC指令執行成功
2025-07-19 22:44:08 [WARNING] GripperOptimized:fast_loop:492 - 主循環執行時間過長: 36.2ms
2025-07-19 22:44:12 [INFO] GripperOptimized:process_commands:412 - 收到PGC指令: 代碼=3, 參數1=460, 參數2=0, ID=54
2025-07-19 22:44:12 [INFO] GripperOptimized:process_commands:418 - PGC指令執行成功
2025-07-19 22:44:12 [WARNING] GripperOptimized:fast_loop:492 - 主循環執行時間過長: 37.3ms
2025-07-19 22:44:14 [INFO] GripperOptimized:process_commands:412 - 收到PGC指令: 代碼=3, 參數1=300, 參數2=0, ID=55
2025-07-19 22:44:14 [INFO] GripperOptimized:process_commands:418 - PGC指令執行成功
2025-07-19 22:44:14 [WARNING] GripperOptimized:fast_loop:492 - 主循環執行時間過長: 35.0ms
2025-07-19 22:44:16 [INFO] GripperOptimized:process_commands:412 - 收到PGC指令: 代碼=3, 參數1=460, 參數2=0, ID=56
2025-07-19 22:44:16 [INFO] GripperOptimized:process_commands:418 - PGC指令執行成功
2025-07-19 22:44:16 [WARNING] GripperOptimized:fast_loop:492 - 主循環執行時間過長: 43.3ms
2025-07-19 22:44:19 [INFO] GripperOptimized:process_commands:412 - 收到PGC指令: 代碼=3, 參數1=460, 參數2=0, ID=57
2025-07-19 22:44:19 [INFO] GripperOptimized:process_commands:418 - PGC指令執行成功
2025-07-19 22:44:19 [WARNING] GripperOptimized:fast_loop:492 - 主循環執行時間過長: 36.3ms
2025-07-19 22:44:20 [INFO] GripperOptimized:fast_loop:484 - 性能統計: 循環=1225000, 平均耗時=7.7ms, 最大耗時=51.7ms, 指令數=433
2025-07-19 22:44:22 [INFO] GripperOptimized:process_commands:412 - 收到PGC指令: 代碼=3, 參數1=300, 參數2=0, ID=58
2025-07-19 22:44:22 [INFO] GripperOptimized:process_commands:418 - PGC指令執行成功
2025-07-19 22:44:22 [WARNING] GripperOptimized:fast_loop:492 - 主循環執行時間過長: 35.9ms
2025-07-19 22:44:23 [INFO] GripperOptimized:process_commands:412 - 收到PGC指令: 代碼=3, 參數1=460, 參數2=0, ID=59
2025-07-19 22:44:23 [INFO] GripperOptimized:process_commands:418 - PGC指令執行成功
2025-07-19 22:44:23 [WARNING] GripperOptimized:fast_loop:492 - 主循環執行時間過長: 35.2ms
2025-07-19 22:44:41 [INFO] GripperOptimized:fast_loop:484 - 性能統計: 循環=1226000, 平均耗時=7.5ms, 最大耗時=51.7ms, 指令數=435
2025-07-19 22:44:57 [INFO] GripperOptimized:process_commands:412 - 收到PGC指令: 代碼=8, 參數1=0, 參數2=0, ID=23042
2025-07-19 22:44:57 [INFO] GripperOptimized:process_commands:418 - PGC指令執行成功
2025-07-19 22:44:57 [WARNING] GripperOptimized:fast_loop:492 - 主循環執行時間過長: 37.5ms
2025-07-19 22:45:02 [INFO] GripperOptimized:fast_loop:484 - 性能統計: 循環=1227000, 平均耗時=7.4ms, 最大耗時=51.7ms, 指令數=436
2025-07-19 22:45:22 [INFO] GripperOptimized:fast_loop:484 - 性能統計: 循環=1228000, 平均耗時=7.7ms, 最大耗時=51.7ms, 指令數=436
2025-07-19 22:45:43 [INFO] GripperOptimized:fast_loop:484 - 性能統計: 循環=1229000, 平均耗時=7.7ms, 最大耗時=51.7ms, 指令數=436
2025-07-19 22:46:03 [INFO] GripperOptimized:fast_loop:484 - 性能統計: 循環=1230000, 平均耗時=7.7ms, 最大耗時=51.7ms, 指令數=436
2025-07-19 22:46:24 [INFO] GripperOptimized:fast_loop:484 - 性能統計: 循環=1231000, 平均耗時=7.6ms, 最大耗時=51.7ms, 指令數=436
2025-07-19 22:46:24 [INFO] GripperOptimized:process_commands:412 - 收到PGC指令: 代碼=1, 參數1=0, 參數2=0, ID=1
2025-07-19 22:46:24 [INFO] GripperOptimized:process_commands:418 - PGC指令執行成功
2025-07-19 22:46:24 [WARNING] GripperOptimized:fast_loop:492 - 主循環執行時間過長: 37.0ms
2025-07-19 22:46:26 [INFO] GripperOptimized:process_commands:412 - 收到PGC指令: 代碼=3, 參數1=460, 參數2=0, ID=2
2025-07-19 22:46:26 [INFO] GripperOptimized:process_commands:418 - PGC指令執行成功
2025-07-19 22:46:26 [WARNING] GripperOptimized:fast_loop:492 - 主循環執行時間過長: 36.3ms
2025-07-19 22:46:28 [INFO] GripperOptimized:process_commands:412 - 收到PGC指令: 代碼=3, 參數1=300, 參數2=0, ID=3
2025-07-19 22:46:28 [INFO] GripperOptimized:process_commands:418 - PGC指令執行成功
2025-07-19 22:46:28 [WARNING] GripperOptimized:fast_loop:492 - 主循環執行時間過長: 36.6ms
2025-07-19 22:46:45 [INFO] GripperOptimized:fast_loop:484 - 性能統計: 循環=1232000, 平均耗時=7.7ms, 最大耗時=51.7ms, 指令數=439
2025-07-19 22:47:06 [INFO] GripperOptimized:fast_loop:484 - 性能統計: 循環=1233000, 平均耗時=7.8ms, 最大耗時=51.7ms, 指令數=439
2025-07-19 22:47:26 [INFO] GripperOptimized:fast_loop:484 - 性能統計: 循環=1234000, 平均耗時=7.3ms, 最大耗時=51.7ms, 指令數=439
2025-07-19 22:47:47 [INFO] GripperOptimized:process_commands:412 - 收到PGC指令: 代碼=1, 參數1=0, 參數2=0, ID=1
2025-07-19 22:47:47 [INFO] GripperOptimized:process_commands:418 - PGC指令執行成功
2025-07-19 22:47:47 [WARNING] GripperOptimized:fast_loop:492 - 主循環執行時間過長: 36.9ms
2025-07-19 22:47:47 [INFO] GripperOptimized:fast_loop:484 - 性能統計: 循環=1235000, 平均耗時=8.2ms, 最大耗時=51.7ms, 指令數=440
2025-07-19 22:47:53 [INFO] GripperOptimized:process_commands:412 - 收到PGC指令: 代碼=3, 參數1=300, 參數2=0, ID=2563
2025-07-19 22:47:53 [INFO] GripperOptimized:process_commands:418 - PGC指令執行成功
2025-07-19 22:47:53 [WARNING] GripperOptimized:fast_loop:492 - 主循環執行時間過長: 36.4ms
2025-07-19 22:48:08 [INFO] GripperOptimized:fast_loop:484 - 性能統計: 循環=1236000, 平均耗時=7.5ms, 最大耗時=51.7ms, 指令數=441
2025-07-19 22:48:29 [INFO] GripperOptimized:fast_loop:484 - 性能統計: 循環=1237000, 平均耗時=7.7ms, 最大耗時=51.7ms, 指令數=441
2025-07-19 22:48:47 [INFO] GripperOptimized:process_commands:412 - 收到PGC指令: 代碼=1, 參數1=0, 參數2=0, ID=1
2025-07-19 22:48:47 [INFO] GripperOptimized:process_commands:418 - PGC指令執行成功
2025-07-19 22:48:48 [WARNING] GripperOptimized:fast_loop:492 - 主循環執行時間過長: 35.0ms
2025-07-19 22:48:49 [INFO] GripperOptimized:fast_loop:484 - 性能統計: 循環=1238000, 平均耗時=7.7ms, 最大耗時=51.7ms, 指令數=442
2025-07-19 22:48:56 [INFO] GripperOptimized:process_commands:412 - 收到PGC指令: 代碼=3, 參數1=300, 參數2=0, ID=64734
2025-07-19 22:48:56 [INFO] GripperOptimized:process_commands:418 - PGC指令執行成功
2025-07-19 22:48:56 [WARNING] GripperOptimized:fast_loop:492 - 主循環執行時間過長: 35.0ms
2025-07-19 22:49:10 [INFO] GripperOptimized:fast_loop:484 - 性能統計: 循環=1239000, 平均耗時=7.3ms, 最大耗時=51.7ms, 指令數=443
2025-07-19 22:49:17 [INFO] GripperOptimized:process_commands:412 - 收到PGC指令: 代碼=3, 參數1=460, 參數2=0, ID=2
2025-07-19 22:49:17 [INFO] GripperOptimized:process_commands:418 - PGC指令執行成功
2025-07-19 22:49:17 [WARNING] GripperOptimized:fast_loop:492 - 主循環執行時間過長: 36.7ms
2025-07-19 22:49:20 [INFO] GripperOptimized:process_commands:412 - 收到PGC指令: 代碼=3, 參數1=300, 參數2=0, ID=3
2025-07-19 22:49:20 [INFO] GripperOptimized:process_commands:418 - PGC指令執行成功
2025-07-19 22:49:20 [WARNING] GripperOptimized:fast_loop:492 - 主循環執行時間過長: 35.0ms
2025-07-19 22:49:31 [INFO] GripperOptimized:fast_loop:484 - 性能統計: 循環=1240000, 平均耗時=7.5ms, 最大耗時=51.7ms, 指令數=445
2025-07-19 22:49:31 [INFO] GripperOptimized:process_commands:412 - 收到PGC指令: 代碼=3, 參數1=460, 參數2=0, ID=4
2025-07-19 22:49:31 [INFO] GripperOptimized:process_commands:418 - PGC指令執行成功
2025-07-19 22:49:31 [WARNING] GripperOptimized:fast_loop:492 - 主循環執行時間過長: 34.6ms
2025-07-19 22:49:52 [INFO] GripperOptimized:fast_loop:484 - 性能統計: 循環=1241000, 平均耗時=7.5ms, 最大耗時=51.7ms, 指令數=446
2025-07-19 22:50:12 [INFO] GripperOptimized:fast_loop:484 - 性能統計: 循環=1242000, 平均耗時=7.5ms, 最大耗時=51.7ms, 指令數=446
2025-07-19 22:50:33 [INFO] GripperOptimized:fast_loop:484 - 性能統計: 循環=1243000, 平均耗時=7.7ms, 最大耗時=51.7ms, 指令數=446
2025-07-19 22:50:54 [INFO] GripperOptimized:fast_loop:484 - 性能統計: 循環=1244000, 平均耗時=7.8ms, 最大耗時=51.7ms, 指令數=446
2025-07-19 22:51:15 [INFO] GripperOptimized:fast_loop:484 - 性能統計: 循環=1245000, 平均耗時=7.9ms, 最大耗時=51.7ms, 指令數=446
2025-07-19 22:51:35 [INFO] GripperOptimized:fast_loop:484 - 性能統計: 循環=1246000, 平均耗時=7.8ms, 最大耗時=51.7ms, 指令數=446
2025-07-19 22:51:56 [INFO] GripperOptimized:fast_loop:484 - 性能統計: 循環=1247000, 平均耗時=7.8ms, 最大耗時=51.7ms, 指令數=446
2025-07-19 22:52:17 [INFO] GripperOptimized:fast_loop:484 - 性能統計: 循環=1248000, 平均耗時=7.6ms, 最大耗時=51.7ms, 指令數=446
2025-07-19 22:52:37 [INFO] GripperOptimized:fast_loop:484 - 性能統計: 循環=1249000, 平均耗時=7.8ms, 最大耗時=51.7ms, 指令數=446
2025-07-19 22:52:58 [INFO] GripperOptimized:fast_loop:484 - 性能統計: 循環=1250000, 平均耗時=7.9ms, 最大耗時=51.7ms, 指令數=446
2025-07-19 22:53:19 [INFO] GripperOptimized:fast_loop:484 - 性能統計: 循環=1251000, 平均耗時=7.7ms, 最大耗時=51.7ms, 指令數=446
2025-07-19 22:53:39 [INFO] GripperOptimized:fast_loop:484 - 性能統計: 循環=1252000, 平均耗時=7.5ms, 最大耗時=51.7ms, 指令數=446
2025-07-19 22:53:57 [INFO] GripperOptimized:process_commands:412 - 收到PGC指令: 代碼=8, 參數1=0, 參數2=0, ID=38351
2025-07-19 22:53:57 [INFO] GripperOptimized:process_commands:418 - PGC指令執行成功
2025-07-19 22:53:57 [WARNING] GripperOptimized:fast_loop:492 - 主循環執行時間過長: 36.2ms
2025-07-19 22:54:00 [INFO] GripperOptimized:fast_loop:484 - 性能統計: 循環=1253000, 平均耗時=7.3ms, 最大耗時=51.7ms, 指令數=447
2025-07-19 22:54:19 [INFO] GripperOptimized:process_commands:412 - 收到PGC指令: 代碼=1, 參數1=0, 參數2=0, ID=1
2025-07-19 22:54:19 [INFO] GripperOptimized:process_commands:418 - PGC指令執行成功
2025-07-19 22:54:19 [WARNING] GripperOptimized:fast_loop:492 - 主循環執行時間過長: 36.2ms
2025-07-19 22:54:21 [INFO] GripperOptimized:fast_loop:484 - 性能統計: 循環=1254000, 平均耗時=7.5ms, 最大耗時=51.7ms, 指令數=448
2025-07-19 22:54:24 [INFO] GripperOptimized:process_commands:412 - 收到PGC指令: 代碼=3, 參數1=300, 參數2=0, ID=65440
2025-07-19 22:54:24 [INFO] GripperOptimized:process_commands:418 - PGC指令執行成功
2025-07-19 22:54:24 [WARNING] GripperOptimized:fast_loop:492 - 主循環執行時間過長: 36.9ms
2025-07-19 22:54:30 [INFO] GripperOptimized:process_commands:412 - 收到PGC指令: 代碼=3, 參數1=460, 參數2=0, ID=2
2025-07-19 22:54:30 [INFO] GripperOptimized:process_commands:418 - PGC指令執行成功
2025-07-19 22:54:30 [WARNING] GripperOptimized:fast_loop:492 - 主循環執行時間過長: 36.3ms
2025-07-19 22:54:33 [INFO] GripperOptimized:process_commands:412 - 收到PGC指令: 代碼=3, 參數1=300, 參數2=0, ID=3
2025-07-19 22:54:33 [INFO] GripperOptimized:process_commands:418 - PGC指令執行成功
2025-07-19 22:54:33 [WARNING] GripperOptimized:fast_loop:492 - 主循環執行時間過長: 36.2ms
2025-07-19 22:54:35 [INFO] GripperOptimized:process_commands:412 - 收到PGC指令: 代碼=3, 參數1=460, 參數2=0, ID=4
2025-07-19 22:54:35 [INFO] GripperOptimized:process_commands:418 - PGC指令執行成功
2025-07-19 22:54:35 [WARNING] GripperOptimized:fast_loop:492 - 主循環執行時間過長: 36.7ms
2025-07-19 22:54:42 [INFO] GripperOptimized:fast_loop:484 - 性能統計: 循環=1255000, 平均耗時=7.4ms, 最大耗時=51.7ms, 指令數=452
2025-07-19 22:54:57 [INFO] GripperOptimized:process_commands:412 - 收到PGC指令: 代碼=3, 參數1=300, 參數2=0, ID=5
2025-07-19 22:54:57 [INFO] GripperOptimized:process_commands:418 - PGC指令執行成功
2025-07-19 22:54:57 [WARNING] GripperOptimized:fast_loop:492 - 主循環執行時間過長: 34.1ms
2025-07-19 22:55:00 [INFO] GripperOptimized:process_commands:412 - 收到PGC指令: 代碼=3, 參數1=460, 參數2=0, ID=6
2025-07-19 22:55:00 [INFO] GripperOptimized:process_commands:418 - PGC指令執行成功
2025-07-19 22:55:00 [WARNING] GripperOptimized:fast_loop:492 - 主循環執行時間過長: 35.9ms
2025-07-19 22:55:02 [INFO] GripperOptimized:fast_loop:484 - 性能統計: 循環=1256000, 平均耗時=7.4ms, 最大耗時=51.7ms, 指令數=454
2025-07-19 22:55:03 [INFO] GripperOptimized:process_commands:412 - 收到PGC指令: 代碼=3, 參數1=300, 參數2=0, ID=7
2025-07-19 22:55:03 [INFO] GripperOptimized:process_commands:418 - PGC指令執行成功
2025-07-19 22:55:03 [WARNING] GripperOptimized:fast_loop:492 - 主循環執行時間過長: 36.3ms
2025-07-19 22:55:04 [INFO] GripperOptimized:process_commands:412 - 收到PGC指令: 代碼=3, 參數1=460, 參數2=0, ID=8
2025-07-19 22:55:04 [INFO] GripperOptimized:process_commands:418 - PGC指令執行成功
2025-07-19 22:55:04 [WARNING] GripperOptimized:fast_loop:492 - 主循環執行時間過長: 37.0ms
2025-07-19 22:55:13 [INFO] GripperOptimized:process_commands:412 - 收到PGC指令: 代碼=3, 參數1=300, 參數2=0, ID=9
2025-07-19 22:55:13 [INFO] GripperOptimized:process_commands:418 - PGC指令執行成功
2025-07-19 22:55:13 [WARNING] GripperOptimized:fast_loop:492 - 主循環執行時間過長: 36.5ms
2025-07-19 22:55:16 [INFO] GripperOptimized:process_commands:412 - 收到PGC指令: 代碼=3, 參數1=460, 參數2=0, ID=10
2025-07-19 22:55:16 [INFO] GripperOptimized:process_commands:418 - PGC指令執行成功
2025-07-19 22:55:16 [WARNING] GripperOptimized:fast_loop:492 - 主循環執行時間過長: 34.8ms
2025-07-19 22:55:19 [INFO] GripperOptimized:process_commands:412 - 收到PGC指令: 代碼=3, 參數1=300, 參數2=0, ID=11
2025-07-19 22:55:19 [INFO] GripperOptimized:process_commands:418 - PGC指令執行成功
2025-07-19 22:55:19 [WARNING] GripperOptimized:fast_loop:492 - 主循環執行時間過長: 36.3ms
2025-07-19 22:55:20 [INFO] GripperOptimized:process_commands:412 - 收到PGC指令: 代碼=3, 參數1=460, 參數2=0, ID=12
2025-07-19 22:55:20 [INFO] GripperOptimized:process_commands:418 - PGC指令執行成功
2025-07-19 22:55:20 [WARNING] GripperOptimized:fast_loop:492 - 主循環執行時間過長: 34.8ms
2025-07-19 22:55:23 [INFO] GripperOptimized:fast_loop:484 - 性能統計: 循環=1257000, 平均耗時=7.5ms, 最大耗時=51.7ms, 指令數=460
2025-07-19 22:55:33 [INFO] GripperOptimized:process_commands:412 - 收到PGC指令: 代碼=3, 參數1=300, 參數2=0, ID=13
2025-07-19 22:55:33 [INFO] GripperOptimized:process_commands:418 - PGC指令執行成功
2025-07-19 22:55:33 [WARNING] GripperOptimized:fast_loop:492 - 主循環執行時間過長: 36.7ms
2025-07-19 22:55:36 [INFO] GripperOptimized:process_commands:412 - 收到PGC指令: 代碼=3, 參數1=460, 參數2=0, ID=14
2025-07-19 22:55:36 [INFO] GripperOptimized:process_commands:418 - PGC指令執行成功
2025-07-19 22:55:36 [WARNING] GripperOptimized:fast_loop:492 - 主循環執行時間過長: 35.0ms
2025-07-19 22:55:39 [INFO] GripperOptimized:process_commands:412 - 收到PGC指令: 代碼=3, 參數1=300, 參數2=0, ID=15
2025-07-19 22:55:39 [INFO] GripperOptimized:process_commands:418 - PGC指令執行成功
2025-07-19 22:55:39 [WARNING] GripperOptimized:fast_loop:492 - 主循環執行時間過長: 34.2ms
2025-07-19 22:55:41 [INFO] GripperOptimized:process_commands:412 - 收到PGC指令: 代碼=3, 參數1=460, 參數2=0, ID=16
2025-07-19 22:55:41 [INFO] GripperOptimized:process_commands:418 - PGC指令執行成功
2025-07-19 22:55:41 [WARNING] GripperOptimized:fast_loop:492 - 主循環執行時間過長: 36.4ms
2025-07-19 22:55:44 [INFO] GripperOptimized:fast_loop:484 - 性能統計: 循環=1258000, 平均耗時=7.5ms, 最大耗時=51.7ms, 指令數=464
2025-07-19 22:56:04 [INFO] GripperOptimized:process_commands:412 - 收到PGC指令: 代碼=3, 參數1=300, 參數2=0, ID=17
2025-07-19 22:56:04 [INFO] GripperOptimized:process_commands:418 - PGC指令執行成功
2025-07-19 22:56:04 [WARNING] GripperOptimized:fast_loop:492 - 主循環執行時間過長: 36.0ms
2025-07-19 22:56:05 [INFO] GripperOptimized:fast_loop:484 - 性能統計: 循環=1259000, 平均耗時=7.3ms, 最大耗時=51.7ms, 指令數=465
2025-07-19 22:56:07 [INFO] GripperOptimized:process_commands:412 - 收到PGC指令: 代碼=3, 參數1=460, 參數2=0, ID=18
2025-07-19 22:56:07 [INFO] GripperOptimized:process_commands:418 - PGC指令執行成功
2025-07-19 22:56:07 [WARNING] GripperOptimized:fast_loop:492 - 主循環執行時間過長: 36.1ms
2025-07-19 22:56:10 [INFO] GripperOptimized:process_commands:412 - 收到PGC指令: 代碼=3, 參數1=300, 參數2=0, ID=19
2025-07-19 22:56:10 [INFO] GripperOptimized:process_commands:418 - PGC指令執行成功
2025-07-19 22:56:10 [WARNING] GripperOptimized:fast_loop:492 - 主循環執行時間過長: 36.3ms
2025-07-19 22:56:11 [INFO] GripperOptimized:process_commands:412 - 收到PGC指令: 代碼=3, 參數1=460, 參數2=0, ID=20
2025-07-19 22:56:11 [INFO] GripperOptimized:process_commands:418 - PGC指令執行成功
2025-07-19 22:56:11 [WARNING] GripperOptimized:fast_loop:492 - 主循環執行時間過長: 35.4ms
2025-07-19 22:56:25 [INFO] GripperOptimized:fast_loop:484 - 性能統計: 循環=1260000, 平均耗時=7.3ms, 最大耗時=51.7ms, 指令數=468
2025-07-19 22:56:46 [INFO] GripperOptimized:fast_loop:484 - 性能統計: 循環=1261000, 平均耗時=7.2ms, 最大耗時=51.7ms, 指令數=468
2025-07-19 22:57:07 [INFO] GripperOptimized:fast_loop:484 - 性能統計: 循環=1262000, 平均耗時=7.3ms, 最大耗時=51.7ms, 指令數=468
2025-07-19 22:57:28 [INFO] GripperOptimized:fast_loop:484 - 性能統計: 循環=1263000, 平均耗時=7.4ms, 最大耗時=51.7ms, 指令數=468
2025-07-19 22:57:48 [INFO] GripperOptimized:fast_loop:484 - 性能統計: 循環=1264000, 平均耗時=7.6ms, 最大耗時=51.7ms, 指令數=468
2025-07-19 22:58:09 [INFO] GripperOptimized:fast_loop:484 - 性能統計: 循環=1265000, 平均耗時=7.4ms, 最大耗時=51.7ms, 指令數=468
2025-07-19 22:58:30 [INFO] GripperOptimized:fast_loop:484 - 性能統計: 循環=1266000, 平均耗時=8.3ms, 最大耗時=51.7ms, 指令數=468
2025-07-19 22:58:41 [INFO] GripperOptimized:process_commands:412 - 收到PGC指令: 代碼=3, 參數1=300, 參數2=0, ID=21
2025-07-19 22:58:41 [INFO] GripperOptimized:process_commands:418 - PGC指令執行成功
2025-07-19 22:58:41 [WARNING] GripperOptimized:fast_loop:492 - 主循環執行時間過長: 34.9ms
2025-07-19 22:58:44 [WARNING] GripperOptimized:fast_loop:492 - 主循環執行時間過長: 32.0ms
2025-07-19 22:58:45 [INFO] GripperOptimized:process_commands:412 - 收到PGC指令: 代碼=3, 參數1=460, 參數2=0, ID=22
2025-07-19 22:58:45 [INFO] GripperOptimized:process_commands:418 - PGC指令執行成功
2025-07-19 22:58:45 [WARNING] GripperOptimized:fast_loop:492 - 主循環執行時間過長: 44.1ms
2025-07-19 22:58:47 [INFO] GripperOptimized:process_commands:412 - 收到PGC指令: 代碼=3, 參數1=300, 參數2=0, ID=23
2025-07-19 22:58:47 [INFO] GripperOptimized:process_commands:418 - PGC指令執行成功
2025-07-19 22:58:47 [WARNING] GripperOptimized:fast_loop:492 - 主循環執行時間過長: 38.1ms
2025-07-19 22:58:49 [INFO] GripperOptimized:process_commands:412 - 收到PGC指令: 代碼=3, 參數1=460, 參數2=0, ID=24
2025-07-19 22:58:49 [INFO] GripperOptimized:process_commands:418 - PGC指令執行成功
2025-07-19 22:58:49 [WARNING] GripperOptimized:fast_loop:492 - 主循環執行時間過長: 42.9ms
2025-07-19 22:58:51 [INFO] GripperOptimized:fast_loop:484 - 性能統計: 循環=1267000, 平均耗時=8.9ms, 最大耗時=51.7ms, 指令數=472
2025-07-19 22:58:55 [INFO] GripperOptimized:process_commands:412 - 收到PGC指令: 代碼=3, 參數1=300, 參數2=0, ID=25
2025-07-19 22:58:55 [INFO] GripperOptimized:process_commands:418 - PGC指令執行成功
2025-07-19 22:58:55 [WARNING] GripperOptimized:fast_loop:492 - 主循環執行時間過長: 34.7ms
2025-07-19 22:58:59 [INFO] GripperOptimized:process_commands:412 - 收到PGC指令: 代碼=3, 參數1=460, 參數2=0, ID=26
2025-07-19 22:58:59 [INFO] GripperOptimized:process_commands:418 - PGC指令執行成功
2025-07-19 22:58:59 [WARNING] GripperOptimized:fast_loop:492 - 主循環執行時間過長: 50.2ms
2025-07-19 22:59:01 [INFO] GripperOptimized:process_commands:412 - 收到PGC指令: 代碼=3, 參數1=300, 參數2=0, ID=27
2025-07-19 22:59:01 [INFO] GripperOptimized:process_commands:418 - PGC指令執行成功
2025-07-19 22:59:01 [WARNING] GripperOptimized:fast_loop:492 - 主循環執行時間過長: 34.3ms
2025-07-19 22:59:12 [INFO] GripperOptimized:fast_loop:484 - 性能統計: 循環=1268000, 平均耗時=7.6ms, 最大耗時=51.7ms, 指令數=475
2025-07-19 22:59:13 [INFO] GripperOptimized:process_commands:412 - 收到PGC指令: 代碼=3, 參數1=460, 參數2=0, ID=28
2025-07-19 22:59:13 [INFO] GripperOptimized:process_commands:418 - PGC指令執行成功
2025-07-19 22:59:13 [WARNING] GripperOptimized:fast_loop:492 - 主循環執行時間過長: 37.6ms
2025-07-19 22:59:33 [INFO] GripperOptimized:fast_loop:484 - 性能統計: 循環=1269000, 平均耗時=7.8ms, 最大耗時=51.7ms, 指令數=476
2025-07-19 22:59:54 [INFO] GripperOptimized:fast_loop:484 - 性能統計: 循環=1270000, 平均耗時=7.7ms, 最大耗時=51.7ms, 指令數=476
2025-07-19 23:00:15 [INFO] GripperOptimized:fast_loop:484 - 性能統計: 循環=1271000, 平均耗時=7.7ms, 最大耗時=51.7ms, 指令數=476
2025-07-19 23:00:35 [INFO] GripperOptimized:fast_loop:484 - 性能統計: 循環=1272000, 平均耗時=7.6ms, 最大耗時=51.7ms, 指令數=476
2025-07-19 23:00:56 [INFO] GripperOptimized:fast_loop:484 - 性能統計: 循環=1273000, 平均耗時=7.8ms, 最大耗時=51.7ms, 指令數=476
2025-07-19 23:01:17 [INFO] GripperOptimized:fast_loop:484 - 性能統計: 循環=1274000, 平均耗時=7.7ms, 最大耗時=51.7ms, 指令數=476
2025-07-19 23:01:29 [INFO] GripperOptimized:process_commands:412 - 收到PGC指令: 代碼=8, 參數1=0, 參數2=0, ID=31507
2025-07-19 23:01:29 [INFO] GripperOptimized:process_commands:418 - PGC指令執行成功
2025-07-19 23:01:29 [WARNING] GripperOptimized:fast_loop:492 - 主循環執行時間過長: 34.8ms
2025-07-19 23:01:37 [INFO] GripperOptimized:fast_loop:484 - 性能統計: 循環=1275000, 平均耗時=7.5ms, 最大耗時=51.7ms, 指令數=477
2025-07-19 23:01:46 [INFO] GripperOptimized:process_commands:412 - 收到PGC指令: 代碼=1, 參數1=0, 參數2=0, ID=1
2025-07-19 23:01:46 [INFO] GripperOptimized:process_commands:418 - PGC指令執行成功
2025-07-19 23:01:46 [WARNING] GripperOptimized:fast_loop:492 - 主循環執行時間過長: 35.9ms
2025-07-19 23:01:53 [INFO] GripperOptimized:process_commands:412 - 收到PGC指令: 代碼=3, 參數1=300, 參數2=0, ID=55933
2025-07-19 23:01:53 [INFO] GripperOptimized:process_commands:418 - PGC指令執行成功
2025-07-19 23:01:53 [WARNING] GripperOptimized:fast_loop:492 - 主循環執行時間過長: 34.2ms
2025-07-19 23:01:58 [INFO] GripperOptimized:fast_loop:484 - 性能統計: 循環=1276000, 平均耗時=7.4ms, 最大耗時=51.7ms, 指令數=479
2025-07-19 23:02:02 [INFO] GripperOptimized:process_commands:412 - 收到PGC指令: 代碼=3, 參數1=460, 參數2=0, ID=2
2025-07-19 23:02:02 [INFO] GripperOptimized:process_commands:418 - PGC指令執行成功
2025-07-19 23:02:02 [WARNING] GripperOptimized:fast_loop:492 - 主循環執行時間過長: 36.5ms
2025-07-19 23:02:05 [INFO] GripperOptimized:process_commands:412 - 收到PGC指令: 代碼=3, 參數1=300, 參數2=0, ID=3
2025-07-19 23:02:05 [INFO] GripperOptimized:process_commands:418 - PGC指令執行成功
2025-07-19 23:02:05 [WARNING] GripperOptimized:fast_loop:492 - 主循環執行時間過長: 36.0ms
2025-07-19 23:02:06 [INFO] GripperOptimized:process_commands:412 - 收到PGC指令: 代碼=3, 參數1=460, 參數2=0, ID=4
2025-07-19 23:02:06 [INFO] GripperOptimized:process_commands:418 - PGC指令執行成功
2025-07-19 23:02:06 [WARNING] GripperOptimized:fast_loop:492 - 主循環執行時間過長: 34.9ms
2025-07-19 23:02:12 [INFO] GripperOptimized:process_commands:412 - 收到PGC指令: 代碼=3, 參數1=300, 參數2=0, ID=5
2025-07-19 23:02:12 [INFO] GripperOptimized:process_commands:418 - PGC指令執行成功
2025-07-19 23:02:12 [WARNING] GripperOptimized:fast_loop:492 - 主循環執行時間過長: 34.4ms
2025-07-19 23:02:17 [INFO] GripperOptimized:process_commands:412 - 收到PGC指令: 代碼=3, 參數1=460, 參數2=0, ID=6
2025-07-19 23:02:17 [INFO] GripperOptimized:process_commands:418 - PGC指令執行成功
2025-07-19 23:02:17 [WARNING] GripperOptimized:fast_loop:492 - 主循環執行時間過長: 43.2ms
2025-07-19 23:02:19 [INFO] GripperOptimized:fast_loop:484 - 性能統計: 循環=1277000, 平均耗時=7.4ms, 最大耗時=51.7ms, 指令數=484
2025-07-19 23:02:19 [INFO] GripperOptimized:process_commands:412 - 收到PGC指令: 代碼=3, 參數1=300, 參數2=0, ID=7
2025-07-19 23:02:19 [INFO] GripperOptimized:process_commands:418 - PGC指令執行成功
2025-07-19 23:02:19 [WARNING] GripperOptimized:fast_loop:492 - 主循環執行時間過長: 37.3ms
2025-07-19 23:02:21 [INFO] GripperOptimized:process_commands:412 - 收到PGC指令: 代碼=3, 參數1=460, 參數2=0, ID=8
2025-07-19 23:02:21 [INFO] GripperOptimized:process_commands:418 - PGC指令執行成功
2025-07-19 23:02:21 [WARNING] GripperOptimized:fast_loop:492 - 主循環執行時間過長: 34.8ms
2025-07-19 23:02:25 [INFO] GripperOptimized:process_commands:412 - 收到PGC指令: 代碼=3, 參數1=300, 參數2=0, ID=9
2025-07-19 23:02:25 [INFO] GripperOptimized:process_commands:418 - PGC指令執行成功
2025-07-19 23:02:25 [WARNING] GripperOptimized:fast_loop:492 - 主循環執行時間過長: 36.7ms
2025-07-19 23:02:29 [INFO] GripperOptimized:process_commands:412 - 收到PGC指令: 代碼=3, 參數1=460, 參數2=0, ID=10
2025-07-19 23:02:29 [INFO] GripperOptimized:process_commands:418 - PGC指令執行成功
2025-07-19 23:02:29 [WARNING] GripperOptimized:fast_loop:492 - 主循環執行時間過長: 36.2ms
2025-07-19 23:02:31 [INFO] GripperOptimized:process_commands:412 - 收到PGC指令: 代碼=3, 參數1=300, 參數2=0, ID=11
2025-07-19 23:02:31 [INFO] GripperOptimized:process_commands:418 - PGC指令執行成功
2025-07-19 23:02:31 [WARNING] GripperOptimized:fast_loop:492 - 主循環執行時間過長: 34.9ms
2025-07-19 23:02:33 [INFO] GripperOptimized:process_commands:412 - 收到PGC指令: 代碼=3, 參數1=460, 參數2=0, ID=12
2025-07-19 23:02:33 [INFO] GripperOptimized:process_commands:418 - PGC指令執行成功
2025-07-19 23:02:33 [WARNING] GripperOptimized:fast_loop:492 - 主循環執行時間過長: 35.3ms
2025-07-19 23:02:36 [INFO] GripperOptimized:process_commands:412 - 收到PGC指令: 代碼=3, 參數1=300, 參數2=0, ID=13
2025-07-19 23:02:36 [INFO] GripperOptimized:process_commands:418 - PGC指令執行成功
2025-07-19 23:02:36 [WARNING] GripperOptimized:fast_loop:492 - 主循環執行時間過長: 35.4ms
2025-07-19 23:02:40 [INFO] GripperOptimized:fast_loop:484 - 性能統計: 循環=1278000, 平均耗時=7.6ms, 最大耗時=51.7ms, 指令數=491
2025-07-19 23:02:40 [INFO] GripperOptimized:process_commands:412 - 收到PGC指令: 代碼=3, 參數1=460, 參數2=0, ID=14
2025-07-19 23:02:40 [INFO] GripperOptimized:process_commands:418 - PGC指令執行成功
2025-07-19 23:02:40 [WARNING] GripperOptimized:fast_loop:492 - 主循環執行時間過長: 36.8ms
2025-07-19 23:02:42 [INFO] GripperOptimized:process_commands:412 - 收到PGC指令: 代碼=3, 參數1=300, 參數2=0, ID=15
2025-07-19 23:02:42 [INFO] GripperOptimized:process_commands:418 - PGC指令執行成功
2025-07-19 23:02:42 [WARNING] GripperOptimized:fast_loop:492 - 主循環執行時間過長: 37.5ms
2025-07-19 23:02:44 [INFO] GripperOptimized:process_commands:412 - 收到PGC指令: 代碼=3, 參數1=460, 參數2=0, ID=16
2025-07-19 23:02:44 [INFO] GripperOptimized:process_commands:418 - PGC指令執行成功
2025-07-19 23:02:44 [WARNING] GripperOptimized:fast_loop:492 - 主循環執行時間過長: 35.3ms
2025-07-19 23:02:47 [INFO] GripperOptimized:process_commands:412 - 收到PGC指令: 代碼=3, 參數1=300, 參數2=0, ID=17
2025-07-19 23:02:47 [INFO] GripperOptimized:process_commands:418 - PGC指令執行成功
2025-07-19 23:02:47 [WARNING] GripperOptimized:fast_loop:492 - 主循環執行時間過長: 34.3ms
2025-07-19 23:02:50 [INFO] GripperOptimized:process_commands:412 - 收到PGC指令: 代碼=3, 參數1=460, 參數2=0, ID=18
2025-07-19 23:02:50 [INFO] GripperOptimized:process_commands:418 - PGC指令執行成功
2025-07-19 23:02:50 [WARNING] GripperOptimized:fast_loop:492 - 主循環執行時間過長: 36.3ms
2025-07-19 23:02:53 [INFO] GripperOptimized:process_commands:412 - 收到PGC指令: 代碼=3, 參數1=300, 參數2=0, ID=19
2025-07-19 23:02:53 [INFO] GripperOptimized:process_commands:418 - PGC指令執行成功
2025-07-19 23:02:53 [WARNING] GripperOptimized:fast_loop:492 - 主循環執行時間過長: 36.7ms
2025-07-19 23:02:55 [INFO] GripperOptimized:process_commands:412 - 收到PGC指令: 代碼=3, 參數1=460, 參數2=0, ID=20
2025-07-19 23:02:55 [INFO] GripperOptimized:process_commands:418 - PGC指令執行成功
2025-07-19 23:02:55 [WARNING] GripperOptimized:fast_loop:492 - 主循環執行時間過長: 33.7ms
2025-07-19 23:02:58 [INFO] GripperOptimized:process_commands:412 - 收到PGC指令: 代碼=3, 參數1=300, 參數2=0, ID=21
2025-07-19 23:02:58 [INFO] GripperOptimized:process_commands:418 - PGC指令執行成功
2025-07-19 23:02:58 [WARNING] GripperOptimized:fast_loop:492 - 主循環執行時間過長: 33.7ms
2025-07-19 23:03:01 [INFO] GripperOptimized:fast_loop:484 - 性能統計: 循環=1279000, 平均耗時=7.4ms, 最大耗時=51.7ms, 指令數=499
2025-07-19 23:03:01 [INFO] GripperOptimized:process_commands:412 - 收到PGC指令: 代碼=3, 參數1=460, 參數2=0, ID=22
2025-07-19 23:03:01 [INFO] GripperOptimized:process_commands:418 - PGC指令執行成功
2025-07-19 23:03:01 [WARNING] GripperOptimized:fast_loop:492 - 主循環執行時間過長: 34.1ms
2025-07-19 23:03:04 [INFO] GripperOptimized:process_commands:412 - 收到PGC指令: 代碼=3, 參數1=300, 參數2=0, ID=23
2025-07-19 23:03:04 [INFO] GripperOptimized:process_commands:418 - PGC指令執行成功
2025-07-19 23:03:04 [WARNING] GripperOptimized:fast_loop:492 - 主循環執行時間過長: 35.6ms
2025-07-19 23:03:05 [INFO] GripperOptimized:process_commands:412 - 收到PGC指令: 代碼=3, 參數1=460, 參數2=0, ID=24
2025-07-19 23:03:05 [INFO] GripperOptimized:process_commands:418 - PGC指令執行成功
2025-07-19 23:03:05 [WARNING] GripperOptimized:fast_loop:492 - 主循環執行時間過長: 35.5ms
2025-07-19 23:03:11 [INFO] GripperOptimized:process_commands:412 - 收到PGC指令: 代碼=3, 參數1=300, 參數2=0, ID=25
2025-07-19 23:03:11 [INFO] GripperOptimized:process_commands:418 - PGC指令執行成功
2025-07-19 23:03:11 [WARNING] GripperOptimized:fast_loop:492 - 主循環執行時間過長: 35.9ms
2025-07-19 23:03:15 [INFO] GripperOptimized:process_commands:412 - 收到PGC指令: 代碼=3, 參數1=460, 參數2=0, ID=26
2025-07-19 23:03:15 [INFO] GripperOptimized:process_commands:418 - PGC指令執行成功
2025-07-19 23:03:15 [WARNING] GripperOptimized:fast_loop:492 - 主循環執行時間過長: 36.6ms
2025-07-19 23:03:17 [INFO] GripperOptimized:process_commands:412 - 收到PGC指令: 代碼=3, 參數1=300, 參數2=0, ID=27
2025-07-19 23:03:17 [INFO] GripperOptimized:process_commands:418 - PGC指令執行成功
2025-07-19 23:03:17 [WARNING] GripperOptimized:fast_loop:492 - 主循環執行時間過長: 35.9ms
2025-07-19 23:03:19 [INFO] GripperOptimized:process_commands:412 - 收到PGC指令: 代碼=3, 參數1=460, 參數2=0, ID=28
2025-07-19 23:03:19 [INFO] GripperOptimized:process_commands:418 - PGC指令執行成功
2025-07-19 23:03:19 [WARNING] GripperOptimized:fast_loop:492 - 主循環執行時間過長: 36.2ms
2025-07-19 23:03:22 [INFO] GripperOptimized:fast_loop:484 - 性能統計: 循環=1280000, 平均耗時=7.3ms, 最大耗時=51.7ms, 指令數=506
2025-07-19 23:03:23 [INFO] GripperOptimized:process_commands:412 - 收到PGC指令: 代碼=3, 參數1=300, 參數2=0, ID=29
2025-07-19 23:03:23 [INFO] GripperOptimized:process_commands:418 - PGC指令執行成功
2025-07-19 23:03:23 [WARNING] GripperOptimized:fast_loop:492 - 主循環執行時間過長: 35.5ms
2025-07-19 23:03:27 [INFO] GripperOptimized:process_commands:412 - 收到PGC指令: 代碼=3, 參數1=460, 參數2=0, ID=30
2025-07-19 23:03:27 [INFO] GripperOptimized:process_commands:418 - PGC指令執行成功
2025-07-19 23:03:27 [WARNING] GripperOptimized:fast_loop:492 - 主循環執行時間過長: 32.7ms
2025-07-19 23:03:29 [INFO] GripperOptimized:process_commands:412 - 收到PGC指令: 代碼=3, 參數1=300, 參數2=0, ID=31
2025-07-19 23:03:29 [INFO] GripperOptimized:process_commands:418 - PGC指令執行成功
2025-07-19 23:03:29 [WARNING] GripperOptimized:fast_loop:492 - 主循環執行時間過長: 35.3ms
2025-07-19 23:03:31 [INFO] GripperOptimized:process_commands:412 - 收到PGC指令: 代碼=3, 參數1=460, 參數2=0, ID=32
2025-07-19 23:03:31 [INFO] GripperOptimized:process_commands:418 - PGC指令執行成功
2025-07-19 23:03:31 [WARNING] GripperOptimized:fast_loop:492 - 主循環執行時間過長: 35.8ms
2025-07-19 23:03:36 [INFO] GripperOptimized:process_commands:412 - 收到PGC指令: 代碼=3, 參數1=300, 參數2=0, ID=33
2025-07-19 23:03:36 [INFO] GripperOptimized:process_commands:418 - PGC指令執行成功
2025-07-19 23:03:36 [WARNING] GripperOptimized:fast_loop:492 - 主循環執行時間過長: 35.4ms
2025-07-19 23:03:40 [INFO] GripperOptimized:process_commands:412 - 收到PGC指令: 代碼=3, 參數1=460, 參數2=0, ID=34
2025-07-19 23:03:40 [INFO] GripperOptimized:process_commands:418 - PGC指令執行成功
2025-07-19 23:03:40 [WARNING] GripperOptimized:fast_loop:492 - 主循環執行時間過長: 37.3ms
2025-07-19 23:03:42 [INFO] GripperOptimized:process_commands:412 - 收到PGC指令: 代碼=3, 參數1=300, 參數2=0, ID=35
2025-07-19 23:03:42 [INFO] GripperOptimized:process_commands:418 - PGC指令執行成功
2025-07-19 23:03:42 [WARNING] GripperOptimized:fast_loop:492 - 主循環執行時間過長: 34.8ms
2025-07-19 23:03:42 [INFO] GripperOptimized:fast_loop:484 - 性能統計: 循環=1281000, 平均耗時=8.7ms, 最大耗時=51.7ms, 指令數=513
2025-07-19 23:03:44 [INFO] GripperOptimized:process_commands:412 - 收到PGC指令: 代碼=3, 參數1=460, 參數2=0, ID=36
2025-07-19 23:03:44 [INFO] GripperOptimized:process_commands:418 - PGC指令執行成功
2025-07-19 23:03:44 [WARNING] GripperOptimized:fast_loop:492 - 主循環執行時間過長: 35.1ms
2025-07-19 23:04:03 [INFO] GripperOptimized:fast_loop:484 - 性能統計: 循環=1282000, 平均耗時=7.2ms, 最大耗時=51.7ms, 指令數=514
2025-07-19 23:04:24 [INFO] GripperOptimized:fast_loop:484 - 性能統計: 循環=1283000, 平均耗時=7.4ms, 最大耗時=51.7ms, 指令數=514
2025-07-19 23:04:45 [INFO] GripperOptimized:fast_loop:484 - 性能統計: 循環=1284000, 平均耗時=7.5ms, 最大耗時=51.7ms, 指令數=514
2025-07-19 23:05:05 [INFO] GripperOptimized:fast_loop:484 - 性能統計: 循環=1285000, 平均耗時=7.3ms, 最大耗時=51.7ms, 指令數=514
2025-07-19 23:05:26 [INFO] GripperOptimized:fast_loop:484 - 性能統計: 循環=1286000, 平均耗時=7.3ms, 最大耗時=51.7ms, 指令數=514
2025-07-19 23:05:47 [INFO] GripperOptimized:fast_loop:484 - 性能統計: 循環=1287000, 平均耗時=7.3ms, 最大耗時=51.7ms, 指令數=514
2025-07-19 23:06:07 [INFO] GripperOptimized:fast_loop:484 - 性能統計: 循環=1288000, 平均耗時=7.3ms, 最大耗時=51.7ms, 指令數=514
2025-07-19 23:06:28 [INFO] GripperOptimized:fast_loop:484 - 性能統計: 循環=1289000, 平均耗時=7.4ms, 最大耗時=51.7ms, 指令數=514
2025-07-19 23:06:49 [INFO] GripperOptimized:fast_loop:484 - 性能統計: 循環=1290000, 平均耗時=7.2ms, 最大耗時=51.7ms, 指令數=514
2025-07-19 23:07:10 [INFO] GripperOptimized:fast_loop:484 - 性能統計: 循環=1291000, 平均耗時=7.5ms, 最大耗時=51.7ms, 指令數=514
2025-07-19 23:07:31 [INFO] GripperOptimized:fast_loop:484 - 性能統計: 循環=1292000, 平均耗時=7.4ms, 最大耗時=51.7ms, 指令數=514
2025-07-19 23:07:51 [INFO] GripperOptimized:fast_loop:484 - 性能統計: 循環=1293000, 平均耗時=7.5ms, 最大耗時=51.7ms, 指令數=514
2025-07-19 23:08:12 [INFO] GripperOptimized:fast_loop:484 - 性能統計: 循環=1294000, 平均耗時=7.3ms, 最大耗時=51.7ms, 指令數=514
2025-07-19 23:08:33 [INFO] GripperOptimized:fast_loop:484 - 性能統計: 循環=1295000, 平均耗時=7.3ms, 最大耗時=51.7ms, 指令數=514
2025-07-19 23:08:54 [INFO] GripperOptimized:fast_loop:484 - 性能統計: 循環=1296000, 平均耗時=7.2ms, 最大耗時=51.7ms, 指令數=514
2025-07-19 23:09:15 [INFO] GripperOptimized:fast_loop:484 - 性能統計: 循環=1297000, 平均耗時=7.4ms, 最大耗時=51.7ms, 指令數=514
2025-07-19 23:09:26 [INFO] GripperOptimized:process_commands:412 - 收到PGC指令: 代碼=8, 參數1=0, 參數2=0, ID=50320
2025-07-19 23:09:26 [INFO] GripperOptimized:process_commands:418 - PGC指令執行成功
2025-07-19 23:09:26 [WARNING] GripperOptimized:fast_loop:492 - 主循環執行時間過長: 35.7ms
2025-07-19 23:09:35 [INFO] GripperOptimized:fast_loop:484 - 性能統計: 循環=1298000, 平均耗時=7.3ms, 最大耗時=51.7ms, 指令數=515
2025-07-19 23:09:56 [INFO] GripperOptimized:fast_loop:484 - 性能統計: 循環=1299000, 平均耗時=7.2ms, 最大耗時=51.7ms, 指令數=515
2025-07-19 23:10:17 [INFO] GripperOptimized:fast_loop:484 - 性能統計: 循環=1300000, 平均耗時=7.5ms, 最大耗時=51.7ms, 指令數=515
2025-07-19 23:10:38 [INFO] GripperOptimized:fast_loop:484 - 性能統計: 循環=1301000, 平均耗時=7.4ms, 最大耗時=51.7ms, 指令數=515
2025-07-19 23:10:58 [INFO] GripperOptimized:fast_loop:484 - 性能統計: 循環=1302000, 平均耗時=7.4ms, 最大耗時=51.7ms, 指令數=515
2025-07-19 23:11:19 [INFO] GripperOptimized:fast_loop:484 - 性能統計: 循環=1303000, 平均耗時=7.5ms, 最大耗時=51.7ms, 指令數=515
2025-07-19 23:11:40 [INFO] GripperOptimized:fast_loop:484 - 性能統計: 循環=1304000, 平均耗時=7.5ms, 最大耗時=51.7ms, 指令數=515
2025-07-19 23:12:01 [INFO] GripperOptimized:fast_loop:484 - 性能統計: 循環=1305000, 平均耗時=7.3ms, 最大耗時=51.7ms, 指令數=515
2025-07-19 23:12:21 [INFO] GripperOptimized:fast_loop:484 - 性能統計: 循環=1306000, 平均耗時=7.1ms, 最大耗時=51.7ms, 指令數=515
2025-07-19 23:12:42 [INFO] GripperOptimized:fast_loop:484 - 性能統計: 循環=1307000, 平均耗時=7.3ms, 最大耗時=51.7ms, 指令數=515
2025-07-19 23:13:03 [INFO] GripperOptimized:fast_loop:484 - 性能統計: 循環=1308000, 平均耗時=7.4ms, 最大耗時=51.7ms, 指令數=515
2025-07-19 23:13:24 [INFO] GripperOptimized:fast_loop:484 - 性能統計: 循環=1309000, 平均耗時=7.6ms, 最大耗時=51.7ms, 指令數=515
2025-07-19 23:13:44 [INFO] GripperOptimized:fast_loop:484 - 性能統計: 循環=1310000, 平均耗時=7.3ms, 最大耗時=51.7ms, 指令數=515
2025-07-19 23:14:05 [INFO] GripperOptimized:fast_loop:484 - 性能統計: 循環=1311000, 平均耗時=7.4ms, 最大耗時=51.7ms, 指令數=515
2025-07-19 23:14:26 [INFO] GripperOptimized:fast_loop:484 - 性能統計: 循環=1312000, 平均耗時=7.4ms, 最大耗時=51.7ms, 指令數=515
2025-07-19 23:14:47 [INFO] GripperOptimized:fast_loop:484 - 性能統計: 循環=1313000, 平均耗時=7.2ms, 最大耗時=51.7ms, 指令數=515
2025-07-19 23:15:07 [INFO] GripperOptimized:fast_loop:484 - 性能統計: 循環=1314000, 平均耗時=7.6ms, 最大耗時=51.7ms, 指令數=515
2025-07-19 23:15:28 [INFO] GripperOptimized:fast_loop:484 - 性能統計: 循環=1315000, 平均耗時=7.2ms, 最大耗時=51.7ms, 指令數=515
2025-07-19 23:15:49 [INFO] GripperOptimized:fast_loop:484 - 性能統計: 循環=1316000, 平均耗時=7.6ms, 最大耗時=51.7ms, 指令數=515
2025-07-19 23:16:10 [INFO] GripperOptimized:fast_loop:484 - 性能統計: 循環=1317000, 平均耗時=7.4ms, 最大耗時=51.7ms, 指令數=515
2025-07-19 23:16:30 [INFO] GripperOptimized:fast_loop:484 - 性能統計: 循環=1318000, 平均耗時=7.4ms, 最大耗時=51.7ms, 指令數=515
2025-07-19 23:16:51 [INFO] GripperOptimized:fast_loop:484 - 性能統計: 循環=1319000, 平均耗時=7.5ms, 最大耗時=51.7ms, 指令數=515
2025-07-19 23:17:12 [INFO] GripperOptimized:fast_loop:484 - 性能統計: 循環=1320000, 平均耗時=7.5ms, 最大耗時=51.7ms, 指令數=515
2025-07-19 23:17:32 [INFO] GripperOptimized:fast_loop:484 - 性能統計: 循環=1321000, 平均耗時=7.5ms, 最大耗時=51.7ms, 指令數=515
2025-07-19 23:17:53 [INFO] GripperOptimized:fast_loop:484 - 性能統計: 循環=1322000, 平均耗時=7.5ms, 最大耗時=51.7ms, 指令數=515
2025-07-19 23:18:14 [INFO] GripperOptimized:fast_loop:484 - 性能統計: 循環=1323000, 平均耗時=7.5ms, 最大耗時=51.7ms, 指令數=515
2025-07-19 23:18:35 [INFO] GripperOptimized:fast_loop:484 - 性能統計: 循環=1324000, 平均耗時=7.4ms, 最大耗時=51.7ms, 指令數=515
2025-07-19 23:18:55 [INFO] GripperOptimized:fast_loop:484 - 性能統計: 循環=1325000, 平均耗時=7.6ms, 最大耗時=51.7ms, 指令數=515
2025-07-19 23:19:16 [INFO] GripperOptimized:fast_loop:484 - 性能統計: 循環=1326000, 平均耗時=7.4ms, 最大耗時=51.7ms, 指令數=515
2025-07-19 23:19:37 [INFO] GripperOptimized:fast_loop:484 - 性能統計: 循環=1327000, 平均耗時=7.4ms, 最大耗時=51.7ms, 指令數=515
2025-07-19 23:19:57 [INFO] GripperOptimized:fast_loop:484 - 性能統計: 循環=1328000, 平均耗時=7.6ms, 最大耗時=51.7ms, 指令數=515
2025-07-19 23:20:18 [INFO] GripperOptimized:fast_loop:484 - 性能統計: 循環=1329000, 平均耗時=7.2ms, 最大耗時=51.7ms, 指令數=515
2025-07-19 23:20:39 [INFO] GripperOptimized:fast_loop:484 - 性能統計: 循環=1330000, 平均耗時=7.5ms, 最大耗時=51.7ms, 指令數=515
2025-07-19 23:20:59 [INFO] GripperOptimized:fast_loop:484 - 性能統計: 循環=1331000, 平均耗時=7.4ms, 最大耗時=51.7ms, 指令數=515
2025-07-19 23:21:20 [INFO] GripperOptimized:fast_loop:484 - 性能統計: 循環=1332000, 平均耗時=7.6ms, 最大耗時=51.7ms, 指令數=515
2025-07-19 23:21:41 [INFO] GripperOptimized:fast_loop:484 - 性能統計: 循環=1333000, 平均耗時=7.1ms, 最大耗時=51.7ms, 指令數=515
2025-07-19 23:22:01 [INFO] GripperOptimized:fast_loop:484 - 性能統計: 循環=1334000, 平均耗時=7.2ms, 最大耗時=51.7ms, 指令數=515
2025-07-19 23:22:22 [INFO] GripperOptimized:fast_loop:484 - 性能統計: 循環=1335000, 平均耗時=7.3ms, 最大耗時=51.7ms, 指令數=515
2025-07-19 23:22:43 [INFO] GripperOptimized:fast_loop:484 - 性能統計: 循環=1336000, 平均耗時=7.4ms, 最大耗時=51.7ms, 指令數=515
2025-07-19 23:23:03 [INFO] GripperOptimized:fast_loop:484 - 性能統計: 循環=1337000, 平均耗時=7.5ms, 最大耗時=51.7ms, 指令數=515
2025-07-19 23:23:24 [INFO] GripperOptimized:fast_loop:484 - 性能統計: 循環=1338000, 平均耗時=7.2ms, 最大耗時=51.7ms, 指令數=515
2025-07-19 23:23:44 [INFO] GripperOptimized:fast_loop:484 - 性能統計: 循環=1339000, 平均耗時=7.4ms, 最大耗時=51.7ms, 指令數=515
2025-07-19 23:24:05 [INFO] GripperOptimized:fast_loop:484 - 性能統計: 循環=1340000, 平均耗時=7.3ms, 最大耗時=51.7ms, 指令數=515
2025-07-19 23:24:26 [INFO] GripperOptimized:fast_loop:484 - 性能統計: 循環=1341000, 平均耗時=7.6ms, 最大耗時=51.7ms, 指令數=515
2025-07-19 23:24:46 [INFO] GripperOptimized:fast_loop:484 - 性能統計: 循環=1342000, 平均耗時=7.5ms, 最大耗時=51.7ms, 指令數=515
2025-07-19 23:25:07 [INFO] GripperOptimized:fast_loop:484 - 性能統計: 循環=1343000, 平均耗時=7.6ms, 最大耗時=51.7ms, 指令數=515
2025-07-19 23:25:28 [INFO] GripperOptimized:fast_loop:484 - 性能統計: 循環=1344000, 平均耗時=7.3ms, 最大耗時=51.7ms, 指令數=515
2025-07-19 23:25:48 [INFO] GripperOptimized:fast_loop:484 - 性能統計: 循環=1345000, 平均耗時=7.4ms, 最大耗時=51.7ms, 指令數=515
2025-07-19 23:26:09 [INFO] GripperOptimized:fast_loop:484 - 性能統計: 循環=1346000, 平均耗時=7.4ms, 最大耗時=51.7ms, 指令數=515
2025-07-19 23:26:30 [INFO] GripperOptimized:fast_loop:484 - 性能統計: 循環=1347000, 平均耗時=7.3ms, 最大耗時=51.7ms, 指令數=515
2025-07-19 23:26:50 [INFO] GripperOptimized:fast_loop:484 - 性能統計: 循環=1348000, 平均耗時=7.4ms, 最大耗時=51.7ms, 指令數=515
2025-07-19 23:27:11 [INFO] GripperOptimized:fast_loop:484 - 性能統計: 循環=1349000, 平均耗時=7.3ms, 最大耗時=51.7ms, 指令數=515
2025-07-19 23:27:32 [INFO] GripperOptimized:fast_loop:484 - 性能統計: 循環=1350000, 平均耗時=7.2ms, 最大耗時=51.7ms, 指令數=515
2025-07-19 23:27:52 [INFO] GripperOptimized:fast_loop:484 - 性能統計: 循環=1351000, 平均耗時=7.4ms, 最大耗時=51.7ms, 指令數=515
2025-07-19 23:28:13 [INFO] GripperOptimized:fast_loop:484 - 性能統計: 循環=1352000, 平均耗時=7.7ms, 最大耗時=51.7ms, 指令數=515
2025-07-19 23:28:34 [INFO] GripperOptimized:fast_loop:484 - 性能統計: 循環=1353000, 平均耗時=7.4ms, 最大耗時=51.7ms, 指令數=515
2025-07-19 23:28:54 [INFO] GripperOptimized:fast_loop:484 - 性能統計: 循環=1354000, 平均耗時=7.5ms, 最大耗時=51.7ms, 指令數=515
2025-07-19 23:29:15 [INFO] GripperOptimized:fast_loop:484 - 性能統計: 循環=1355000, 平均耗時=7.3ms, 最大耗時=51.7ms, 指令數=515
2025-07-19 23:29:35 [INFO] GripperOptimized:fast_loop:484 - 性能統計: 循環=1356000, 平均耗時=7.5ms, 最大耗時=51.7ms, 指令數=515
2025-07-19 23:29:56 [INFO] GripperOptimized:fast_loop:484 - 性能統計: 循環=1357000, 平均耗時=7.8ms, 最大耗時=51.7ms, 指令數=515
2025-07-19 23:30:17 [INFO] GripperOptimized:fast_loop:484 - 性能統計: 循環=1358000, 平均耗時=7.2ms, 最大耗時=51.7ms, 指令數=515
2025-07-19 23:30:37 [INFO] GripperOptimized:fast_loop:484 - 性能統計: 循環=1359000, 平均耗時=7.4ms, 最大耗時=51.7ms, 指令數=515
2025-07-19 23:30:58 [INFO] GripperOptimized:fast_loop:484 - 性能統計: 循環=1360000, 平均耗時=7.4ms, 最大耗時=51.7ms, 指令數=515
2025-07-19 23:31:19 [INFO] GripperOptimized:fast_loop:484 - 性能統計: 循環=1361000, 平均耗時=7.6ms, 最大耗時=51.7ms, 指令數=515
2025-07-19 23:31:39 [INFO] GripperOptimized:fast_loop:484 - 性能統計: 循環=1362000, 平均耗時=7.5ms, 最大耗時=51.7ms, 指令數=515
2025-07-19 23:32:00 [INFO] GripperOptimized:fast_loop:484 - 性能統計: 循環=1363000, 平均耗時=7.2ms, 最大耗時=51.7ms, 指令數=515
2025-07-19 23:32:21 [INFO] GripperOptimized:fast_loop:484 - 性能統計: 循環=1364000, 平均耗時=7.1ms, 最大耗時=51.7ms, 指令數=515
2025-07-19 23:32:41 [INFO] GripperOptimized:fast_loop:484 - 性能統計: 循環=1365000, 平均耗時=7.4ms, 最大耗時=51.7ms, 指令數=515
2025-07-19 23:33:02 [INFO] GripperOptimized:fast_loop:484 - 性能統計: 循環=1366000, 平均耗時=7.3ms, 最大耗時=51.7ms, 指令數=515
2025-07-19 23:33:23 [INFO] GripperOptimized:fast_loop:484 - 性能統計: 循環=1367000, 平均耗時=7.3ms, 最大耗時=51.7ms, 指令數=515
2025-07-19 23:33:43 [INFO] GripperOptimized:fast_loop:484 - 性能統計: 循環=1368000, 平均耗時=7.5ms, 最大耗時=51.7ms, 指令數=515
2025-07-19 23:34:04 [INFO] GripperOptimized:fast_loop:484 - 性能統計: 循環=1369000, 平均耗時=7.5ms, 最大耗時=51.7ms, 指令數=515
2025-07-19 23:34:25 [INFO] GripperOptimized:fast_loop:484 - 性能統計: 循環=1370000, 平均耗時=7.4ms, 最大耗時=51.7ms, 指令數=515
2025-07-19 23:34:45 [INFO] GripperOptimized:fast_loop:484 - 性能統計: 循環=1371000, 平均耗時=7.5ms, 最大耗時=51.7ms, 指令數=515
2025-07-19 23:35:06 [INFO] GripperOptimized:fast_loop:484 - 性能統計: 循環=1372000, 平均耗時=7.5ms, 最大耗時=51.7ms, 指令數=515
2025-07-19 23:35:27 [INFO] GripperOptimized:fast_loop:484 - 性能統計: 循環=1373000, 平均耗時=7.1ms, 最大耗時=51.7ms, 指令數=515
2025-07-19 23:35:47 [INFO] GripperOptimized:fast_loop:484 - 性能統計: 循環=1374000, 平均耗時=7.5ms, 最大耗時=51.7ms, 指令數=515
2025-07-19 23:36:08 [INFO] GripperOptimized:fast_loop:484 - 性能統計: 循環=1375000, 平均耗時=7.6ms, 最大耗時=51.7ms, 指令數=515
2025-07-19 23:36:28 [INFO] GripperOptimized:fast_loop:484 - 性能統計: 循環=1376000, 平均耗時=7.6ms, 最大耗時=51.7ms, 指令數=515
2025-07-19 23:36:49 [INFO] GripperOptimized:fast_loop:484 - 性能統計: 循環=1377000, 平均耗時=7.2ms, 最大耗時=51.7ms, 指令數=515
2025-07-19 23:37:10 [INFO] GripperOptimized:fast_loop:484 - 性能統計: 循環=1378000, 平均耗時=7.6ms, 最大耗時=51.7ms, 指令數=515
2025-07-19 23:37:30 [INFO] GripperOptimized:fast_loop:484 - 性能統計: 循環=1379000, 平均耗時=7.4ms, 最大耗時=51.7ms, 指令數=515
2025-07-19 23:37:51 [INFO] GripperOptimized:fast_loop:484 - 性能統計: 循環=1380000, 平均耗時=7.3ms, 最大耗時=51.7ms, 指令數=515
2025-07-19 23:38:12 [INFO] GripperOptimized:fast_loop:484 - 性能統計: 循環=1381000, 平均耗時=7.4ms, 最大耗時=51.7ms, 指令數=515
2025-07-19 23:38:32 [INFO] GripperOptimized:fast_loop:484 - 性能統計: 循環=1382000, 平均耗時=7.4ms, 最大耗時=51.7ms, 指令數=515
2025-07-19 23:38:53 [INFO] GripperOptimized:fast_loop:484 - 性能統計: 循環=1383000, 平均耗時=7.3ms, 最大耗時=51.7ms, 指令數=515
2025-07-19 23:39:14 [INFO] GripperOptimized:fast_loop:484 - 性能統計: 循環=1384000, 平均耗時=7.3ms, 最大耗時=51.7ms, 指令數=515
2025-07-19 23:39:34 [INFO] GripperOptimized:fast_loop:484 - 性能統計: 循環=1385000, 平均耗時=7.1ms, 最大耗時=51.7ms, 指令數=515
2025-07-19 23:39:55 [INFO] GripperOptimized:fast_loop:484 - 性能統計: 循環=1386000, 平均耗時=7.5ms, 最大耗時=51.7ms, 指令數=515
2025-07-19 23:40:16 [INFO] GripperOptimized:fast_loop:484 - 性能統計: 循環=1387000, 平均耗時=7.4ms, 最大耗時=51.7ms, 指令數=515
2025-07-19 23:40:36 [INFO] GripperOptimized:fast_loop:484 - 性能統計: 循環=1388000, 平均耗時=7.5ms, 最大耗時=51.7ms, 指令數=515
2025-07-19 23:40:57 [INFO] GripperOptimized:fast_loop:484 - 性能統計: 循環=1389000, 平均耗時=7.6ms, 最大耗時=51.7ms, 指令數=515
2025-07-19 23:41:18 [INFO] GripperOptimized:fast_loop:484 - 性能統計: 循環=1390000, 平均耗時=7.5ms, 最大耗時=51.7ms, 指令數=515
2025-07-19 23:41:38 [INFO] GripperOptimized:fast_loop:484 - 性能統計: 循環=1391000, 平均耗時=7.5ms, 最大耗時=51.7ms, 指令數=515
2025-07-19 23:41:59 [INFO] GripperOptimized:fast_loop:484 - 性能統計: 循環=1392000, 平均耗時=7.4ms, 最大耗時=51.7ms, 指令數=515
2025-07-19 23:42:19 [INFO] GripperOptimized:fast_loop:484 - 性能統計: 循環=1393000, 平均耗時=7.4ms, 最大耗時=51.7ms, 指令數=515
2025-07-19 23:42:40 [INFO] GripperOptimized:fast_loop:484 - 性能統計: 循環=1394000, 平均耗時=7.5ms, 最大耗時=51.7ms, 指令數=515
2025-07-19 23:43:01 [INFO] GripperOptimized:fast_loop:484 - 性能統計: 循環=1395000, 平均耗時=7.5ms, 最大耗時=51.7ms, 指令數=515
2025-07-19 23:43:21 [INFO] GripperOptimized:fast_loop:484 - 性能統計: 循環=1396000, 平均耗時=7.5ms, 最大耗時=51.7ms, 指令數=515
2025-07-19 23:43:42 [INFO] GripperOptimized:fast_loop:484 - 性能統計: 循環=1397000, 平均耗時=7.3ms, 最大耗時=51.7ms, 指令數=515
2025-07-19 23:44:03 [INFO] GripperOptimized:fast_loop:484 - 性能統計: 循環=1398000, 平均耗時=7.4ms, 最大耗時=51.7ms, 指令數=515
2025-07-19 23:44:23 [INFO] GripperOptimized:fast_loop:484 - 性能統計: 循環=1399000, 平均耗時=7.2ms, 最大耗時=51.7ms, 指令數=515
2025-07-19 23:44:44 [INFO] GripperOptimized:fast_loop:484 - 性能統計: 循環=1400000, 平均耗時=7.3ms, 最大耗時=51.7ms, 指令數=515
2025-07-19 23:45:05 [INFO] GripperOptimized:fast_loop:484 - 性能統計: 循環=1401000, 平均耗時=7.1ms, 最大耗時=51.7ms, 指令數=515
2025-07-19 23:45:25 [INFO] GripperOptimized:fast_loop:484 - 性能統計: 循環=1402000, 平均耗時=7.1ms, 最大耗時=51.7ms, 指令數=515
2025-07-19 23:45:46 [INFO] GripperOptimized:fast_loop:484 - 性能統計: 循環=1403000, 平均耗時=7.3ms, 最大耗時=51.7ms, 指令數=515
2025-07-19 23:46:07 [INFO] GripperOptimized:fast_loop:484 - 性能統計: 循環=1404000, 平均耗時=7.5ms, 最大耗時=51.7ms, 指令數=515
2025-07-19 23:46:27 [INFO] GripperOptimized:fast_loop:484 - 性能統計: 循環=1405000, 平均耗時=7.6ms, 最大耗時=51.7ms, 指令數=515
2025-07-19 23:46:48 [INFO] GripperOptimized:fast_loop:484 - 性能統計: 循環=1406000, 平均耗時=7.6ms, 最大耗時=51.7ms, 指令數=515
2025-07-19 23:47:09 [INFO] GripperOptimized:fast_loop:484 - 性能統計: 循環=1407000, 平均耗時=7.3ms, 最大耗時=51.7ms, 指令數=515
2025-07-19 23:47:29 [INFO] GripperOptimized:fast_loop:484 - 性能統計: 循環=1408000, 平均耗時=7.4ms, 最大耗時=51.7ms, 指令數=515
2025-07-19 23:47:50 [INFO] GripperOptimized:fast_loop:484 - 性能統計: 循環=1409000, 平均耗時=7.6ms, 最大耗時=51.7ms, 指令數=515
2025-07-19 23:48:11 [INFO] GripperOptimized:fast_loop:484 - 性能統計: 循環=1410000, 平均耗時=7.6ms, 最大耗時=51.7ms, 指令數=515
2025-07-19 23:48:31 [INFO] GripperOptimized:fast_loop:484 - 性能統計: 循環=1411000, 平均耗時=7.5ms, 最大耗時=51.7ms, 指令數=515
2025-07-19 23:48:52 [INFO] GripperOptimized:fast_loop:484 - 性能統計: 循環=1412000, 平均耗時=7.7ms, 最大耗時=51.7ms, 指令數=515
2025-07-19 23:49:13 [INFO] GripperOptimized:fast_loop:484 - 性能統計: 循環=1413000, 平均耗時=7.4ms, 最大耗時=51.7ms, 指令數=515
2025-07-19 23:49:33 [INFO] GripperOptimized:fast_loop:484 - 性能統計: 循環=1414000, 平均耗時=7.3ms, 最大耗時=51.7ms, 指令數=515
2025-07-19 23:49:54 [INFO] GripperOptimized:fast_loop:484 - 性能統計: 循環=1415000, 平均耗時=7.3ms, 最大耗時=51.7ms, 指令數=515
2025-07-19 23:50:14 [INFO] GripperOptimized:fast_loop:484 - 性能統計: 循環=1416000, 平均耗時=7.2ms, 最大耗時=51.7ms, 指令數=515
2025-07-19 23:50:35 [INFO] GripperOptimized:fast_loop:484 - 性能統計: 循環=1417000, 平均耗時=7.4ms, 最大耗時=51.7ms, 指令數=515
2025-07-19 23:50:56 [INFO] GripperOptimized:fast_loop:484 - 性能統計: 循環=1418000, 平均耗時=7.4ms, 最大耗時=51.7ms, 指令數=515
2025-07-19 23:51:16 [INFO] GripperOptimized:fast_loop:484 - 性能統計: 循環=1419000, 平均耗時=7.4ms, 最大耗時=51.7ms, 指令數=515
2025-07-19 23:51:37 [INFO] GripperOptimized:fast_loop:484 - 性能統計: 循環=1420000, 平均耗時=7.2ms, 最大耗時=51.7ms, 指令數=515
2025-07-19 23:51:58 [INFO] GripperOptimized:fast_loop:484 - 性能統計: 循環=1421000, 平均耗時=7.3ms, 最大耗時=51.7ms, 指令數=515
2025-07-19 23:52:18 [INFO] GripperOptimized:fast_loop:484 - 性能統計: 循環=1422000, 平均耗時=7.4ms, 最大耗時=51.7ms, 指令數=515
2025-07-19 23:52:39 [INFO] GripperOptimized:fast_loop:484 - 性能統計: 循環=1423000, 平均耗時=7.4ms, 最大耗時=51.7ms, 指令數=515
2025-07-19 23:53:00 [INFO] GripperOptimized:fast_loop:484 - 性能統計: 循環=1424000, 平均耗時=7.5ms, 最大耗時=51.7ms, 指令數=515
2025-07-19 23:53:20 [INFO] GripperOptimized:fast_loop:484 - 性能統計: 循環=1425000, 平均耗時=7.6ms, 最大耗時=51.7ms, 指令數=515
2025-07-19 23:53:41 [INFO] GripperOptimized:fast_loop:484 - 性能統計: 循環=1426000, 平均耗時=7.4ms, 最大耗時=51.7ms, 指令數=515
2025-07-19 23:54:02 [INFO] GripperOptimized:fast_loop:484 - 性能統計: 循環=1427000, 平均耗時=7.5ms, 最大耗時=51.7ms, 指令數=515
2025-07-19 23:54:22 [INFO] GripperOptimized:fast_loop:484 - 性能統計: 循環=1428000, 平均耗時=7.8ms, 最大耗時=51.7ms, 指令數=515
2025-07-19 23:54:43 [INFO] GripperOptimized:fast_loop:484 - 性能統計: 循環=1429000, 平均耗時=7.2ms, 最大耗時=51.7ms, 指令數=515
2025-07-19 23:55:04 [INFO] GripperOptimized:fast_loop:484 - 性能統計: 循環=1430000, 平均耗時=7.1ms, 最大耗時=51.7ms, 指令數=515
2025-07-19 23:55:24 [INFO] GripperOptimized:fast_loop:484 - 性能統計: 循環=1431000, 平均耗時=7.4ms, 最大耗時=51.7ms, 指令數=515
2025-07-19 23:55:45 [INFO] GripperOptimized:fast_loop:484 - 性能統計: 循環=1432000, 平均耗時=7.6ms, 最大耗時=51.7ms, 指令數=515
2025-07-19 23:56:06 [INFO] GripperOptimized:fast_loop:484 - 性能統計: 循環=1433000, 平均耗時=7.5ms, 最大耗時=51.7ms, 指令數=515
2025-07-19 23:56:26 [INFO] GripperOptimized:fast_loop:484 - 性能統計: 循環=1434000, 平均耗時=7.5ms, 最大耗時=51.7ms, 指令數=515
2025-07-19 23:56:47 [INFO] GripperOptimized:fast_loop:484 - 性能統計: 循環=1435000, 平均耗時=7.6ms, 最大耗時=51.7ms, 指令數=515
2025-07-19 23:57:08 [INFO] GripperOptimized:fast_loop:484 - 性能統計: 循環=1436000, 平均耗時=7.4ms, 最大耗時=51.7ms, 指令數=515
2025-07-19 23:57:28 [INFO] GripperOptimized:fast_loop:484 - 性能統計: 循環=1437000, 平均耗時=7.3ms, 最大耗時=51.7ms, 指令數=515
2025-07-19 23:57:49 [INFO] GripperOptimized:fast_loop:484 - 性能統計: 循環=1438000, 平均耗時=7.6ms, 最大耗時=51.7ms, 指令數=515
2025-07-19 23:58:09 [INFO] GripperOptimized:fast_loop:484 - 性能統計: 循環=1439000, 平均耗時=7.1ms, 最大耗時=51.7ms, 指令數=515
2025-07-19 23:58:30 [INFO] GripperOptimized:fast_loop:484 - 性能統計: 循環=1440000, 平均耗時=7.5ms, 最大耗時=51.7ms, 指令數=515
2025-07-19 23:58:51 [INFO] GripperOptimized:fast_loop:484 - 性能統計: 循環=1441000, 平均耗時=7.6ms, 最大耗時=51.7ms, 指令數=515
2025-07-19 23:59:11 [INFO] GripperOptimized:fast_loop:484 - 性能統計: 循環=1442000, 平均耗時=7.4ms, 最大耗時=51.7ms, 指令數=515
2025-07-19 23:59:32 [INFO] GripperOptimized:fast_loop:484 - 性能統計: 循環=1443000, 平均耗時=7.6ms, 最大耗時=51.7ms, 指令數=515
2025-07-19 23:59:53 [INFO] GripperOptimized:fast_loop:484 - 性能統計: 循環=1444000, 平均耗時=7.3ms, 最大耗時=51.7ms, 指令數=515
2025-07-20 00:00:13 [INFO] GripperOptimized:fast_loop:484 - 性能統計: 循環=1445000, 平均耗時=7.3ms, 最大耗時=51.7ms, 指令數=515
2025-07-20 00:00:34 [INFO] GripperOptimized:fast_loop:484 - 性能統計: 循環=1446000, 平均耗時=7.4ms, 最大耗時=51.7ms, 指令數=515
2025-07-20 00:00:55 [INFO] GripperOptimized:fast_loop:484 - 性能統計: 循環=1447000, 平均耗時=7.7ms, 最大耗時=51.7ms, 指令數=515
2025-07-20 00:01:15 [INFO] GripperOptimized:fast_loop:484 - 性能統計: 循環=1448000, 平均耗時=7.4ms, 最大耗時=51.7ms, 指令數=515
2025-07-20 00:01:36 [INFO] GripperOptimized:fast_loop:484 - 性能統計: 循環=1449000, 平均耗時=7.2ms, 最大耗時=51.7ms, 指令數=515
2025-07-20 00:01:57 [INFO] GripperOptimized:fast_loop:484 - 性能統計: 循環=1450000, 平均耗時=7.1ms, 最大耗時=51.7ms, 指令數=515
2025-07-20 00:02:17 [INFO] GripperOptimized:fast_loop:484 - 性能統計: 循環=1451000, 平均耗時=7.1ms, 最大耗時=51.7ms, 指令數=515
2025-07-20 00:02:38 [INFO] GripperOptimized:fast_loop:484 - 性能統計: 循環=1452000, 平均耗時=7.4ms, 最大耗時=51.7ms, 指令數=515
2025-07-20 00:02:59 [INFO] GripperOptimized:fast_loop:484 - 性能統計: 循環=1453000, 平均耗時=7.4ms, 最大耗時=51.7ms, 指令數=515
2025-07-20 00:03:19 [INFO] GripperOptimized:fast_loop:484 - 性能統計: 循環=1454000, 平均耗時=7.4ms, 最大耗時=51.7ms, 指令數=515
2025-07-20 00:03:40 [INFO] GripperOptimized:fast_loop:484 - 性能統計: 循環=1455000, 平均耗時=7.5ms, 最大耗時=51.7ms, 指令數=515
2025-07-20 00:04:01 [INFO] GripperOptimized:fast_loop:484 - 性能統計: 循環=1456000, 平均耗時=7.2ms, 最大耗時=51.7ms, 指令數=515
2025-07-20 00:04:21 [INFO] GripperOptimized:fast_loop:484 - 性能統計: 循環=1457000, 平均耗時=7.5ms, 最大耗時=51.7ms, 指令數=515
2025-07-20 00:04:42 [INFO] GripperOptimized:fast_loop:484 - 性能統計: 循環=1458000, 平均耗時=7.5ms, 最大耗時=51.7ms, 指令數=515
2025-07-20 00:05:03 [INFO] GripperOptimized:fast_loop:484 - 性能統計: 循環=1459000, 平均耗時=7.5ms, 最大耗時=51.7ms, 指令數=515
2025-07-20 00:05:23 [INFO] GripperOptimized:fast_loop:484 - 性能統計: 循環=1460000, 平均耗時=7.4ms, 最大耗時=51.7ms, 指令數=515
2025-07-20 00:05:44 [INFO] GripperOptimized:fast_loop:484 - 性能統計: 循環=1461000, 平均耗時=7.4ms, 最大耗時=51.7ms, 指令數=515
2025-07-20 00:06:05 [INFO] GripperOptimized:fast_loop:484 - 性能統計: 循環=1462000, 平均耗時=7.6ms, 最大耗時=51.7ms, 指令數=515
2025-07-20 00:06:25 [INFO] GripperOptimized:fast_loop:484 - 性能統計: 循環=1463000, 平均耗時=7.2ms, 最大耗時=51.7ms, 指令數=515
2025-07-20 00:06:46 [INFO] GripperOptimized:fast_loop:484 - 性能統計: 循環=1464000, 平均耗時=7.1ms, 最大耗時=51.7ms, 指令數=515
2025-07-20 00:07:07 [INFO] GripperOptimized:fast_loop:484 - 性能統計: 循環=1465000, 平均耗時=7.1ms, 最大耗時=51.7ms, 指令數=515
2025-07-20 00:07:27 [INFO] GripperOptimized:fast_loop:484 - 性能統計: 循環=1466000, 平均耗時=7.4ms, 最大耗時=51.7ms, 指令數=515
2025-07-20 00:07:48 [INFO] GripperOptimized:fast_loop:484 - 性能統計: 循環=1467000, 平均耗時=7.5ms, 最大耗時=51.7ms, 指令數=515
2025-07-20 00:08:08 [INFO] GripperOptimized:fast_loop:484 - 性能統計: 循環=1468000, 平均耗時=7.6ms, 最大耗時=51.7ms, 指令數=515
2025-07-20 00:08:29 [INFO] GripperOptimized:fast_loop:484 - 性能統計: 循環=1469000, 平均耗時=7.7ms, 最大耗時=51.7ms, 指令數=515
2025-07-20 00:08:50 [INFO] GripperOptimized:fast_loop:484 - 性能統計: 循環=1470000, 平均耗時=7.4ms, 最大耗時=51.7ms, 指令數=515
2025-07-20 00:09:10 [INFO] GripperOptimized:fast_loop:484 - 性能統計: 循環=1471000, 平均耗時=7.5ms, 最大耗時=51.7ms, 指令數=515
2025-07-20 00:09:31 [INFO] GripperOptimized:fast_loop:484 - 性能統計: 循環=1472000, 平均耗時=7.5ms, 最大耗時=51.7ms, 指令數=515
2025-07-20 00:09:52 [INFO] GripperOptimized:fast_loop:484 - 性能統計: 循環=1473000, 平均耗時=7.5ms, 最大耗時=51.7ms, 指令數=515
2025-07-20 00:10:12 [INFO] GripperOptimized:fast_loop:484 - 性能統計: 循環=1474000, 平均耗時=7.5ms, 最大耗時=51.7ms, 指令數=515
2025-07-20 00:10:33 [INFO] GripperOptimized:fast_loop:484 - 性能統計: 循環=1475000, 平均耗時=7.3ms, 最大耗時=51.7ms, 指令數=515
2025-07-20 00:10:54 [INFO] GripperOptimized:fast_loop:484 - 性能統計: 循環=1476000, 平均耗時=7.5ms, 最大耗時=51.7ms, 指令數=515
2025-07-20 00:11:14 [INFO] GripperOptimized:fast_loop:484 - 性能統計: 循環=1477000, 平均耗時=7.3ms, 最大耗時=51.7ms, 指令數=515
2025-07-20 00:11:35 [INFO] GripperOptimized:fast_loop:484 - 性能統計: 循環=1478000, 平均耗時=7.5ms, 最大耗時=51.7ms, 指令數=515
2025-07-20 00:11:56 [INFO] GripperOptimized:fast_loop:484 - 性能統計: 循環=1479000, 平均耗時=7.6ms, 最大耗時=51.7ms, 指令數=515
2025-07-20 00:12:16 [INFO] GripperOptimized:fast_loop:484 - 性能統計: 循環=1480000, 平均耗時=7.5ms, 最大耗時=51.7ms, 指令數=515
2025-07-20 00:12:37 [INFO] GripperOptimized:fast_loop:484 - 性能統計: 循環=1481000, 平均耗時=7.5ms, 最大耗時=51.7ms, 指令數=515
2025-07-20 00:12:58 [INFO] GripperOptimized:fast_loop:484 - 性能統計: 循環=1482000, 平均耗時=7.4ms, 最大耗時=51.7ms, 指令數=515
2025-07-20 00:13:18 [INFO] GripperOptimized:fast_loop:484 - 性能統計: 循環=1483000, 平均耗時=7.3ms, 最大耗時=51.7ms, 指令數=515
2025-07-20 00:13:39 [INFO] GripperOptimized:fast_loop:484 - 性能統計: 循環=1484000, 平均耗時=7.3ms, 最大耗時=51.7ms, 指令數=515
2025-07-20 00:14:00 [INFO] GripperOptimized:fast_loop:484 - 性能統計: 循環=1485000, 平均耗時=7.5ms, 最大耗時=51.7ms, 指令數=515
2025-07-20 00:14:20 [INFO] GripperOptimized:fast_loop:484 - 性能統計: 循環=1486000, 平均耗時=7.3ms, 最大耗時=51.7ms, 指令數=515
2025-07-20 00:14:41 [INFO] GripperOptimized:fast_loop:484 - 性能統計: 循環=1487000, 平均耗時=7.5ms, 最大耗時=51.7ms, 指令數=515
2025-07-20 00:15:02 [INFO] GripperOptimized:fast_loop:484 - 性能統計: 循環=1488000, 平均耗時=7.6ms, 最大耗時=51.7ms, 指令數=515
2025-07-20 00:15:22 [INFO] GripperOptimized:fast_loop:484 - 性能統計: 循環=1489000, 平均耗時=7.6ms, 最大耗時=51.7ms, 指令數=515
2025-07-20 00:15:43 [INFO] GripperOptimized:fast_loop:484 - 性能統計: 循環=1490000, 平均耗時=7.4ms, 最大耗時=51.7ms, 指令數=515
2025-07-20 00:16:04 [INFO] GripperOptimized:fast_loop:484 - 性能統計: 循環=1491000, 平均耗時=7.2ms, 最大耗時=51.7ms, 指令數=515
2025-07-20 00:16:24 [INFO] GripperOptimized:fast_loop:484 - 性能統計: 循環=1492000, 平均耗時=7.6ms, 最大耗時=51.7ms, 指令數=515
2025-07-20 00:16:45 [INFO] GripperOptimized:fast_loop:484 - 性能統計: 循環=1493000, 平均耗時=7.4ms, 最大耗時=51.7ms, 指令數=515
2025-07-20 00:17:05 [INFO] GripperOptimized:fast_loop:484 - 性能統計: 循環=1494000, 平均耗時=7.4ms, 最大耗時=51.7ms, 指令數=515
2025-07-20 00:17:26 [INFO] GripperOptimized:fast_loop:484 - 性能統計: 循環=1495000, 平均耗時=7.4ms, 最大耗時=51.7ms, 指令數=515
2025-07-20 00:17:47 [INFO] GripperOptimized:fast_loop:484 - 性能統計: 循環=1496000, 平均耗時=7.2ms, 最大耗時=51.7ms, 指令數=515
2025-07-20 00:18:07 [INFO] GripperOptimized:fast_loop:484 - 性能統計: 循環=1497000, 平均耗時=7.4ms, 最大耗時=51.7ms, 指令數=515
2025-07-20 00:18:28 [INFO] GripperOptimized:fast_loop:484 - 性能統計: 循環=1498000, 平均耗時=7.3ms, 最大耗時=51.7ms, 指令數=515
2025-07-20 00:18:49 [INFO] GripperOptimized:fast_loop:484 - 性能統計: 循環=1499000, 平均耗時=7.1ms, 最大耗時=51.7ms, 指令數=515
2025-07-20 00:19:09 [INFO] GripperOptimized:fast_loop:484 - 性能統計: 循環=1500000, 平均耗時=7.5ms, 最大耗時=51.7ms, 指令數=515
2025-07-20 00:19:30 [INFO] GripperOptimized:fast_loop:484 - 性能統計: 循環=1501000, 平均耗時=7.3ms, 最大耗時=51.7ms, 指令數=515
2025-07-20 00:19:51 [INFO] GripperOptimized:fast_loop:484 - 性能統計: 循環=1502000, 平均耗時=7.4ms, 最大耗時=51.7ms, 指令數=515
2025-07-20 00:20:11 [INFO] GripperOptimized:fast_loop:484 - 性能統計: 循環=1503000, 平均耗時=7.3ms, 最大耗時=51.7ms, 指令數=515
2025-07-20 00:20:32 [INFO] GripperOptimized:fast_loop:484 - 性能統計: 循環=1504000, 平均耗時=7.6ms, 最大耗時=51.7ms, 指令數=515
2025-07-20 00:20:53 [INFO] GripperOptimized:fast_loop:484 - 性能統計: 循環=1505000, 平均耗時=7.6ms, 最大耗時=51.7ms, 指令數=515
2025-07-20 00:21:13 [INFO] GripperOptimized:fast_loop:484 - 性能統計: 循環=1506000, 平均耗時=7.4ms, 最大耗時=51.7ms, 指令數=515
2025-07-20 00:21:34 [INFO] GripperOptimized:fast_loop:484 - 性能統計: 循環=1507000, 平均耗時=7.5ms, 最大耗時=51.7ms, 指令數=515
2025-07-20 00:21:55 [INFO] GripperOptimized:fast_loop:484 - 性能統計: 循環=1508000, 平均耗時=7.4ms, 最大耗時=51.7ms, 指令數=515
2025-07-20 00:22:15 [INFO] GripperOptimized:fast_loop:484 - 性能統計: 循環=1509000, 平均耗時=7.5ms, 最大耗時=51.7ms, 指令數=515
2025-07-20 00:22:36 [INFO] GripperOptimized:fast_loop:484 - 性能統計: 循環=1510000, 平均耗時=7.5ms, 最大耗時=51.7ms, 指令數=515
2025-07-20 00:22:57 [INFO] GripperOptimized:fast_loop:484 - 性能統計: 循環=1511000, 平均耗時=7.4ms, 最大耗時=51.7ms, 指令數=515
2025-07-20 00:23:17 [INFO] GripperOptimized:fast_loop:484 - 性能統計: 循環=1512000, 平均耗時=7.5ms, 最大耗時=51.7ms, 指令數=515
2025-07-20 00:23:38 [INFO] GripperOptimized:fast_loop:484 - 性能統計: 循環=1513000, 平均耗時=7.5ms, 最大耗時=51.7ms, 指令數=515
2025-07-20 00:23:59 [INFO] GripperOptimized:fast_loop:484 - 性能統計: 循環=1514000, 平均耗時=7.5ms, 最大耗時=51.7ms, 指令數=515
2025-07-20 00:24:19 [INFO] GripperOptimized:fast_loop:484 - 性能統計: 循環=1515000, 平均耗時=7.3ms, 最大耗時=51.7ms, 指令數=515
2025-07-20 00:24:40 [INFO] GripperOptimized:fast_loop:484 - 性能統計: 循環=1516000, 平均耗時=7.4ms, 最大耗時=51.7ms, 指令數=515
2025-07-20 00:25:01 [INFO] GripperOptimized:fast_loop:484 - 性能統計: 循環=1517000, 平均耗時=7.5ms, 最大耗時=51.7ms, 指令數=515
2025-07-20 00:25:21 [INFO] GripperOptimized:fast_loop:484 - 性能統計: 循環=1518000, 平均耗時=7.1ms, 最大耗時=51.7ms, 指令數=515
2025-07-20 00:25:42 [INFO] GripperOptimized:fast_loop:484 - 性能統計: 循環=1519000, 平均耗時=7.1ms, 最大耗時=51.7ms, 指令數=515
2025-07-20 00:26:03 [INFO] GripperOptimized:fast_loop:484 - 性能統計: 循環=1520000, 平均耗時=7.2ms, 最大耗時=51.7ms, 指令數=515
2025-07-20 00:26:23 [INFO] GripperOptimized:fast_loop:484 - 性能統計: 循環=1521000, 平均耗時=7.4ms, 最大耗時=51.7ms, 指令數=515
2025-07-20 00:26:44 [INFO] GripperOptimized:fast_loop:484 - 性能統計: 循環=1522000, 平均耗時=7.4ms, 最大耗時=51.7ms, 指令數=515
2025-07-20 00:27:04 [INFO] GripperOptimized:fast_loop:484 - 性能統計: 循環=1523000, 平均耗時=7.5ms, 最大耗時=51.7ms, 指令數=515
2025-07-20 00:27:25 [INFO] GripperOptimized:fast_loop:484 - 性能統計: 循環=1524000, 平均耗時=7.1ms, 最大耗時=51.7ms, 指令數=515
2025-07-20 00:27:46 [INFO] GripperOptimized:fast_loop:484 - 性能統計: 循環=1525000, 平均耗時=7.3ms, 最大耗時=51.7ms, 指令數=515
2025-07-20 00:28:06 [INFO] GripperOptimized:fast_loop:484 - 性能統計: 循環=1526000, 平均耗時=7.6ms, 最大耗時=51.7ms, 指令數=515
2025-07-20 00:28:27 [INFO] GripperOptimized:fast_loop:484 - 性能統計: 循環=1527000, 平均耗時=7.4ms, 最大耗時=51.7ms, 指令數=515
2025-07-20 00:28:48 [INFO] GripperOptimized:fast_loop:484 - 性能統計: 循環=1528000, 平均耗時=7.6ms, 最大耗時=51.7ms, 指令數=515
2025-07-20 00:29:08 [INFO] GripperOptimized:fast_loop:484 - 性能統計: 循環=1529000, 平均耗時=7.5ms, 最大耗時=51.7ms, 指令數=515
2025-07-20 00:29:29 [INFO] GripperOptimized:fast_loop:484 - 性能統計: 循環=1530000, 平均耗時=7.4ms, 最大耗時=51.7ms, 指令數=515
2025-07-20 00:29:50 [INFO] GripperOptimized:fast_loop:484 - 性能統計: 循環=1531000, 平均耗時=7.1ms, 最大耗時=51.7ms, 指令數=515
2025-07-20 00:30:10 [INFO] GripperOptimized:fast_loop:484 - 性能統計: 循環=1532000, 平均耗時=7.3ms, 最大耗時=51.7ms, 指令數=515
2025-07-20 00:30:31 [INFO] GripperOptimized:fast_loop:484 - 性能統計: 循環=1533000, 平均耗時=7.5ms, 最大耗時=51.7ms, 指令數=515
2025-07-20 00:30:52 [INFO] GripperOptimized:fast_loop:484 - 性能統計: 循環=1534000, 平均耗時=7.3ms, 最大耗時=51.7ms, 指令數=515
2025-07-20 00:31:12 [INFO] GripperOptimized:fast_loop:484 - 性能統計: 循環=1535000, 平均耗時=7.4ms, 最大耗時=51.7ms, 指令數=515
2025-07-20 00:31:33 [INFO] GripperOptimized:fast_loop:484 - 性能統計: 循環=1536000, 平均耗時=7.5ms, 最大耗時=51.7ms, 指令數=515
2025-07-20 00:31:54 [INFO] GripperOptimized:fast_loop:484 - 性能統計: 循環=1537000, 平均耗時=7.5ms, 最大耗時=51.7ms, 指令數=515
2025-07-20 00:32:14 [INFO] GripperOptimized:fast_loop:484 - 性能統計: 循環=1538000, 平均耗時=7.4ms, 最大耗時=51.7ms, 指令數=515
2025-07-20 00:32:35 [INFO] GripperOptimized:fast_loop:484 - 性能統計: 循環=1539000, 平均耗時=7.5ms, 最大耗時=51.7ms, 指令數=515
2025-07-20 00:32:56 [INFO] GripperOptimized:fast_loop:484 - 性能統計: 循環=1540000, 平均耗時=7.5ms, 最大耗時=51.7ms, 指令數=515
2025-07-20 00:33:16 [INFO] GripperOptimized:fast_loop:484 - 性能統計: 循環=1541000, 平均耗時=7.5ms, 最大耗時=51.7ms, 指令數=515
2025-07-20 00:33:37 [INFO] GripperOptimized:fast_loop:484 - 性能統計: 循環=1542000, 平均耗時=7.4ms, 最大耗時=51.7ms, 指令數=515
2025-07-20 00:33:58 [INFO] GripperOptimized:fast_loop:484 - 性能統計: 循環=1543000, 平均耗時=7.5ms, 最大耗時=51.7ms, 指令數=515
2025-07-20 00:34:18 [INFO] GripperOptimized:fast_loop:484 - 性能統計: 循環=1544000, 平均耗時=7.5ms, 最大耗時=51.7ms, 指令數=515
2025-07-20 00:34:39 [INFO] GripperOptimized:fast_loop:484 - 性能統計: 循環=1545000, 平均耗時=7.3ms, 最大耗時=51.7ms, 指令數=515
2025-07-20 00:35:00 [INFO] GripperOptimized:fast_loop:484 - 性能統計: 循環=1546000, 平均耗時=7.4ms, 最大耗時=51.7ms, 指令數=515
2025-07-20 00:35:20 [INFO] GripperOptimized:fast_loop:484 - 性能統計: 循環=1547000, 平均耗時=7.3ms, 最大耗時=51.7ms, 指令數=515
2025-07-20 00:35:41 [INFO] GripperOptimized:fast_loop:484 - 性能統計: 循環=1548000, 平均耗時=7.3ms, 最大耗時=51.7ms, 指令數=515
2025-07-20 00:36:01 [INFO] GripperOptimized:fast_loop:484 - 性能統計: 循環=1549000, 平均耗時=7.6ms, 最大耗時=51.7ms, 指令數=515
2025-07-20 00:36:22 [INFO] GripperOptimized:fast_loop:484 - 性能統計: 循環=1550000, 平均耗時=7.6ms, 最大耗時=51.7ms, 指令數=515
2025-07-20 00:36:43 [INFO] GripperOptimized:fast_loop:484 - 性能統計: 循環=1551000, 平均耗時=7.5ms, 最大耗時=51.7ms, 指令數=515
2025-07-20 00:37:03 [INFO] GripperOptimized:fast_loop:484 - 性能統計: 循環=1552000, 平均耗時=7.0ms, 最大耗時=51.7ms, 指令數=515
2025-07-20 00:37:24 [INFO] GripperOptimized:fast_loop:484 - 性能統計: 循環=1553000, 平均耗時=7.2ms, 最大耗時=51.7ms, 指令數=515
2025-07-20 00:37:45 [INFO] GripperOptimized:fast_loop:484 - 性能統計: 循環=1554000, 平均耗時=7.3ms, 最大耗時=51.7ms, 指令數=515
2025-07-20 00:38:05 [INFO] GripperOptimized:fast_loop:484 - 性能統計: 循環=1555000, 平均耗時=7.5ms, 最大耗時=51.7ms, 指令數=515
2025-07-20 00:38:26 [INFO] GripperOptimized:fast_loop:484 - 性能統計: 循環=1556000, 平均耗時=7.4ms, 最大耗時=51.7ms, 指令數=515
2025-07-20 00:38:47 [INFO] GripperOptimized:fast_loop:484 - 性能統計: 循環=1557000, 平均耗時=7.4ms, 最大耗時=51.7ms, 指令數=515
2025-07-20 00:39:07 [INFO] GripperOptimized:fast_loop:484 - 性能統計: 循環=1558000, 平均耗時=7.6ms, 最大耗時=51.7ms, 指令數=515
2025-07-20 00:39:28 [INFO] GripperOptimized:fast_loop:484 - 性能統計: 循環=1559000, 平均耗時=7.4ms, 最大耗時=51.7ms, 指令數=515
2025-07-20 00:39:49 [INFO] GripperOptimized:fast_loop:484 - 性能統計: 循環=1560000, 平均耗時=7.4ms, 最大耗時=51.7ms, 指令數=515
2025-07-20 00:40:09 [INFO] GripperOptimized:fast_loop:484 - 性能統計: 循環=1561000, 平均耗時=7.6ms, 最大耗時=51.7ms, 指令數=515
2025-07-20 00:40:30 [INFO] GripperOptimized:fast_loop:484 - 性能統計: 循環=1562000, 平均耗時=7.5ms, 最大耗時=51.7ms, 指令數=515
2025-07-20 00:40:51 [INFO] GripperOptimized:fast_loop:484 - 性能統計: 循環=1563000, 平均耗時=7.3ms, 最大耗時=51.7ms, 指令數=515
2025-07-20 00:41:11 [INFO] GripperOptimized:fast_loop:484 - 性能統計: 循環=1564000, 平均耗時=7.3ms, 最大耗時=51.7ms, 指令數=515
2025-07-20 00:41:32 [INFO] GripperOptimized:fast_loop:484 - 性能統計: 循環=1565000, 平均耗時=7.3ms, 最大耗時=51.7ms, 指令數=515
2025-07-20 00:41:53 [INFO] GripperOptimized:fast_loop:484 - 性能統計: 循環=1566000, 平均耗時=7.2ms, 最大耗時=51.7ms, 指令數=515
2025-07-20 00:42:13 [INFO] GripperOptimized:fast_loop:484 - 性能統計: 循環=1567000, 平均耗時=7.1ms, 最大耗時=51.7ms, 指令數=515
2025-07-20 00:42:34 [INFO] GripperOptimized:fast_loop:484 - 性能統計: 循環=1568000, 平均耗時=7.4ms, 最大耗時=51.7ms, 指令數=515
2025-07-20 00:42:55 [INFO] GripperOptimized:fast_loop:484 - 性能統計: 循環=1569000, 平均耗時=7.4ms, 最大耗時=51.7ms, 指令數=515
2025-07-20 00:43:15 [INFO] GripperOptimized:fast_loop:484 - 性能統計: 循環=1570000, 平均耗時=7.5ms, 最大耗時=51.7ms, 指令數=515
2025-07-20 00:43:36 [INFO] GripperOptimized:fast_loop:484 - 性能統計: 循環=1571000, 平均耗時=7.4ms, 最大耗時=51.7ms, 指令數=515
2025-07-20 00:43:57 [INFO] GripperOptimized:fast_loop:484 - 性能統計: 循環=1572000, 平均耗時=7.7ms, 最大耗時=51.7ms, 指令數=515
2025-07-20 00:44:17 [INFO] GripperOptimized:fast_loop:484 - 性能統計: 循環=1573000, 平均耗時=7.2ms, 最大耗時=51.7ms, 指令數=515
2025-07-20 00:44:38 [INFO] GripperOptimized:fast_loop:484 - 性能統計: 循環=1574000, 平均耗時=7.6ms, 最大耗時=51.7ms, 指令數=515
2025-07-20 00:44:59 [INFO] GripperOptimized:fast_loop:484 - 性能統計: 循環=1575000, 平均耗時=7.5ms, 最大耗時=51.7ms, 指令數=515
2025-07-20 00:45:19 [INFO] GripperOptimized:fast_loop:484 - 性能統計: 循環=1576000, 平均耗時=7.5ms, 最大耗時=51.7ms, 指令數=515
2025-07-20 00:45:40 [INFO] GripperOptimized:fast_loop:484 - 性能統計: 循環=1577000, 平均耗時=7.2ms, 最大耗時=51.7ms, 指令數=515
2025-07-20 00:46:00 [INFO] GripperOptimized:fast_loop:484 - 性能統計: 循環=1578000, 平均耗時=7.4ms, 最大耗時=51.7ms, 指令數=515
2025-07-20 00:46:21 [INFO] GripperOptimized:fast_loop:484 - 性能統計: 循環=1579000, 平均耗時=7.2ms, 最大耗時=51.7ms, 指令數=515
2025-07-20 00:46:42 [INFO] GripperOptimized:fast_loop:484 - 性能統計: 循環=1580000, 平均耗時=7.4ms, 最大耗時=51.7ms, 指令數=515
2025-07-20 00:47:02 [INFO] GripperOptimized:fast_loop:484 - 性能統計: 循環=1581000, 平均耗時=7.3ms, 最大耗時=51.7ms, 指令數=515
2025-07-20 00:47:23 [INFO] GripperOptimized:fast_loop:484 - 性能統計: 循環=1582000, 平均耗時=7.5ms, 最大耗時=51.7ms, 指令數=515
2025-07-20 00:47:44 [INFO] GripperOptimized:fast_loop:484 - 性能統計: 循環=1583000, 平均耗時=7.5ms, 最大耗時=51.7ms, 指令數=515
2025-07-20 00:48:04 [INFO] GripperOptimized:fast_loop:484 - 性能統計: 循環=1584000, 平均耗時=7.6ms, 最大耗時=51.7ms, 指令數=515
2025-07-20 00:48:25 [INFO] GripperOptimized:fast_loop:484 - 性能統計: 循環=1585000, 平均耗時=7.4ms, 最大耗時=51.7ms, 指令數=515
2025-07-20 00:48:46 [INFO] GripperOptimized:fast_loop:484 - 性能統計: 循環=1586000, 平均耗時=7.4ms, 最大耗時=51.7ms, 指令數=515
2025-07-20 00:49:06 [INFO] GripperOptimized:fast_loop:484 - 性能統計: 循環=1587000, 平均耗時=7.3ms, 最大耗時=51.7ms, 指令數=515
2025-07-20 00:49:27 [INFO] GripperOptimized:fast_loop:484 - 性能統計: 循環=1588000, 平均耗時=7.6ms, 最大耗時=51.7ms, 指令數=515
2025-07-20 00:49:48 [INFO] GripperOptimized:fast_loop:484 - 性能統計: 循環=1589000, 平均耗時=7.1ms, 最大耗時=51.7ms, 指令數=515
2025-07-20 00:50:08 [INFO] GripperOptimized:fast_loop:484 - 性能統計: 循環=1590000, 平均耗時=7.5ms, 最大耗時=51.7ms, 指令數=515
2025-07-20 00:50:29 [INFO] GripperOptimized:fast_loop:484 - 性能統計: 循環=1591000, 平均耗時=7.6ms, 最大耗時=51.7ms, 指令數=515
2025-07-20 00:50:50 [INFO] GripperOptimized:fast_loop:484 - 性能統計: 循環=1592000, 平均耗時=7.3ms, 最大耗時=51.7ms, 指令數=515
2025-07-20 00:51:10 [INFO] GripperOptimized:fast_loop:484 - 性能統計: 循環=1593000, 平均耗時=7.2ms, 最大耗時=51.7ms, 指令數=515
2025-07-20 00:51:31 [INFO] GripperOptimized:fast_loop:484 - 性能統計: 循環=1594000, 平均耗時=7.5ms, 最大耗時=51.7ms, 指令數=515
2025-07-20 00:51:52 [INFO] GripperOptimized:fast_loop:484 - 性能統計: 循環=1595000, 平均耗時=7.3ms, 最大耗時=51.7ms, 指令數=515
2025-07-20 00:52:12 [INFO] GripperOptimized:fast_loop:484 - 性能統計: 循環=1596000, 平均耗時=7.4ms, 最大耗時=51.7ms, 指令數=515
2025-07-20 00:52:33 [INFO] GripperOptimized:fast_loop:484 - 性能統計: 循環=1597000, 平均耗時=7.3ms, 最大耗時=51.7ms, 指令數=515
2025-07-20 00:52:53 [INFO] GripperOptimized:fast_loop:484 - 性能統計: 循環=1598000, 平均耗時=7.6ms, 最大耗時=51.7ms, 指令數=515
2025-07-20 00:53:14 [INFO] GripperOptimized:fast_loop:484 - 性能統計: 循環=1599000, 平均耗時=7.4ms, 最大耗時=51.7ms, 指令數=515
2025-07-20 00:53:35 [INFO] GripperOptimized:fast_loop:484 - 性能統計: 循環=1600000, 平均耗時=7.1ms, 最大耗時=51.7ms, 指令數=515
2025-07-20 00:53:55 [INFO] GripperOptimized:fast_loop:484 - 性能統計: 循環=1601000, 平均耗時=7.5ms, 最大耗時=51.7ms, 指令數=515
2025-07-20 00:54:16 [INFO] GripperOptimized:fast_loop:484 - 性能統計: 循環=1602000, 平均耗時=7.4ms, 最大耗時=51.7ms, 指令數=515
2025-07-20 00:54:37 [INFO] GripperOptimized:fast_loop:484 - 性能統計: 循環=1603000, 平均耗時=7.5ms, 最大耗時=51.7ms, 指令數=515
2025-07-20 00:54:57 [INFO] GripperOptimized:fast_loop:484 - 性能統計: 循環=1604000, 平均耗時=7.4ms, 最大耗時=51.7ms, 指令數=515
2025-07-20 00:55:18 [INFO] GripperOptimized:fast_loop:484 - 性能統計: 循環=1605000, 平均耗時=7.2ms, 最大耗時=51.7ms, 指令數=515
2025-07-20 00:55:39 [INFO] GripperOptimized:fast_loop:484 - 性能統計: 循環=1606000, 平均耗時=7.4ms, 最大耗時=51.7ms, 指令數=515
2025-07-20 00:55:59 [INFO] GripperOptimized:fast_loop:484 - 性能統計: 循環=1607000, 平均耗時=7.7ms, 最大耗時=51.7ms, 指令數=515
2025-07-20 00:56:20 [INFO] GripperOptimized:fast_loop:484 - 性能統計: 循環=1608000, 平均耗時=7.7ms, 最大耗時=51.7ms, 指令數=515
2025-07-20 00:56:41 [INFO] GripperOptimized:fast_loop:484 - 性能統計: 循環=1609000, 平均耗時=7.3ms, 最大耗時=51.7ms, 指令數=515
2025-07-20 00:57:01 [INFO] GripperOptimized:fast_loop:484 - 性能統計: 循環=1610000, 平均耗時=7.3ms, 最大耗時=51.7ms, 指令數=515
2025-07-20 00:57:22 [INFO] GripperOptimized:fast_loop:484 - 性能統計: 循環=1611000, 平均耗時=7.3ms, 最大耗時=51.7ms, 指令數=515
2025-07-20 00:57:43 [INFO] GripperOptimized:fast_loop:484 - 性能統計: 循環=1612000, 平均耗時=7.2ms, 最大耗時=51.7ms, 指令數=515
2025-07-20 00:58:03 [INFO] GripperOptimized:fast_loop:484 - 性能統計: 循環=1613000, 平均耗時=7.5ms, 最大耗時=51.7ms, 指令數=515
2025-07-20 00:58:24 [INFO] GripperOptimized:fast_loop:484 - 性能統計: 循環=1614000, 平均耗時=7.5ms, 最大耗時=51.7ms, 指令數=515
2025-07-20 00:58:45 [INFO] GripperOptimized:fast_loop:484 - 性能統計: 循環=1615000, 平均耗時=7.7ms, 最大耗時=51.7ms, 指令數=515
2025-07-20 00:59:05 [INFO] GripperOptimized:fast_loop:484 - 性能統計: 循環=1616000, 平均耗時=7.4ms, 最大耗時=51.7ms, 指令數=515
2025-07-20 00:59:26 [INFO] GripperOptimized:fast_loop:484 - 性能統計: 循環=1617000, 平均耗時=7.4ms, 最大耗時=51.7ms, 指令數=515
2025-07-20 00:59:47 [INFO] GripperOptimized:fast_loop:484 - 性能統計: 循環=1618000, 平均耗時=7.5ms, 最大耗時=51.7ms, 指令數=515
2025-07-20 01:00:07 [INFO] GripperOptimized:fast_loop:484 - 性能統計: 循環=1619000, 平均耗時=7.5ms, 最大耗時=51.7ms, 指令數=515
2025-07-20 01:00:28 [INFO] GripperOptimized:fast_loop:484 - 性能統計: 循環=1620000, 平均耗時=7.3ms, 最大耗時=51.7ms, 指令數=515
2025-07-20 01:00:49 [INFO] GripperOptimized:fast_loop:484 - 性能統計: 循環=1621000, 平均耗時=7.6ms, 最大耗時=51.7ms, 指令數=515
2025-07-20 01:01:09 [INFO] GripperOptimized:fast_loop:484 - 性能統計: 循環=1622000, 平均耗時=7.4ms, 最大耗時=51.7ms, 指令數=515
2025-07-20 01:01:30 [INFO] GripperOptimized:fast_loop:484 - 性能統計: 循環=1623000, 平均耗時=7.5ms, 最大耗時=51.7ms, 指令數=515
2025-07-20 01:01:51 [INFO] GripperOptimized:fast_loop:484 - 性能統計: 循環=1624000, 平均耗時=7.4ms, 最大耗時=51.7ms, 指令數=515
2025-07-20 01:02:11 [INFO] GripperOptimized:fast_loop:484 - 性能統計: 循環=1625000, 平均耗時=7.4ms, 最大耗時=51.7ms, 指令數=515
2025-07-20 01:02:32 [INFO] GripperOptimized:fast_loop:484 - 性能統計: 循環=1626000, 平均耗時=7.2ms, 最大耗時=51.7ms, 指令數=515
2025-07-20 01:02:53 [INFO] GripperOptimized:fast_loop:484 - 性能統計: 循環=1627000, 平均耗時=7.3ms, 最大耗時=51.7ms, 指令數=515
2025-07-20 01:03:13 [INFO] GripperOptimized:fast_loop:484 - 性能統計: 循環=1628000, 平均耗時=7.3ms, 最大耗時=51.7ms, 指令數=515
2025-07-20 01:03:34 [INFO] GripperOptimized:fast_loop:484 - 性能統計: 循環=1629000, 平均耗時=7.3ms, 最大耗時=51.7ms, 指令數=515
2025-07-20 01:03:54 [INFO] GripperOptimized:fast_loop:484 - 性能統計: 循環=1630000, 平均耗時=7.8ms, 最大耗時=51.7ms, 指令數=515
2025-07-20 01:04:15 [INFO] GripperOptimized:fast_loop:484 - 性能統計: 循環=1631000, 平均耗時=7.4ms, 最大耗時=51.7ms, 指令數=515
2025-07-20 01:04:36 [INFO] GripperOptimized:fast_loop:484 - 性能統計: 循環=1632000, 平均耗時=7.5ms, 最大耗時=51.7ms, 指令數=515
2025-07-20 01:04:56 [INFO] GripperOptimized:fast_loop:484 - 性能統計: 循環=1633000, 平均耗時=7.2ms, 最大耗時=51.7ms, 指令數=515
2025-07-20 01:05:17 [INFO] GripperOptimized:fast_loop:484 - 性能統計: 循環=1634000, 平均耗時=7.4ms, 最大耗時=51.7ms, 指令數=515
2025-07-20 01:05:38 [INFO] GripperOptimized:fast_loop:484 - 性能統計: 循環=1635000, 平均耗時=7.4ms, 最大耗時=51.7ms, 指令數=515
2025-07-20 01:05:58 [INFO] GripperOptimized:fast_loop:484 - 性能統計: 循環=1636000, 平均耗時=7.5ms, 最大耗時=51.7ms, 指令數=515
2025-07-20 01:06:19 [INFO] GripperOptimized:fast_loop:484 - 性能統計: 循環=1637000, 平均耗時=7.5ms, 最大耗時=51.7ms, 指令數=515
2025-07-20 01:06:40 [INFO] GripperOptimized:fast_loop:484 - 性能統計: 循環=1638000, 平均耗時=7.5ms, 最大耗時=51.7ms, 指令數=515
2025-07-20 01:07:00 [INFO] GripperOptimized:fast_loop:484 - 性能統計: 循環=1639000, 平均耗時=7.4ms, 最大耗時=51.7ms, 指令數=515
2025-07-20 01:07:21 [INFO] GripperOptimized:fast_loop:484 - 性能統計: 循環=1640000, 平均耗時=7.5ms, 最大耗時=51.7ms, 指令數=515
2025-07-20 01:07:42 [INFO] GripperOptimized:fast_loop:484 - 性能統計: 循環=1641000, 平均耗時=7.4ms, 最大耗時=51.7ms, 指令數=515
2025-07-20 01:08:02 [INFO] GripperOptimized:fast_loop:484 - 性能統計: 循環=1642000, 平均耗時=7.2ms, 最大耗時=51.7ms, 指令數=515
2025-07-20 01:08:23 [INFO] GripperOptimized:fast_loop:484 - 性能統計: 循環=1643000, 平均耗時=7.2ms, 最大耗時=51.7ms, 指令數=515
2025-07-20 01:08:44 [INFO] GripperOptimized:fast_loop:484 - 性能統計: 循環=1644000, 平均耗時=7.3ms, 最大耗時=51.7ms, 指令數=515
2025-07-20 01:09:04 [INFO] GripperOptimized:fast_loop:484 - 性能統計: 循環=1645000, 平均耗時=7.3ms, 最大耗時=51.7ms, 指令數=515
2025-07-20 01:09:25 [INFO] GripperOptimized:fast_loop:484 - 性能統計: 循環=1646000, 平均耗時=7.3ms, 最大耗時=51.7ms, 指令數=515
2025-07-20 01:09:46 [INFO] GripperOptimized:fast_loop:484 - 性能統計: 循環=1647000, 平均耗時=7.5ms, 最大耗時=51.7ms, 指令數=515
2025-07-20 01:10:06 [INFO] GripperOptimized:fast_loop:484 - 性能統計: 循環=1648000, 平均耗時=7.6ms, 最大耗時=51.7ms, 指令數=515
2025-07-20 01:10:27 [INFO] GripperOptimized:fast_loop:484 - 性能統計: 循環=1649000, 平均耗時=7.5ms, 最大耗時=51.7ms, 指令數=515
2025-07-20 01:10:48 [INFO] GripperOptimized:fast_loop:484 - 性能統計: 循環=1650000, 平均耗時=7.5ms, 最大耗時=51.7ms, 指令數=515
2025-07-20 01:11:08 [INFO] GripperOptimized:fast_loop:484 - 性能統計: 循環=1651000, 平均耗時=7.5ms, 最大耗時=51.7ms, 指令數=515
2025-07-20 01:11:29 [INFO] GripperOptimized:fast_loop:484 - 性能統計: 循環=1652000, 平均耗時=7.7ms, 最大耗時=51.7ms, 指令數=515
2025-07-20 01:11:50 [INFO] GripperOptimized:fast_loop:484 - 性能統計: 循環=1653000, 平均耗時=7.3ms, 最大耗時=51.7ms, 指令數=515
2025-07-20 01:12:10 [INFO] GripperOptimized:fast_loop:484 - 性能統計: 循環=1654000, 平均耗時=7.4ms, 最大耗時=51.7ms, 指令數=515
2025-07-20 01:12:31 [INFO] GripperOptimized:fast_loop:484 - 性能統計: 循環=1655000, 平均耗時=7.2ms, 最大耗時=51.7ms, 指令數=515
2025-07-20 01:12:51 [INFO] GripperOptimized:fast_loop:484 - 性能統計: 循環=1656000, 平均耗時=7.2ms, 最大耗時=51.7ms, 指令數=515
2025-07-20 01:13:12 [INFO] GripperOptimized:fast_loop:484 - 性能統計: 循環=1657000, 平均耗時=7.5ms, 最大耗時=51.7ms, 指令數=515
2025-07-20 01:13:33 [INFO] GripperOptimized:fast_loop:484 - 性能統計: 循環=1658000, 平均耗時=7.5ms, 最大耗時=51.7ms, 指令數=515
2025-07-20 01:13:53 [INFO] GripperOptimized:fast_loop:484 - 性能統計: 循環=1659000, 平均耗時=7.4ms, 最大耗時=51.7ms, 指令數=515
2025-07-20 01:14:14 [INFO] GripperOptimized:fast_loop:484 - 性能統計: 循環=1660000, 平均耗時=7.6ms, 最大耗時=51.7ms, 指令數=515
2025-07-20 01:14:35 [INFO] GripperOptimized:fast_loop:484 - 性能統計: 循環=1661000, 平均耗時=7.5ms, 最大耗時=51.7ms, 指令數=515
2025-07-20 01:14:55 [INFO] GripperOptimized:fast_loop:484 - 性能統計: 循環=1662000, 平均耗時=7.6ms, 最大耗時=51.7ms, 指令數=515
2025-07-20 01:15:16 [INFO] GripperOptimized:fast_loop:484 - 性能統計: 循環=1663000, 平均耗時=7.3ms, 最大耗時=51.7ms, 指令數=515
2025-07-20 01:15:37 [INFO] GripperOptimized:fast_loop:484 - 性能統計: 循環=1664000, 平均耗時=7.3ms, 最大耗時=51.7ms, 指令數=515
2025-07-20 01:15:57 [INFO] GripperOptimized:fast_loop:484 - 性能統計: 循環=1665000, 平均耗時=7.5ms, 最大耗時=51.7ms, 指令數=515
2025-07-20 01:16:18 [INFO] GripperOptimized:fast_loop:484 - 性能統計: 循環=1666000, 平均耗時=7.5ms, 最大耗時=51.7ms, 指令數=515
2025-07-20 01:16:38 [INFO] GripperOptimized:fast_loop:484 - 性能統計: 循環=1667000, 平均耗時=7.5ms, 最大耗時=51.7ms, 指令數=515
2025-07-20 01:16:59 [INFO] GripperOptimized:fast_loop:484 - 性能統計: 循環=1668000, 平均耗時=7.4ms, 最大耗時=51.7ms, 指令數=515
2025-07-20 01:17:20 [INFO] GripperOptimized:fast_loop:484 - 性能統計: 循環=1669000, 平均耗時=7.7ms, 最大耗時=51.7ms, 指令數=515
2025-07-20 01:17:40 [INFO] GripperOptimized:fast_loop:484 - 性能統計: 循環=1670000, 平均耗時=7.7ms, 最大耗時=51.7ms, 指令數=515
2025-07-20 01:18:01 [INFO] GripperOptimized:fast_loop:484 - 性能統計: 循環=1671000, 平均耗時=7.7ms, 最大耗時=51.7ms, 指令數=515
2025-07-20 01:18:22 [INFO] GripperOptimized:fast_loop:484 - 性能統計: 循環=1672000, 平均耗時=7.6ms, 最大耗時=51.7ms, 指令數=515
2025-07-20 01:18:42 [INFO] GripperOptimized:fast_loop:484 - 性能統計: 循環=1673000, 平均耗時=7.4ms, 最大耗時=51.7ms, 指令數=515
2025-07-20 01:19:03 [INFO] GripperOptimized:fast_loop:484 - 性能統計: 循環=1674000, 平均耗時=7.3ms, 最大耗時=51.7ms, 指令數=515
2025-07-20 01:19:23 [INFO] GripperOptimized:fast_loop:484 - 性能統計: 循環=1675000, 平均耗時=7.4ms, 最大耗時=51.7ms, 指令數=515
2025-07-20 01:19:44 [INFO] GripperOptimized:fast_loop:484 - 性能統計: 循環=1676000, 平均耗時=7.6ms, 最大耗時=51.7ms, 指令數=515
2025-07-20 01:20:05 [INFO] GripperOptimized:fast_loop:484 - 性能統計: 循環=1677000, 平均耗時=7.6ms, 最大耗時=51.7ms, 指令數=515
2025-07-20 01:20:25 [INFO] GripperOptimized:fast_loop:484 - 性能統計: 循環=1678000, 平均耗時=7.9ms, 最大耗時=51.7ms, 指令數=515
2025-07-20 01:20:46 [INFO] GripperOptimized:fast_loop:484 - 性能統計: 循環=1679000, 平均耗時=7.6ms, 最大耗時=51.7ms, 指令數=515
2025-07-20 01:21:07 [INFO] GripperOptimized:fast_loop:484 - 性能統計: 循環=1680000, 平均耗時=7.5ms, 最大耗時=51.7ms, 指令數=515
2025-07-20 01:21:27 [INFO] GripperOptimized:fast_loop:484 - 性能統計: 循環=1681000, 平均耗時=7.5ms, 最大耗時=51.7ms, 指令數=515
2025-07-20 01:21:48 [INFO] GripperOptimized:fast_loop:484 - 性能統計: 循環=1682000, 平均耗時=7.5ms, 最大耗時=51.7ms, 指令數=515
2025-07-20 01:22:09 [INFO] GripperOptimized:fast_loop:484 - 性能統計: 循環=1683000, 平均耗時=7.6ms, 最大耗時=51.7ms, 指令數=515
2025-07-20 01:22:29 [INFO] GripperOptimized:fast_loop:484 - 性能統計: 循環=1684000, 平均耗時=7.5ms, 最大耗時=51.7ms, 指令數=515
2025-07-20 01:22:50 [INFO] GripperOptimized:fast_loop:484 - 性能統計: 循環=1685000, 平均耗時=7.5ms, 最大耗時=51.7ms, 指令數=515
2025-07-20 01:23:10 [INFO] GripperOptimized:fast_loop:484 - 性能統計: 循環=1686000, 平均耗時=7.6ms, 最大耗時=51.7ms, 指令數=515
2025-07-20 01:23:31 [INFO] GripperOptimized:fast_loop:484 - 性能統計: 循環=1687000, 平均耗時=7.4ms, 最大耗時=51.7ms, 指令數=515
2025-07-20 01:23:52 [INFO] GripperOptimized:fast_loop:484 - 性能統計: 循環=1688000, 平均耗時=7.6ms, 最大耗時=51.7ms, 指令數=515
2025-07-20 01:24:12 [INFO] GripperOptimized:fast_loop:484 - 性能統計: 循環=1689000, 平均耗時=7.5ms, 最大耗時=51.7ms, 指令數=515
2025-07-20 01:24:33 [INFO] GripperOptimized:fast_loop:484 - 性能統計: 循環=1690000, 平均耗時=7.6ms, 最大耗時=51.7ms, 指令數=515
2025-07-20 01:24:54 [INFO] GripperOptimized:fast_loop:484 - 性能統計: 循環=1691000, 平均耗時=7.5ms, 最大耗時=51.7ms, 指令數=515
2025-07-20 01:25:14 [INFO] GripperOptimized:fast_loop:484 - 性能統計: 循環=1692000, 平均耗時=7.6ms, 最大耗時=51.7ms, 指令數=515
2025-07-20 01:25:35 [INFO] GripperOptimized:fast_loop:484 - 性能統計: 循環=1693000, 平均耗時=7.6ms, 最大耗時=51.7ms, 指令數=515
2025-07-20 01:25:55 [INFO] GripperOptimized:fast_loop:484 - 性能統計: 循環=1694000, 平均耗時=7.3ms, 最大耗時=51.7ms, 指令數=515
2025-07-20 01:26:16 [INFO] GripperOptimized:fast_loop:484 - 性能統計: 循環=1695000, 平均耗時=7.6ms, 最大耗時=51.7ms, 指令數=515
2025-07-20 01:26:37 [INFO] GripperOptimized:fast_loop:484 - 性能統計: 循環=1696000, 平均耗時=7.5ms, 最大耗時=51.7ms, 指令數=515
2025-07-20 01:26:57 [INFO] GripperOptimized:fast_loop:484 - 性能統計: 循環=1697000, 平均耗時=7.4ms, 最大耗時=51.7ms, 指令數=515
2025-07-20 01:27:18 [INFO] GripperOptimized:fast_loop:484 - 性能統計: 循環=1698000, 平均耗時=7.7ms, 最大耗時=51.7ms, 指令數=515
2025-07-20 01:27:39 [INFO] GripperOptimized:fast_loop:484 - 性能統計: 循環=1699000, 平均耗時=7.4ms, 最大耗時=51.7ms, 指令數=515
2025-07-20 01:27:59 [INFO] GripperOptimized:fast_loop:484 - 性能統計: 循環=1700000, 平均耗時=7.4ms, 最大耗時=51.7ms, 指令數=515
2025-07-20 01:28:20 [INFO] GripperOptimized:fast_loop:484 - 性能統計: 循環=1701000, 平均耗時=7.3ms, 最大耗時=51.7ms, 指令數=515
2025-07-20 01:28:40 [INFO] GripperOptimized:fast_loop:484 - 性能統計: 循環=1702000, 平均耗時=7.3ms, 最大耗時=51.7ms, 指令數=515
2025-07-20 01:29:01 [INFO] GripperOptimized:fast_loop:484 - 性能統計: 循環=1703000, 平均耗時=7.7ms, 最大耗時=51.7ms, 指令數=515
2025-07-20 01:29:22 [INFO] GripperOptimized:fast_loop:484 - 性能統計: 循環=1704000, 平均耗時=7.4ms, 最大耗時=51.7ms, 指令數=515
2025-07-20 01:29:42 [INFO] GripperOptimized:fast_loop:484 - 性能統計: 循環=1705000, 平均耗時=7.3ms, 最大耗時=51.7ms, 指令數=515
2025-07-20 01:30:03 [INFO] GripperOptimized:fast_loop:484 - 性能統計: 循環=1706000, 平均耗時=7.5ms, 最大耗時=51.7ms, 指令數=515
2025-07-20 01:30:24 [INFO] GripperOptimized:fast_loop:484 - 性能統計: 循環=1707000, 平均耗時=7.6ms, 最大耗時=51.7ms, 指令數=515
2025-07-20 01:30:44 [INFO] GripperOptimized:fast_loop:484 - 性能統計: 循環=1708000, 平均耗時=7.6ms, 最大耗時=51.7ms, 指令數=515
2025-07-20 01:31:05 [INFO] GripperOptimized:fast_loop:484 - 性能統計: 循環=1709000, 平均耗時=7.5ms, 最大耗時=51.7ms, 指令數=515
2025-07-20 01:31:26 [INFO] GripperOptimized:fast_loop:484 - 性能統計: 循環=1710000, 平均耗時=7.5ms, 最大耗時=51.7ms, 指令數=515
2025-07-20 01:31:46 [INFO] GripperOptimized:fast_loop:484 - 性能統計: 循環=1711000, 平均耗時=7.6ms, 最大耗時=51.7ms, 指令數=515
2025-07-20 01:32:07 [INFO] GripperOptimized:fast_loop:484 - 性能統計: 循環=1712000, 平均耗時=7.6ms, 最大耗時=51.7ms, 指令數=515
2025-07-20 01:32:27 [INFO] GripperOptimized:fast_loop:484 - 性能統計: 循環=1713000, 平均耗時=7.5ms, 最大耗時=51.7ms, 指令數=515
2025-07-20 01:32:48 [INFO] GripperOptimized:fast_loop:484 - 性能統計: 循環=1714000, 平均耗時=7.5ms, 最大耗時=51.7ms, 指令數=515
2025-07-20 01:33:09 [INFO] GripperOptimized:fast_loop:484 - 性能統計: 循環=1715000, 平均耗時=7.4ms, 最大耗時=51.7ms, 指令數=515
2025-07-20 01:33:29 [INFO] GripperOptimized:fast_loop:484 - 性能統計: 循環=1716000, 平均耗時=7.6ms, 最大耗時=51.7ms, 指令數=515
2025-07-20 01:33:50 [INFO] GripperOptimized:fast_loop:484 - 性能統計: 循環=1717000, 平均耗時=7.6ms, 最大耗時=51.7ms, 指令數=515
2025-07-20 01:34:11 [INFO] GripperOptimized:fast_loop:484 - 性能統計: 循環=1718000, 平均耗時=7.4ms, 最大耗時=51.7ms, 指令數=515
2025-07-20 01:34:31 [INFO] GripperOptimized:fast_loop:484 - 性能統計: 循環=1719000, 平均耗時=7.5ms, 最大耗時=51.7ms, 指令數=515
2025-07-20 01:34:52 [INFO] GripperOptimized:fast_loop:484 - 性能統計: 循環=1720000, 平均耗時=7.6ms, 最大耗時=51.7ms, 指令數=515
2025-07-20 01:35:12 [INFO] GripperOptimized:fast_loop:484 - 性能統計: 循環=1721000, 平均耗時=7.5ms, 最大耗時=51.7ms, 指令數=515
2025-07-20 01:35:33 [INFO] GripperOptimized:fast_loop:484 - 性能統計: 循環=1722000, 平均耗時=7.4ms, 最大耗時=51.7ms, 指令數=515
2025-07-20 01:35:54 [INFO] GripperOptimized:fast_loop:484 - 性能統計: 循環=1723000, 平均耗時=7.5ms, 最大耗時=51.7ms, 指令數=515
2025-07-20 01:36:14 [INFO] GripperOptimized:fast_loop:484 - 性能統計: 循環=1724000, 平均耗時=7.5ms, 最大耗時=51.7ms, 指令數=515
2025-07-20 01:36:35 [INFO] GripperOptimized:fast_loop:484 - 性能統計: 循環=1725000, 平均耗時=7.6ms, 最大耗時=51.7ms, 指令數=515
2025-07-20 01:36:56 [INFO] GripperOptimized:fast_loop:484 - 性能統計: 循環=1726000, 平均耗時=7.4ms, 最大耗時=51.7ms, 指令數=515
2025-07-20 01:37:16 [INFO] GripperOptimized:fast_loop:484 - 性能統計: 循環=1727000, 平均耗時=7.4ms, 最大耗時=51.7ms, 指令數=515
2025-07-20 01:37:37 [INFO] GripperOptimized:fast_loop:484 - 性能統計: 循環=1728000, 平均耗時=7.4ms, 最大耗時=51.7ms, 指令數=515
2025-07-20 01:37:57 [INFO] GripperOptimized:fast_loop:484 - 性能統計: 循環=1729000, 平均耗時=7.6ms, 最大耗時=51.7ms, 指令數=515
2025-07-20 01:38:18 [INFO] GripperOptimized:fast_loop:484 - 性能統計: 循環=1730000, 平均耗時=7.6ms, 最大耗時=51.7ms, 指令數=515
2025-07-20 01:38:39 [INFO] GripperOptimized:fast_loop:484 - 性能統計: 循環=1731000, 平均耗時=7.5ms, 最大耗時=51.7ms, 指令數=515
2025-07-20 01:38:59 [INFO] GripperOptimized:fast_loop:484 - 性能統計: 循環=1732000, 平均耗時=7.6ms, 最大耗時=51.7ms, 指令數=515
2025-07-20 01:39:20 [INFO] GripperOptimized:fast_loop:484 - 性能統計: 循環=1733000, 平均耗時=7.6ms, 最大耗時=51.7ms, 指令數=515
2025-07-20 01:39:41 [INFO] GripperOptimized:fast_loop:484 - 性能統計: 循環=1734000, 平均耗時=7.5ms, 最大耗時=51.7ms, 指令數=515
2025-07-20 01:40:01 [INFO] GripperOptimized:fast_loop:484 - 性能統計: 循環=1735000, 平均耗時=7.4ms, 最大耗時=51.7ms, 指令數=515
2025-07-20 01:40:22 [INFO] GripperOptimized:fast_loop:484 - 性能統計: 循環=1736000, 平均耗時=7.7ms, 最大耗時=51.7ms, 指令數=515
2025-07-20 01:40:42 [INFO] GripperOptimized:fast_loop:484 - 性能統計: 循環=1737000, 平均耗時=7.3ms, 最大耗時=51.7ms, 指令數=515
2025-07-20 01:41:03 [INFO] GripperOptimized:fast_loop:484 - 性能統計: 循環=1738000, 平均耗時=7.6ms, 最大耗時=51.7ms, 指令數=515
2025-07-20 01:41:24 [INFO] GripperOptimized:fast_loop:484 - 性能統計: 循環=1739000, 平均耗時=7.6ms, 最大耗時=51.7ms, 指令數=515
2025-07-20 01:41:44 [INFO] GripperOptimized:fast_loop:484 - 性能統計: 循環=1740000, 平均耗時=7.6ms, 最大耗時=51.7ms, 指令數=515
2025-07-20 01:42:05 [INFO] GripperOptimized:fast_loop:484 - 性能統計: 循環=1741000, 平均耗時=7.4ms, 最大耗時=51.7ms, 指令數=515
2025-07-20 01:42:26 [INFO] GripperOptimized:fast_loop:484 - 性能統計: 循環=1742000, 平均耗時=7.6ms, 最大耗時=51.7ms, 指令數=515
2025-07-20 01:42:46 [INFO] GripperOptimized:fast_loop:484 - 性能統計: 循環=1743000, 平均耗時=7.4ms, 最大耗時=51.7ms, 指令數=515
2025-07-20 01:43:07 [INFO] GripperOptimized:fast_loop:484 - 性能統計: 循環=1744000, 平均耗時=7.6ms, 最大耗時=51.7ms, 指令數=515
2025-07-20 01:43:28 [INFO] GripperOptimized:fast_loop:484 - 性能統計: 循環=1745000, 平均耗時=7.6ms, 最大耗時=51.7ms, 指令數=515
2025-07-20 01:43:48 [INFO] GripperOptimized:fast_loop:484 - 性能統計: 循環=1746000, 平均耗時=7.5ms, 最大耗時=51.7ms, 指令數=515
2025-07-20 01:44:09 [INFO] GripperOptimized:fast_loop:484 - 性能統計: 循環=1747000, 平均耗時=7.5ms, 最大耗時=51.7ms, 指令數=515
2025-07-20 01:44:29 [INFO] GripperOptimized:fast_loop:484 - 性能統計: 循環=1748000, 平均耗時=7.7ms, 最大耗時=51.7ms, 指令數=515
2025-07-20 01:44:50 [INFO] GripperOptimized:fast_loop:484 - 性能統計: 循環=1749000, 平均耗時=7.0ms, 最大耗時=51.7ms, 指令數=515
2025-07-20 01:45:11 [INFO] GripperOptimized:fast_loop:484 - 性能統計: 循環=1750000, 平均耗時=7.5ms, 最大耗時=51.7ms, 指令數=515
2025-07-20 01:45:31 [INFO] GripperOptimized:fast_loop:484 - 性能統計: 循環=1751000, 平均耗時=7.4ms, 最大耗時=51.7ms, 指令數=515
2025-07-20 01:45:52 [INFO] GripperOptimized:fast_loop:484 - 性能統計: 循環=1752000, 平均耗時=7.5ms, 最大耗時=51.7ms, 指令數=515
2025-07-20 01:46:13 [INFO] GripperOptimized:fast_loop:484 - 性能統計: 循環=1753000, 平均耗時=7.6ms, 最大耗時=51.7ms, 指令數=515
2025-07-20 01:46:33 [INFO] GripperOptimized:fast_loop:484 - 性能統計: 循環=1754000, 平均耗時=7.5ms, 最大耗時=51.7ms, 指令數=515
2025-07-20 01:46:54 [INFO] GripperOptimized:fast_loop:484 - 性能統計: 循環=1755000, 平均耗時=7.5ms, 最大耗時=51.7ms, 指令數=515
2025-07-20 01:47:15 [INFO] GripperOptimized:fast_loop:484 - 性能統計: 循環=1756000, 平均耗時=7.6ms, 最大耗時=51.7ms, 指令數=515
2025-07-20 01:47:35 [INFO] GripperOptimized:fast_loop:484 - 性能統計: 循環=1757000, 平均耗時=7.6ms, 最大耗時=51.7ms, 指令數=515
2025-07-20 01:47:56 [INFO] GripperOptimized:fast_loop:484 - 性能統計: 循環=1758000, 平均耗時=7.5ms, 最大耗時=51.7ms, 指令數=515
2025-07-20 01:48:16 [INFO] GripperOptimized:fast_loop:484 - 性能統計: 循環=1759000, 平均耗時=7.3ms, 最大耗時=51.7ms, 指令數=515
2025-07-20 01:48:37 [INFO] GripperOptimized:fast_loop:484 - 性能統計: 循環=1760000, 平均耗時=7.3ms, 最大耗時=51.7ms, 指令數=515
2025-07-20 01:48:58 [INFO] GripperOptimized:fast_loop:484 - 性能統計: 循環=1761000, 平均耗時=7.3ms, 最大耗時=51.7ms, 指令數=515
2025-07-20 01:49:18 [INFO] GripperOptimized:fast_loop:484 - 性能統計: 循環=1762000, 平均耗時=7.4ms, 最大耗時=51.7ms, 指令數=515
2025-07-20 01:49:39 [INFO] GripperOptimized:fast_loop:484 - 性能統計: 循環=1763000, 平均耗時=7.6ms, 最大耗時=51.7ms, 指令數=515
2025-07-20 01:50:00 [INFO] GripperOptimized:fast_loop:484 - 性能統計: 循環=1764000, 平均耗時=7.6ms, 最大耗時=51.7ms, 指令數=515
2025-07-20 01:50:20 [INFO] GripperOptimized:fast_loop:484 - 性能統計: 循環=1765000, 平均耗時=7.7ms, 最大耗時=51.7ms, 指令數=515
2025-07-20 01:50:41 [INFO] GripperOptimized:fast_loop:484 - 性能統計: 循環=1766000, 平均耗時=7.4ms, 最大耗時=51.7ms, 指令數=515
2025-07-20 01:51:01 [INFO] GripperOptimized:fast_loop:484 - 性能統計: 循環=1767000, 平均耗時=7.5ms, 最大耗時=51.7ms, 指令數=515
2025-07-20 01:51:22 [INFO] GripperOptimized:fast_loop:484 - 性能統計: 循環=1768000, 平均耗時=7.4ms, 最大耗時=51.7ms, 指令數=515
2025-07-20 01:51:43 [INFO] GripperOptimized:fast_loop:484 - 性能統計: 循環=1769000, 平均耗時=7.5ms, 最大耗時=51.7ms, 指令數=515
2025-07-20 01:52:03 [INFO] GripperOptimized:fast_loop:484 - 性能統計: 循環=1770000, 平均耗時=7.5ms, 最大耗時=51.7ms, 指令數=515
2025-07-20 01:52:24 [INFO] GripperOptimized:fast_loop:484 - 性能統計: 循環=1771000, 平均耗時=7.6ms, 最大耗時=51.7ms, 指令數=515
2025-07-20 01:52:45 [INFO] GripperOptimized:fast_loop:484 - 性能統計: 循環=1772000, 平均耗時=7.5ms, 最大耗時=51.7ms, 指令數=515
2025-07-20 01:53:05 [INFO] GripperOptimized:fast_loop:484 - 性能統計: 循環=1773000, 平均耗時=7.4ms, 最大耗時=51.7ms, 指令數=515
2025-07-20 01:53:26 [INFO] GripperOptimized:fast_loop:484 - 性能統計: 循環=1774000, 平均耗時=7.4ms, 最大耗時=51.7ms, 指令數=515
2025-07-20 01:53:47 [INFO] GripperOptimized:fast_loop:484 - 性能統計: 循環=1775000, 平均耗時=7.5ms, 最大耗時=51.7ms, 指令數=515
2025-07-20 01:54:07 [INFO] GripperOptimized:fast_loop:484 - 性能統計: 循環=1776000, 平均耗時=7.6ms, 最大耗時=51.7ms, 指令數=515
2025-07-20 01:54:28 [INFO] GripperOptimized:fast_loop:484 - 性能統計: 循環=1777000, 平均耗時=7.4ms, 最大耗時=51.7ms, 指令數=515
2025-07-20 01:54:48 [INFO] GripperOptimized:fast_loop:484 - 性能統計: 循環=1778000, 平均耗時=7.6ms, 最大耗時=51.7ms, 指令數=515
2025-07-20 01:55:09 [INFO] GripperOptimized:fast_loop:484 - 性能統計: 循環=1779000, 平均耗時=7.6ms, 最大耗時=51.7ms, 指令數=515
2025-07-20 01:55:30 [INFO] GripperOptimized:fast_loop:484 - 性能統計: 循環=1780000, 平均耗時=7.8ms, 最大耗時=51.7ms, 指令數=515
2025-07-20 01:55:50 [INFO] GripperOptimized:fast_loop:484 - 性能統計: 循環=1781000, 平均耗時=7.3ms, 最大耗時=51.7ms, 指令數=515
2025-07-20 01:56:11 [INFO] GripperOptimized:fast_loop:484 - 性能統計: 循環=1782000, 平均耗時=7.8ms, 最大耗時=51.7ms, 指令數=515
2025-07-20 01:56:32 [INFO] GripperOptimized:fast_loop:484 - 性能統計: 循環=1783000, 平均耗時=7.5ms, 最大耗時=51.7ms, 指令數=515
2025-07-20 01:56:52 [INFO] GripperOptimized:fast_loop:484 - 性能統計: 循環=1784000, 平均耗時=7.6ms, 最大耗時=51.7ms, 指令數=515
2025-07-20 01:57:13 [INFO] GripperOptimized:fast_loop:484 - 性能統計: 循環=1785000, 平均耗時=7.4ms, 最大耗時=51.7ms, 指令數=515
2025-07-20 01:57:34 [INFO] GripperOptimized:fast_loop:484 - 性能統計: 循環=1786000, 平均耗時=7.6ms, 最大耗時=51.7ms, 指令數=515
2025-07-20 01:57:54 [INFO] GripperOptimized:fast_loop:484 - 性能統計: 循環=1787000, 平均耗時=7.4ms, 最大耗時=51.7ms, 指令數=515
2025-07-20 01:58:15 [INFO] GripperOptimized:fast_loop:484 - 性能統計: 循環=1788000, 平均耗時=7.4ms, 最大耗時=51.7ms, 指令數=515
2025-07-20 01:58:35 [INFO] GripperOptimized:fast_loop:484 - 性能統計: 循環=1789000, 平均耗時=7.4ms, 最大耗時=51.7ms, 指令數=515
2025-07-20 01:58:56 [INFO] GripperOptimized:fast_loop:484 - 性能統計: 循環=1790000, 平均耗時=7.5ms, 最大耗時=51.7ms, 指令數=515
2025-07-20 01:59:17 [INFO] GripperOptimized:fast_loop:484 - 性能統計: 循環=1791000, 平均耗時=7.6ms, 最大耗時=51.7ms, 指令數=515
2025-07-20 01:59:37 [INFO] GripperOptimized:fast_loop:484 - 性能統計: 循環=1792000, 平均耗時=7.4ms, 最大耗時=51.7ms, 指令數=515
2025-07-20 01:59:58 [INFO] GripperOptimized:fast_loop:484 - 性能統計: 循環=1793000, 平均耗時=7.5ms, 最大耗時=51.7ms, 指令數=515
2025-07-20 02:00:19 [INFO] GripperOptimized:fast_loop:484 - 性能統計: 循環=1794000, 平均耗時=7.4ms, 最大耗時=51.7ms, 指令數=515
2025-07-20 02:00:39 [INFO] GripperOptimized:fast_loop:484 - 性能統計: 循環=1795000, 平均耗時=7.3ms, 最大耗時=51.7ms, 指令數=515
2025-07-20 02:01:00 [INFO] GripperOptimized:fast_loop:484 - 性能統計: 循環=1796000, 平均耗時=7.4ms, 最大耗時=51.7ms, 指令數=515
2025-07-20 02:01:20 [INFO] GripperOptimized:fast_loop:484 - 性能統計: 循環=1797000, 平均耗時=7.5ms, 最大耗時=51.7ms, 指令數=515
2025-07-20 02:01:41 [INFO] GripperOptimized:fast_loop:484 - 性能統計: 循環=1798000, 平均耗時=7.5ms, 最大耗時=51.7ms, 指令數=515
2025-07-20 02:02:02 [INFO] GripperOptimized:fast_loop:484 - 性能統計: 循環=1799000, 平均耗時=7.6ms, 最大耗時=51.7ms, 指令數=515
2025-07-20 02:02:22 [INFO] GripperOptimized:fast_loop:484 - 性能統計: 循環=1800000, 平均耗時=7.8ms, 最大耗時=51.7ms, 指令數=515
2025-07-20 02:02:43 [INFO] GripperOptimized:fast_loop:484 - 性能統計: 循環=1801000, 平均耗時=7.5ms, 最大耗時=51.7ms, 指令數=515
2025-07-20 02:03:04 [INFO] GripperOptimized:fast_loop:484 - 性能統計: 循環=1802000, 平均耗時=7.7ms, 最大耗時=51.7ms, 指令數=515
2025-07-20 02:03:24 [INFO] GripperOptimized:fast_loop:484 - 性能統計: 循環=1803000, 平均耗時=7.7ms, 最大耗時=51.7ms, 指令數=515
2025-07-20 02:03:45 [INFO] GripperOptimized:fast_loop:484 - 性能統計: 循環=1804000, 平均耗時=7.7ms, 最大耗時=51.7ms, 指令數=515
2025-07-20 02:04:05 [INFO] GripperOptimized:fast_loop:484 - 性能統計: 循環=1805000, 平均耗時=7.4ms, 最大耗時=51.7ms, 指令數=515
2025-07-20 02:04:26 [INFO] GripperOptimized:fast_loop:484 - 性能統計: 循環=1806000, 平均耗時=7.4ms, 最大耗時=51.7ms, 指令數=515
2025-07-20 02:04:47 [INFO] GripperOptimized:fast_loop:484 - 性能統計: 循環=1807000, 平均耗時=7.5ms, 最大耗時=51.7ms, 指令數=515
2025-07-20 02:05:07 [INFO] GripperOptimized:fast_loop:484 - 性能統計: 循環=1808000, 平均耗時=7.4ms, 最大耗時=51.7ms, 指令數=515
2025-07-20 02:05:28 [INFO] GripperOptimized:fast_loop:484 - 性能統計: 循環=1809000, 平均耗時=7.5ms, 最大耗時=51.7ms, 指令數=515
2025-07-20 02:05:49 [INFO] GripperOptimized:fast_loop:484 - 性能統計: 循環=1810000, 平均耗時=7.5ms, 最大耗時=51.7ms, 指令數=515
2025-07-20 02:06:09 [INFO] GripperOptimized:fast_loop:484 - 性能統計: 循環=1811000, 平均耗時=7.5ms, 最大耗時=51.7ms, 指令數=515
2025-07-20 02:06:30 [INFO] GripperOptimized:fast_loop:484 - 性能統計: 循環=1812000, 平均耗時=7.6ms, 最大耗時=51.7ms, 指令數=515
2025-07-20 02:06:51 [INFO] GripperOptimized:fast_loop:484 - 性能統計: 循環=1813000, 平均耗時=7.5ms, 最大耗時=51.7ms, 指令數=515
2025-07-20 02:07:11 [INFO] GripperOptimized:fast_loop:484 - 性能統計: 循環=1814000, 平均耗時=7.5ms, 最大耗時=51.7ms, 指令數=515
2025-07-20 02:07:32 [INFO] GripperOptimized:fast_loop:484 - 性能統計: 循環=1815000, 平均耗時=7.8ms, 最大耗時=51.7ms, 指令數=515
2025-07-20 02:07:52 [INFO] GripperOptimized:fast_loop:484 - 性能統計: 循環=1816000, 平均耗時=7.6ms, 最大耗時=51.7ms, 指令數=515
2025-07-20 02:08:13 [INFO] GripperOptimized:fast_loop:484 - 性能統計: 循環=1817000, 平均耗時=7.6ms, 最大耗時=51.7ms, 指令數=515
2025-07-20 02:08:34 [INFO] GripperOptimized:fast_loop:484 - 性能統計: 循環=1818000, 平均耗時=7.5ms, 最大耗時=51.7ms, 指令數=515
2025-07-20 02:08:54 [INFO] GripperOptimized:fast_loop:484 - 性能統計: 循環=1819000, 平均耗時=7.6ms, 最大耗時=51.7ms, 指令數=515
2025-07-20 02:09:15 [INFO] GripperOptimized:fast_loop:484 - 性能統計: 循環=1820000, 平均耗時=7.7ms, 最大耗時=51.7ms, 指令數=515
2025-07-20 02:09:36 [INFO] GripperOptimized:fast_loop:484 - 性能統計: 循環=1821000, 平均耗時=7.5ms, 最大耗時=51.7ms, 指令數=515
2025-07-20 02:09:56 [INFO] GripperOptimized:fast_loop:484 - 性能統計: 循環=1822000, 平均耗時=7.4ms, 最大耗時=51.7ms, 指令數=515
2025-07-20 02:10:17 [INFO] GripperOptimized:fast_loop:484 - 性能統計: 循環=1823000, 平均耗時=7.5ms, 最大耗時=51.7ms, 指令數=515
2025-07-20 02:10:38 [INFO] GripperOptimized:fast_loop:484 - 性能統計: 循環=1824000, 平均耗時=7.7ms, 最大耗時=51.7ms, 指令數=515
2025-07-20 02:10:58 [INFO] GripperOptimized:fast_loop:484 - 性能統計: 循環=1825000, 平均耗時=7.6ms, 最大耗時=51.7ms, 指令數=515
2025-07-20 02:11:19 [INFO] GripperOptimized:fast_loop:484 - 性能統計: 循環=1826000, 平均耗時=7.4ms, 最大耗時=51.7ms, 指令數=515
2025-07-20 02:11:39 [INFO] GripperOptimized:fast_loop:484 - 性能統計: 循環=1827000, 平均耗時=7.4ms, 最大耗時=51.7ms, 指令數=515
2025-07-20 02:12:00 [INFO] GripperOptimized:fast_loop:484 - 性能統計: 循環=1828000, 平均耗時=7.6ms, 最大耗時=51.7ms, 指令數=515
2025-07-20 02:12:21 [INFO] GripperOptimized:fast_loop:484 - 性能統計: 循環=1829000, 平均耗時=7.3ms, 最大耗時=51.7ms, 指令數=515
2025-07-20 02:12:41 [INFO] GripperOptimized:fast_loop:484 - 性能統計: 循環=1830000, 平均耗時=7.6ms, 最大耗時=51.7ms, 指令數=515
2025-07-20 02:13:02 [INFO] GripperOptimized:fast_loop:484 - 性能統計: 循環=1831000, 平均耗時=7.4ms, 最大耗時=51.7ms, 指令數=515
2025-07-20 02:13:23 [INFO] GripperOptimized:fast_loop:484 - 性能統計: 循環=1832000, 平均耗時=7.4ms, 最大耗時=51.7ms, 指令數=515
2025-07-20 02:13:43 [INFO] GripperOptimized:fast_loop:484 - 性能統計: 循環=1833000, 平均耗時=7.2ms, 最大耗時=51.7ms, 指令數=515
2025-07-20 02:14:04 [INFO] GripperOptimized:fast_loop:484 - 性能統計: 循環=1834000, 平均耗時=7.8ms, 最大耗時=51.7ms, 指令數=515
2025-07-20 02:14:24 [INFO] GripperOptimized:fast_loop:484 - 性能統計: 循環=1835000, 平均耗時=7.4ms, 最大耗時=51.7ms, 指令數=515
2025-07-20 02:14:45 [INFO] GripperOptimized:fast_loop:484 - 性能統計: 循環=1836000, 平均耗時=7.5ms, 最大耗時=51.7ms, 指令數=515
2025-07-20 02:15:06 [INFO] GripperOptimized:fast_loop:484 - 性能統計: 循環=1837000, 平均耗時=7.5ms, 最大耗時=51.7ms, 指令數=515
2025-07-20 02:15:26 [INFO] GripperOptimized:fast_loop:484 - 性能統計: 循環=1838000, 平均耗時=7.5ms, 最大耗時=51.7ms, 指令數=515
2025-07-20 02:15:47 [INFO] GripperOptimized:fast_loop:484 - 性能統計: 循環=1839000, 平均耗時=7.5ms, 最大耗時=51.7ms, 指令數=515
2025-07-20 02:16:08 [INFO] GripperOptimized:fast_loop:484 - 性能統計: 循環=1840000, 平均耗時=7.4ms, 最大耗時=51.7ms, 指令數=515
2025-07-20 02:16:28 [INFO] GripperOptimized:fast_loop:484 - 性能統計: 循環=1841000, 平均耗時=7.6ms, 最大耗時=51.7ms, 指令數=515
2025-07-20 02:16:49 [INFO] GripperOptimized:fast_loop:484 - 性能統計: 循環=1842000, 平均耗時=7.6ms, 最大耗時=51.7ms, 指令數=515
2025-07-20 02:17:10 [INFO] GripperOptimized:fast_loop:484 - 性能統計: 循環=1843000, 平均耗時=7.6ms, 最大耗時=51.7ms, 指令數=515
2025-07-20 02:17:30 [INFO] GripperOptimized:fast_loop:484 - 性能統計: 循環=1844000, 平均耗時=7.5ms, 最大耗時=51.7ms, 指令數=515
2025-07-20 02:17:51 [INFO] GripperOptimized:fast_loop:484 - 性能統計: 循環=1845000, 平均耗時=7.3ms, 最大耗時=51.7ms, 指令數=515
2025-07-20 02:18:11 [INFO] GripperOptimized:fast_loop:484 - 性能統計: 循環=1846000, 平均耗時=7.4ms, 最大耗時=51.7ms, 指令數=515
2025-07-20 02:18:32 [INFO] GripperOptimized:fast_loop:484 - 性能統計: 循環=1847000, 平均耗時=7.4ms, 最大耗時=51.7ms, 指令數=515
2025-07-20 02:18:53 [INFO] GripperOptimized:fast_loop:484 - 性能統計: 循環=1848000, 平均耗時=7.6ms, 最大耗時=51.7ms, 指令數=515
2025-07-20 02:19:13 [INFO] GripperOptimized:fast_loop:484 - 性能統計: 循環=1849000, 平均耗時=7.4ms, 最大耗時=51.7ms, 指令數=515
2025-07-20 02:19:34 [INFO] GripperOptimized:fast_loop:484 - 性能統計: 循環=1850000, 平均耗時=7.5ms, 最大耗時=51.7ms, 指令數=515
2025-07-20 02:19:55 [INFO] GripperOptimized:fast_loop:484 - 性能統計: 循環=1851000, 平均耗時=7.6ms, 最大耗時=51.7ms, 指令數=515
2025-07-20 02:20:15 [INFO] GripperOptimized:fast_loop:484 - 性能統計: 循環=1852000, 平均耗時=7.4ms, 最大耗時=51.7ms, 指令數=515
2025-07-20 02:20:36 [INFO] GripperOptimized:fast_loop:484 - 性能統計: 循環=1853000, 平均耗時=7.6ms, 最大耗時=51.7ms, 指令數=515
2025-07-20 02:20:56 [INFO] GripperOptimized:fast_loop:484 - 性能統計: 循環=1854000, 平均耗時=7.5ms, 最大耗時=51.7ms, 指令數=515
2025-07-20 02:21:17 [INFO] GripperOptimized:fast_loop:484 - 性能統計: 循環=1855000, 平均耗時=7.5ms, 最大耗時=51.7ms, 指令數=515
2025-07-20 02:21:38 [INFO] GripperOptimized:fast_loop:484 - 性能統計: 循環=1856000, 平均耗時=7.4ms, 最大耗時=51.7ms, 指令數=515
2025-07-20 02:21:58 [INFO] GripperOptimized:fast_loop:484 - 性能統計: 循環=1857000, 平均耗時=7.5ms, 最大耗時=51.7ms, 指令數=515
2025-07-20 02:22:19 [INFO] GripperOptimized:fast_loop:484 - 性能統計: 循環=1858000, 平均耗時=7.5ms, 最大耗時=51.7ms, 指令數=515
2025-07-20 02:22:40 [INFO] GripperOptimized:fast_loop:484 - 性能統計: 循環=1859000, 平均耗時=7.4ms, 最大耗時=51.7ms, 指令數=515
2025-07-20 02:23:00 [INFO] GripperOptimized:fast_loop:484 - 性能統計: 循環=1860000, 平均耗時=7.6ms, 最大耗時=51.7ms, 指令數=515
2025-07-20 02:23:21 [INFO] GripperOptimized:fast_loop:484 - 性能統計: 循環=1861000, 平均耗時=7.4ms, 最大耗時=51.7ms, 指令數=515
2025-07-20 02:23:42 [INFO] GripperOptimized:fast_loop:484 - 性能統計: 循環=1862000, 平均耗時=7.1ms, 最大耗時=51.7ms, 指令數=515
2025-07-20 02:24:02 [INFO] GripperOptimized:fast_loop:484 - 性能統計: 循環=1863000, 平均耗時=7.6ms, 最大耗時=51.7ms, 指令數=515
2025-07-20 02:24:23 [INFO] GripperOptimized:fast_loop:484 - 性能統計: 循環=1864000, 平均耗時=7.4ms, 最大耗時=51.7ms, 指令數=515
2025-07-20 02:24:44 [INFO] GripperOptimized:fast_loop:484 - 性能統計: 循環=1865000, 平均耗時=7.5ms, 最大耗時=51.7ms, 指令數=515
2025-07-20 02:25:04 [INFO] GripperOptimized:fast_loop:484 - 性能統計: 循環=1866000, 平均耗時=7.7ms, 最大耗時=51.7ms, 指令數=515
2025-07-20 02:25:25 [INFO] GripperOptimized:fast_loop:484 - 性能統計: 循環=1867000, 平均耗時=7.4ms, 最大耗時=51.7ms, 指令數=515
2025-07-20 02:25:45 [INFO] GripperOptimized:fast_loop:484 - 性能統計: 循環=1868000, 平均耗時=7.5ms, 最大耗時=51.7ms, 指令數=515
2025-07-20 02:26:06 [INFO] GripperOptimized:fast_loop:484 - 性能統計: 循環=1869000, 平均耗時=7.6ms, 最大耗時=51.7ms, 指令數=515
2025-07-20 02:26:27 [INFO] GripperOptimized:fast_loop:484 - 性能統計: 循環=1870000, 平均耗時=7.3ms, 最大耗時=51.7ms, 指令數=515
2025-07-20 02:26:47 [INFO] GripperOptimized:fast_loop:484 - 性能統計: 循環=1871000, 平均耗時=7.6ms, 最大耗時=51.7ms, 指令數=515
2025-07-20 02:27:08 [INFO] GripperOptimized:fast_loop:484 - 性能統計: 循環=1872000, 平均耗時=7.5ms, 最大耗時=51.7ms, 指令數=515
2025-07-20 02:27:29 [INFO] GripperOptimized:fast_loop:484 - 性能統計: 循環=1873000, 平均耗時=7.7ms, 最大耗時=51.7ms, 指令數=515
2025-07-20 02:27:49 [INFO] GripperOptimized:fast_loop:484 - 性能統計: 循環=1874000, 平均耗時=7.6ms, 最大耗時=51.7ms, 指令數=515
2025-07-20 02:28:10 [INFO] GripperOptimized:fast_loop:484 - 性能統計: 循環=1875000, 平均耗時=7.3ms, 最大耗時=51.7ms, 指令數=515
2025-07-20 02:28:30 [INFO] GripperOptimized:fast_loop:484 - 性能統計: 循環=1876000, 平均耗時=7.3ms, 最大耗時=51.7ms, 指令數=515
2025-07-20 02:28:51 [INFO] GripperOptimized:fast_loop:484 - 性能統計: 循環=1877000, 平均耗時=7.7ms, 最大耗時=51.7ms, 指令數=515
2025-07-20 02:29:12 [INFO] GripperOptimized:fast_loop:484 - 性能統計: 循環=1878000, 平均耗時=7.6ms, 最大耗時=51.7ms, 指令數=515
2025-07-20 02:29:32 [INFO] GripperOptimized:fast_loop:484 - 性能統計: 循環=1879000, 平均耗時=7.5ms, 最大耗時=51.7ms, 指令數=515
2025-07-20 02:29:53 [INFO] GripperOptimized:fast_loop:484 - 性能統計: 循環=1880000, 平均耗時=7.6ms, 最大耗時=51.7ms, 指令數=515
2025-07-20 02:30:14 [INFO] GripperOptimized:fast_loop:484 - 性能統計: 循環=1881000, 平均耗時=7.3ms, 最大耗時=51.7ms, 指令數=515
2025-07-20 02:30:34 [INFO] GripperOptimized:fast_loop:484 - 性能統計: 循環=1882000, 平均耗時=7.3ms, 最大耗時=51.7ms, 指令數=515
2025-07-20 02:30:55 [INFO] GripperOptimized:fast_loop:484 - 性能統計: 循環=1883000, 平均耗時=7.4ms, 最大耗時=51.7ms, 指令數=515
2025-07-20 02:31:16 [INFO] GripperOptimized:fast_loop:484 - 性能統計: 循環=1884000, 平均耗時=7.4ms, 最大耗時=51.7ms, 指令數=515
2025-07-20 02:31:36 [INFO] GripperOptimized:fast_loop:484 - 性能統計: 循環=1885000, 平均耗時=7.5ms, 最大耗時=51.7ms, 指令數=515
2025-07-20 02:31:57 [INFO] GripperOptimized:fast_loop:484 - 性能統計: 循環=1886000, 平均耗時=7.4ms, 最大耗時=51.7ms, 指令數=515
2025-07-20 02:32:17 [INFO] GripperOptimized:fast_loop:484 - 性能統計: 循環=1887000, 平均耗時=7.6ms, 最大耗時=51.7ms, 指令數=515
2025-07-20 02:32:38 [INFO] GripperOptimized:fast_loop:484 - 性能統計: 循環=1888000, 平均耗時=7.5ms, 最大耗時=51.7ms, 指令數=515
2025-07-20 02:32:59 [INFO] GripperOptimized:fast_loop:484 - 性能統計: 循環=1889000, 平均耗時=7.6ms, 最大耗時=51.7ms, 指令數=515
2025-07-20 02:33:19 [INFO] GripperOptimized:fast_loop:484 - 性能統計: 循環=1890000, 平均耗時=7.7ms, 最大耗時=51.7ms, 指令數=515
2025-07-20 02:33:40 [INFO] GripperOptimized:fast_loop:484 - 性能統計: 循環=1891000, 平均耗時=7.7ms, 最大耗時=51.7ms, 指令數=515
2025-07-20 02:34:01 [INFO] GripperOptimized:fast_loop:484 - 性能統計: 循環=1892000, 平均耗時=7.3ms, 最大耗時=51.7ms, 指令數=515
2025-07-20 02:34:21 [INFO] GripperOptimized:fast_loop:484 - 性能統計: 循環=1893000, 平均耗時=7.6ms, 最大耗時=51.7ms, 指令數=515
2025-07-20 02:34:42 [INFO] GripperOptimized:fast_loop:484 - 性能統計: 循環=1894000, 平均耗時=7.4ms, 最大耗時=51.7ms, 指令數=515
2025-07-20 02:35:02 [INFO] GripperOptimized:fast_loop:484 - 性能統計: 循環=1895000, 平均耗時=7.4ms, 最大耗時=51.7ms, 指令數=515
2025-07-20 02:35:23 [INFO] GripperOptimized:fast_loop:484 - 性能統計: 循環=1896000, 平均耗時=7.7ms, 最大耗時=51.7ms, 指令數=515
2025-07-20 02:35:44 [INFO] GripperOptimized:fast_loop:484 - 性能統計: 循環=1897000, 平均耗時=7.6ms, 最大耗時=51.7ms, 指令數=515
2025-07-20 02:36:04 [INFO] GripperOptimized:fast_loop:484 - 性能統計: 循環=1898000, 平均耗時=7.5ms, 最大耗時=51.7ms, 指令數=515
2025-07-20 02:36:25 [INFO] GripperOptimized:fast_loop:484 - 性能統計: 循環=1899000, 平均耗時=7.4ms, 最大耗時=51.7ms, 指令數=515
2025-07-20 02:36:46 [INFO] GripperOptimized:fast_loop:484 - 性能統計: 循環=1900000, 平均耗時=7.3ms, 最大耗時=51.7ms, 指令數=515
2025-07-20 02:37:06 [INFO] GripperOptimized:fast_loop:484 - 性能統計: 循環=1901000, 平均耗時=7.3ms, 最大耗時=51.7ms, 指令數=515
2025-07-20 02:37:27 [INFO] GripperOptimized:fast_loop:484 - 性能統計: 循環=1902000, 平均耗時=7.4ms, 最大耗時=51.7ms, 指令數=515
2025-07-20 02:37:48 [INFO] GripperOptimized:fast_loop:484 - 性能統計: 循環=1903000, 平均耗時=7.6ms, 最大耗時=51.7ms, 指令數=515
2025-07-20 02:38:08 [INFO] GripperOptimized:fast_loop:484 - 性能統計: 循環=1904000, 平均耗時=7.5ms, 最大耗時=51.7ms, 指令數=515
2025-07-20 02:38:29 [INFO] GripperOptimized:fast_loop:484 - 性能統計: 循環=1905000, 平均耗時=7.8ms, 最大耗時=51.7ms, 指令數=515
2025-07-20 02:38:49 [INFO] GripperOptimized:fast_loop:484 - 性能統計: 循環=1906000, 平均耗時=7.5ms, 最大耗時=51.7ms, 指令數=515
2025-07-20 02:39:10 [INFO] GripperOptimized:fast_loop:484 - 性能統計: 循環=1907000, 平均耗時=7.5ms, 最大耗時=51.7ms, 指令數=515
2025-07-20 02:39:31 [INFO] GripperOptimized:fast_loop:484 - 性能統計: 循環=1908000, 平均耗時=7.7ms, 最大耗時=51.7ms, 指令數=515
2025-07-20 02:39:51 [INFO] GripperOptimized:fast_loop:484 - 性能統計: 循環=1909000, 平均耗時=7.4ms, 最大耗時=51.7ms, 指令數=515
2025-07-20 02:40:12 [INFO] GripperOptimized:fast_loop:484 - 性能統計: 循環=1910000, 平均耗時=7.5ms, 最大耗時=51.7ms, 指令數=515
2025-07-20 02:40:33 [INFO] GripperOptimized:fast_loop:484 - 性能統計: 循環=1911000, 平均耗時=7.5ms, 最大耗時=51.7ms, 指令數=515
2025-07-20 02:40:53 [INFO] GripperOptimized:fast_loop:484 - 性能統計: 循環=1912000, 平均耗時=7.1ms, 最大耗時=51.7ms, 指令數=515
2025-07-20 02:41:14 [INFO] GripperOptimized:fast_loop:484 - 性能統計: 循環=1913000, 平均耗時=7.5ms, 最大耗時=51.7ms, 指令數=515
2025-07-20 02:41:35 [INFO] GripperOptimized:fast_loop:484 - 性能統計: 循環=1914000, 平均耗時=7.5ms, 最大耗時=51.7ms, 指令數=515
2025-07-20 02:41:55 [INFO] GripperOptimized:fast_loop:484 - 性能統計: 循環=1915000, 平均耗時=7.3ms, 最大耗時=51.7ms, 指令數=515
2025-07-20 02:42:16 [INFO] GripperOptimized:fast_loop:484 - 性能統計: 循環=1916000, 平均耗時=7.5ms, 最大耗時=51.7ms, 指令數=515
2025-07-20 02:42:36 [INFO] GripperOptimized:fast_loop:484 - 性能統計: 循環=1917000, 平均耗時=7.6ms, 最大耗時=51.7ms, 指令數=515
2025-07-20 02:42:57 [INFO] GripperOptimized:fast_loop:484 - 性能統計: 循環=1918000, 平均耗時=7.6ms, 最大耗時=51.7ms, 指令數=515
2025-07-20 02:43:18 [INFO] GripperOptimized:fast_loop:484 - 性能統計: 循環=1919000, 平均耗時=7.6ms, 最大耗時=51.7ms, 指令數=515
2025-07-20 02:43:38 [INFO] GripperOptimized:fast_loop:484 - 性能統計: 循環=1920000, 平均耗時=7.5ms, 最大耗時=51.7ms, 指令數=515
2025-07-20 02:43:59 [INFO] GripperOptimized:fast_loop:484 - 性能統計: 循環=1921000, 平均耗時=7.5ms, 最大耗時=51.7ms, 指令數=515
2025-07-20 02:44:20 [INFO] GripperOptimized:fast_loop:484 - 性能統計: 循環=1922000, 平均耗時=7.6ms, 最大耗時=51.7ms, 指令數=515
2025-07-20 02:44:40 [INFO] GripperOptimized:fast_loop:484 - 性能統計: 循環=1923000, 平均耗時=7.4ms, 最大耗時=51.7ms, 指令數=515
2025-07-20 02:45:01 [INFO] GripperOptimized:fast_loop:484 - 性能統計: 循環=1924000, 平均耗時=7.6ms, 最大耗時=51.7ms, 指令數=515
2025-07-20 02:45:22 [INFO] GripperOptimized:fast_loop:484 - 性能統計: 循環=1925000, 平均耗時=7.4ms, 最大耗時=51.7ms, 指令數=515
2025-07-20 02:45:42 [INFO] GripperOptimized:fast_loop:484 - 性能統計: 循環=1926000, 平均耗時=7.5ms, 最大耗時=51.7ms, 指令數=515
2025-07-20 02:46:03 [INFO] GripperOptimized:fast_loop:484 - 性能統計: 循環=1927000, 平均耗時=7.4ms, 最大耗時=51.7ms, 指令數=515
2025-07-20 02:46:23 [INFO] GripperOptimized:fast_loop:484 - 性能統計: 循環=1928000, 平均耗時=7.5ms, 最大耗時=51.7ms, 指令數=515
2025-07-20 02:46:44 [INFO] GripperOptimized:fast_loop:484 - 性能統計: 循環=1929000, 平均耗時=7.6ms, 最大耗時=51.7ms, 指令數=515
2025-07-20 02:47:05 [INFO] GripperOptimized:fast_loop:484 - 性能統計: 循環=1930000, 平均耗時=7.4ms, 最大耗時=51.7ms, 指令數=515
2025-07-20 02:47:25 [INFO] GripperOptimized:fast_loop:484 - 性能統計: 循環=1931000, 平均耗時=7.5ms, 最大耗時=51.7ms, 指令數=515
2025-07-20 02:47:46 [INFO] GripperOptimized:fast_loop:484 - 性能統計: 循環=1932000, 平均耗時=7.4ms, 最大耗時=51.7ms, 指令數=515
2025-07-20 02:48:07 [INFO] GripperOptimized:fast_loop:484 - 性能統計: 循環=1933000, 平均耗時=7.3ms, 最大耗時=51.7ms, 指令數=515
2025-07-20 02:48:27 [INFO] GripperOptimized:fast_loop:484 - 性能統計: 循環=1934000, 平均耗時=7.7ms, 最大耗時=51.7ms, 指令數=515
2025-07-20 02:48:48 [INFO] GripperOptimized:fast_loop:484 - 性能統計: 循環=1935000, 平均耗時=7.3ms, 最大耗時=51.7ms, 指令數=515
2025-07-20 02:49:09 [INFO] GripperOptimized:fast_loop:484 - 性能統計: 循環=1936000, 平均耗時=7.5ms, 最大耗時=51.7ms, 指令數=515
2025-07-20 02:49:29 [INFO] GripperOptimized:fast_loop:484 - 性能統計: 循環=1937000, 平均耗時=7.7ms, 最大耗時=51.7ms, 指令數=515
2025-07-20 02:49:50 [INFO] GripperOptimized:fast_loop:484 - 性能統計: 循環=1938000, 平均耗時=7.7ms, 最大耗時=51.7ms, 指令數=515
2025-07-20 02:50:10 [INFO] GripperOptimized:fast_loop:484 - 性能統計: 循環=1939000, 平均耗時=7.5ms, 最大耗時=51.7ms, 指令數=515
2025-07-20 02:50:31 [INFO] GripperOptimized:fast_loop:484 - 性能統計: 循環=1940000, 平均耗時=7.5ms, 最大耗時=51.7ms, 指令數=515
2025-07-20 02:50:52 [INFO] GripperOptimized:fast_loop:484 - 性能統計: 循環=1941000, 平均耗時=7.5ms, 最大耗時=51.7ms, 指令數=515
2025-07-20 02:51:12 [INFO] GripperOptimized:fast_loop:484 - 性能統計: 循環=1942000, 平均耗時=7.4ms, 最大耗時=51.7ms, 指令數=515
2025-07-20 02:51:33 [INFO] GripperOptimized:fast_loop:484 - 性能統計: 循環=1943000, 平均耗時=7.4ms, 最大耗時=51.7ms, 指令數=515
2025-07-20 02:51:54 [INFO] GripperOptimized:fast_loop:484 - 性能統計: 循環=1944000, 平均耗時=7.3ms, 最大耗時=51.7ms, 指令數=515
2025-07-20 02:52:14 [INFO] GripperOptimized:fast_loop:484 - 性能統計: 循環=1945000, 平均耗時=7.7ms, 最大耗時=51.7ms, 指令數=515
2025-07-20 02:52:35 [INFO] GripperOptimized:fast_loop:484 - 性能統計: 循環=1946000, 平均耗時=7.3ms, 最大耗時=51.7ms, 指令數=515
2025-07-20 02:52:56 [INFO] GripperOptimized:fast_loop:484 - 性能統計: 循環=1947000, 平均耗時=7.5ms, 最大耗時=51.7ms, 指令數=515
2025-07-20 02:53:16 [INFO] GripperOptimized:fast_loop:484 - 性能統計: 循環=1948000, 平均耗時=7.6ms, 最大耗時=51.7ms, 指令數=515
2025-07-20 02:53:37 [INFO] GripperOptimized:fast_loop:484 - 性能統計: 循環=1949000, 平均耗時=7.6ms, 最大耗時=51.7ms, 指令數=515
2025-07-20 02:53:57 [INFO] GripperOptimized:fast_loop:484 - 性能統計: 循環=1950000, 平均耗時=7.6ms, 最大耗時=51.7ms, 指令數=515
2025-07-20 02:54:18 [INFO] GripperOptimized:fast_loop:484 - 性能統計: 循環=1951000, 平均耗時=7.5ms, 最大耗時=51.7ms, 指令數=515
2025-07-20 02:54:39 [INFO] GripperOptimized:fast_loop:484 - 性能統計: 循環=1952000, 平均耗時=7.3ms, 最大耗時=51.7ms, 指令數=515
2025-07-20 02:54:59 [INFO] GripperOptimized:fast_loop:484 - 性能統計: 循環=1953000, 平均耗時=7.6ms, 最大耗時=51.7ms, 指令數=515
2025-07-20 02:55:20 [INFO] GripperOptimized:fast_loop:484 - 性能統計: 循環=1954000, 平均耗時=7.2ms, 最大耗時=51.7ms, 指令數=515
2025-07-20 02:55:41 [INFO] GripperOptimized:fast_loop:484 - 性能統計: 循環=1955000, 平均耗時=7.5ms, 最大耗時=51.7ms, 指令數=515
2025-07-20 02:56:01 [INFO] GripperOptimized:fast_loop:484 - 性能統計: 循環=1956000, 平均耗時=7.5ms, 最大耗時=51.7ms, 指令數=515
2025-07-20 02:56:22 [INFO] GripperOptimized:fast_loop:484 - 性能統計: 循環=1957000, 平均耗時=7.6ms, 最大耗時=51.7ms, 指令數=515
2025-07-20 02:56:42 [INFO] GripperOptimized:fast_loop:484 - 性能統計: 循環=1958000, 平均耗時=7.6ms, 最大耗時=51.7ms, 指令數=515
2025-07-20 02:57:03 [INFO] GripperOptimized:fast_loop:484 - 性能統計: 循環=1959000, 平均耗時=7.5ms, 最大耗時=51.7ms, 指令數=515
2025-07-20 02:57:24 [INFO] GripperOptimized:fast_loop:484 - 性能統計: 循環=1960000, 平均耗時=7.4ms, 最大耗時=51.7ms, 指令數=515
2025-07-20 02:57:44 [INFO] GripperOptimized:fast_loop:484 - 性能統計: 循環=1961000, 平均耗時=7.8ms, 最大耗時=51.7ms, 指令數=515
2025-07-20 02:58:05 [INFO] GripperOptimized:fast_loop:484 - 性能統計: 循環=1962000, 平均耗時=7.5ms, 最大耗時=51.7ms, 指令數=515
2025-07-20 02:58:26 [INFO] GripperOptimized:fast_loop:484 - 性能統計: 循環=1963000, 平均耗時=7.4ms, 最大耗時=51.7ms, 指令數=515
2025-07-20 02:58:46 [INFO] GripperOptimized:fast_loop:484 - 性能統計: 循環=1964000, 平均耗時=7.5ms, 最大耗時=51.7ms, 指令數=515
2025-07-20 02:59:07 [INFO] GripperOptimized:fast_loop:484 - 性能統計: 循環=1965000, 平均耗時=7.5ms, 最大耗時=51.7ms, 指令數=515
2025-07-20 02:59:27 [INFO] GripperOptimized:fast_loop:484 - 性能統計: 循環=1966000, 平均耗時=7.7ms, 最大耗時=51.7ms, 指令數=515
2025-07-20 02:59:48 [INFO] GripperOptimized:fast_loop:484 - 性能統計: 循環=1967000, 平均耗時=7.5ms, 最大耗時=51.7ms, 指令數=515
2025-07-20 03:00:09 [INFO] GripperOptimized:fast_loop:484 - 性能統計: 循環=1968000, 平均耗時=7.2ms, 最大耗時=51.7ms, 指令數=515
2025-07-20 03:00:29 [INFO] GripperOptimized:fast_loop:484 - 性能統計: 循環=1969000, 平均耗時=7.6ms, 最大耗時=51.7ms, 指令數=515
2025-07-20 03:00:50 [INFO] GripperOptimized:fast_loop:484 - 性能統計: 循環=1970000, 平均耗時=7.5ms, 最大耗時=51.7ms, 指令數=515
2025-07-20 03:01:11 [INFO] GripperOptimized:fast_loop:484 - 性能統計: 循環=1971000, 平均耗時=7.5ms, 最大耗時=51.7ms, 指令數=515
2025-07-20 03:01:31 [INFO] GripperOptimized:fast_loop:484 - 性能統計: 循環=1972000, 平均耗時=7.5ms, 最大耗時=51.7ms, 指令數=515
2025-07-20 03:01:52 [INFO] GripperOptimized:fast_loop:484 - 性能統計: 循環=1973000, 平均耗時=7.7ms, 最大耗時=51.7ms, 指令數=515
2025-07-20 03:02:13 [INFO] GripperOptimized:fast_loop:484 - 性能統計: 循環=1974000, 平均耗時=7.4ms, 最大耗時=51.7ms, 指令數=515
2025-07-20 03:02:33 [INFO] GripperOptimized:fast_loop:484 - 性能統計: 循環=1975000, 平均耗時=7.5ms, 最大耗時=51.7ms, 指令數=515
2025-07-20 03:02:54 [INFO] GripperOptimized:fast_loop:484 - 性能統計: 循環=1976000, 平均耗時=7.6ms, 最大耗時=51.7ms, 指令數=515
2025-07-20 03:03:14 [INFO] GripperOptimized:fast_loop:484 - 性能統計: 循環=1977000, 平均耗時=7.6ms, 最大耗時=51.7ms, 指令數=515
2025-07-20 03:03:35 [INFO] GripperOptimized:fast_loop:484 - 性能統計: 循環=1978000, 平均耗時=7.4ms, 最大耗時=51.7ms, 指令數=515
2025-07-20 03:03:56 [INFO] GripperOptimized:fast_loop:484 - 性能統計: 循環=1979000, 平均耗時=7.4ms, 最大耗時=51.7ms, 指令數=515
2025-07-20 03:04:16 [INFO] GripperOptimized:fast_loop:484 - 性能統計: 循環=1980000, 平均耗時=7.5ms, 最大耗時=51.7ms, 指令數=515
2025-07-20 03:04:37 [INFO] GripperOptimized:fast_loop:484 - 性能統計: 循環=1981000, 平均耗時=7.6ms, 最大耗時=51.7ms, 指令數=515
2025-07-20 03:04:58 [INFO] GripperOptimized:fast_loop:484 - 性能統計: 循環=1982000, 平均耗時=7.6ms, 最大耗時=51.7ms, 指令數=515
2025-07-20 03:05:18 [INFO] GripperOptimized:fast_loop:484 - 性能統計: 循環=1983000, 平均耗時=7.6ms, 最大耗時=51.7ms, 指令數=515
2025-07-20 03:05:39 [INFO] GripperOptimized:fast_loop:484 - 性能統計: 循環=1984000, 平均耗時=7.5ms, 最大耗時=51.7ms, 指令數=515
2025-07-20 03:06:00 [INFO] GripperOptimized:fast_loop:484 - 性能統計: 循環=1985000, 平均耗時=7.6ms, 最大耗時=51.7ms, 指令數=515
2025-07-20 03:06:20 [INFO] GripperOptimized:fast_loop:484 - 性能統計: 循環=1986000, 平均耗時=7.4ms, 最大耗時=51.7ms, 指令數=515
2025-07-20 03:06:41 [INFO] GripperOptimized:fast_loop:484 - 性能統計: 循環=1987000, 平均耗時=7.7ms, 最大耗時=51.7ms, 指令數=515
2025-07-20 03:07:01 [INFO] GripperOptimized:fast_loop:484 - 性能統計: 循環=1988000, 平均耗時=7.7ms, 最大耗時=51.7ms, 指令數=515
2025-07-20 03:07:22 [INFO] GripperOptimized:fast_loop:484 - 性能統計: 循環=1989000, 平均耗時=7.4ms, 最大耗時=51.7ms, 指令數=515
2025-07-20 03:07:43 [INFO] GripperOptimized:fast_loop:484 - 性能統計: 循環=1990000, 平均耗時=7.5ms, 最大耗時=51.7ms, 指令數=515
2025-07-20 03:08:03 [INFO] GripperOptimized:fast_loop:484 - 性能統計: 循環=1991000, 平均耗時=7.4ms, 最大耗時=51.7ms, 指令數=515
2025-07-20 03:08:24 [INFO] GripperOptimized:fast_loop:484 - 性能統計: 循環=1992000, 平均耗時=7.5ms, 最大耗時=51.7ms, 指令數=515
2025-07-20 03:08:45 [INFO] GripperOptimized:fast_loop:484 - 性能統計: 循環=1993000, 平均耗時=7.5ms, 最大耗時=51.7ms, 指令數=515
2025-07-20 03:09:05 [INFO] GripperOptimized:fast_loop:484 - 性能統計: 循環=1994000, 平均耗時=7.3ms, 最大耗時=51.7ms, 指令數=515
2025-07-20 03:09:26 [INFO] GripperOptimized:fast_loop:484 - 性能統計: 循環=1995000, 平均耗時=7.6ms, 最大耗時=51.7ms, 指令數=515
2025-07-20 03:09:46 [INFO] GripperOptimized:fast_loop:484 - 性能統計: 循環=1996000, 平均耗時=7.4ms, 最大耗時=51.7ms, 指令數=515
2025-07-20 03:10:07 [INFO] GripperOptimized:fast_loop:484 - 性能統計: 循環=1997000, 平均耗時=7.6ms, 最大耗時=51.7ms, 指令數=515
2025-07-20 03:10:28 [INFO] GripperOptimized:fast_loop:484 - 性能統計: 循環=1998000, 平均耗時=7.7ms, 最大耗時=51.7ms, 指令數=515
2025-07-20 03:10:48 [INFO] GripperOptimized:fast_loop:484 - 性能統計: 循環=1999000, 平均耗時=7.6ms, 最大耗時=51.7ms, 指令數=515
2025-07-20 03:11:09 [INFO] GripperOptimized:fast_loop:484 - 性能統計: 循環=2000000, 平均耗時=7.5ms, 最大耗時=51.7ms, 指令數=515
2025-07-20 03:11:30 [INFO] GripperOptimized:fast_loop:484 - 性能統計: 循環=2001000, 平均耗時=7.8ms, 最大耗時=51.7ms, 指令數=515
2025-07-20 03:11:50 [INFO] GripperOptimized:fast_loop:484 - 性能統計: 循環=2002000, 平均耗時=7.3ms, 最大耗時=51.7ms, 指令數=515
2025-07-20 03:12:11 [INFO] GripperOptimized:fast_loop:484 - 性能統計: 循環=2003000, 平均耗時=7.3ms, 最大耗時=51.7ms, 指令數=515
2025-07-20 03:12:31 [INFO] GripperOptimized:fast_loop:484 - 性能統計: 循環=2004000, 平均耗時=7.5ms, 最大耗時=51.7ms, 指令數=515
2025-07-20 03:12:52 [INFO] GripperOptimized:fast_loop:484 - 性能統計: 循環=2005000, 平均耗時=7.6ms, 最大耗時=51.7ms, 指令數=515
2025-07-20 03:13:13 [INFO] GripperOptimized:fast_loop:484 - 性能統計: 循環=2006000, 平均耗時=7.5ms, 最大耗時=51.7ms, 指令數=515
2025-07-20 03:13:33 [INFO] GripperOptimized:fast_loop:484 - 性能統計: 循環=2007000, 平均耗時=7.5ms, 最大耗時=51.7ms, 指令數=515
2025-07-20 03:13:54 [INFO] GripperOptimized:fast_loop:484 - 性能統計: 循環=2008000, 平均耗時=7.5ms, 最大耗時=51.7ms, 指令數=515
2025-07-20 03:14:15 [INFO] GripperOptimized:fast_loop:484 - 性能統計: 循環=2009000, 平均耗時=7.5ms, 最大耗時=51.7ms, 指令數=515
2025-07-20 03:14:35 [INFO] GripperOptimized:fast_loop:484 - 性能統計: 循環=2010000, 平均耗時=7.5ms, 最大耗時=51.7ms, 指令數=515
2025-07-20 03:14:56 [INFO] GripperOptimized:fast_loop:484 - 性能統計: 循環=2011000, 平均耗時=7.6ms, 最大耗時=51.7ms, 指令數=515
2025-07-20 03:15:17 [INFO] GripperOptimized:fast_loop:484 - 性能統計: 循環=2012000, 平均耗時=7.7ms, 最大耗時=51.7ms, 指令數=515
2025-07-20 03:15:37 [INFO] GripperOptimized:fast_loop:484 - 性能統計: 循環=2013000, 平均耗時=7.5ms, 最大耗時=51.7ms, 指令數=515
2025-07-20 03:15:58 [INFO] GripperOptimized:fast_loop:484 - 性能統計: 循環=2014000, 平均耗時=7.7ms, 最大耗時=51.7ms, 指令數=515
2025-07-20 03:16:18 [INFO] GripperOptimized:fast_loop:484 - 性能統計: 循環=2015000, 平均耗時=7.5ms, 最大耗時=51.7ms, 指令數=515
2025-07-20 03:16:39 [INFO] GripperOptimized:fast_loop:484 - 性能統計: 循環=2016000, 平均耗時=7.6ms, 最大耗時=51.7ms, 指令數=515
2025-07-20 03:17:00 [INFO] GripperOptimized:fast_loop:484 - 性能統計: 循環=2017000, 平均耗時=7.5ms, 最大耗時=51.7ms, 指令數=515
2025-07-20 03:17:20 [INFO] GripperOptimized:fast_loop:484 - 性能統計: 循環=2018000, 平均耗時=7.7ms, 最大耗時=51.7ms, 指令數=515
2025-07-20 03:17:41 [INFO] GripperOptimized:fast_loop:484 - 性能統計: 循環=2019000, 平均耗時=7.6ms, 最大耗時=51.7ms, 指令數=515
2025-07-20 03:18:02 [INFO] GripperOptimized:fast_loop:484 - 性能統計: 循環=2020000, 平均耗時=7.7ms, 最大耗時=51.7ms, 指令數=515
2025-07-20 03:18:22 [INFO] GripperOptimized:fast_loop:484 - 性能統計: 循環=2021000, 平均耗時=7.5ms, 最大耗時=51.7ms, 指令數=515
2025-07-20 03:18:43 [INFO] GripperOptimized:fast_loop:484 - 性能統計: 循環=2022000, 平均耗時=7.6ms, 最大耗時=51.7ms, 指令數=515
2025-07-20 03:19:04 [INFO] GripperOptimized:fast_loop:484 - 性能統計: 循環=2023000, 平均耗時=7.5ms, 最大耗時=51.7ms, 指令數=515
2025-07-20 03:19:24 [INFO] GripperOptimized:fast_loop:484 - 性能統計: 循環=2024000, 平均耗時=7.4ms, 最大耗時=51.7ms, 指令數=515
2025-07-20 03:19:45 [INFO] GripperOptimized:fast_loop:484 - 性能統計: 循環=2025000, 平均耗時=7.4ms, 最大耗時=51.7ms, 指令數=515
2025-07-20 03:20:05 [INFO] GripperOptimized:fast_loop:484 - 性能統計: 循環=2026000, 平均耗時=7.4ms, 最大耗時=51.7ms, 指令數=515
2025-07-20 03:20:26 [INFO] GripperOptimized:fast_loop:484 - 性能統計: 循環=2027000, 平均耗時=7.7ms, 最大耗時=51.7ms, 指令數=515
2025-07-20 03:20:47 [INFO] GripperOptimized:fast_loop:484 - 性能統計: 循環=2028000, 平均耗時=7.5ms, 最大耗時=51.7ms, 指令數=515
2025-07-20 03:21:07 [INFO] GripperOptimized:fast_loop:484 - 性能統計: 循環=2029000, 平均耗時=7.6ms, 最大耗時=51.7ms, 指令數=515
2025-07-20 03:21:28 [INFO] GripperOptimized:fast_loop:484 - 性能統計: 循環=2030000, 平均耗時=7.4ms, 最大耗時=51.7ms, 指令數=515
2025-07-20 03:21:49 [INFO] GripperOptimized:fast_loop:484 - 性能統計: 循環=2031000, 平均耗時=7.5ms, 最大耗時=51.7ms, 指令數=515
2025-07-20 03:22:09 [INFO] GripperOptimized:fast_loop:484 - 性能統計: 循環=2032000, 平均耗時=7.7ms, 最大耗時=51.7ms, 指令數=515
2025-07-20 03:22:30 [INFO] GripperOptimized:fast_loop:484 - 性能統計: 循環=2033000, 平均耗時=7.5ms, 最大耗時=51.7ms, 指令數=515
2025-07-20 03:22:50 [INFO] GripperOptimized:fast_loop:484 - 性能統計: 循環=2034000, 平均耗時=7.5ms, 最大耗時=51.7ms, 指令數=515
2025-07-20 03:23:11 [INFO] GripperOptimized:fast_loop:484 - 性能統計: 循環=2035000, 平均耗時=7.5ms, 最大耗時=51.7ms, 指令數=515
2025-07-20 03:23:32 [INFO] GripperOptimized:fast_loop:484 - 性能統計: 循環=2036000, 平均耗時=7.5ms, 最大耗時=51.7ms, 指令數=515
2025-07-20 03:23:52 [INFO] GripperOptimized:fast_loop:484 - 性能統計: 循環=2037000, 平均耗時=7.4ms, 最大耗時=51.7ms, 指令數=515
2025-07-20 03:24:13 [INFO] GripperOptimized:fast_loop:484 - 性能統計: 循環=2038000, 平均耗時=7.4ms, 最大耗時=51.7ms, 指令數=515
2025-07-20 03:24:34 [INFO] GripperOptimized:fast_loop:484 - 性能統計: 循環=2039000, 平均耗時=7.7ms, 最大耗時=51.7ms, 指令數=515
2025-07-20 03:24:54 [INFO] GripperOptimized:fast_loop:484 - 性能統計: 循環=2040000, 平均耗時=7.5ms, 最大耗時=51.7ms, 指令數=515
2025-07-20 03:25:15 [INFO] GripperOptimized:fast_loop:484 - 性能統計: 循環=2041000, 平均耗時=7.2ms, 最大耗時=51.7ms, 指令數=515
2025-07-20 03:25:35 [INFO] GripperOptimized:fast_loop:484 - 性能統計: 循環=2042000, 平均耗時=7.7ms, 最大耗時=51.7ms, 指令數=515
2025-07-20 03:25:56 [INFO] GripperOptimized:fast_loop:484 - 性能統計: 循環=2043000, 平均耗時=7.6ms, 最大耗時=51.7ms, 指令數=515
2025-07-20 03:26:17 [INFO] GripperOptimized:fast_loop:484 - 性能統計: 循環=2044000, 平均耗時=7.5ms, 最大耗時=51.7ms, 指令數=515
2025-07-20 03:26:37 [INFO] GripperOptimized:fast_loop:484 - 性能統計: 循環=2045000, 平均耗時=7.5ms, 最大耗時=51.7ms, 指令數=515
2025-07-20 03:26:58 [INFO] GripperOptimized:fast_loop:484 - 性能統計: 循環=2046000, 平均耗時=7.6ms, 最大耗時=51.7ms, 指令數=515
2025-07-20 03:27:19 [INFO] GripperOptimized:fast_loop:484 - 性能統計: 循環=2047000, 平均耗時=7.4ms, 最大耗時=51.7ms, 指令數=515
2025-07-20 03:27:39 [INFO] GripperOptimized:fast_loop:484 - 性能統計: 循環=2048000, 平均耗時=7.7ms, 最大耗時=51.7ms, 指令數=515
2025-07-20 03:28:00 [INFO] GripperOptimized:fast_loop:484 - 性能統計: 循環=2049000, 平均耗時=7.5ms, 最大耗時=51.7ms, 指令數=515
2025-07-20 03:28:20 [INFO] GripperOptimized:fast_loop:484 - 性能統計: 循環=2050000, 平均耗時=7.7ms, 最大耗時=51.7ms, 指令數=515
2025-07-20 03:28:41 [INFO] GripperOptimized:fast_loop:484 - 性能統計: 循環=2051000, 平均耗時=7.5ms, 最大耗時=51.7ms, 指令數=515
2025-07-20 03:29:02 [INFO] GripperOptimized:fast_loop:484 - 性能統計: 循環=2052000, 平均耗時=7.4ms, 最大耗時=51.7ms, 指令數=515
2025-07-20 03:29:22 [INFO] GripperOptimized:fast_loop:484 - 性能統計: 循環=2053000, 平均耗時=7.4ms, 最大耗時=51.7ms, 指令數=515
2025-07-20 03:29:43 [INFO] GripperOptimized:fast_loop:484 - 性能統計: 循環=2054000, 平均耗時=7.4ms, 最大耗時=51.7ms, 指令數=515
2025-07-20 03:30:04 [INFO] GripperOptimized:fast_loop:484 - 性能統計: 循環=2055000, 平均耗時=7.6ms, 最大耗時=51.7ms, 指令數=515
2025-07-20 03:30:24 [INFO] GripperOptimized:fast_loop:484 - 性能統計: 循環=2056000, 平均耗時=7.1ms, 最大耗時=51.7ms, 指令數=515
2025-07-20 03:30:45 [INFO] GripperOptimized:fast_loop:484 - 性能統計: 循環=2057000, 平均耗時=7.4ms, 最大耗時=51.7ms, 指令數=515
2025-07-20 03:31:06 [INFO] GripperOptimized:fast_loop:484 - 性能統計: 循環=2058000, 平均耗時=7.5ms, 最大耗時=51.7ms, 指令數=515
2025-07-20 03:31:26 [INFO] GripperOptimized:fast_loop:484 - 性能統計: 循環=2059000, 平均耗時=7.5ms, 最大耗時=51.7ms, 指令數=515
2025-07-20 03:31:47 [INFO] GripperOptimized:fast_loop:484 - 性能統計: 循環=2060000, 平均耗時=7.4ms, 最大耗時=51.7ms, 指令數=515
2025-07-20 03:32:07 [INFO] GripperOptimized:fast_loop:484 - 性能統計: 循環=2061000, 平均耗時=7.6ms, 最大耗時=51.7ms, 指令數=515
2025-07-20 03:32:28 [INFO] GripperOptimized:fast_loop:484 - 性能統計: 循環=2062000, 平均耗時=7.6ms, 最大耗時=51.7ms, 指令數=515
2025-07-20 03:32:49 [INFO] GripperOptimized:fast_loop:484 - 性能統計: 循環=2063000, 平均耗時=7.5ms, 最大耗時=51.7ms, 指令數=515
2025-07-20 03:33:09 [INFO] GripperOptimized:fast_loop:484 - 性能統計: 循環=2064000, 平均耗時=7.7ms, 最大耗時=51.7ms, 指令數=515
2025-07-20 03:33:30 [INFO] GripperOptimized:fast_loop:484 - 性能統計: 循環=2065000, 平均耗時=7.3ms, 最大耗時=51.7ms, 指令數=515
2025-07-20 03:33:51 [INFO] GripperOptimized:fast_loop:484 - 性能統計: 循環=2066000, 平均耗時=7.7ms, 最大耗時=51.7ms, 指令數=515
2025-07-20 03:34:11 [INFO] GripperOptimized:fast_loop:484 - 性能統計: 循環=2067000, 平均耗時=7.6ms, 最大耗時=51.7ms, 指令數=515
2025-07-20 03:34:32 [INFO] GripperOptimized:fast_loop:484 - 性能統計: 循環=2068000, 平均耗時=7.5ms, 最大耗時=51.7ms, 指令數=515
2025-07-20 03:34:52 [INFO] GripperOptimized:fast_loop:484 - 性能統計: 循環=2069000, 平均耗時=7.6ms, 最大耗時=51.7ms, 指令數=515
2025-07-20 03:35:13 [INFO] GripperOptimized:fast_loop:484 - 性能統計: 循環=2070000, 平均耗時=7.6ms, 最大耗時=51.7ms, 指令數=515
2025-07-20 03:35:34 [INFO] GripperOptimized:fast_loop:484 - 性能統計: 循環=2071000, 平均耗時=7.3ms, 最大耗時=51.7ms, 指令數=515
2025-07-20 03:35:54 [INFO] GripperOptimized:fast_loop:484 - 性能統計: 循環=2072000, 平均耗時=7.5ms, 最大耗時=51.7ms, 指令數=515
2025-07-20 03:36:15 [INFO] GripperOptimized:fast_loop:484 - 性能統計: 循環=2073000, 平均耗時=7.6ms, 最大耗時=51.7ms, 指令數=515
2025-07-20 03:36:36 [INFO] GripperOptimized:fast_loop:484 - 性能統計: 循環=2074000, 平均耗時=7.4ms, 最大耗時=51.7ms, 指令數=515
2025-07-20 03:36:56 [INFO] GripperOptimized:fast_loop:484 - 性能統計: 循環=2075000, 平均耗時=7.6ms, 最大耗時=51.7ms, 指令數=515
2025-07-20 03:37:17 [INFO] GripperOptimized:fast_loop:484 - 性能統計: 循環=2076000, 平均耗時=7.3ms, 最大耗時=51.7ms, 指令數=515
2025-07-20 03:37:37 [INFO] GripperOptimized:fast_loop:484 - 性能統計: 循環=2077000, 平均耗時=7.4ms, 最大耗時=51.7ms, 指令數=515
2025-07-20 03:37:58 [INFO] GripperOptimized:fast_loop:484 - 性能統計: 循環=2078000, 平均耗時=7.8ms, 最大耗時=51.7ms, 指令數=515
2025-07-20 03:38:19 [INFO] GripperOptimized:fast_loop:484 - 性能統計: 循環=2079000, 平均耗時=7.5ms, 最大耗時=51.7ms, 指令數=515
2025-07-20 03:38:39 [INFO] GripperOptimized:fast_loop:484 - 性能統計: 循環=2080000, 平均耗時=7.4ms, 最大耗時=51.7ms, 指令數=515
2025-07-20 03:39:00 [INFO] GripperOptimized:fast_loop:484 - 性能統計: 循環=2081000, 平均耗時=7.7ms, 最大耗時=51.7ms, 指令數=515
2025-07-20 03:39:21 [INFO] GripperOptimized:fast_loop:484 - 性能統計: 循環=2082000, 平均耗時=7.3ms, 最大耗時=51.7ms, 指令數=515
2025-07-20 03:39:41 [INFO] GripperOptimized:fast_loop:484 - 性能統計: 循環=2083000, 平均耗時=7.5ms, 最大耗時=51.7ms, 指令數=515
2025-07-20 03:40:02 [INFO] GripperOptimized:fast_loop:484 - 性能統計: 循環=2084000, 平均耗時=7.5ms, 最大耗時=51.7ms, 指令數=515
2025-07-20 03:40:23 [INFO] GripperOptimized:fast_loop:484 - 性能統計: 循環=2085000, 平均耗時=7.5ms, 最大耗時=51.7ms, 指令數=515
2025-07-20 03:40:43 [INFO] GripperOptimized:fast_loop:484 - 性能統計: 循環=2086000, 平均耗時=7.5ms, 最大耗時=51.7ms, 指令數=515
2025-07-20 03:41:04 [INFO] GripperOptimized:fast_loop:484 - 性能統計: 循環=2087000, 平均耗時=7.5ms, 最大耗時=51.7ms, 指令數=515
2025-07-20 03:41:24 [INFO] GripperOptimized:fast_loop:484 - 性能統計: 循環=2088000, 平均耗時=7.7ms, 最大耗時=51.7ms, 指令數=515
2025-07-20 03:41:45 [INFO] GripperOptimized:fast_loop:484 - 性能統計: 循環=2089000, 平均耗時=7.5ms, 最大耗時=51.7ms, 指令數=515
2025-07-20 03:42:06 [INFO] GripperOptimized:fast_loop:484 - 性能統計: 循環=2090000, 平均耗時=7.4ms, 最大耗時=51.7ms, 指令數=515
2025-07-20 03:42:26 [INFO] GripperOptimized:fast_loop:484 - 性能統計: 循環=2091000, 平均耗時=7.7ms, 最大耗時=51.7ms, 指令數=515
2025-07-20 03:42:47 [INFO] GripperOptimized:fast_loop:484 - 性能統計: 循環=2092000, 平均耗時=7.7ms, 最大耗時=51.7ms, 指令數=515
2025-07-20 03:43:08 [INFO] GripperOptimized:fast_loop:484 - 性能統計: 循環=2093000, 平均耗時=7.9ms, 最大耗時=51.7ms, 指令數=515
2025-07-20 03:43:28 [INFO] GripperOptimized:fast_loop:484 - 性能統計: 循環=2094000, 平均耗時=7.4ms, 最大耗時=51.7ms, 指令數=515
2025-07-20 03:43:49 [INFO] GripperOptimized:fast_loop:484 - 性能統計: 循環=2095000, 平均耗時=7.6ms, 最大耗時=51.7ms, 指令數=515
2025-07-20 03:44:10 [INFO] GripperOptimized:fast_loop:484 - 性能統計: 循環=2096000, 平均耗時=7.6ms, 最大耗時=51.7ms, 指令數=515
2025-07-20 03:44:30 [INFO] GripperOptimized:fast_loop:484 - 性能統計: 循環=2097000, 平均耗時=7.3ms, 最大耗時=51.7ms, 指令數=515
2025-07-20 03:44:51 [INFO] GripperOptimized:fast_loop:484 - 性能統計: 循環=2098000, 平均耗時=7.6ms, 最大耗時=51.7ms, 指令數=515
2025-07-20 03:45:11 [INFO] GripperOptimized:fast_loop:484 - 性能統計: 循環=2099000, 平均耗時=7.5ms, 最大耗時=51.7ms, 指令數=515
2025-07-20 03:45:32 [INFO] GripperOptimized:fast_loop:484 - 性能統計: 循環=2100000, 平均耗時=7.5ms, 最大耗時=51.7ms, 指令數=515
2025-07-20 03:45:53 [INFO] GripperOptimized:fast_loop:484 - 性能統計: 循環=2101000, 平均耗時=7.4ms, 最大耗時=51.7ms, 指令數=515
2025-07-20 03:46:13 [INFO] GripperOptimized:fast_loop:484 - 性能統計: 循環=2102000, 平均耗時=7.1ms, 最大耗時=51.7ms, 指令數=515
2025-07-20 03:46:34 [INFO] GripperOptimized:fast_loop:484 - 性能統計: 循環=2103000, 平均耗時=7.4ms, 最大耗時=51.7ms, 指令數=515
2025-07-20 03:46:55 [INFO] GripperOptimized:fast_loop:484 - 性能統計: 循環=2104000, 平均耗時=7.5ms, 最大耗時=51.7ms, 指令數=515
2025-07-20 03:47:15 [INFO] GripperOptimized:fast_loop:484 - 性能統計: 循環=2105000, 平均耗時=7.6ms, 最大耗時=51.7ms, 指令數=515
2025-07-20 03:47:36 [INFO] GripperOptimized:fast_loop:484 - 性能統計: 循環=2106000, 平均耗時=7.4ms, 最大耗時=51.7ms, 指令數=515
2025-07-20 03:47:57 [INFO] GripperOptimized:fast_loop:484 - 性能統計: 循環=2107000, 平均耗時=7.4ms, 最大耗時=51.7ms, 指令數=515
2025-07-20 03:48:17 [INFO] GripperOptimized:fast_loop:484 - 性能統計: 循環=2108000, 平均耗時=7.3ms, 最大耗時=51.7ms, 指令數=515
2025-07-20 03:48:38 [INFO] GripperOptimized:fast_loop:484 - 性能統計: 循環=2109000, 平均耗時=7.5ms, 最大耗時=51.7ms, 指令數=515
2025-07-20 03:48:59 [INFO] GripperOptimized:fast_loop:484 - 性能統計: 循環=2110000, 平均耗時=7.5ms, 最大耗時=51.7ms, 指令數=515
2025-07-20 03:49:19 [INFO] GripperOptimized:fast_loop:484 - 性能統計: 循環=2111000, 平均耗時=7.5ms, 最大耗時=51.7ms, 指令數=515
2025-07-20 03:49:40 [INFO] GripperOptimized:fast_loop:484 - 性能統計: 循環=2112000, 平均耗時=7.6ms, 最大耗時=51.7ms, 指令數=515
2025-07-20 03:50:00 [INFO] GripperOptimized:fast_loop:484 - 性能統計: 循環=2113000, 平均耗時=7.5ms, 最大耗時=51.7ms, 指令數=515
2025-07-20 03:50:21 [INFO] GripperOptimized:fast_loop:484 - 性能統計: 循環=2114000, 平均耗時=7.2ms, 最大耗時=51.7ms, 指令數=515
2025-07-20 03:50:42 [INFO] GripperOptimized:fast_loop:484 - 性能統計: 循環=2115000, 平均耗時=7.4ms, 最大耗時=51.7ms, 指令數=515
2025-07-20 03:51:02 [INFO] GripperOptimized:fast_loop:484 - 性能統計: 循環=2116000, 平均耗時=7.6ms, 最大耗時=51.7ms, 指令數=515
2025-07-20 03:51:23 [INFO] GripperOptimized:fast_loop:484 - 性能統計: 循環=2117000, 平均耗時=7.5ms, 最大耗時=51.7ms, 指令數=515
2025-07-20 03:51:44 [INFO] GripperOptimized:fast_loop:484 - 性能統計: 循環=2118000, 平均耗時=7.6ms, 最大耗時=51.7ms, 指令數=515
2025-07-20 03:52:04 [INFO] GripperOptimized:fast_loop:484 - 性能統計: 循環=2119000, 平均耗時=7.6ms, 最大耗時=51.7ms, 指令數=515
2025-07-20 03:52:25 [INFO] GripperOptimized:fast_loop:484 - 性能統計: 循環=2120000, 平均耗時=7.5ms, 最大耗時=51.7ms, 指令數=515
2025-07-20 03:52:46 [INFO] GripperOptimized:fast_loop:484 - 性能統計: 循環=2121000, 平均耗時=7.6ms, 最大耗時=51.7ms, 指令數=515
2025-07-20 03:53:06 [INFO] GripperOptimized:fast_loop:484 - 性能統計: 循環=2122000, 平均耗時=7.5ms, 最大耗時=51.7ms, 指令數=515
2025-07-20 03:53:27 [INFO] GripperOptimized:fast_loop:484 - 性能統計: 循環=2123000, 平均耗時=7.4ms, 最大耗時=51.7ms, 指令數=515
2025-07-20 03:53:48 [INFO] GripperOptimized:fast_loop:484 - 性能統計: 循環=2124000, 平均耗時=7.5ms, 最大耗時=51.7ms, 指令數=515
2025-07-20 03:54:08 [INFO] GripperOptimized:fast_loop:484 - 性能統計: 循環=2125000, 平均耗時=7.6ms, 最大耗時=51.7ms, 指令數=515
2025-07-20 03:54:29 [INFO] GripperOptimized:fast_loop:484 - 性能統計: 循環=2126000, 平均耗時=7.6ms, 最大耗時=51.7ms, 指令數=515
2025-07-20 03:54:49 [INFO] GripperOptimized:fast_loop:484 - 性能統計: 循環=2127000, 平均耗時=7.7ms, 最大耗時=51.7ms, 指令數=515
2025-07-20 03:55:10 [INFO] GripperOptimized:fast_loop:484 - 性能統計: 循環=2128000, 平均耗時=7.6ms, 最大耗時=51.7ms, 指令數=515
2025-07-20 03:55:31 [INFO] GripperOptimized:fast_loop:484 - 性能統計: 循環=2129000, 平均耗時=7.5ms, 最大耗時=51.7ms, 指令數=515
2025-07-20 03:55:51 [INFO] GripperOptimized:fast_loop:484 - 性能統計: 循環=2130000, 平均耗時=7.4ms, 最大耗時=51.7ms, 指令數=515
2025-07-20 03:56:12 [INFO] GripperOptimized:fast_loop:484 - 性能統計: 循環=2131000, 平均耗時=7.6ms, 最大耗時=51.7ms, 指令數=515
2025-07-20 03:56:33 [INFO] GripperOptimized:fast_loop:484 - 性能統計: 循環=2132000, 平均耗時=7.4ms, 最大耗時=51.7ms, 指令數=515
2025-07-20 03:56:53 [INFO] GripperOptimized:fast_loop:484 - 性能統計: 循環=2133000, 平均耗時=7.6ms, 最大耗時=51.7ms, 指令數=515
2025-07-20 03:57:14 [INFO] GripperOptimized:fast_loop:484 - 性能統計: 循環=2134000, 平均耗時=7.5ms, 最大耗時=51.7ms, 指令數=515
2025-07-20 03:57:35 [INFO] GripperOptimized:fast_loop:484 - 性能統計: 循環=2135000, 平均耗時=7.6ms, 最大耗時=51.7ms, 指令數=515
2025-07-20 03:57:55 [INFO] GripperOptimized:fast_loop:484 - 性能統計: 循環=2136000, 平均耗時=7.5ms, 最大耗時=51.7ms, 指令數=515
2025-07-20 03:58:16 [INFO] GripperOptimized:fast_loop:484 - 性能統計: 循環=2137000, 平均耗時=7.4ms, 最大耗時=51.7ms, 指令數=515
2025-07-20 03:58:37 [INFO] GripperOptimized:fast_loop:484 - 性能統計: 循環=2138000, 平均耗時=7.4ms, 最大耗時=51.7ms, 指令數=515
2025-07-20 03:58:57 [INFO] GripperOptimized:fast_loop:484 - 性能統計: 循環=2139000, 平均耗時=7.5ms, 最大耗時=51.7ms, 指令數=515
2025-07-20 03:59:18 [INFO] GripperOptimized:fast_loop:484 - 性能統計: 循環=2140000, 平均耗時=7.5ms, 最大耗時=51.7ms, 指令數=515
2025-07-20 03:59:38 [INFO] GripperOptimized:fast_loop:484 - 性能統計: 循環=2141000, 平均耗時=7.5ms, 最大耗時=51.7ms, 指令數=515
2025-07-20 03:59:59 [INFO] GripperOptimized:fast_loop:484 - 性能統計: 循環=2142000, 平均耗時=7.3ms, 最大耗時=51.7ms, 指令數=515
2025-07-20 04:00:20 [INFO] GripperOptimized:fast_loop:484 - 性能統計: 循環=2143000, 平均耗時=7.6ms, 最大耗時=51.7ms, 指令數=515
2025-07-20 04:00:40 [INFO] GripperOptimized:fast_loop:484 - 性能統計: 循環=2144000, 平均耗時=7.6ms, 最大耗時=51.7ms, 指令數=515
2025-07-20 04:01:01 [INFO] GripperOptimized:fast_loop:484 - 性能統計: 循環=2145000, 平均耗時=7.7ms, 最大耗時=51.7ms, 指令數=515
2025-07-20 04:01:22 [INFO] GripperOptimized:fast_loop:484 - 性能統計: 循環=2146000, 平均耗時=7.5ms, 最大耗時=51.7ms, 指令數=515
2025-07-20 04:01:42 [INFO] GripperOptimized:fast_loop:484 - 性能統計: 循環=2147000, 平均耗時=7.5ms, 最大耗時=51.7ms, 指令數=515
2025-07-20 04:02:03 [INFO] GripperOptimized:fast_loop:484 - 性能統計: 循環=2148000, 平均耗時=7.6ms, 最大耗時=51.7ms, 指令數=515
2025-07-20 04:02:24 [INFO] GripperOptimized:fast_loop:484 - 性能統計: 循環=2149000, 平均耗時=7.4ms, 最大耗時=51.7ms, 指令數=515
2025-07-20 04:02:44 [INFO] GripperOptimized:fast_loop:484 - 性能統計: 循環=2150000, 平均耗時=7.6ms, 最大耗時=51.7ms, 指令數=515
2025-07-20 04:03:05 [INFO] GripperOptimized:fast_loop:484 - 性能統計: 循環=2151000, 平均耗時=7.3ms, 最大耗時=51.7ms, 指令數=515
2025-07-20 04:03:26 [INFO] GripperOptimized:fast_loop:484 - 性能統計: 循環=2152000, 平均耗時=7.7ms, 最大耗時=51.7ms, 指令數=515
2025-07-20 04:03:46 [INFO] GripperOptimized:fast_loop:484 - 性能統計: 循環=2153000, 平均耗時=7.7ms, 最大耗時=51.7ms, 指令數=515
2025-07-20 04:04:07 [INFO] GripperOptimized:fast_loop:484 - 性能統計: 循環=2154000, 平均耗時=7.4ms, 最大耗時=51.7ms, 指令數=515
2025-07-20 04:04:28 [INFO] GripperOptimized:fast_loop:484 - 性能統計: 循環=2155000, 平均耗時=7.3ms, 最大耗時=51.7ms, 指令數=515
2025-07-20 04:04:48 [INFO] GripperOptimized:fast_loop:484 - 性能統計: 循環=2156000, 平均耗時=7.6ms, 最大耗時=51.7ms, 指令數=515
2025-07-20 04:05:09 [INFO] GripperOptimized:fast_loop:484 - 性能統計: 循環=2157000, 平均耗時=7.5ms, 最大耗時=51.7ms, 指令數=515
2025-07-20 04:05:29 [INFO] GripperOptimized:fast_loop:484 - 性能統計: 循環=2158000, 平均耗時=7.6ms, 最大耗時=51.7ms, 指令數=515
2025-07-20 04:05:50 [INFO] GripperOptimized:fast_loop:484 - 性能統計: 循環=2159000, 平均耗時=7.4ms, 最大耗時=51.7ms, 指令數=515
2025-07-20 04:06:11 [INFO] GripperOptimized:fast_loop:484 - 性能統計: 循環=2160000, 平均耗時=7.5ms, 最大耗時=51.7ms, 指令數=515
2025-07-20 04:06:31 [INFO] GripperOptimized:fast_loop:484 - 性能統計: 循環=2161000, 平均耗時=7.5ms, 最大耗時=51.7ms, 指令數=515
2025-07-20 04:06:52 [INFO] GripperOptimized:fast_loop:484 - 性能統計: 循環=2162000, 平均耗時=7.5ms, 最大耗時=51.7ms, 指令數=515
2025-07-20 04:07:13 [INFO] GripperOptimized:fast_loop:484 - 性能統計: 循環=2163000, 平均耗時=7.4ms, 最大耗時=51.7ms, 指令數=515
2025-07-20 04:07:33 [INFO] GripperOptimized:fast_loop:484 - 性能統計: 循環=2164000, 平均耗時=7.4ms, 最大耗時=51.7ms, 指令數=515
2025-07-20 04:07:54 [INFO] GripperOptimized:fast_loop:484 - 性能統計: 循環=2165000, 平均耗時=7.5ms, 最大耗時=51.7ms, 指令數=515
2025-07-20 04:08:15 [INFO] GripperOptimized:fast_loop:484 - 性能統計: 循環=2166000, 平均耗時=7.6ms, 最大耗時=51.7ms, 指令數=515
2025-07-20 04:08:35 [INFO] GripperOptimized:fast_loop:484 - 性能統計: 循環=2167000, 平均耗時=7.4ms, 最大耗時=51.7ms, 指令數=515
2025-07-20 04:08:56 [INFO] GripperOptimized:fast_loop:484 - 性能統計: 循環=2168000, 平均耗時=7.5ms, 最大耗時=51.7ms, 指令數=515
2025-07-20 04:09:17 [INFO] GripperOptimized:fast_loop:484 - 性能統計: 循環=2169000, 平均耗時=7.7ms, 最大耗時=51.7ms, 指令數=515
2025-07-20 04:09:37 [INFO] GripperOptimized:fast_loop:484 - 性能統計: 循環=2170000, 平均耗時=7.3ms, 最大耗時=51.7ms, 指令數=515
2025-07-20 04:09:58 [INFO] GripperOptimized:fast_loop:484 - 性能統計: 循環=2171000, 平均耗時=7.6ms, 最大耗時=51.7ms, 指令數=515
2025-07-20 04:10:18 [INFO] GripperOptimized:fast_loop:484 - 性能統計: 循環=2172000, 平均耗時=7.4ms, 最大耗時=51.7ms, 指令數=515
2025-07-20 04:10:39 [INFO] GripperOptimized:fast_loop:484 - 性能統計: 循環=2173000, 平均耗時=7.5ms, 最大耗時=51.7ms, 指令數=515
2025-07-20 04:11:00 [INFO] GripperOptimized:fast_loop:484 - 性能統計: 循環=2174000, 平均耗時=7.5ms, 最大耗時=51.7ms, 指令數=515
2025-07-20 04:11:20 [INFO] GripperOptimized:fast_loop:484 - 性能統計: 循環=2175000, 平均耗時=7.7ms, 最大耗時=51.7ms, 指令數=515
2025-07-20 04:11:41 [INFO] GripperOptimized:fast_loop:484 - 性能統計: 循環=2176000, 平均耗時=7.4ms, 最大耗時=51.7ms, 指令數=515
2025-07-20 04:12:02 [INFO] GripperOptimized:fast_loop:484 - 性能統計: 循環=2177000, 平均耗時=7.5ms, 最大耗時=51.7ms, 指令數=515
2025-07-20 04:12:22 [INFO] GripperOptimized:fast_loop:484 - 性能統計: 循環=2178000, 平均耗時=7.7ms, 最大耗時=51.7ms, 指令數=515
2025-07-20 04:12:43 [INFO] GripperOptimized:fast_loop:484 - 性能統計: 循環=2179000, 平均耗時=7.6ms, 最大耗時=51.7ms, 指令數=515
2025-07-20 04:13:04 [INFO] GripperOptimized:fast_loop:484 - 性能統計: 循環=2180000, 平均耗時=7.6ms, 最大耗時=51.7ms, 指令數=515
2025-07-20 04:13:24 [INFO] GripperOptimized:fast_loop:484 - 性能統計: 循環=2181000, 平均耗時=7.7ms, 最大耗時=51.7ms, 指令數=515
2025-07-20 04:13:45 [INFO] GripperOptimized:fast_loop:484 - 性能統計: 循環=2182000, 平均耗時=7.4ms, 最大耗時=51.7ms, 指令數=515
2025-07-20 04:14:06 [INFO] GripperOptimized:fast_loop:484 - 性能統計: 循環=2183000, 平均耗時=7.5ms, 最大耗時=51.7ms, 指令數=515
2025-07-20 04:14:26 [INFO] GripperOptimized:fast_loop:484 - 性能統計: 循環=2184000, 平均耗時=7.5ms, 最大耗時=51.7ms, 指令數=515
2025-07-20 04:14:47 [INFO] GripperOptimized:fast_loop:484 - 性能統計: 循環=2185000, 平均耗時=7.6ms, 最大耗時=51.7ms, 指令數=515
2025-07-20 04:15:08 [INFO] GripperOptimized:fast_loop:484 - 性能統計: 循環=2186000, 平均耗時=7.6ms, 最大耗時=51.7ms, 指令數=515
2025-07-20 04:15:28 [INFO] GripperOptimized:fast_loop:484 - 性能統計: 循環=2187000, 平均耗時=7.5ms, 最大耗時=51.7ms, 指令數=515
2025-07-20 04:15:49 [INFO] GripperOptimized:fast_loop:484 - 性能統計: 循環=2188000, 平均耗時=7.7ms, 最大耗時=51.7ms, 指令數=515
2025-07-20 04:16:10 [INFO] GripperOptimized:fast_loop:484 - 性能統計: 循環=2189000, 平均耗時=7.7ms, 最大耗時=51.7ms, 指令數=515
2025-07-20 04:16:30 [INFO] GripperOptimized:fast_loop:484 - 性能統計: 循環=2190000, 平均耗時=7.4ms, 最大耗時=51.7ms, 指令數=515
2025-07-20 04:16:51 [INFO] GripperOptimized:fast_loop:484 - 性能統計: 循環=2191000, 平均耗時=7.4ms, 最大耗時=51.7ms, 指令數=515
2025-07-20 04:17:11 [INFO] GripperOptimized:fast_loop:484 - 性能統計: 循環=2192000, 平均耗時=7.3ms, 最大耗時=51.7ms, 指令數=515
2025-07-20 04:17:32 [INFO] GripperOptimized:fast_loop:484 - 性能統計: 循環=2193000, 平均耗時=7.6ms, 最大耗時=51.7ms, 指令數=515
2025-07-20 04:17:53 [INFO] GripperOptimized:fast_loop:484 - 性能統計: 循環=2194000, 平均耗時=7.5ms, 最大耗時=51.7ms, 指令數=515
2025-07-20 04:18:13 [INFO] GripperOptimized:fast_loop:484 - 性能統計: 循環=2195000, 平均耗時=7.4ms, 最大耗時=51.7ms, 指令數=515
2025-07-20 04:18:34 [INFO] GripperOptimized:fast_loop:484 - 性能統計: 循環=2196000, 平均耗時=7.6ms, 最大耗時=51.7ms, 指令數=515
2025-07-20 04:18:55 [INFO] GripperOptimized:fast_loop:484 - 性能統計: 循環=2197000, 平均耗時=7.6ms, 最大耗時=51.7ms, 指令數=515
2025-07-20 04:19:15 [INFO] GripperOptimized:fast_loop:484 - 性能統計: 循環=2198000, 平均耗時=7.5ms, 最大耗時=51.7ms, 指令數=515
2025-07-20 04:19:36 [INFO] GripperOptimized:fast_loop:484 - 性能統計: 循環=2199000, 平均耗時=7.5ms, 最大耗時=51.7ms, 指令數=515
2025-07-20 04:19:57 [INFO] GripperOptimized:fast_loop:484 - 性能統計: 循環=2200000, 平均耗時=7.5ms, 最大耗時=51.7ms, 指令數=515
2025-07-20 04:20:17 [INFO] GripperOptimized:fast_loop:484 - 性能統計: 循環=2201000, 平均耗時=7.5ms, 最大耗時=51.7ms, 指令數=515
2025-07-20 04:20:38 [INFO] GripperOptimized:fast_loop:484 - 性能統計: 循環=2202000, 平均耗時=7.3ms, 最大耗時=51.7ms, 指令數=515
2025-07-20 04:20:58 [INFO] GripperOptimized:fast_loop:484 - 性能統計: 循環=2203000, 平均耗時=7.4ms, 最大耗時=51.7ms, 指令數=515
2025-07-20 04:21:19 [INFO] GripperOptimized:fast_loop:484 - 性能統計: 循環=2204000, 平均耗時=7.6ms, 最大耗時=51.7ms, 指令數=515
2025-07-20 04:21:40 [INFO] GripperOptimized:fast_loop:484 - 性能統計: 循環=2205000, 平均耗時=7.4ms, 最大耗時=51.7ms, 指令數=515
2025-07-20 04:22:00 [INFO] GripperOptimized:fast_loop:484 - 性能統計: 循環=2206000, 平均耗時=7.6ms, 最大耗時=51.7ms, 指令數=515
2025-07-20 04:22:21 [INFO] GripperOptimized:fast_loop:484 - 性能統計: 循環=2207000, 平均耗時=7.5ms, 最大耗時=51.7ms, 指令數=515
2025-07-20 04:22:42 [INFO] GripperOptimized:fast_loop:484 - 性能統計: 循環=2208000, 平均耗時=7.4ms, 最大耗時=51.7ms, 指令數=515
2025-07-20 04:23:02 [INFO] GripperOptimized:fast_loop:484 - 性能統計: 循環=2209000, 平均耗時=7.6ms, 最大耗時=51.7ms, 指令數=515
2025-07-20 04:23:23 [INFO] GripperOptimized:fast_loop:484 - 性能統計: 循環=2210000, 平均耗時=7.5ms, 最大耗時=51.7ms, 指令數=515
2025-07-20 04:23:44 [INFO] GripperOptimized:fast_loop:484 - 性能統計: 循環=2211000, 平均耗時=7.6ms, 最大耗時=51.7ms, 指令數=515
2025-07-20 04:24:04 [INFO] GripperOptimized:fast_loop:484 - 性能統計: 循環=2212000, 平均耗時=7.4ms, 最大耗時=51.7ms, 指令數=515
2025-07-20 04:24:25 [INFO] GripperOptimized:fast_loop:484 - 性能統計: 循環=2213000, 平均耗時=7.4ms, 最大耗時=51.7ms, 指令數=515
2025-07-20 04:24:46 [INFO] GripperOptimized:fast_loop:484 - 性能統計: 循環=2214000, 平均耗時=7.6ms, 最大耗時=51.7ms, 指令數=515
2025-07-20 04:25:06 [INFO] GripperOptimized:fast_loop:484 - 性能統計: 循環=2215000, 平均耗時=7.3ms, 最大耗時=51.7ms, 指令數=515
2025-07-20 04:25:27 [INFO] GripperOptimized:fast_loop:484 - 性能統計: 循環=2216000, 平均耗時=7.5ms, 最大耗時=51.7ms, 指令數=515
2025-07-20 04:25:47 [INFO] GripperOptimized:fast_loop:484 - 性能統計: 循環=2217000, 平均耗時=7.4ms, 最大耗時=51.7ms, 指令數=515
2025-07-20 04:26:08 [INFO] GripperOptimized:fast_loop:484 - 性能統計: 循環=2218000, 平均耗時=7.4ms, 最大耗時=51.7ms, 指令數=515
2025-07-20 04:26:29 [INFO] GripperOptimized:fast_loop:484 - 性能統計: 循環=2219000, 平均耗時=7.5ms, 最大耗時=51.7ms, 指令數=515
2025-07-20 04:26:49 [INFO] GripperOptimized:fast_loop:484 - 性能統計: 循環=2220000, 平均耗時=7.6ms, 最大耗時=51.7ms, 指令數=515
2025-07-20 04:27:10 [INFO] GripperOptimized:fast_loop:484 - 性能統計: 循環=2221000, 平均耗時=7.5ms, 最大耗時=51.7ms, 指令數=515
2025-07-20 04:27:31 [INFO] GripperOptimized:fast_loop:484 - 性能統計: 循環=2222000, 平均耗時=7.7ms, 最大耗時=51.7ms, 指令數=515
2025-07-20 04:27:51 [INFO] GripperOptimized:fast_loop:484 - 性能統計: 循環=2223000, 平均耗時=7.4ms, 最大耗時=51.7ms, 指令數=515
2025-07-20 04:28:12 [INFO] GripperOptimized:fast_loop:484 - 性能統計: 循環=2224000, 平均耗時=7.7ms, 最大耗時=51.7ms, 指令數=515
2025-07-20 04:28:33 [INFO] GripperOptimized:fast_loop:484 - 性能統計: 循環=2225000, 平均耗時=7.6ms, 最大耗時=51.7ms, 指令數=515
2025-07-20 04:28:53 [INFO] GripperOptimized:fast_loop:484 - 性能統計: 循環=2226000, 平均耗時=7.6ms, 最大耗時=51.7ms, 指令數=515
2025-07-20 04:29:14 [INFO] GripperOptimized:fast_loop:484 - 性能統計: 循環=2227000, 平均耗時=7.4ms, 最大耗時=51.7ms, 指令數=515
2025-07-20 04:29:35 [INFO] GripperOptimized:fast_loop:484 - 性能統計: 循環=2228000, 平均耗時=7.5ms, 最大耗時=51.7ms, 指令數=515
2025-07-20 04:29:55 [INFO] GripperOptimized:fast_loop:484 - 性能統計: 循環=2229000, 平均耗時=7.5ms, 最大耗時=51.7ms, 指令數=515
2025-07-20 04:30:16 [INFO] GripperOptimized:fast_loop:484 - 性能統計: 循環=2230000, 平均耗時=7.4ms, 最大耗時=51.7ms, 指令數=515
2025-07-20 04:30:36 [INFO] GripperOptimized:fast_loop:484 - 性能統計: 循環=2231000, 平均耗時=7.6ms, 最大耗時=51.7ms, 指令數=515
2025-07-20 04:30:57 [INFO] GripperOptimized:fast_loop:484 - 性能統計: 循環=2232000, 平均耗時=7.5ms, 最大耗時=51.7ms, 指令數=515
2025-07-20 04:31:18 [INFO] GripperOptimized:fast_loop:484 - 性能統計: 循環=2233000, 平均耗時=7.4ms, 最大耗時=51.7ms, 指令數=515
2025-07-20 04:31:38 [INFO] GripperOptimized:fast_loop:484 - 性能統計: 循環=2234000, 平均耗時=7.5ms, 最大耗時=51.7ms, 指令數=515
2025-07-20 04:31:59 [INFO] GripperOptimized:fast_loop:484 - 性能統計: 循環=2235000, 平均耗時=7.5ms, 最大耗時=51.7ms, 指令數=515
2025-07-20 04:32:20 [INFO] GripperOptimized:fast_loop:484 - 性能統計: 循環=2236000, 平均耗時=7.7ms, 最大耗時=51.7ms, 指令數=515
2025-07-20 04:32:40 [INFO] GripperOptimized:fast_loop:484 - 性能統計: 循環=2237000, 平均耗時=7.6ms, 最大耗時=51.7ms, 指令數=515
2025-07-20 04:33:01 [INFO] GripperOptimized:fast_loop:484 - 性能統計: 循環=2238000, 平均耗時=7.5ms, 最大耗時=51.7ms, 指令數=515
2025-07-20 04:33:22 [INFO] GripperOptimized:fast_loop:484 - 性能統計: 循環=2239000, 平均耗時=7.5ms, 最大耗時=51.7ms, 指令數=515
2025-07-20 04:33:42 [INFO] GripperOptimized:fast_loop:484 - 性能統計: 循環=2240000, 平均耗時=7.7ms, 最大耗時=51.7ms, 指令數=515
2025-07-20 04:34:03 [INFO] GripperOptimized:fast_loop:484 - 性能統計: 循環=2241000, 平均耗時=7.4ms, 最大耗時=51.7ms, 指令數=515
2025-07-20 04:34:23 [INFO] GripperOptimized:fast_loop:484 - 性能統計: 循環=2242000, 平均耗時=7.3ms, 最大耗時=51.7ms, 指令數=515
2025-07-20 04:34:44 [INFO] GripperOptimized:fast_loop:484 - 性能統計: 循環=2243000, 平均耗時=7.3ms, 最大耗時=51.7ms, 指令數=515
2025-07-20 04:35:05 [INFO] GripperOptimized:fast_loop:484 - 性能統計: 循環=2244000, 平均耗時=7.4ms, 最大耗時=51.7ms, 指令數=515
2025-07-20 04:35:25 [INFO] GripperOptimized:fast_loop:484 - 性能統計: 循環=2245000, 平均耗時=7.2ms, 最大耗時=51.7ms, 指令數=515
2025-07-20 04:35:46 [INFO] GripperOptimized:fast_loop:484 - 性能統計: 循環=2246000, 平均耗時=7.6ms, 最大耗時=51.7ms, 指令數=515
2025-07-20 04:36:07 [INFO] GripperOptimized:fast_loop:484 - 性能統計: 循環=2247000, 平均耗時=7.6ms, 最大耗時=51.7ms, 指令數=515
2025-07-20 04:36:27 [INFO] GripperOptimized:fast_loop:484 - 性能統計: 循環=2248000, 平均耗時=7.4ms, 最大耗時=51.7ms, 指令數=515
2025-07-20 04:36:48 [INFO] GripperOptimized:fast_loop:484 - 性能統計: 循環=2249000, 平均耗時=7.6ms, 最大耗時=51.7ms, 指令數=515
2025-07-20 04:37:09 [INFO] GripperOptimized:fast_loop:484 - 性能統計: 循環=2250000, 平均耗時=7.3ms, 最大耗時=51.7ms, 指令數=515
2025-07-20 04:37:29 [INFO] GripperOptimized:fast_loop:484 - 性能統計: 循環=2251000, 平均耗時=7.2ms, 最大耗時=51.7ms, 指令數=515
2025-07-20 04:37:50 [INFO] GripperOptimized:fast_loop:484 - 性能統計: 循環=2252000, 平均耗時=7.5ms, 最大耗時=51.7ms, 指令數=515
2025-07-20 04:38:11 [INFO] GripperOptimized:fast_loop:484 - 性能統計: 循環=2253000, 平均耗時=7.7ms, 最大耗時=51.7ms, 指令數=515
2025-07-20 04:38:31 [INFO] GripperOptimized:fast_loop:484 - 性能統計: 循環=2254000, 平均耗時=7.6ms, 最大耗時=51.7ms, 指令數=515
2025-07-20 04:38:52 [INFO] GripperOptimized:fast_loop:484 - 性能統計: 循環=2255000, 平均耗時=7.6ms, 最大耗時=51.7ms, 指令數=515
2025-07-20 04:39:13 [INFO] GripperOptimized:fast_loop:484 - 性能統計: 循環=2256000, 平均耗時=7.5ms, 最大耗時=51.7ms, 指令數=515
2025-07-20 04:39:33 [INFO] GripperOptimized:fast_loop:484 - 性能統計: 循環=2257000, 平均耗時=7.5ms, 最大耗時=51.7ms, 指令數=515
2025-07-20 04:39:54 [INFO] GripperOptimized:fast_loop:484 - 性能統計: 循環=2258000, 平均耗時=7.1ms, 最大耗時=51.7ms, 指令數=515
2025-07-20 04:40:15 [INFO] GripperOptimized:fast_loop:484 - 性能統計: 循環=2259000, 平均耗時=7.5ms, 最大耗時=51.7ms, 指令數=515
2025-07-20 04:40:35 [INFO] GripperOptimized:fast_loop:484 - 性能統計: 循環=2260000, 平均耗時=7.5ms, 最大耗時=51.7ms, 指令數=515
2025-07-20 04:40:56 [INFO] GripperOptimized:fast_loop:484 - 性能統計: 循環=2261000, 平均耗時=7.5ms, 最大耗時=51.7ms, 指令數=515
2025-07-20 04:41:17 [INFO] GripperOptimized:fast_loop:484 - 性能統計: 循環=2262000, 平均耗時=7.4ms, 最大耗時=51.7ms, 指令數=515
2025-07-20 04:41:37 [INFO] GripperOptimized:fast_loop:484 - 性能統計: 循環=2263000, 平均耗時=7.4ms, 最大耗時=51.7ms, 指令數=515
2025-07-20 04:41:58 [INFO] GripperOptimized:fast_loop:484 - 性能統計: 循環=2264000, 平均耗時=7.4ms, 最大耗時=51.7ms, 指令數=515
2025-07-20 04:42:19 [INFO] GripperOptimized:fast_loop:484 - 性能統計: 循環=2265000, 平均耗時=7.5ms, 最大耗時=51.7ms, 指令數=515
2025-07-20 04:42:39 [INFO] GripperOptimized:fast_loop:484 - 性能統計: 循環=2266000, 平均耗時=7.4ms, 最大耗時=51.7ms, 指令數=515
2025-07-20 04:43:00 [INFO] GripperOptimized:fast_loop:484 - 性能統計: 循環=2267000, 平均耗時=7.5ms, 最大耗時=51.7ms, 指令數=515
2025-07-20 04:43:21 [INFO] GripperOptimized:fast_loop:484 - 性能統計: 循環=2268000, 平均耗時=7.7ms, 最大耗時=51.7ms, 指令數=515
2025-07-20 04:43:41 [INFO] GripperOptimized:fast_loop:484 - 性能統計: 循環=2269000, 平均耗時=7.6ms, 最大耗時=51.7ms, 指令數=515
2025-07-20 04:44:02 [INFO] GripperOptimized:fast_loop:484 - 性能統計: 循環=2270000, 平均耗時=7.7ms, 最大耗時=51.7ms, 指令數=515
2025-07-20 04:44:22 [INFO] GripperOptimized:fast_loop:484 - 性能統計: 循環=2271000, 平均耗時=7.6ms, 最大耗時=51.7ms, 指令數=515
2025-07-20 04:44:43 [INFO] GripperOptimized:fast_loop:484 - 性能統計: 循環=2272000, 平均耗時=7.5ms, 最大耗時=51.7ms, 指令數=515
2025-07-20 04:45:04 [INFO] GripperOptimized:fast_loop:484 - 性能統計: 循環=2273000, 平均耗時=7.5ms, 最大耗時=51.7ms, 指令數=515
2025-07-20 04:45:24 [INFO] GripperOptimized:fast_loop:484 - 性能統計: 循環=2274000, 平均耗時=7.6ms, 最大耗時=51.7ms, 指令數=515
2025-07-20 04:45:45 [INFO] GripperOptimized:fast_loop:484 - 性能統計: 循環=2275000, 平均耗時=7.4ms, 最大耗時=51.7ms, 指令數=515
2025-07-20 04:46:06 [INFO] GripperOptimized:fast_loop:484 - 性能統計: 循環=2276000, 平均耗時=7.5ms, 最大耗時=51.7ms, 指令數=515
2025-07-20 04:46:26 [INFO] GripperOptimized:fast_loop:484 - 性能統計: 循環=2277000, 平均耗時=7.6ms, 最大耗時=51.7ms, 指令數=515
2025-07-20 04:46:47 [INFO] GripperOptimized:fast_loop:484 - 性能統計: 循環=2278000, 平均耗時=7.5ms, 最大耗時=51.7ms, 指令數=515
2025-07-20 04:47:08 [INFO] GripperOptimized:fast_loop:484 - 性能統計: 循環=2279000, 平均耗時=7.6ms, 最大耗時=51.7ms, 指令數=515
2025-07-20 04:47:28 [INFO] GripperOptimized:fast_loop:484 - 性能統計: 循環=2280000, 平均耗時=7.6ms, 最大耗時=51.7ms, 指令數=515
2025-07-20 04:47:49 [INFO] GripperOptimized:fast_loop:484 - 性能統計: 循環=2281000, 平均耗時=7.4ms, 最大耗時=51.7ms, 指令數=515
2025-07-20 04:48:09 [INFO] GripperOptimized:fast_loop:484 - 性能統計: 循環=2282000, 平均耗時=7.5ms, 最大耗時=51.7ms, 指令數=515
2025-07-20 04:48:30 [INFO] GripperOptimized:fast_loop:484 - 性能統計: 循環=2283000, 平均耗時=7.5ms, 最大耗時=51.7ms, 指令數=515
2025-07-20 04:48:51 [INFO] GripperOptimized:fast_loop:484 - 性能統計: 循環=2284000, 平均耗時=7.4ms, 最大耗時=51.7ms, 指令數=515
2025-07-20 04:49:11 [INFO] GripperOptimized:fast_loop:484 - 性能統計: 循環=2285000, 平均耗時=7.4ms, 最大耗時=51.7ms, 指令數=515
2025-07-20 04:49:32 [INFO] GripperOptimized:fast_loop:484 - 性能統計: 循環=2286000, 平均耗時=7.4ms, 最大耗時=51.7ms, 指令數=515
2025-07-20 04:49:53 [INFO] GripperOptimized:fast_loop:484 - 性能統計: 循環=2287000, 平均耗時=7.3ms, 最大耗時=51.7ms, 指令數=515
2025-07-20 04:50:13 [INFO] GripperOptimized:fast_loop:484 - 性能統計: 循環=2288000, 平均耗時=7.4ms, 最大耗時=51.7ms, 指令數=515
2025-07-20 04:50:34 [INFO] GripperOptimized:fast_loop:484 - 性能統計: 循環=2289000, 平均耗時=7.6ms, 最大耗時=51.7ms, 指令數=515
2025-07-20 04:50:55 [INFO] GripperOptimized:fast_loop:484 - 性能統計: 循環=2290000, 平均耗時=7.6ms, 最大耗時=51.7ms, 指令數=515
2025-07-20 04:51:15 [INFO] GripperOptimized:fast_loop:484 - 性能統計: 循環=2291000, 平均耗時=7.7ms, 最大耗時=51.7ms, 指令數=515
2025-07-20 04:51:36 [INFO] GripperOptimized:fast_loop:484 - 性能統計: 循環=2292000, 平均耗時=7.5ms, 最大耗時=51.7ms, 指令數=515
2025-07-20 04:51:57 [INFO] GripperOptimized:fast_loop:484 - 性能統計: 循環=2293000, 平均耗時=7.6ms, 最大耗時=51.7ms, 指令數=515
2025-07-20 04:52:17 [INFO] GripperOptimized:fast_loop:484 - 性能統計: 循環=2294000, 平均耗時=7.6ms, 最大耗時=51.7ms, 指令數=515
2025-07-20 04:52:38 [INFO] GripperOptimized:fast_loop:484 - 性能統計: 循環=2295000, 平均耗時=7.6ms, 最大耗時=51.7ms, 指令數=515
2025-07-20 04:52:58 [INFO] GripperOptimized:fast_loop:484 - 性能統計: 循環=2296000, 平均耗時=7.5ms, 最大耗時=51.7ms, 指令數=515
2025-07-20 04:53:19 [INFO] GripperOptimized:fast_loop:484 - 性能統計: 循環=2297000, 平均耗時=7.4ms, 最大耗時=51.7ms, 指令數=515
2025-07-20 04:53:40 [INFO] GripperOptimized:fast_loop:484 - 性能統計: 循環=2298000, 平均耗時=7.3ms, 最大耗時=51.7ms, 指令數=515
2025-07-20 04:54:00 [INFO] GripperOptimized:fast_loop:484 - 性能統計: 循環=2299000, 平均耗時=7.5ms, 最大耗時=51.7ms, 指令數=515
2025-07-20 04:54:21 [INFO] GripperOptimized:fast_loop:484 - 性能統計: 循環=2300000, 平均耗時=7.4ms, 最大耗時=51.7ms, 指令數=515
2025-07-20 04:54:42 [INFO] GripperOptimized:fast_loop:484 - 性能統計: 循環=2301000, 平均耗時=7.5ms, 最大耗時=51.7ms, 指令數=515
2025-07-20 04:55:02 [INFO] GripperOptimized:fast_loop:484 - 性能統計: 循環=2302000, 平均耗時=7.3ms, 最大耗時=51.7ms, 指令數=515
2025-07-20 04:55:23 [INFO] GripperOptimized:fast_loop:484 - 性能統計: 循環=2303000, 平均耗時=7.4ms, 最大耗時=51.7ms, 指令數=515
2025-07-20 04:55:44 [INFO] GripperOptimized:fast_loop:484 - 性能統計: 循環=2304000, 平均耗時=7.7ms, 最大耗時=51.7ms, 指令數=515
2025-07-20 04:56:04 [INFO] GripperOptimized:fast_loop:484 - 性能統計: 循環=2305000, 平均耗時=7.5ms, 最大耗時=51.7ms, 指令數=515
2025-07-20 04:56:25 [INFO] GripperOptimized:fast_loop:484 - 性能統計: 循環=2306000, 平均耗時=7.6ms, 最大耗時=51.7ms, 指令數=515
2025-07-20 04:56:46 [INFO] GripperOptimized:fast_loop:484 - 性能統計: 循環=2307000, 平均耗時=7.6ms, 最大耗時=51.7ms, 指令數=515
2025-07-20 04:57:06 [INFO] GripperOptimized:fast_loop:484 - 性能統計: 循環=2308000, 平均耗時=7.3ms, 最大耗時=51.7ms, 指令數=515
2025-07-20 04:57:27 [INFO] GripperOptimized:fast_loop:484 - 性能統計: 循環=2309000, 平均耗時=7.4ms, 最大耗時=51.7ms, 指令數=515
2025-07-20 04:57:47 [INFO] GripperOptimized:fast_loop:484 - 性能統計: 循環=2310000, 平均耗時=7.6ms, 最大耗時=51.7ms, 指令數=515
2025-07-20 04:58:08 [INFO] GripperOptimized:fast_loop:484 - 性能統計: 循環=2311000, 平均耗時=7.6ms, 最大耗時=51.7ms, 指令數=515
2025-07-20 04:58:29 [INFO] GripperOptimized:fast_loop:484 - 性能統計: 循環=2312000, 平均耗時=7.6ms, 最大耗時=51.7ms, 指令數=515
2025-07-20 04:58:49 [INFO] GripperOptimized:fast_loop:484 - 性能統計: 循環=2313000, 平均耗時=7.5ms, 最大耗時=51.7ms, 指令數=515
2025-07-20 04:59:10 [INFO] GripperOptimized:fast_loop:484 - 性能統計: 循環=2314000, 平均耗時=7.6ms, 最大耗時=51.7ms, 指令數=515
2025-07-20 04:59:31 [INFO] GripperOptimized:fast_loop:484 - 性能統計: 循環=2315000, 平均耗時=7.4ms, 最大耗時=51.7ms, 指令數=515
2025-07-20 04:59:51 [INFO] GripperOptimized:fast_loop:484 - 性能統計: 循環=2316000, 平均耗時=7.6ms, 最大耗時=51.7ms, 指令數=515
2025-07-20 05:00:12 [INFO] GripperOptimized:fast_loop:484 - 性能統計: 循環=2317000, 平均耗時=7.2ms, 最大耗時=51.7ms, 指令數=515
2025-07-20 05:00:33 [INFO] GripperOptimized:fast_loop:484 - 性能統計: 循環=2318000, 平均耗時=7.5ms, 最大耗時=51.7ms, 指令數=515
2025-07-20 05:00:53 [INFO] GripperOptimized:fast_loop:484 - 性能統計: 循環=2319000, 平均耗時=7.6ms, 最大耗時=51.7ms, 指令數=515
2025-07-20 05:01:14 [INFO] GripperOptimized:fast_loop:484 - 性能統計: 循環=2320000, 平均耗時=7.6ms, 最大耗時=51.7ms, 指令數=515
2025-07-20 05:01:35 [INFO] GripperOptimized:fast_loop:484 - 性能統計: 循環=2321000, 平均耗時=7.7ms, 最大耗時=51.7ms, 指令數=515
2025-07-20 05:01:55 [INFO] GripperOptimized:fast_loop:484 - 性能統計: 循環=2322000, 平均耗時=7.5ms, 最大耗時=51.7ms, 指令數=515
2025-07-20 05:02:16 [INFO] GripperOptimized:fast_loop:484 - 性能統計: 循環=2323000, 平均耗時=7.7ms, 最大耗時=51.7ms, 指令數=515
2025-07-20 05:02:37 [INFO] GripperOptimized:fast_loop:484 - 性能統計: 循環=2324000, 平均耗時=7.5ms, 最大耗時=51.7ms, 指令數=515
2025-07-20 05:02:57 [INFO] GripperOptimized:fast_loop:484 - 性能統計: 循環=2325000, 平均耗時=7.5ms, 最大耗時=51.7ms, 指令數=515
2025-07-20 05:03:18 [INFO] GripperOptimized:fast_loop:484 - 性能統計: 循環=2326000, 平均耗時=7.5ms, 最大耗時=51.7ms, 指令數=515
2025-07-20 05:03:38 [INFO] GripperOptimized:fast_loop:484 - 性能統計: 循環=2327000, 平均耗時=7.5ms, 最大耗時=51.7ms, 指令數=515
2025-07-20 05:03:59 [INFO] GripperOptimized:fast_loop:484 - 性能統計: 循環=2328000, 平均耗時=7.6ms, 最大耗時=51.7ms, 指令數=515
2025-07-20 05:04:20 [INFO] GripperOptimized:fast_loop:484 - 性能統計: 循環=2329000, 平均耗時=7.6ms, 最大耗時=51.7ms, 指令數=515
2025-07-20 05:04:40 [INFO] GripperOptimized:fast_loop:484 - 性能統計: 循環=2330000, 平均耗時=7.5ms, 最大耗時=51.7ms, 指令數=515
2025-07-20 05:05:01 [INFO] GripperOptimized:fast_loop:484 - 性能統計: 循環=2331000, 平均耗時=7.5ms, 最大耗時=51.7ms, 指令數=515
2025-07-20 05:05:22 [INFO] GripperOptimized:fast_loop:484 - 性能統計: 循環=2332000, 平均耗時=7.3ms, 最大耗時=51.7ms, 指令數=515
2025-07-20 05:05:42 [INFO] GripperOptimized:fast_loop:484 - 性能統計: 循環=2333000, 平均耗時=7.7ms, 最大耗時=51.7ms, 指令數=515
2025-07-20 05:06:03 [INFO] GripperOptimized:fast_loop:484 - 性能統計: 循環=2334000, 平均耗時=7.5ms, 最大耗時=51.7ms, 指令數=515
2025-07-20 05:06:24 [INFO] GripperOptimized:fast_loop:484 - 性能統計: 循環=2335000, 平均耗時=7.4ms, 最大耗時=51.7ms, 指令數=515
2025-07-20 05:06:44 [INFO] GripperOptimized:fast_loop:484 - 性能統計: 循環=2336000, 平均耗時=7.7ms, 最大耗時=51.7ms, 指令數=515
2025-07-20 05:07:05 [INFO] GripperOptimized:fast_loop:484 - 性能統計: 循環=2337000, 平均耗時=7.6ms, 最大耗時=51.7ms, 指令數=515
2025-07-20 05:07:26 [INFO] GripperOptimized:fast_loop:484 - 性能統計: 循環=2338000, 平均耗時=7.6ms, 最大耗時=51.7ms, 指令數=515
2025-07-20 05:07:46 [INFO] GripperOptimized:fast_loop:484 - 性能統計: 循環=2339000, 平均耗時=7.6ms, 最大耗時=51.7ms, 指令數=515
2025-07-20 05:08:07 [INFO] GripperOptimized:fast_loop:484 - 性能統計: 循環=2340000, 平均耗時=7.6ms, 最大耗時=51.7ms, 指令數=515
2025-07-20 05:08:27 [INFO] GripperOptimized:fast_loop:484 - 性能統計: 循環=2341000, 平均耗時=7.5ms, 最大耗時=51.7ms, 指令數=515
2025-07-20 05:08:48 [INFO] GripperOptimized:fast_loop:484 - 性能統計: 循環=2342000, 平均耗時=7.5ms, 最大耗時=51.7ms, 指令數=515
2025-07-20 05:09:09 [INFO] GripperOptimized:fast_loop:484 - 性能統計: 循環=2343000, 平均耗時=7.8ms, 最大耗時=51.7ms, 指令數=515
2025-07-20 05:09:29 [INFO] GripperOptimized:fast_loop:484 - 性能統計: 循環=2344000, 平均耗時=7.5ms, 最大耗時=51.7ms, 指令數=515
2025-07-20 05:09:50 [INFO] GripperOptimized:fast_loop:484 - 性能統計: 循環=2345000, 平均耗時=7.6ms, 最大耗時=51.7ms, 指令數=515
2025-07-20 05:10:11 [INFO] GripperOptimized:fast_loop:484 - 性能統計: 循環=2346000, 平均耗時=7.4ms, 最大耗時=51.7ms, 指令數=515
2025-07-20 05:10:31 [INFO] GripperOptimized:fast_loop:484 - 性能統計: 循環=2347000, 平均耗時=7.5ms, 最大耗時=51.7ms, 指令數=515
2025-07-20 05:10:52 [INFO] GripperOptimized:fast_loop:484 - 性能統計: 循環=2348000, 平均耗時=7.7ms, 最大耗時=51.7ms, 指令數=515
2025-07-20 05:11:13 [INFO] GripperOptimized:fast_loop:484 - 性能統計: 循環=2349000, 平均耗時=7.6ms, 最大耗時=51.7ms, 指令數=515
2025-07-20 05:11:33 [INFO] GripperOptimized:fast_loop:484 - 性能統計: 循環=2350000, 平均耗時=7.3ms, 最大耗時=51.7ms, 指令數=515
2025-07-20 05:11:54 [INFO] GripperOptimized:fast_loop:484 - 性能統計: 循環=2351000, 平均耗時=7.7ms, 最大耗時=51.7ms, 指令數=515
2025-07-20 05:12:15 [INFO] GripperOptimized:fast_loop:484 - 性能統計: 循環=2352000, 平均耗時=7.2ms, 最大耗時=51.7ms, 指令數=515
2025-07-20 05:12:35 [INFO] GripperOptimized:fast_loop:484 - 性能統計: 循環=2353000, 平均耗時=7.8ms, 最大耗時=51.7ms, 指令數=515
2025-07-20 05:12:56 [INFO] GripperOptimized:fast_loop:484 - 性能統計: 循環=2354000, 平均耗時=7.5ms, 最大耗時=51.7ms, 指令數=515
2025-07-20 05:13:16 [INFO] GripperOptimized:fast_loop:484 - 性能統計: 循環=2355000, 平均耗時=7.6ms, 最大耗時=51.7ms, 指令數=515
2025-07-20 05:13:37 [INFO] GripperOptimized:fast_loop:484 - 性能統計: 循環=2356000, 平均耗時=7.5ms, 最大耗時=51.7ms, 指令數=515
2025-07-20 05:13:58 [INFO] GripperOptimized:fast_loop:484 - 性能統計: 循環=2357000, 平均耗時=7.4ms, 最大耗時=51.7ms, 指令數=515
2025-07-20 05:14:18 [INFO] GripperOptimized:fast_loop:484 - 性能統計: 循環=2358000, 平均耗時=7.5ms, 最大耗時=51.7ms, 指令數=515
2025-07-20 05:14:39 [INFO] GripperOptimized:fast_loop:484 - 性能統計: 循環=2359000, 平均耗時=7.6ms, 最大耗時=51.7ms, 指令數=515
2025-07-20 05:15:00 [INFO] GripperOptimized:fast_loop:484 - 性能統計: 循環=2360000, 平均耗時=7.5ms, 最大耗時=51.7ms, 指令數=515
2025-07-20 05:15:20 [INFO] GripperOptimized:fast_loop:484 - 性能統計: 循環=2361000, 平均耗時=7.5ms, 最大耗時=51.7ms, 指令數=515
2025-07-20 05:15:41 [INFO] GripperOptimized:fast_loop:484 - 性能統計: 循環=2362000, 平均耗時=7.4ms, 最大耗時=51.7ms, 指令數=515
2025-07-20 05:16:02 [INFO] GripperOptimized:fast_loop:484 - 性能統計: 循環=2363000, 平均耗時=7.7ms, 最大耗時=51.7ms, 指令數=515
2025-07-20 05:16:22 [INFO] GripperOptimized:fast_loop:484 - 性能統計: 循環=2364000, 平均耗時=7.6ms, 最大耗時=51.7ms, 指令數=515
2025-07-20 05:16:43 [INFO] GripperOptimized:fast_loop:484 - 性能統計: 循環=2365000, 平均耗時=7.5ms, 最大耗時=51.7ms, 指令數=515
2025-07-20 05:17:04 [INFO] GripperOptimized:fast_loop:484 - 性能統計: 循環=2366000, 平均耗時=7.5ms, 最大耗時=51.7ms, 指令數=515
2025-07-20 05:17:24 [INFO] GripperOptimized:fast_loop:484 - 性能統計: 循環=2367000, 平均耗時=7.4ms, 最大耗時=51.7ms, 指令數=515
2025-07-20 05:17:45 [INFO] GripperOptimized:fast_loop:484 - 性能統計: 循環=2368000, 平均耗時=7.5ms, 最大耗時=51.7ms, 指令數=515
2025-07-20 05:18:06 [INFO] GripperOptimized:fast_loop:484 - 性能統計: 循環=2369000, 平均耗時=7.7ms, 最大耗時=51.7ms, 指令數=515
2025-07-20 05:18:26 [INFO] GripperOptimized:fast_loop:484 - 性能統計: 循環=2370000, 平均耗時=7.4ms, 最大耗時=51.7ms, 指令數=515
2025-07-20 05:18:47 [INFO] GripperOptimized:fast_loop:484 - 性能統計: 循環=2371000, 平均耗時=7.5ms, 最大耗時=51.7ms, 指令數=515
2025-07-20 05:19:07 [INFO] GripperOptimized:fast_loop:484 - 性能統計: 循環=2372000, 平均耗時=7.7ms, 最大耗時=51.7ms, 指令數=515
2025-07-20 05:19:28 [INFO] GripperOptimized:fast_loop:484 - 性能統計: 循環=2373000, 平均耗時=7.4ms, 最大耗時=51.7ms, 指令數=515
2025-07-20 05:19:49 [INFO] GripperOptimized:fast_loop:484 - 性能統計: 循環=2374000, 平均耗時=7.5ms, 最大耗時=51.7ms, 指令數=515
2025-07-20 05:20:09 [INFO] GripperOptimized:fast_loop:484 - 性能統計: 循環=2375000, 平均耗時=7.6ms, 最大耗時=51.7ms, 指令數=515
2025-07-20 05:20:30 [INFO] GripperOptimized:fast_loop:484 - 性能統計: 循環=2376000, 平均耗時=7.6ms, 最大耗時=51.7ms, 指令數=515
2025-07-20 05:20:51 [INFO] GripperOptimized:fast_loop:484 - 性能統計: 循環=2377000, 平均耗時=7.7ms, 最大耗時=51.7ms, 指令數=515
2025-07-20 05:21:11 [INFO] GripperOptimized:fast_loop:484 - 性能統計: 循環=2378000, 平均耗時=7.6ms, 最大耗時=51.7ms, 指令數=515
2025-07-20 05:21:32 [INFO] GripperOptimized:fast_loop:484 - 性能統計: 循環=2379000, 平均耗時=7.6ms, 最大耗時=51.7ms, 指令數=515
2025-07-20 05:21:53 [INFO] GripperOptimized:fast_loop:484 - 性能統計: 循環=2380000, 平均耗時=7.8ms, 最大耗時=51.7ms, 指令數=515
2025-07-20 05:22:13 [INFO] GripperOptimized:fast_loop:484 - 性能統計: 循環=2381000, 平均耗時=7.7ms, 最大耗時=51.7ms, 指令數=515
2025-07-20 05:22:34 [INFO] GripperOptimized:fast_loop:484 - 性能統計: 循環=2382000, 平均耗時=7.5ms, 最大耗時=51.7ms, 指令數=515
2025-07-20 05:22:55 [INFO] GripperOptimized:fast_loop:484 - 性能統計: 循環=2383000, 平均耗時=7.6ms, 最大耗時=51.7ms, 指令數=515
2025-07-20 05:23:15 [INFO] GripperOptimized:fast_loop:484 - 性能統計: 循環=2384000, 平均耗時=7.2ms, 最大耗時=51.7ms, 指令數=515
2025-07-20 05:23:36 [INFO] GripperOptimized:fast_loop:484 - 性能統計: 循環=2385000, 平均耗時=7.7ms, 最大耗時=51.7ms, 指令數=515
2025-07-20 05:23:57 [INFO] GripperOptimized:fast_loop:484 - 性能統計: 循環=2386000, 平均耗時=7.5ms, 最大耗時=51.7ms, 指令數=515
2025-07-20 05:24:17 [INFO] GripperOptimized:fast_loop:484 - 性能統計: 循環=2387000, 平均耗時=7.4ms, 最大耗時=51.7ms, 指令數=515
2025-07-20 05:24:38 [INFO] GripperOptimized:fast_loop:484 - 性能統計: 循環=2388000, 平均耗時=7.5ms, 最大耗時=51.7ms, 指令數=515
2025-07-20 05:24:58 [INFO] GripperOptimized:fast_loop:484 - 性能統計: 循環=2389000, 平均耗時=7.4ms, 最大耗時=51.7ms, 指令數=515
2025-07-20 05:25:19 [INFO] GripperOptimized:fast_loop:484 - 性能統計: 循環=2390000, 平均耗時=7.4ms, 最大耗時=51.7ms, 指令數=515
2025-07-20 05:25:40 [INFO] GripperOptimized:fast_loop:484 - 性能統計: 循環=2391000, 平均耗時=7.7ms, 最大耗時=51.7ms, 指令數=515
2025-07-20 05:26:00 [INFO] GripperOptimized:fast_loop:484 - 性能統計: 循環=2392000, 平均耗時=7.3ms, 最大耗時=51.7ms, 指令數=515
2025-07-20 05:26:21 [INFO] GripperOptimized:fast_loop:484 - 性能統計: 循環=2393000, 平均耗時=7.7ms, 最大耗時=51.7ms, 指令數=515
2025-07-20 05:26:42 [INFO] GripperOptimized:fast_loop:484 - 性能統計: 循環=2394000, 平均耗時=7.5ms, 最大耗時=51.7ms, 指令數=515
2025-07-20 05:27:02 [INFO] GripperOptimized:fast_loop:484 - 性能統計: 循環=2395000, 平均耗時=7.6ms, 最大耗時=51.7ms, 指令數=515
2025-07-20 05:27:23 [INFO] GripperOptimized:fast_loop:484 - 性能統計: 循環=2396000, 平均耗時=7.6ms, 最大耗時=51.7ms, 指令數=515
2025-07-20 05:27:44 [INFO] GripperOptimized:fast_loop:484 - 性能統計: 循環=2397000, 平均耗時=7.6ms, 最大耗時=51.7ms, 指令數=515
2025-07-20 05:28:04 [INFO] GripperOptimized:fast_loop:484 - 性能統計: 循環=2398000, 平均耗時=7.6ms, 最大耗時=51.7ms, 指令數=515
2025-07-20 05:28:25 [INFO] GripperOptimized:fast_loop:484 - 性能統計: 循環=2399000, 平均耗時=7.5ms, 最大耗時=51.7ms, 指令數=515
2025-07-20 05:28:46 [INFO] GripperOptimized:fast_loop:484 - 性能統計: 循環=2400000, 平均耗時=7.3ms, 最大耗時=51.7ms, 指令數=515
2025-07-20 05:29:06 [INFO] GripperOptimized:fast_loop:484 - 性能統計: 循環=2401000, 平均耗時=7.5ms, 最大耗時=51.7ms, 指令數=515
2025-07-20 05:29:27 [INFO] GripperOptimized:fast_loop:484 - 性能統計: 循環=2402000, 平均耗時=7.6ms, 最大耗時=51.7ms, 指令數=515
2025-07-20 05:29:47 [INFO] GripperOptimized:fast_loop:484 - 性能統計: 循環=2403000, 平均耗時=7.6ms, 最大耗時=51.7ms, 指令數=515
2025-07-20 05:30:08 [INFO] GripperOptimized:fast_loop:484 - 性能統計: 循環=2404000, 平均耗時=7.4ms, 最大耗時=51.7ms, 指令數=515
2025-07-20 05:30:29 [INFO] GripperOptimized:fast_loop:484 - 性能統計: 循環=2405000, 平均耗時=7.3ms, 最大耗時=51.7ms, 指令數=515
2025-07-20 05:30:49 [INFO] GripperOptimized:fast_loop:484 - 性能統計: 循環=2406000, 平均耗時=7.6ms, 最大耗時=51.7ms, 指令數=515
2025-07-20 05:31:10 [INFO] GripperOptimized:fast_loop:484 - 性能統計: 循環=2407000, 平均耗時=7.3ms, 最大耗時=51.7ms, 指令數=515
2025-07-20 05:31:31 [INFO] GripperOptimized:fast_loop:484 - 性能統計: 循環=2408000, 平均耗時=7.5ms, 最大耗時=51.7ms, 指令數=515
2025-07-20 05:31:51 [INFO] GripperOptimized:fast_loop:484 - 性能統計: 循環=2409000, 平均耗時=7.6ms, 最大耗時=51.7ms, 指令數=515
2025-07-20 05:32:12 [INFO] GripperOptimized:fast_loop:484 - 性能統計: 循環=2410000, 平均耗時=7.6ms, 最大耗時=51.7ms, 指令數=515
2025-07-20 05:32:33 [INFO] GripperOptimized:fast_loop:484 - 性能統計: 循環=2411000, 平均耗時=7.6ms, 最大耗時=51.7ms, 指令數=515
2025-07-20 05:32:53 [INFO] GripperOptimized:fast_loop:484 - 性能統計: 循環=2412000, 平均耗時=7.7ms, 最大耗時=51.7ms, 指令數=515
2025-07-20 05:33:14 [INFO] GripperOptimized:fast_loop:484 - 性能統計: 循環=2413000, 平均耗時=7.4ms, 最大耗時=51.7ms, 指令數=515
2025-07-20 05:33:35 [INFO] GripperOptimized:fast_loop:484 - 性能統計: 循環=2414000, 平均耗時=7.4ms, 最大耗時=51.7ms, 指令數=515
2025-07-20 05:33:55 [INFO] GripperOptimized:fast_loop:484 - 性能統計: 循環=2415000, 平均耗時=7.5ms, 最大耗時=51.7ms, 指令數=515
2025-07-20 05:34:16 [INFO] GripperOptimized:fast_loop:484 - 性能統計: 循環=2416000, 平均耗時=7.6ms, 最大耗時=51.7ms, 指令數=515
2025-07-20 05:34:36 [INFO] GripperOptimized:fast_loop:484 - 性能統計: 循環=2417000, 平均耗時=7.4ms, 最大耗時=51.7ms, 指令數=515
2025-07-20 05:34:57 [INFO] GripperOptimized:fast_loop:484 - 性能統計: 循環=2418000, 平均耗時=7.7ms, 最大耗時=51.7ms, 指令數=515
2025-07-20 05:35:18 [INFO] GripperOptimized:fast_loop:484 - 性能統計: 循環=2419000, 平均耗時=7.6ms, 最大耗時=51.7ms, 指令數=515
2025-07-20 05:35:38 [INFO] GripperOptimized:fast_loop:484 - 性能統計: 循環=2420000, 平均耗時=7.6ms, 最大耗時=51.7ms, 指令數=515
2025-07-20 05:35:59 [INFO] GripperOptimized:fast_loop:484 - 性能統計: 循環=2421000, 平均耗時=7.6ms, 最大耗時=51.7ms, 指令數=515
2025-07-20 05:36:20 [INFO] GripperOptimized:fast_loop:484 - 性能統計: 循環=2422000, 平均耗時=7.3ms, 最大耗時=51.7ms, 指令數=515
2025-07-20 05:36:40 [INFO] GripperOptimized:fast_loop:484 - 性能統計: 循環=2423000, 平均耗時=7.4ms, 最大耗時=51.7ms, 指令數=515
2025-07-20 05:37:01 [INFO] GripperOptimized:fast_loop:484 - 性能統計: 循環=2424000, 平均耗時=7.7ms, 最大耗時=51.7ms, 指令數=515
2025-07-20 05:37:22 [INFO] GripperOptimized:fast_loop:484 - 性能統計: 循環=2425000, 平均耗時=7.5ms, 最大耗時=51.7ms, 指令數=515
2025-07-20 05:37:42 [INFO] GripperOptimized:fast_loop:484 - 性能統計: 循環=2426000, 平均耗時=7.6ms, 最大耗時=51.7ms, 指令數=515
2025-07-20 05:38:03 [INFO] GripperOptimized:fast_loop:484 - 性能統計: 循環=2427000, 平均耗時=7.4ms, 最大耗時=51.7ms, 指令數=515
2025-07-20 05:38:24 [INFO] GripperOptimized:fast_loop:484 - 性能統計: 循環=2428000, 平均耗時=7.5ms, 最大耗時=51.7ms, 指令數=515
2025-07-20 05:38:44 [INFO] GripperOptimized:fast_loop:484 - 性能統計: 循環=2429000, 平均耗時=7.3ms, 最大耗時=51.7ms, 指令數=515
2025-07-20 05:39:05 [INFO] GripperOptimized:fast_loop:484 - 性能統計: 循環=2430000, 平均耗時=7.4ms, 最大耗時=51.7ms, 指令數=515
2025-07-20 05:39:25 [INFO] GripperOptimized:fast_loop:484 - 性能統計: 循環=2431000, 平均耗時=7.6ms, 最大耗時=51.7ms, 指令數=515
2025-07-20 05:39:46 [INFO] GripperOptimized:fast_loop:484 - 性能統計: 循環=2432000, 平均耗時=7.6ms, 最大耗時=51.7ms, 指令數=515
2025-07-20 05:40:07 [INFO] GripperOptimized:fast_loop:484 - 性能統計: 循環=2433000, 平均耗時=7.5ms, 最大耗時=51.7ms, 指令數=515
2025-07-20 05:40:27 [INFO] GripperOptimized:fast_loop:484 - 性能統計: 循環=2434000, 平均耗時=7.8ms, 最大耗時=51.7ms, 指令數=515
2025-07-20 05:40:48 [INFO] GripperOptimized:fast_loop:484 - 性能統計: 循環=2435000, 平均耗時=7.6ms, 最大耗時=51.7ms, 指令數=515
2025-07-20 05:41:09 [INFO] GripperOptimized:fast_loop:484 - 性能統計: 循環=2436000, 平均耗時=7.4ms, 最大耗時=51.7ms, 指令數=515
2025-07-20 05:41:29 [INFO] GripperOptimized:fast_loop:484 - 性能統計: 循環=2437000, 平均耗時=7.5ms, 最大耗時=51.7ms, 指令數=515
2025-07-20 05:41:50 [INFO] GripperOptimized:fast_loop:484 - 性能統計: 循環=2438000, 平均耗時=7.6ms, 最大耗時=51.7ms, 指令數=515
2025-07-20 05:42:11 [INFO] GripperOptimized:fast_loop:484 - 性能統計: 循環=2439000, 平均耗時=7.5ms, 最大耗時=51.7ms, 指令數=515
2025-07-20 05:42:31 [INFO] GripperOptimized:fast_loop:484 - 性能統計: 循環=2440000, 平均耗時=7.5ms, 最大耗時=51.7ms, 指令數=515
2025-07-20 05:42:52 [INFO] GripperOptimized:fast_loop:484 - 性能統計: 循環=2441000, 平均耗時=7.6ms, 最大耗時=51.7ms, 指令數=515
2025-07-20 05:43:13 [INFO] GripperOptimized:fast_loop:484 - 性能統計: 循環=2442000, 平均耗時=7.5ms, 最大耗時=51.7ms, 指令數=515
2025-07-20 05:43:33 [INFO] GripperOptimized:fast_loop:484 - 性能統計: 循環=2443000, 平均耗時=7.5ms, 最大耗時=51.7ms, 指令數=515
2025-07-20 05:43:54 [INFO] GripperOptimized:fast_loop:484 - 性能統計: 循環=2444000, 平均耗時=7.6ms, 最大耗時=51.7ms, 指令數=515
2025-07-20 05:44:14 [INFO] GripperOptimized:fast_loop:484 - 性能統計: 循環=2445000, 平均耗時=7.3ms, 最大耗時=51.7ms, 指令數=515
2025-07-20 05:44:35 [INFO] GripperOptimized:fast_loop:484 - 性能統計: 循環=2446000, 平均耗時=7.4ms, 最大耗時=51.7ms, 指令數=515
2025-07-20 05:44:56 [INFO] GripperOptimized:fast_loop:484 - 性能統計: 循環=2447000, 平均耗時=7.4ms, 最大耗時=51.7ms, 指令數=515
2025-07-20 05:45:16 [INFO] GripperOptimized:fast_loop:484 - 性能統計: 循環=2448000, 平均耗時=7.5ms, 最大耗時=51.7ms, 指令數=515
2025-07-20 05:45:37 [INFO] GripperOptimized:fast_loop:484 - 性能統計: 循環=2449000, 平均耗時=7.7ms, 最大耗時=51.7ms, 指令數=515
2025-07-20 05:45:58 [INFO] GripperOptimized:fast_loop:484 - 性能統計: 循環=2450000, 平均耗時=7.7ms, 最大耗時=51.7ms, 指令數=515
2025-07-20 05:46:18 [INFO] GripperOptimized:fast_loop:484 - 性能統計: 循環=2451000, 平均耗時=7.4ms, 最大耗時=51.7ms, 指令數=515
2025-07-20 05:46:39 [INFO] GripperOptimized:fast_loop:484 - 性能統計: 循環=2452000, 平均耗時=7.3ms, 最大耗時=51.7ms, 指令數=515
2025-07-20 05:47:00 [INFO] GripperOptimized:fast_loop:484 - 性能統計: 循環=2453000, 平均耗時=7.6ms, 最大耗時=51.7ms, 指令數=515
2025-07-20 05:47:20 [INFO] GripperOptimized:fast_loop:484 - 性能統計: 循環=2454000, 平均耗時=7.6ms, 最大耗時=51.7ms, 指令數=515
2025-07-20 05:47:41 [INFO] GripperOptimized:fast_loop:484 - 性能統計: 循環=2455000, 平均耗時=7.3ms, 最大耗時=51.7ms, 指令數=515
2025-07-20 05:48:02 [INFO] GripperOptimized:fast_loop:484 - 性能統計: 循環=2456000, 平均耗時=7.8ms, 最大耗時=51.7ms, 指令數=515
2025-07-20 05:48:22 [INFO] GripperOptimized:fast_loop:484 - 性能統計: 循環=2457000, 平均耗時=7.4ms, 最大耗時=51.7ms, 指令數=515
2025-07-20 05:48:43 [INFO] GripperOptimized:fast_loop:484 - 性能統計: 循環=2458000, 平均耗時=7.3ms, 最大耗時=51.7ms, 指令數=515
2025-07-20 05:49:04 [INFO] GripperOptimized:fast_loop:484 - 性能統計: 循環=2459000, 平均耗時=7.3ms, 最大耗時=51.7ms, 指令數=515
2025-07-20 05:49:24 [INFO] GripperOptimized:fast_loop:484 - 性能統計: 循環=2460000, 平均耗時=7.3ms, 最大耗時=51.7ms, 指令數=515
2025-07-20 05:49:45 [INFO] GripperOptimized:fast_loop:484 - 性能統計: 循環=2461000, 平均耗時=7.6ms, 最大耗時=51.7ms, 指令數=515
2025-07-20 05:50:05 [INFO] GripperOptimized:fast_loop:484 - 性能統計: 循環=2462000, 平均耗時=7.4ms, 最大耗時=51.7ms, 指令數=515
2025-07-20 05:50:26 [INFO] GripperOptimized:fast_loop:484 - 性能統計: 循環=2463000, 平均耗時=7.6ms, 最大耗時=51.7ms, 指令數=515
2025-07-20 05:50:47 [INFO] GripperOptimized:fast_loop:484 - 性能統計: 循環=2464000, 平均耗時=7.7ms, 最大耗時=51.7ms, 指令數=515
2025-07-20 05:51:07 [INFO] GripperOptimized:fast_loop:484 - 性能統計: 循環=2465000, 平均耗時=7.4ms, 最大耗時=51.7ms, 指令數=515
2025-07-20 05:51:28 [INFO] GripperOptimized:fast_loop:484 - 性能統計: 循環=2466000, 平均耗時=7.7ms, 最大耗時=51.7ms, 指令數=515
2025-07-20 05:51:49 [INFO] GripperOptimized:fast_loop:484 - 性能統計: 循環=2467000, 平均耗時=7.6ms, 最大耗時=51.7ms, 指令數=515
2025-07-20 05:52:09 [INFO] GripperOptimized:fast_loop:484 - 性能統計: 循環=2468000, 平均耗時=7.3ms, 最大耗時=51.7ms, 指令數=515
2025-07-20 05:52:30 [INFO] GripperOptimized:fast_loop:484 - 性能統計: 循環=2469000, 平均耗時=7.6ms, 最大耗時=51.7ms, 指令數=515
2025-07-20 05:52:51 [INFO] GripperOptimized:fast_loop:484 - 性能統計: 循環=2470000, 平均耗時=7.6ms, 最大耗時=51.7ms, 指令數=515
2025-07-20 05:53:11 [INFO] GripperOptimized:fast_loop:484 - 性能統計: 循環=2471000, 平均耗時=7.7ms, 最大耗時=51.7ms, 指令數=515
2025-07-20 05:53:32 [INFO] GripperOptimized:fast_loop:484 - 性能統計: 循環=2472000, 平均耗時=7.6ms, 最大耗時=51.7ms, 指令數=515
2025-07-20 05:53:53 [INFO] GripperOptimized:fast_loop:484 - 性能統計: 循環=2473000, 平均耗時=7.7ms, 最大耗時=51.7ms, 指令數=515
2025-07-20 05:54:13 [INFO] GripperOptimized:fast_loop:484 - 性能統計: 循環=2474000, 平均耗時=7.6ms, 最大耗時=51.7ms, 指令數=515
2025-07-20 05:54:34 [INFO] GripperOptimized:fast_loop:484 - 性能統計: 循環=2475000, 平均耗時=7.6ms, 最大耗時=51.7ms, 指令數=515
2025-07-20 05:54:54 [INFO] GripperOptimized:fast_loop:484 - 性能統計: 循環=2476000, 平均耗時=7.8ms, 最大耗時=51.7ms, 指令數=515
2025-07-20 05:55:15 [INFO] GripperOptimized:fast_loop:484 - 性能統計: 循環=2477000, 平均耗時=7.5ms, 最大耗時=51.7ms, 指令數=515
2025-07-20 05:55:36 [INFO] GripperOptimized:fast_loop:484 - 性能統計: 循環=2478000, 平均耗時=7.3ms, 最大耗時=51.7ms, 指令數=515
2025-07-20 05:55:56 [INFO] GripperOptimized:fast_loop:484 - 性能統計: 循環=2479000, 平均耗時=7.5ms, 最大耗時=51.7ms, 指令數=515
2025-07-20 05:56:17 [INFO] GripperOptimized:fast_loop:484 - 性能統計: 循環=2480000, 平均耗時=7.5ms, 最大耗時=51.7ms, 指令數=515
2025-07-20 05:56:38 [INFO] GripperOptimized:fast_loop:484 - 性能統計: 循環=2481000, 平均耗時=7.4ms, 最大耗時=51.7ms, 指令數=515
2025-07-20 05:56:58 [INFO] GripperOptimized:fast_loop:484 - 性能統計: 循環=2482000, 平均耗時=7.4ms, 最大耗時=51.7ms, 指令數=515
2025-07-20 05:57:19 [INFO] GripperOptimized:fast_loop:484 - 性能統計: 循環=2483000, 平均耗時=7.5ms, 最大耗時=51.7ms, 指令數=515
2025-07-20 05:57:40 [INFO] GripperOptimized:fast_loop:484 - 性能統計: 循環=2484000, 平均耗時=7.5ms, 最大耗時=51.7ms, 指令數=515
2025-07-20 05:58:00 [INFO] GripperOptimized:fast_loop:484 - 性能統計: 循環=2485000, 平均耗時=7.6ms, 最大耗時=51.7ms, 指令數=515
2025-07-20 05:58:21 [INFO] GripperOptimized:fast_loop:484 - 性能統計: 循環=2486000, 平均耗時=7.6ms, 最大耗時=51.7ms, 指令數=515
2025-07-20 05:58:42 [INFO] GripperOptimized:fast_loop:484 - 性能統計: 循環=2487000, 平均耗時=7.6ms, 最大耗時=51.7ms, 指令數=515
2025-07-20 05:59:02 [INFO] GripperOptimized:fast_loop:484 - 性能統計: 循環=2488000, 平均耗時=7.5ms, 最大耗時=51.7ms, 指令數=515
2025-07-20 05:59:23 [INFO] GripperOptimized:fast_loop:484 - 性能統計: 循環=2489000, 平均耗時=7.3ms, 最大耗時=51.7ms, 指令數=515
2025-07-20 05:59:43 [INFO] GripperOptimized:fast_loop:484 - 性能統計: 循環=2490000, 平均耗時=7.5ms, 最大耗時=51.7ms, 指令數=515
2025-07-20 06:00:04 [INFO] GripperOptimized:fast_loop:484 - 性能統計: 循環=2491000, 平均耗時=7.4ms, 最大耗時=51.7ms, 指令數=515
2025-07-20 06:00:25 [INFO] GripperOptimized:fast_loop:484 - 性能統計: 循環=2492000, 平均耗時=7.3ms, 最大耗時=51.7ms, 指令數=515
2025-07-20 06:00:45 [INFO] GripperOptimized:fast_loop:484 - 性能統計: 循環=2493000, 平均耗時=7.5ms, 最大耗時=51.7ms, 指令數=515
2025-07-20 06:01:06 [INFO] GripperOptimized:fast_loop:484 - 性能統計: 循環=2494000, 平均耗時=7.5ms, 最大耗時=51.7ms, 指令數=515
2025-07-20 06:01:27 [INFO] GripperOptimized:fast_loop:484 - 性能統計: 循環=2495000, 平均耗時=7.4ms, 最大耗時=51.7ms, 指令數=515
2025-07-20 06:01:47 [INFO] GripperOptimized:fast_loop:484 - 性能統計: 循環=2496000, 平均耗時=7.6ms, 最大耗時=51.7ms, 指令數=515
2025-07-20 06:02:08 [INFO] GripperOptimized:fast_loop:484 - 性能統計: 循環=2497000, 平均耗時=7.4ms, 最大耗時=51.7ms, 指令數=515
2025-07-20 06:02:29 [INFO] GripperOptimized:fast_loop:484 - 性能統計: 循環=2498000, 平均耗時=7.5ms, 最大耗時=51.7ms, 指令數=515
2025-07-20 06:02:49 [INFO] GripperOptimized:fast_loop:484 - 性能統計: 循環=2499000, 平均耗時=7.6ms, 最大耗時=51.7ms, 指令數=515
2025-07-20 06:03:10 [INFO] GripperOptimized:fast_loop:484 - 性能統計: 循環=2500000, 平均耗時=7.1ms, 最大耗時=51.7ms, 指令數=515
2025-07-20 06:03:31 [INFO] GripperOptimized:fast_loop:484 - 性能統計: 循環=2501000, 平均耗時=7.5ms, 最大耗時=51.7ms, 指令數=515
2025-07-20 06:03:51 [INFO] GripperOptimized:fast_loop:484 - 性能統計: 循環=2502000, 平均耗時=7.7ms, 最大耗時=51.7ms, 指令數=515
2025-07-20 06:04:12 [INFO] GripperOptimized:fast_loop:484 - 性能統計: 循環=2503000, 平均耗時=7.6ms, 最大耗時=51.7ms, 指令數=515
2025-07-20 06:04:32 [INFO] GripperOptimized:fast_loop:484 - 性能統計: 循環=2504000, 平均耗時=7.3ms, 最大耗時=51.7ms, 指令數=515
2025-07-20 06:04:53 [INFO] GripperOptimized:fast_loop:484 - 性能統計: 循環=2505000, 平均耗時=7.6ms, 最大耗時=51.7ms, 指令數=515
2025-07-20 06:05:14 [INFO] GripperOptimized:fast_loop:484 - 性能統計: 循環=2506000, 平均耗時=7.7ms, 最大耗時=51.7ms, 指令數=515
2025-07-20 06:05:34 [INFO] GripperOptimized:fast_loop:484 - 性能統計: 循環=2507000, 平均耗時=7.8ms, 最大耗時=51.7ms, 指令數=515
2025-07-20 06:05:55 [INFO] GripperOptimized:fast_loop:484 - 性能統計: 循環=2508000, 平均耗時=7.5ms, 最大耗時=51.7ms, 指令數=515
2025-07-20 06:06:16 [INFO] GripperOptimized:fast_loop:484 - 性能統計: 循環=2509000, 平均耗時=7.2ms, 最大耗時=51.7ms, 指令數=515
2025-07-20 06:06:36 [INFO] GripperOptimized:fast_loop:484 - 性能統計: 循環=2510000, 平均耗時=7.4ms, 最大耗時=51.7ms, 指令數=515
2025-07-20 06:06:57 [INFO] GripperOptimized:fast_loop:484 - 性能統計: 循環=2511000, 平均耗時=7.6ms, 最大耗時=51.7ms, 指令數=515
2025-07-20 06:07:18 [INFO] GripperOptimized:fast_loop:484 - 性能統計: 循環=2512000, 平均耗時=7.6ms, 最大耗時=51.7ms, 指令數=515
2025-07-20 06:07:38 [INFO] GripperOptimized:fast_loop:484 - 性能統計: 循環=2513000, 平均耗時=7.5ms, 最大耗時=51.7ms, 指令數=515
2025-07-20 06:07:59 [INFO] GripperOptimized:fast_loop:484 - 性能統計: 循環=2514000, 平均耗時=7.4ms, 最大耗時=51.7ms, 指令數=515
2025-07-20 06:08:20 [INFO] GripperOptimized:fast_loop:484 - 性能統計: 循環=2515000, 平均耗時=7.7ms, 最大耗時=51.7ms, 指令數=515
2025-07-20 06:08:40 [INFO] GripperOptimized:fast_loop:484 - 性能統計: 循環=2516000, 平均耗時=7.5ms, 最大耗時=51.7ms, 指令數=515
2025-07-20 06:09:01 [INFO] GripperOptimized:fast_loop:484 - 性能統計: 循環=2517000, 平均耗時=7.7ms, 最大耗時=51.7ms, 指令數=515
2025-07-20 06:09:22 [INFO] GripperOptimized:fast_loop:484 - 性能統計: 循環=2518000, 平均耗時=7.7ms, 最大耗時=51.7ms, 指令數=515
2025-07-20 06:09:42 [INFO] GripperOptimized:fast_loop:484 - 性能統計: 循環=2519000, 平均耗時=7.4ms, 最大耗時=51.7ms, 指令數=515
2025-07-20 06:10:03 [INFO] GripperOptimized:fast_loop:484 - 性能統計: 循環=2520000, 平均耗時=7.4ms, 最大耗時=51.7ms, 指令數=515
2025-07-20 06:10:23 [INFO] GripperOptimized:fast_loop:484 - 性能統計: 循環=2521000, 平均耗時=7.4ms, 最大耗時=51.7ms, 指令數=515
2025-07-20 06:10:44 [INFO] GripperOptimized:fast_loop:484 - 性能統計: 循環=2522000, 平均耗時=7.5ms, 最大耗時=51.7ms, 指令數=515
2025-07-20 06:11:05 [INFO] GripperOptimized:fast_loop:484 - 性能統計: 循環=2523000, 平均耗時=7.4ms, 最大耗時=51.7ms, 指令數=515
2025-07-20 06:11:25 [INFO] GripperOptimized:fast_loop:484 - 性能統計: 循環=2524000, 平均耗時=7.3ms, 最大耗時=51.7ms, 指令數=515
2025-07-20 06:11:46 [INFO] GripperOptimized:fast_loop:484 - 性能統計: 循環=2525000, 平均耗時=7.5ms, 最大耗時=51.7ms, 指令數=515
2025-07-20 06:12:07 [INFO] GripperOptimized:fast_loop:484 - 性能統計: 循環=2526000, 平均耗時=7.6ms, 最大耗時=51.7ms, 指令數=515
2025-07-20 06:12:27 [INFO] GripperOptimized:fast_loop:484 - 性能統計: 循環=2527000, 平均耗時=7.6ms, 最大耗時=51.7ms, 指令數=515
2025-07-20 06:12:48 [INFO] GripperOptimized:fast_loop:484 - 性能統計: 循環=2528000, 平均耗時=7.6ms, 最大耗時=51.7ms, 指令數=515
2025-07-20 06:13:09 [INFO] GripperOptimized:fast_loop:484 - 性能統計: 循環=2529000, 平均耗時=7.6ms, 最大耗時=51.7ms, 指令數=515
2025-07-20 06:13:29 [INFO] GripperOptimized:fast_loop:484 - 性能統計: 循環=2530000, 平均耗時=7.6ms, 最大耗時=51.7ms, 指令數=515
2025-07-20 06:13:50 [INFO] GripperOptimized:fast_loop:484 - 性能統計: 循環=2531000, 平均耗時=7.4ms, 最大耗時=51.7ms, 指令數=515
2025-07-20 06:14:11 [INFO] GripperOptimized:fast_loop:484 - 性能統計: 循環=2532000, 平均耗時=7.4ms, 最大耗時=51.7ms, 指令數=515
2025-07-20 06:14:31 [INFO] GripperOptimized:fast_loop:484 - 性能統計: 循環=2533000, 平均耗時=7.6ms, 最大耗時=51.7ms, 指令數=515
2025-07-20 06:14:52 [INFO] GripperOptimized:fast_loop:484 - 性能統計: 循環=2534000, 平均耗時=7.5ms, 最大耗時=51.7ms, 指令數=515
2025-07-20 06:15:13 [INFO] GripperOptimized:fast_loop:484 - 性能統計: 循環=2535000, 平均耗時=7.4ms, 最大耗時=51.7ms, 指令數=515
2025-07-20 06:15:33 [INFO] GripperOptimized:fast_loop:484 - 性能統計: 循環=2536000, 平均耗時=7.6ms, 最大耗時=51.7ms, 指令數=515
2025-07-20 06:15:54 [INFO] GripperOptimized:fast_loop:484 - 性能統計: 循環=2537000, 平均耗時=7.5ms, 最大耗時=51.7ms, 指令數=515
2025-07-20 06:16:14 [INFO] GripperOptimized:fast_loop:484 - 性能統計: 循環=2538000, 平均耗時=7.3ms, 最大耗時=51.7ms, 指令數=515
2025-07-20 06:16:35 [INFO] GripperOptimized:fast_loop:484 - 性能統計: 循環=2539000, 平均耗時=7.5ms, 最大耗時=51.7ms, 指令數=515
2025-07-20 06:16:56 [INFO] GripperOptimized:fast_loop:484 - 性能統計: 循環=2540000, 平均耗時=7.5ms, 最大耗時=51.7ms, 指令數=515
2025-07-20 06:17:16 [INFO] GripperOptimized:fast_loop:484 - 性能統計: 循環=2541000, 平均耗時=7.5ms, 最大耗時=51.7ms, 指令數=515
2025-07-20 06:17:37 [INFO] GripperOptimized:fast_loop:484 - 性能統計: 循環=2542000, 平均耗時=7.7ms, 最大耗時=51.7ms, 指令數=515
2025-07-20 06:17:58 [INFO] GripperOptimized:fast_loop:484 - 性能統計: 循環=2543000, 平均耗時=7.5ms, 最大耗時=51.7ms, 指令數=515
2025-07-20 06:18:18 [INFO] GripperOptimized:fast_loop:484 - 性能統計: 循環=2544000, 平均耗時=7.5ms, 最大耗時=51.7ms, 指令數=515
2025-07-20 06:18:39 [INFO] GripperOptimized:fast_loop:484 - 性能統計: 循環=2545000, 平均耗時=7.3ms, 最大耗時=51.7ms, 指令數=515
2025-07-20 06:19:00 [INFO] GripperOptimized:fast_loop:484 - 性能統計: 循環=2546000, 平均耗時=7.6ms, 最大耗時=51.7ms, 指令數=515
2025-07-20 06:19:20 [INFO] GripperOptimized:fast_loop:484 - 性能統計: 循環=2547000, 平均耗時=7.5ms, 最大耗時=51.7ms, 指令數=515
2025-07-20 06:19:41 [INFO] GripperOptimized:fast_loop:484 - 性能統計: 循環=2548000, 平均耗時=7.7ms, 最大耗時=51.7ms, 指令數=515
2025-07-20 06:20:02 [INFO] GripperOptimized:fast_loop:484 - 性能統計: 循環=2549000, 平均耗時=7.5ms, 最大耗時=51.7ms, 指令數=515
2025-07-20 06:20:22 [INFO] GripperOptimized:fast_loop:484 - 性能統計: 循環=2550000, 平均耗時=7.6ms, 最大耗時=51.7ms, 指令數=515
2025-07-20 06:20:43 [INFO] GripperOptimized:fast_loop:484 - 性能統計: 循環=2551000, 平均耗時=7.5ms, 最大耗時=51.7ms, 指令數=515
2025-07-20 06:21:03 [INFO] GripperOptimized:fast_loop:484 - 性能統計: 循環=2552000, 平均耗時=7.7ms, 最大耗時=51.7ms, 指令數=515
2025-07-20 06:21:24 [INFO] GripperOptimized:fast_loop:484 - 性能統計: 循環=2553000, 平均耗時=7.6ms, 最大耗時=51.7ms, 指令數=515
2025-07-20 06:21:45 [INFO] GripperOptimized:fast_loop:484 - 性能統計: 循環=2554000, 平均耗時=7.5ms, 最大耗時=51.7ms, 指令數=515
2025-07-20 06:22:05 [INFO] GripperOptimized:fast_loop:484 - 性能統計: 循環=2555000, 平均耗時=7.4ms, 最大耗時=51.7ms, 指令數=515
2025-07-20 06:22:26 [INFO] GripperOptimized:fast_loop:484 - 性能統計: 循環=2556000, 平均耗時=7.6ms, 最大耗時=51.7ms, 指令數=515
2025-07-20 06:22:47 [INFO] GripperOptimized:fast_loop:484 - 性能統計: 循環=2557000, 平均耗時=7.6ms, 最大耗時=51.7ms, 指令數=515
2025-07-20 06:23:07 [INFO] GripperOptimized:fast_loop:484 - 性能統計: 循環=2558000, 平均耗時=7.6ms, 最大耗時=51.7ms, 指令數=515
2025-07-20 06:23:28 [INFO] GripperOptimized:fast_loop:484 - 性能統計: 循環=2559000, 平均耗時=7.4ms, 最大耗時=51.7ms, 指令數=515
2025-07-20 06:23:49 [INFO] GripperOptimized:fast_loop:484 - 性能統計: 循環=2560000, 平均耗時=7.8ms, 最大耗時=51.7ms, 指令數=515
2025-07-20 06:24:09 [INFO] GripperOptimized:fast_loop:484 - 性能統計: 循環=2561000, 平均耗時=7.4ms, 最大耗時=51.7ms, 指令數=515
2025-07-20 06:24:30 [INFO] GripperOptimized:fast_loop:484 - 性能統計: 循環=2562000, 平均耗時=7.8ms, 最大耗時=51.7ms, 指令數=515
2025-07-20 06:24:51 [INFO] GripperOptimized:fast_loop:484 - 性能統計: 循環=2563000, 平均耗時=7.6ms, 最大耗時=51.7ms, 指令數=515
2025-07-20 06:25:11 [INFO] GripperOptimized:fast_loop:484 - 性能統計: 循環=2564000, 平均耗時=7.4ms, 最大耗時=51.7ms, 指令數=515
2025-07-20 06:25:32 [INFO] GripperOptimized:fast_loop:484 - 性能統計: 循環=2565000, 平均耗時=7.5ms, 最大耗時=51.7ms, 指令數=515
2025-07-20 06:25:53 [INFO] GripperOptimized:fast_loop:484 - 性能統計: 循環=2566000, 平均耗時=7.5ms, 最大耗時=51.7ms, 指令數=515
2025-07-20 06:26:13 [INFO] GripperOptimized:fast_loop:484 - 性能統計: 循環=2567000, 平均耗時=7.2ms, 最大耗時=51.7ms, 指令數=515
2025-07-20 06:26:34 [INFO] GripperOptimized:fast_loop:484 - 性能統計: 循環=2568000, 平均耗時=7.3ms, 最大耗時=51.7ms, 指令數=515
2025-07-20 06:26:54 [INFO] GripperOptimized:fast_loop:484 - 性能統計: 循環=2569000, 平均耗時=7.5ms, 最大耗時=51.7ms, 指令數=515
2025-07-20 06:27:15 [INFO] GripperOptimized:fast_loop:484 - 性能統計: 循環=2570000, 平均耗時=7.8ms, 最大耗時=51.7ms, 指令數=515
2025-07-20 06:27:36 [INFO] GripperOptimized:fast_loop:484 - 性能統計: 循環=2571000, 平均耗時=7.5ms, 最大耗時=51.7ms, 指令數=515
2025-07-20 06:27:56 [INFO] GripperOptimized:fast_loop:484 - 性能統計: 循環=2572000, 平均耗時=7.6ms, 最大耗時=51.7ms, 指令數=515
2025-07-20 06:28:17 [INFO] GripperOptimized:fast_loop:484 - 性能統計: 循環=2573000, 平均耗時=7.5ms, 最大耗時=51.7ms, 指令數=515
2025-07-20 06:28:38 [INFO] GripperOptimized:fast_loop:484 - 性能統計: 循環=2574000, 平均耗時=7.5ms, 最大耗時=51.7ms, 指令數=515
2025-07-20 06:28:58 [INFO] GripperOptimized:fast_loop:484 - 性能統計: 循環=2575000, 平均耗時=7.7ms, 最大耗時=51.7ms, 指令數=515
2025-07-20 06:29:19 [INFO] GripperOptimized:fast_loop:484 - 性能統計: 循環=2576000, 平均耗時=7.5ms, 最大耗時=51.7ms, 指令數=515
2025-07-20 06:29:40 [INFO] GripperOptimized:fast_loop:484 - 性能統計: 循環=2577000, 平均耗時=7.4ms, 最大耗時=51.7ms, 指令數=515
2025-07-20 06:30:00 [INFO] GripperOptimized:fast_loop:484 - 性能統計: 循環=2578000, 平均耗時=7.6ms, 最大耗時=51.7ms, 指令數=515
2025-07-20 06:30:21 [INFO] GripperOptimized:fast_loop:484 - 性能統計: 循環=2579000, 平均耗時=7.6ms, 最大耗時=51.7ms, 指令數=515
2025-07-20 06:30:42 [INFO] GripperOptimized:fast_loop:484 - 性能統計: 循環=2580000, 平均耗時=7.5ms, 最大耗時=51.7ms, 指令數=515
2025-07-20 06:31:02 [INFO] GripperOptimized:fast_loop:484 - 性能統計: 循環=2581000, 平均耗時=7.7ms, 最大耗時=51.7ms, 指令數=515
2025-07-20 06:31:23 [INFO] GripperOptimized:fast_loop:484 - 性能統計: 循環=2582000, 平均耗時=7.7ms, 最大耗時=51.7ms, 指令數=515
2025-07-20 06:31:44 [INFO] GripperOptimized:fast_loop:484 - 性能統計: 循環=2583000, 平均耗時=7.7ms, 最大耗時=51.7ms, 指令數=515
2025-07-20 06:32:04 [INFO] GripperOptimized:fast_loop:484 - 性能統計: 循環=2584000, 平均耗時=7.3ms, 最大耗時=51.7ms, 指令數=515
2025-07-20 06:32:25 [INFO] GripperOptimized:fast_loop:484 - 性能統計: 循環=2585000, 平均耗時=7.5ms, 最大耗時=51.7ms, 指令數=515
2025-07-20 06:32:45 [INFO] GripperOptimized:fast_loop:484 - 性能統計: 循環=2586000, 平均耗時=7.4ms, 最大耗時=51.7ms, 指令數=515
2025-07-20 06:33:06 [INFO] GripperOptimized:fast_loop:484 - 性能統計: 循環=2587000, 平均耗時=7.5ms, 最大耗時=51.7ms, 指令數=515
2025-07-20 06:33:27 [INFO] GripperOptimized:fast_loop:484 - 性能統計: 循環=2588000, 平均耗時=7.5ms, 最大耗時=51.7ms, 指令數=515
2025-07-20 06:33:47 [INFO] GripperOptimized:fast_loop:484 - 性能統計: 循環=2589000, 平均耗時=7.4ms, 最大耗時=51.7ms, 指令數=515
2025-07-20 06:34:08 [INFO] GripperOptimized:fast_loop:484 - 性能統計: 循環=2590000, 平均耗時=7.4ms, 最大耗時=51.7ms, 指令數=515
2025-07-20 06:34:29 [INFO] GripperOptimized:fast_loop:484 - 性能統計: 循環=2591000, 平均耗時=7.5ms, 最大耗時=51.7ms, 指令數=515
2025-07-20 06:34:49 [INFO] GripperOptimized:fast_loop:484 - 性能統計: 循環=2592000, 平均耗時=7.2ms, 最大耗時=51.7ms, 指令數=515
2025-07-20 06:35:10 [INFO] GripperOptimized:fast_loop:484 - 性能統計: 循環=2593000, 平均耗時=7.6ms, 最大耗時=51.7ms, 指令數=515
2025-07-20 06:35:31 [INFO] GripperOptimized:fast_loop:484 - 性能統計: 循環=2594000, 平均耗時=7.7ms, 最大耗時=51.7ms, 指令數=515
2025-07-20 06:35:51 [INFO] GripperOptimized:fast_loop:484 - 性能統計: 循環=2595000, 平均耗時=7.3ms, 最大耗時=51.7ms, 指令數=515
2025-07-20 06:36:12 [INFO] GripperOptimized:fast_loop:484 - 性能統計: 循環=2596000, 平均耗時=7.5ms, 最大耗時=51.7ms, 指令數=515
2025-07-20 06:36:33 [INFO] GripperOptimized:fast_loop:484 - 性能統計: 循環=2597000, 平均耗時=7.6ms, 最大耗時=51.7ms, 指令數=515
2025-07-20 06:36:53 [INFO] GripperOptimized:fast_loop:484 - 性能統計: 循環=2598000, 平均耗時=7.6ms, 最大耗時=51.7ms, 指令數=515
2025-07-20 06:37:14 [INFO] GripperOptimized:fast_loop:484 - 性能統計: 循環=2599000, 平均耗時=7.5ms, 最大耗時=51.7ms, 指令數=515
2025-07-20 06:37:34 [INFO] GripperOptimized:fast_loop:484 - 性能統計: 循環=2600000, 平均耗時=7.6ms, 最大耗時=51.7ms, 指令數=515
2025-07-20 06:37:55 [INFO] GripperOptimized:fast_loop:484 - 性能統計: 循環=2601000, 平均耗時=7.7ms, 最大耗時=51.7ms, 指令數=515
2025-07-20 06:38:16 [INFO] GripperOptimized:fast_loop:484 - 性能統計: 循環=2602000, 平均耗時=7.5ms, 最大耗時=51.7ms, 指令數=515
2025-07-20 06:38:36 [INFO] GripperOptimized:fast_loop:484 - 性能統計: 循環=2603000, 平均耗時=7.7ms, 最大耗時=51.7ms, 指令數=515
2025-07-20 06:38:57 [INFO] GripperOptimized:fast_loop:484 - 性能統計: 循環=2604000, 平均耗時=7.6ms, 最大耗時=51.7ms, 指令數=515
2025-07-20 06:39:18 [INFO] GripperOptimized:fast_loop:484 - 性能統計: 循環=2605000, 平均耗時=7.5ms, 最大耗時=51.7ms, 指令數=515
2025-07-20 06:39:38 [INFO] GripperOptimized:fast_loop:484 - 性能統計: 循環=2606000, 平均耗時=7.4ms, 最大耗時=51.7ms, 指令數=515
2025-07-20 06:39:59 [INFO] GripperOptimized:fast_loop:484 - 性能統計: 循環=2607000, 平均耗時=7.5ms, 最大耗時=51.7ms, 指令數=515
2025-07-20 06:40:20 [INFO] GripperOptimized:fast_loop:484 - 性能統計: 循環=2608000, 平均耗時=7.5ms, 最大耗時=51.7ms, 指令數=515
2025-07-20 06:40:40 [INFO] GripperOptimized:fast_loop:484 - 性能統計: 循環=2609000, 平均耗時=7.5ms, 最大耗時=51.7ms, 指令數=515
2025-07-20 06:41:01 [INFO] GripperOptimized:fast_loop:484 - 性能統計: 循環=2610000, 平均耗時=7.4ms, 最大耗時=51.7ms, 指令數=515
2025-07-20 06:41:22 [INFO] GripperOptimized:fast_loop:484 - 性能統計: 循環=2611000, 平均耗時=7.5ms, 最大耗時=51.7ms, 指令數=515
2025-07-20 06:41:42 [INFO] GripperOptimized:fast_loop:484 - 性能統計: 循環=2612000, 平均耗時=7.5ms, 最大耗時=51.7ms, 指令數=515
2025-07-20 06:42:03 [INFO] GripperOptimized:fast_loop:484 - 性能統計: 循環=2613000, 平均耗時=7.5ms, 最大耗時=51.7ms, 指令數=515
2025-07-20 06:42:24 [INFO] GripperOptimized:fast_loop:484 - 性能統計: 循環=2614000, 平均耗時=7.5ms, 最大耗時=51.7ms, 指令數=515
2025-07-20 06:42:44 [INFO] GripperOptimized:fast_loop:484 - 性能統計: 循環=2615000, 平均耗時=7.3ms, 最大耗時=51.7ms, 指令數=515
2025-07-20 06:43:05 [INFO] GripperOptimized:fast_loop:484 - 性能統計: 循環=2616000, 平均耗時=7.6ms, 最大耗時=51.7ms, 指令數=515
2025-07-20 06:43:25 [INFO] GripperOptimized:fast_loop:484 - 性能統計: 循環=2617000, 平均耗時=7.6ms, 最大耗時=51.7ms, 指令數=515
2025-07-20 06:43:46 [INFO] GripperOptimized:fast_loop:484 - 性能統計: 循環=2618000, 平均耗時=7.5ms, 最大耗時=51.7ms, 指令數=515
2025-07-20 06:44:07 [INFO] GripperOptimized:fast_loop:484 - 性能統計: 循環=2619000, 平均耗時=7.6ms, 最大耗時=51.7ms, 指令數=515
2025-07-20 06:44:27 [INFO] GripperOptimized:fast_loop:484 - 性能統計: 循環=2620000, 平均耗時=7.5ms, 最大耗時=51.7ms, 指令數=515
2025-07-20 06:44:48 [INFO] GripperOptimized:fast_loop:484 - 性能統計: 循環=2621000, 平均耗時=7.7ms, 最大耗時=51.7ms, 指令數=515
2025-07-20 06:45:09 [INFO] GripperOptimized:fast_loop:484 - 性能統計: 循環=2622000, 平均耗時=7.5ms, 最大耗時=51.7ms, 指令數=515
2025-07-20 06:45:29 [INFO] GripperOptimized:fast_loop:484 - 性能統計: 循環=2623000, 平均耗時=7.5ms, 最大耗時=51.7ms, 指令數=515
2025-07-20 06:45:50 [INFO] GripperOptimized:fast_loop:484 - 性能統計: 循環=2624000, 平均耗時=7.5ms, 最大耗時=51.7ms, 指令數=515
2025-07-20 06:46:11 [INFO] GripperOptimized:fast_loop:484 - 性能統計: 循環=2625000, 平均耗時=7.6ms, 最大耗時=51.7ms, 指令數=515
2025-07-20 06:46:31 [INFO] GripperOptimized:fast_loop:484 - 性能統計: 循環=2626000, 平均耗時=7.6ms, 最大耗時=51.7ms, 指令數=515
2025-07-20 06:46:52 [INFO] GripperOptimized:fast_loop:484 - 性能統計: 循環=2627000, 平均耗時=7.6ms, 最大耗時=51.7ms, 指令數=515
2025-07-20 06:47:13 [INFO] GripperOptimized:fast_loop:484 - 性能統計: 循環=2628000, 平均耗時=7.6ms, 最大耗時=51.7ms, 指令數=515
2025-07-20 06:47:33 [INFO] GripperOptimized:fast_loop:484 - 性能統計: 循環=2629000, 平均耗時=7.4ms, 最大耗時=51.7ms, 指令數=515
2025-07-20 06:47:54 [INFO] GripperOptimized:fast_loop:484 - 性能統計: 循環=2630000, 平均耗時=7.5ms, 最大耗時=51.7ms, 指令數=515
2025-07-20 06:48:15 [INFO] GripperOptimized:fast_loop:484 - 性能統計: 循環=2631000, 平均耗時=7.7ms, 最大耗時=51.7ms, 指令數=515
2025-07-20 06:48:35 [INFO] GripperOptimized:fast_loop:484 - 性能統計: 循環=2632000, 平均耗時=7.7ms, 最大耗時=51.7ms, 指令數=515
2025-07-20 06:48:56 [INFO] GripperOptimized:fast_loop:484 - 性能統計: 循環=2633000, 平均耗時=7.6ms, 最大耗時=51.7ms, 指令數=515
2025-07-20 06:49:16 [INFO] GripperOptimized:fast_loop:484 - 性能統計: 循環=2634000, 平均耗時=7.5ms, 最大耗時=51.7ms, 指令數=515
2025-07-20 06:49:37 [INFO] GripperOptimized:fast_loop:484 - 性能統計: 循環=2635000, 平均耗時=7.8ms, 最大耗時=51.7ms, 指令數=515
2025-07-20 06:49:58 [INFO] GripperOptimized:fast_loop:484 - 性能統計: 循環=2636000, 平均耗時=7.5ms, 最大耗時=51.7ms, 指令數=515
2025-07-20 06:50:18 [INFO] GripperOptimized:fast_loop:484 - 性能統計: 循環=2637000, 平均耗時=7.5ms, 最大耗時=51.7ms, 指令數=515
2025-07-20 06:50:39 [INFO] GripperOptimized:fast_loop:484 - 性能統計: 循環=2638000, 平均耗時=7.5ms, 最大耗時=51.7ms, 指令數=515
2025-07-20 06:51:00 [INFO] GripperOptimized:fast_loop:484 - 性能統計: 循環=2639000, 平均耗時=7.4ms, 最大耗時=51.7ms, 指令數=515
2025-07-20 06:51:20 [INFO] GripperOptimized:fast_loop:484 - 性能統計: 循環=2640000, 平均耗時=7.4ms, 最大耗時=51.7ms, 指令數=515
2025-07-20 06:51:41 [INFO] GripperOptimized:fast_loop:484 - 性能統計: 循環=2641000, 平均耗時=7.6ms, 最大耗時=51.7ms, 指令數=515
2025-07-20 06:52:02 [INFO] GripperOptimized:fast_loop:484 - 性能統計: 循環=2642000, 平均耗時=7.5ms, 最大耗時=51.7ms, 指令數=515
2025-07-20 06:52:22 [INFO] GripperOptimized:fast_loop:484 - 性能統計: 循環=2643000, 平均耗時=7.5ms, 最大耗時=51.7ms, 指令數=515
2025-07-20 06:52:43 [INFO] GripperOptimized:fast_loop:484 - 性能統計: 循環=2644000, 平均耗時=7.5ms, 最大耗時=51.7ms, 指令數=515
2025-07-20 06:53:04 [INFO] GripperOptimized:fast_loop:484 - 性能統計: 循環=2645000, 平均耗時=7.5ms, 最大耗時=51.7ms, 指令數=515
2025-07-20 06:53:24 [INFO] GripperOptimized:fast_loop:484 - 性能統計: 循環=2646000, 平均耗時=7.6ms, 最大耗時=51.7ms, 指令數=515
2025-07-20 06:53:45 [INFO] GripperOptimized:fast_loop:484 - 性能統計: 循環=2647000, 平均耗時=7.4ms, 最大耗時=51.7ms, 指令數=515
2025-07-20 06:54:06 [INFO] GripperOptimized:fast_loop:484 - 性能統計: 循環=2648000, 平均耗時=7.6ms, 最大耗時=51.7ms, 指令數=515
2025-07-20 06:54:26 [INFO] GripperOptimized:fast_loop:484 - 性能統計: 循環=2649000, 平均耗時=7.6ms, 最大耗時=51.7ms, 指令數=515
2025-07-20 06:54:47 [INFO] GripperOptimized:fast_loop:484 - 性能統計: 循環=2650000, 平均耗時=7.5ms, 最大耗時=51.7ms, 指令數=515
2025-07-20 06:55:08 [INFO] GripperOptimized:fast_loop:484 - 性能統計: 循環=2651000, 平均耗時=7.4ms, 最大耗時=51.7ms, 指令數=515
2025-07-20 06:55:28 [INFO] GripperOptimized:fast_loop:484 - 性能統計: 循環=2652000, 平均耗時=7.5ms, 最大耗時=51.7ms, 指令數=515
2025-07-20 06:55:49 [INFO] GripperOptimized:fast_loop:484 - 性能統計: 循環=2653000, 平均耗時=7.6ms, 最大耗時=51.7ms, 指令數=515
2025-07-20 06:56:09 [INFO] GripperOptimized:fast_loop:484 - 性能統計: 循環=2654000, 平均耗時=7.4ms, 最大耗時=51.7ms, 指令數=515
2025-07-20 06:56:30 [INFO] GripperOptimized:fast_loop:484 - 性能統計: 循環=2655000, 平均耗時=7.5ms, 最大耗時=51.7ms, 指令數=515
2025-07-20 06:56:51 [INFO] GripperOptimized:fast_loop:484 - 性能統計: 循環=2656000, 平均耗時=7.6ms, 最大耗時=51.7ms, 指令數=515
2025-07-20 06:57:11 [INFO] GripperOptimized:fast_loop:484 - 性能統計: 循環=2657000, 平均耗時=7.6ms, 最大耗時=51.7ms, 指令數=515
2025-07-20 06:57:32 [INFO] GripperOptimized:fast_loop:484 - 性能統計: 循環=2658000, 平均耗時=7.4ms, 最大耗時=51.7ms, 指令數=515
2025-07-20 06:57:53 [INFO] GripperOptimized:fast_loop:484 - 性能統計: 循環=2659000, 平均耗時=7.5ms, 最大耗時=51.7ms, 指令數=515
2025-07-20 06:58:13 [INFO] GripperOptimized:fast_loop:484 - 性能統計: 循環=2660000, 平均耗時=7.5ms, 最大耗時=51.7ms, 指令數=515
2025-07-20 06:58:34 [INFO] GripperOptimized:fast_loop:484 - 性能統計: 循環=2661000, 平均耗時=7.6ms, 最大耗時=51.7ms, 指令數=515
2025-07-20 06:58:55 [INFO] GripperOptimized:fast_loop:484 - 性能統計: 循環=2662000, 平均耗時=7.4ms, 最大耗時=51.7ms, 指令數=515
2025-07-20 06:59:15 [INFO] GripperOptimized:fast_loop:484 - 性能統計: 循環=2663000, 平均耗時=7.6ms, 最大耗時=51.7ms, 指令數=515
2025-07-20 06:59:36 [INFO] GripperOptimized:fast_loop:484 - 性能統計: 循環=2664000, 平均耗時=7.6ms, 最大耗時=51.7ms, 指令數=515
2025-07-20 06:59:57 [INFO] GripperOptimized:fast_loop:484 - 性能統計: 循環=2665000, 平均耗時=7.6ms, 最大耗時=51.7ms, 指令數=515
2025-07-20 07:00:17 [INFO] GripperOptimized:fast_loop:484 - 性能統計: 循環=2666000, 平均耗時=7.3ms, 最大耗時=51.7ms, 指令數=515
2025-07-20 07:00:38 [INFO] GripperOptimized:fast_loop:484 - 性能統計: 循環=2667000, 平均耗時=7.6ms, 最大耗時=51.7ms, 指令數=515
2025-07-20 07:00:59 [INFO] GripperOptimized:fast_loop:484 - 性能統計: 循環=2668000, 平均耗時=7.5ms, 最大耗時=51.7ms, 指令數=515
2025-07-20 07:01:19 [INFO] GripperOptimized:fast_loop:484 - 性能統計: 循環=2669000, 平均耗時=7.4ms, 最大耗時=51.7ms, 指令數=515
2025-07-20 07:01:40 [INFO] GripperOptimized:fast_loop:484 - 性能統計: 循環=2670000, 平均耗時=7.5ms, 最大耗時=51.7ms, 指令數=515
2025-07-20 07:02:00 [INFO] GripperOptimized:fast_loop:484 - 性能統計: 循環=2671000, 平均耗時=7.5ms, 最大耗時=51.7ms, 指令數=515
2025-07-20 07:02:21 [INFO] GripperOptimized:fast_loop:484 - 性能統計: 循環=2672000, 平均耗時=7.5ms, 最大耗時=51.7ms, 指令數=515
2025-07-20 07:02:42 [INFO] GripperOptimized:fast_loop:484 - 性能統計: 循環=2673000, 平均耗時=7.6ms, 最大耗時=51.7ms, 指令數=515
2025-07-20 07:03:02 [INFO] GripperOptimized:fast_loop:484 - 性能統計: 循環=2674000, 平均耗時=7.5ms, 最大耗時=51.7ms, 指令數=515
2025-07-20 07:03:23 [INFO] GripperOptimized:fast_loop:484 - 性能統計: 循環=2675000, 平均耗時=7.8ms, 最大耗時=51.7ms, 指令數=515
2025-07-20 07:03:44 [INFO] GripperOptimized:fast_loop:484 - 性能統計: 循環=2676000, 平均耗時=7.6ms, 最大耗時=51.7ms, 指令數=515
2025-07-20 07:04:04 [INFO] GripperOptimized:fast_loop:484 - 性能統計: 循環=2677000, 平均耗時=7.6ms, 最大耗時=51.7ms, 指令數=515
2025-07-20 07:04:25 [INFO] GripperOptimized:fast_loop:484 - 性能統計: 循環=2678000, 平均耗時=7.4ms, 最大耗時=51.7ms, 指令數=515
2025-07-20 07:04:46 [INFO] GripperOptimized:fast_loop:484 - 性能統計: 循環=2679000, 平均耗時=7.4ms, 最大耗時=51.7ms, 指令數=515
2025-07-20 07:05:06 [INFO] GripperOptimized:fast_loop:484 - 性能統計: 循環=2680000, 平均耗時=7.6ms, 最大耗時=51.7ms, 指令數=515
2025-07-20 07:05:27 [INFO] GripperOptimized:fast_loop:484 - 性能統計: 循環=2681000, 平均耗時=7.5ms, 最大耗時=51.7ms, 指令數=515
2025-07-20 07:05:48 [INFO] GripperOptimized:fast_loop:484 - 性能統計: 循環=2682000, 平均耗時=7.6ms, 最大耗時=51.7ms, 指令數=515
2025-07-20 07:06:08 [INFO] GripperOptimized:fast_loop:484 - 性能統計: 循環=2683000, 平均耗時=7.3ms, 最大耗時=51.7ms, 指令數=515
2025-07-20 07:06:29 [INFO] GripperOptimized:fast_loop:484 - 性能統計: 循環=2684000, 平均耗時=7.4ms, 最大耗時=51.7ms, 指令數=515
2025-07-20 07:06:50 [INFO] GripperOptimized:fast_loop:484 - 性能統計: 循環=2685000, 平均耗時=7.4ms, 最大耗時=51.7ms, 指令數=515
2025-07-20 07:07:10 [INFO] GripperOptimized:fast_loop:484 - 性能統計: 循環=2686000, 平均耗時=7.5ms, 最大耗時=51.7ms, 指令數=515
2025-07-20 07:07:31 [INFO] GripperOptimized:fast_loop:484 - 性能統計: 循環=2687000, 平均耗時=7.5ms, 最大耗時=51.7ms, 指令數=515
2025-07-20 07:07:51 [INFO] GripperOptimized:fast_loop:484 - 性能統計: 循環=2688000, 平均耗時=7.5ms, 最大耗時=51.7ms, 指令數=515
2025-07-20 07:08:12 [INFO] GripperOptimized:fast_loop:484 - 性能統計: 循環=2689000, 平均耗時=7.2ms, 最大耗時=51.7ms, 指令數=515
2025-07-20 07:08:33 [INFO] GripperOptimized:fast_loop:484 - 性能統計: 循環=2690000, 平均耗時=7.6ms, 最大耗時=51.7ms, 指令數=515
2025-07-20 07:08:53 [INFO] GripperOptimized:fast_loop:484 - 性能統計: 循環=2691000, 平均耗時=7.6ms, 最大耗時=51.7ms, 指令數=515
2025-07-20 07:09:14 [INFO] GripperOptimized:fast_loop:484 - 性能統計: 循環=2692000, 平均耗時=7.5ms, 最大耗時=51.7ms, 指令數=515
2025-07-20 07:09:35 [INFO] GripperOptimized:fast_loop:484 - 性能統計: 循環=2693000, 平均耗時=7.5ms, 最大耗時=51.7ms, 指令數=515
2025-07-20 07:09:55 [INFO] GripperOptimized:fast_loop:484 - 性能統計: 循環=2694000, 平均耗時=7.5ms, 最大耗時=51.7ms, 指令數=515
2025-07-20 07:10:16 [INFO] GripperOptimized:fast_loop:484 - 性能統計: 循環=2695000, 平均耗時=7.7ms, 最大耗時=51.7ms, 指令數=515
2025-07-20 07:10:37 [INFO] GripperOptimized:fast_loop:484 - 性能統計: 循環=2696000, 平均耗時=7.5ms, 最大耗時=51.7ms, 指令數=515
2025-07-20 07:10:57 [INFO] GripperOptimized:fast_loop:484 - 性能統計: 循環=2697000, 平均耗時=7.4ms, 最大耗時=51.7ms, 指令數=515
2025-07-20 07:11:18 [INFO] GripperOptimized:fast_loop:484 - 性能統計: 循環=2698000, 平均耗時=7.3ms, 最大耗時=51.7ms, 指令數=515
2025-07-20 07:11:39 [INFO] GripperOptimized:fast_loop:484 - 性能統計: 循環=2699000, 平均耗時=7.5ms, 最大耗時=51.7ms, 指令數=515
2025-07-20 07:11:59 [INFO] GripperOptimized:fast_loop:484 - 性能統計: 循環=2700000, 平均耗時=7.5ms, 最大耗時=51.7ms, 指令數=515
2025-07-20 07:12:20 [INFO] GripperOptimized:fast_loop:484 - 性能統計: 循環=2701000, 平均耗時=7.5ms, 最大耗時=51.7ms, 指令數=515
2025-07-20 07:12:40 [INFO] GripperOptimized:fast_loop:484 - 性能統計: 循環=2702000, 平均耗時=7.4ms, 最大耗時=51.7ms, 指令數=515
2025-07-20 07:13:01 [INFO] GripperOptimized:fast_loop:484 - 性能統計: 循環=2703000, 平均耗時=7.4ms, 最大耗時=51.7ms, 指令數=515
2025-07-20 07:13:22 [INFO] GripperOptimized:fast_loop:484 - 性能統計: 循環=2704000, 平均耗時=7.4ms, 最大耗時=51.7ms, 指令數=515
2025-07-20 07:13:42 [INFO] GripperOptimized:fast_loop:484 - 性能統計: 循環=2705000, 平均耗時=7.5ms, 最大耗時=51.7ms, 指令數=515
2025-07-20 07:14:03 [INFO] GripperOptimized:fast_loop:484 - 性能統計: 循環=2706000, 平均耗時=7.5ms, 最大耗時=51.7ms, 指令數=515
2025-07-20 07:14:24 [INFO] GripperOptimized:fast_loop:484 - 性能統計: 循環=2707000, 平均耗時=7.4ms, 最大耗時=51.7ms, 指令數=515
2025-07-20 07:14:44 [INFO] GripperOptimized:fast_loop:484 - 性能統計: 循環=2708000, 平均耗時=7.4ms, 最大耗時=51.7ms, 指令數=515
2025-07-20 07:15:05 [INFO] GripperOptimized:fast_loop:484 - 性能統計: 循環=2709000, 平均耗時=7.7ms, 最大耗時=51.7ms, 指令數=515
2025-07-20 07:15:26 [INFO] GripperOptimized:fast_loop:484 - 性能統計: 循環=2710000, 平均耗時=7.5ms, 最大耗時=51.7ms, 指令數=515
2025-07-20 07:15:46 [INFO] GripperOptimized:fast_loop:484 - 性能統計: 循環=2711000, 平均耗時=7.3ms, 最大耗時=51.7ms, 指令數=515
2025-07-20 07:16:07 [INFO] GripperOptimized:fast_loop:484 - 性能統計: 循環=2712000, 平均耗時=7.6ms, 最大耗時=51.7ms, 指令數=515
2025-07-20 07:16:28 [INFO] GripperOptimized:fast_loop:484 - 性能統計: 循環=2713000, 平均耗時=7.5ms, 最大耗時=51.7ms, 指令數=515
2025-07-20 07:16:48 [INFO] GripperOptimized:fast_loop:484 - 性能統計: 循環=2714000, 平均耗時=7.6ms, 最大耗時=51.7ms, 指令數=515
2025-07-20 07:17:09 [INFO] GripperOptimized:fast_loop:484 - 性能統計: 循環=2715000, 平均耗時=7.4ms, 最大耗時=51.7ms, 指令數=515
2025-07-20 07:17:29 [INFO] GripperOptimized:fast_loop:484 - 性能統計: 循環=2716000, 平均耗時=7.5ms, 最大耗時=51.7ms, 指令數=515
2025-07-20 07:17:50 [INFO] GripperOptimized:fast_loop:484 - 性能統計: 循環=2717000, 平均耗時=7.6ms, 最大耗時=51.7ms, 指令數=515
2025-07-20 07:18:11 [INFO] GripperOptimized:fast_loop:484 - 性能統計: 循環=2718000, 平均耗時=7.3ms, 最大耗時=51.7ms, 指令數=515
2025-07-20 07:18:31 [INFO] GripperOptimized:fast_loop:484 - 性能統計: 循環=2719000, 平均耗時=7.7ms, 最大耗時=51.7ms, 指令數=515
2025-07-20 07:18:52 [INFO] GripperOptimized:fast_loop:484 - 性能統計: 循環=2720000, 平均耗時=7.4ms, 最大耗時=51.7ms, 指令數=515
2025-07-20 07:19:13 [INFO] GripperOptimized:fast_loop:484 - 性能統計: 循環=2721000, 平均耗時=7.5ms, 最大耗時=51.7ms, 指令數=515
2025-07-20 07:19:33 [INFO] GripperOptimized:fast_loop:484 - 性能統計: 循環=2722000, 平均耗時=7.7ms, 最大耗時=51.7ms, 指令數=515
2025-07-20 07:19:54 [INFO] GripperOptimized:fast_loop:484 - 性能統計: 循環=2723000, 平均耗時=7.5ms, 最大耗時=51.7ms, 指令數=515
2025-07-20 07:20:15 [INFO] GripperOptimized:fast_loop:484 - 性能統計: 循環=2724000, 平均耗時=7.5ms, 最大耗時=51.7ms, 指令數=515
2025-07-20 07:20:35 [INFO] GripperOptimized:fast_loop:484 - 性能統計: 循環=2725000, 平均耗時=7.4ms, 最大耗時=51.7ms, 指令數=515
2025-07-20 07:20:56 [INFO] GripperOptimized:fast_loop:484 - 性能統計: 循環=2726000, 平均耗時=7.4ms, 最大耗時=51.7ms, 指令數=515
2025-07-20 07:21:17 [INFO] GripperOptimized:fast_loop:484 - 性能統計: 循環=2727000, 平均耗時=7.5ms, 最大耗時=51.7ms, 指令數=515
2025-07-20 07:21:37 [INFO] GripperOptimized:fast_loop:484 - 性能統計: 循環=2728000, 平均耗時=7.6ms, 最大耗時=51.7ms, 指令數=515
2025-07-20 07:21:58 [INFO] GripperOptimized:fast_loop:484 - 性能統計: 循環=2729000, 平均耗時=7.7ms, 最大耗時=51.7ms, 指令數=515
2025-07-20 07:22:19 [INFO] GripperOptimized:fast_loop:484 - 性能統計: 循環=2730000, 平均耗時=7.5ms, 最大耗時=51.7ms, 指令數=515
2025-07-20 07:22:39 [INFO] GripperOptimized:fast_loop:484 - 性能統計: 循環=2731000, 平均耗時=7.7ms, 最大耗時=51.7ms, 指令數=515
2025-07-20 07:23:00 [INFO] GripperOptimized:fast_loop:484 - 性能統計: 循環=2732000, 平均耗時=7.3ms, 最大耗時=51.7ms, 指令數=515
2025-07-20 07:23:20 [INFO] GripperOptimized:fast_loop:484 - 性能統計: 循環=2733000, 平均耗時=7.6ms, 最大耗時=51.7ms, 指令數=515
2025-07-20 07:23:41 [INFO] GripperOptimized:fast_loop:484 - 性能統計: 循環=2734000, 平均耗時=7.6ms, 最大耗時=51.7ms, 指令數=515
2025-07-20 07:24:02 [INFO] GripperOptimized:fast_loop:484 - 性能統計: 循環=2735000, 平均耗時=7.5ms, 最大耗時=51.7ms, 指令數=515
2025-07-20 07:24:22 [INFO] GripperOptimized:fast_loop:484 - 性能統計: 循環=2736000, 平均耗時=7.8ms, 最大耗時=51.7ms, 指令數=515
2025-07-20 07:24:43 [INFO] GripperOptimized:fast_loop:484 - 性能統計: 循環=2737000, 平均耗時=7.6ms, 最大耗時=51.7ms, 指令數=515
2025-07-20 07:25:04 [INFO] GripperOptimized:fast_loop:484 - 性能統計: 循環=2738000, 平均耗時=7.5ms, 最大耗時=51.7ms, 指令數=515
2025-07-20 07:25:24 [INFO] GripperOptimized:fast_loop:484 - 性能統計: 循環=2739000, 平均耗時=7.5ms, 最大耗時=51.7ms, 指令數=515
2025-07-20 07:25:45 [INFO] GripperOptimized:fast_loop:484 - 性能統計: 循環=2740000, 平均耗時=7.7ms, 最大耗時=51.7ms, 指令數=515
2025-07-20 07:26:06 [INFO] GripperOptimized:fast_loop:484 - 性能統計: 循環=2741000, 平均耗時=7.5ms, 最大耗時=51.7ms, 指令數=515
2025-07-20 07:26:26 [INFO] GripperOptimized:fast_loop:484 - 性能統計: 循環=2742000, 平均耗時=7.5ms, 最大耗時=51.7ms, 指令數=515
2025-07-20 07:26:47 [INFO] GripperOptimized:fast_loop:484 - 性能統計: 循環=2743000, 平均耗時=7.6ms, 最大耗時=51.7ms, 指令數=515
2025-07-20 07:27:08 [INFO] GripperOptimized:fast_loop:484 - 性能統計: 循環=2744000, 平均耗時=7.5ms, 最大耗時=51.7ms, 指令數=515
2025-07-20 07:27:28 [INFO] GripperOptimized:fast_loop:484 - 性能統計: 循環=2745000, 平均耗時=7.7ms, 最大耗時=51.7ms, 指令數=515
2025-07-20 07:27:49 [INFO] GripperOptimized:fast_loop:484 - 性能統計: 循環=2746000, 平均耗時=7.5ms, 最大耗時=51.7ms, 指令數=515
2025-07-20 07:28:10 [INFO] GripperOptimized:fast_loop:484 - 性能統計: 循環=2747000, 平均耗時=7.6ms, 最大耗時=51.7ms, 指令數=515
2025-07-20 07:28:30 [INFO] GripperOptimized:fast_loop:484 - 性能統計: 循環=2748000, 平均耗時=7.4ms, 最大耗時=51.7ms, 指令數=515
2025-07-20 07:28:51 [INFO] GripperOptimized:fast_loop:484 - 性能統計: 循環=2749000, 平均耗時=7.6ms, 最大耗時=51.7ms, 指令數=515
2025-07-20 07:29:11 [INFO] GripperOptimized:fast_loop:484 - 性能統計: 循環=2750000, 平均耗時=7.6ms, 最大耗時=51.7ms, 指令數=515
2025-07-20 07:29:32 [INFO] GripperOptimized:fast_loop:484 - 性能統計: 循環=2751000, 平均耗時=7.5ms, 最大耗時=51.7ms, 指令數=515
2025-07-20 07:29:53 [INFO] GripperOptimized:fast_loop:484 - 性能統計: 循環=2752000, 平均耗時=7.4ms, 最大耗時=51.7ms, 指令數=515
2025-07-20 07:30:13 [INFO] GripperOptimized:fast_loop:484 - 性能統計: 循環=2753000, 平均耗時=7.4ms, 最大耗時=51.7ms, 指令數=515
2025-07-20 07:30:34 [INFO] GripperOptimized:fast_loop:484 - 性能統計: 循環=2754000, 平均耗時=7.7ms, 最大耗時=51.7ms, 指令數=515
2025-07-20 07:30:55 [INFO] GripperOptimized:fast_loop:484 - 性能統計: 循環=2755000, 平均耗時=7.6ms, 最大耗時=51.7ms, 指令數=515
2025-07-20 07:31:15 [INFO] GripperOptimized:fast_loop:484 - 性能統計: 循環=2756000, 平均耗時=7.3ms, 最大耗時=51.7ms, 指令數=515
2025-07-20 07:31:36 [INFO] GripperOptimized:fast_loop:484 - 性能統計: 循環=2757000, 平均耗時=7.5ms, 最大耗時=51.7ms, 指令數=515
2025-07-20 07:31:57 [INFO] GripperOptimized:fast_loop:484 - 性能統計: 循環=2758000, 平均耗時=7.7ms, 最大耗時=51.7ms, 指令數=515
2025-07-20 07:32:17 [INFO] GripperOptimized:fast_loop:484 - 性能統計: 循環=2759000, 平均耗時=7.5ms, 最大耗時=51.7ms, 指令數=515
2025-07-20 07:32:38 [INFO] GripperOptimized:fast_loop:484 - 性能統計: 循環=2760000, 平均耗時=7.7ms, 最大耗時=51.7ms, 指令數=515
2025-07-20 07:32:59 [INFO] GripperOptimized:fast_loop:484 - 性能統計: 循環=2761000, 平均耗時=7.5ms, 最大耗時=51.7ms, 指令數=515
2025-07-20 07:33:19 [INFO] GripperOptimized:fast_loop:484 - 性能統計: 循環=2762000, 平均耗時=7.6ms, 最大耗時=51.7ms, 指令數=515
2025-07-20 07:33:40 [INFO] GripperOptimized:fast_loop:484 - 性能統計: 循環=2763000, 平均耗時=7.6ms, 最大耗時=51.7ms, 指令數=515
2025-07-20 07:34:00 [INFO] GripperOptimized:fast_loop:484 - 性能統計: 循環=2764000, 平均耗時=7.4ms, 最大耗時=51.7ms, 指令數=515
2025-07-20 07:34:21 [INFO] GripperOptimized:fast_loop:484 - 性能統計: 循環=2765000, 平均耗時=7.4ms, 最大耗時=51.7ms, 指令數=515
2025-07-20 07:34:42 [INFO] GripperOptimized:fast_loop:484 - 性能統計: 循環=2766000, 平均耗時=7.5ms, 最大耗時=51.7ms, 指令數=515
2025-07-20 07:35:02 [INFO] GripperOptimized:fast_loop:484 - 性能統計: 循環=2767000, 平均耗時=7.4ms, 最大耗時=51.7ms, 指令數=515
2025-07-20 07:35:23 [INFO] GripperOptimized:fast_loop:484 - 性能統計: 循環=2768000, 平均耗時=7.7ms, 最大耗時=51.7ms, 指令數=515
2025-07-20 07:35:44 [INFO] GripperOptimized:fast_loop:484 - 性能統計: 循環=2769000, 平均耗時=7.5ms, 最大耗時=51.7ms, 指令數=515
2025-07-20 07:36:04 [INFO] GripperOptimized:fast_loop:484 - 性能統計: 循環=2770000, 平均耗時=7.8ms, 最大耗時=51.7ms, 指令數=515
2025-07-20 07:36:25 [INFO] GripperOptimized:fast_loop:484 - 性能統計: 循環=2771000, 平均耗時=7.4ms, 最大耗時=51.7ms, 指令數=515
2025-07-20 07:36:46 [INFO] GripperOptimized:fast_loop:484 - 性能統計: 循環=2772000, 平均耗時=7.6ms, 最大耗時=51.7ms, 指令數=515
2025-07-20 07:37:06 [INFO] GripperOptimized:fast_loop:484 - 性能統計: 循環=2773000, 平均耗時=7.5ms, 最大耗時=51.7ms, 指令數=515
2025-07-20 07:37:27 [INFO] GripperOptimized:fast_loop:484 - 性能統計: 循環=2774000, 平均耗時=7.4ms, 最大耗時=51.7ms, 指令數=515
2025-07-20 07:37:48 [INFO] GripperOptimized:fast_loop:484 - 性能統計: 循環=2775000, 平均耗時=7.6ms, 最大耗時=51.7ms, 指令數=515
2025-07-20 07:38:08 [INFO] GripperOptimized:fast_loop:484 - 性能統計: 循環=2776000, 平均耗時=7.6ms, 最大耗時=51.7ms, 指令數=515
2025-07-20 07:38:29 [INFO] GripperOptimized:fast_loop:484 - 性能統計: 循環=2777000, 平均耗時=7.7ms, 最大耗時=51.7ms, 指令數=515
2025-07-20 07:38:50 [INFO] GripperOptimized:fast_loop:484 - 性能統計: 循環=2778000, 平均耗時=7.5ms, 最大耗時=51.7ms, 指令數=515
2025-07-20 07:39:10 [INFO] GripperOptimized:fast_loop:484 - 性能統計: 循環=2779000, 平均耗時=7.7ms, 最大耗時=51.7ms, 指令數=515
2025-07-20 07:39:31 [INFO] GripperOptimized:fast_loop:484 - 性能統計: 循環=2780000, 平均耗時=7.4ms, 最大耗時=51.7ms, 指令數=515
2025-07-20 07:39:52 [INFO] GripperOptimized:fast_loop:484 - 性能統計: 循環=2781000, 平均耗時=7.4ms, 最大耗時=51.7ms, 指令數=515
2025-07-20 07:40:12 [INFO] GripperOptimized:fast_loop:484 - 性能統計: 循環=2782000, 平均耗時=7.5ms, 最大耗時=51.7ms, 指令數=515
2025-07-20 07:40:33 [INFO] GripperOptimized:fast_loop:484 - 性能統計: 循環=2783000, 平均耗時=7.4ms, 最大耗時=51.7ms, 指令數=515
2025-07-20 07:40:53 [INFO] GripperOptimized:fast_loop:484 - 性能統計: 循環=2784000, 平均耗時=7.8ms, 最大耗時=51.7ms, 指令數=515
2025-07-20 07:41:14 [INFO] GripperOptimized:fast_loop:484 - 性能統計: 循環=2785000, 平均耗時=7.7ms, 最大耗時=51.7ms, 指令數=515
2025-07-20 07:41:35 [INFO] GripperOptimized:fast_loop:484 - 性能統計: 循環=2786000, 平均耗時=7.4ms, 最大耗時=51.7ms, 指令數=515
2025-07-20 07:41:55 [INFO] GripperOptimized:fast_loop:484 - 性能統計: 循環=2787000, 平均耗時=7.7ms, 最大耗時=51.7ms, 指令數=515
2025-07-20 07:42:16 [INFO] GripperOptimized:fast_loop:484 - 性能統計: 循環=2788000, 平均耗時=7.4ms, 最大耗時=51.7ms, 指令數=515
2025-07-20 07:42:37 [INFO] GripperOptimized:fast_loop:484 - 性能統計: 循環=2789000, 平均耗時=7.5ms, 最大耗時=51.7ms, 指令數=515
2025-07-20 07:42:57 [INFO] GripperOptimized:fast_loop:484 - 性能統計: 循環=2790000, 平均耗時=7.4ms, 最大耗時=51.7ms, 指令數=515
2025-07-20 07:43:18 [INFO] GripperOptimized:fast_loop:484 - 性能統計: 循環=2791000, 平均耗時=7.7ms, 最大耗時=51.7ms, 指令數=515
2025-07-20 07:43:39 [INFO] GripperOptimized:fast_loop:484 - 性能統計: 循環=2792000, 平均耗時=7.8ms, 最大耗時=51.7ms, 指令數=515
2025-07-20 07:43:59 [INFO] GripperOptimized:fast_loop:484 - 性能統計: 循環=2793000, 平均耗時=7.6ms, 最大耗時=51.7ms, 指令數=515
2025-07-20 07:44:20 [INFO] GripperOptimized:fast_loop:484 - 性能統計: 循環=2794000, 平均耗時=7.5ms, 最大耗時=51.7ms, 指令數=515
2025-07-20 07:44:41 [INFO] GripperOptimized:fast_loop:484 - 性能統計: 循環=2795000, 平均耗時=7.4ms, 最大耗時=51.7ms, 指令數=515
2025-07-20 07:45:01 [INFO] GripperOptimized:fast_loop:484 - 性能統計: 循環=2796000, 平均耗時=7.5ms, 最大耗時=51.7ms, 指令數=515
2025-07-20 07:45:22 [INFO] GripperOptimized:fast_loop:484 - 性能統計: 循環=2797000, 平均耗時=7.6ms, 最大耗時=51.7ms, 指令數=515
2025-07-20 07:45:42 [INFO] GripperOptimized:fast_loop:484 - 性能統計: 循環=2798000, 平均耗時=7.5ms, 最大耗時=51.7ms, 指令數=515
2025-07-20 07:46:03 [INFO] GripperOptimized:fast_loop:484 - 性能統計: 循環=2799000, 平均耗時=7.4ms, 最大耗時=51.7ms, 指令數=515
2025-07-20 07:46:24 [INFO] GripperOptimized:fast_loop:484 - 性能統計: 循環=2800000, 平均耗時=7.7ms, 最大耗時=51.7ms, 指令數=515
2025-07-20 07:46:44 [INFO] GripperOptimized:fast_loop:484 - 性能統計: 循環=2801000, 平均耗時=7.6ms, 最大耗時=51.7ms, 指令數=515
2025-07-20 07:47:05 [INFO] GripperOptimized:fast_loop:484 - 性能統計: 循環=2802000, 平均耗時=7.5ms, 最大耗時=51.7ms, 指令數=515
2025-07-20 07:47:26 [INFO] GripperOptimized:fast_loop:484 - 性能統計: 循環=2803000, 平均耗時=7.6ms, 最大耗時=51.7ms, 指令數=515
2025-07-20 07:47:46 [INFO] GripperOptimized:fast_loop:484 - 性能統計: 循環=2804000, 平均耗時=7.3ms, 最大耗時=51.7ms, 指令數=515
2025-07-20 07:48:07 [INFO] GripperOptimized:fast_loop:484 - 性能統計: 循環=2805000, 平均耗時=7.3ms, 最大耗時=51.7ms, 指令數=515
2025-07-20 07:48:28 [INFO] GripperOptimized:fast_loop:484 - 性能統計: 循環=2806000, 平均耗時=7.4ms, 最大耗時=51.7ms, 指令數=515
2025-07-20 07:48:48 [INFO] GripperOptimized:fast_loop:484 - 性能統計: 循環=2807000, 平均耗時=7.5ms, 最大耗時=51.7ms, 指令數=515
2025-07-20 07:49:09 [INFO] GripperOptimized:fast_loop:484 - 性能統計: 循環=2808000, 平均耗時=7.2ms, 最大耗時=51.7ms, 指令數=515
2025-07-20 07:49:30 [INFO] GripperOptimized:fast_loop:484 - 性能統計: 循環=2809000, 平均耗時=7.4ms, 最大耗時=51.7ms, 指令數=515
2025-07-20 07:49:50 [INFO] GripperOptimized:fast_loop:484 - 性能統計: 循環=2810000, 平均耗時=7.6ms, 最大耗時=51.7ms, 指令數=515
2025-07-20 07:50:11 [INFO] GripperOptimized:fast_loop:484 - 性能統計: 循環=2811000, 平均耗時=7.5ms, 最大耗時=51.7ms, 指令數=515
2025-07-20 07:50:31 [INFO] GripperOptimized:fast_loop:484 - 性能統計: 循環=2812000, 平均耗時=7.5ms, 最大耗時=51.7ms, 指令數=515
2025-07-20 07:50:52 [INFO] GripperOptimized:fast_loop:484 - 性能統計: 循環=2813000, 平均耗時=7.4ms, 最大耗時=51.7ms, 指令數=515
2025-07-20 07:51:13 [INFO] GripperOptimized:fast_loop:484 - 性能統計: 循環=2814000, 平均耗時=7.5ms, 最大耗時=51.7ms, 指令數=515
2025-07-20 07:51:33 [INFO] GripperOptimized:fast_loop:484 - 性能統計: 循環=2815000, 平均耗時=7.4ms, 最大耗時=51.7ms, 指令數=515
2025-07-20 07:51:54 [INFO] GripperOptimized:fast_loop:484 - 性能統計: 循環=2816000, 平均耗時=7.5ms, 最大耗時=51.7ms, 指令數=515
2025-07-20 07:52:15 [INFO] GripperOptimized:fast_loop:484 - 性能統計: 循環=2817000, 平均耗時=7.5ms, 最大耗時=51.7ms, 指令數=515
2025-07-20 07:52:35 [INFO] GripperOptimized:fast_loop:484 - 性能統計: 循環=2818000, 平均耗時=7.5ms, 最大耗時=51.7ms, 指令數=515
2025-07-20 07:52:56 [INFO] GripperOptimized:fast_loop:484 - 性能統計: 循環=2819000, 平均耗時=7.6ms, 最大耗時=51.7ms, 指令數=515
2025-07-20 07:53:17 [INFO] GripperOptimized:fast_loop:484 - 性能統計: 循環=2820000, 平均耗時=7.4ms, 最大耗時=51.7ms, 指令數=515
2025-07-20 07:53:37 [INFO] GripperOptimized:fast_loop:484 - 性能統計: 循環=2821000, 平均耗時=7.4ms, 最大耗時=51.7ms, 指令數=515
2025-07-20 07:53:58 [INFO] GripperOptimized:fast_loop:484 - 性能統計: 循環=2822000, 平均耗時=7.5ms, 最大耗時=51.7ms, 指令數=515
2025-07-20 07:54:19 [INFO] GripperOptimized:fast_loop:484 - 性能統計: 循環=2823000, 平均耗時=7.3ms, 最大耗時=51.7ms, 指令數=515
2025-07-20 07:54:39 [INFO] GripperOptimized:fast_loop:484 - 性能統計: 循環=2824000, 平均耗時=7.5ms, 最大耗時=51.7ms, 指令數=515
2025-07-20 07:55:00 [INFO] GripperOptimized:fast_loop:484 - 性能統計: 循環=2825000, 平均耗時=7.4ms, 最大耗時=51.7ms, 指令數=515
2025-07-20 07:55:21 [INFO] GripperOptimized:fast_loop:484 - 性能統計: 循環=2826000, 平均耗時=7.8ms, 最大耗時=51.7ms, 指令數=515
2025-07-20 07:55:41 [INFO] GripperOptimized:fast_loop:484 - 性能統計: 循環=2827000, 平均耗時=7.8ms, 最大耗時=51.7ms, 指令數=515
2025-07-20 07:56:02 [INFO] GripperOptimized:fast_loop:484 - 性能統計: 循環=2828000, 平均耗時=7.4ms, 最大耗時=51.7ms, 指令數=515
2025-07-20 07:56:22 [INFO] GripperOptimized:fast_loop:484 - 性能統計: 循環=2829000, 平均耗時=7.5ms, 最大耗時=51.7ms, 指令數=515
2025-07-20 07:56:43 [INFO] GripperOptimized:fast_loop:484 - 性能統計: 循環=2830000, 平均耗時=7.4ms, 最大耗時=51.7ms, 指令數=515
2025-07-20 07:57:04 [INFO] GripperOptimized:fast_loop:484 - 性能統計: 循環=2831000, 平均耗時=7.5ms, 最大耗時=51.7ms, 指令數=515
2025-07-20 07:57:24 [INFO] GripperOptimized:fast_loop:484 - 性能統計: 循環=2832000, 平均耗時=7.7ms, 最大耗時=51.7ms, 指令數=515
2025-07-20 07:57:45 [INFO] GripperOptimized:fast_loop:484 - 性能統計: 循環=2833000, 平均耗時=7.4ms, 最大耗時=51.7ms, 指令數=515
2025-07-20 07:58:06 [INFO] GripperOptimized:fast_loop:484 - 性能統計: 循環=2834000, 平均耗時=7.3ms, 最大耗時=51.7ms, 指令數=515
2025-07-20 07:58:26 [INFO] GripperOptimized:fast_loop:484 - 性能統計: 循環=2835000, 平均耗時=7.5ms, 最大耗時=51.7ms, 指令數=515
2025-07-20 07:58:47 [INFO] GripperOptimized:fast_loop:484 - 性能統計: 循環=2836000, 平均耗時=7.6ms, 最大耗時=51.7ms, 指令數=515
2025-07-20 07:59:08 [INFO] GripperOptimized:fast_loop:484 - 性能統計: 循環=2837000, 平均耗時=7.6ms, 最大耗時=51.7ms, 指令數=515
2025-07-20 07:59:28 [INFO] GripperOptimized:fast_loop:484 - 性能統計: 循環=2838000, 平均耗時=7.5ms, 最大耗時=51.7ms, 指令數=515
2025-07-20 07:59:49 [INFO] GripperOptimized:fast_loop:484 - 性能統計: 循環=2839000, 平均耗時=7.5ms, 最大耗時=51.7ms, 指令數=515
2025-07-20 08:00:10 [INFO] GripperOptimized:fast_loop:484 - 性能統計: 循環=2840000, 平均耗時=7.5ms, 最大耗時=51.7ms, 指令數=515
2025-07-20 08:00:30 [INFO] GripperOptimized:fast_loop:484 - 性能統計: 循環=2841000, 平均耗時=7.6ms, 最大耗時=51.7ms, 指令數=515
2025-07-20 08:00:51 [INFO] GripperOptimized:fast_loop:484 - 性能統計: 循環=2842000, 平均耗時=7.6ms, 最大耗時=51.7ms, 指令數=515
2025-07-20 08:01:11 [INFO] GripperOptimized:fast_loop:484 - 性能統計: 循環=2843000, 平均耗時=7.7ms, 最大耗時=51.7ms, 指令數=515
2025-07-20 08:01:32 [INFO] GripperOptimized:fast_loop:484 - 性能統計: 循環=2844000, 平均耗時=7.5ms, 最大耗時=51.7ms, 指令數=515
2025-07-20 08:01:53 [INFO] GripperOptimized:fast_loop:484 - 性能統計: 循環=2845000, 平均耗時=7.4ms, 最大耗時=51.7ms, 指令數=515
2025-07-20 08:02:13 [INFO] GripperOptimized:fast_loop:484 - 性能統計: 循環=2846000, 平均耗時=7.5ms, 最大耗時=51.7ms, 指令數=515
2025-07-20 08:02:34 [INFO] GripperOptimized:fast_loop:484 - 性能統計: 循環=2847000, 平均耗時=7.6ms, 最大耗時=51.7ms, 指令數=515
2025-07-20 08:02:55 [INFO] GripperOptimized:fast_loop:484 - 性能統計: 循環=2848000, 平均耗時=7.5ms, 最大耗時=51.7ms, 指令數=515
2025-07-20 08:03:15 [INFO] GripperOptimized:fast_loop:484 - 性能統計: 循環=2849000, 平均耗時=7.7ms, 最大耗時=51.7ms, 指令數=515
2025-07-20 08:03:36 [INFO] GripperOptimized:fast_loop:484 - 性能統計: 循環=2850000, 平均耗時=7.5ms, 最大耗時=51.7ms, 指令數=515
2025-07-20 08:03:57 [INFO] GripperOptimized:fast_loop:484 - 性能統計: 循環=2851000, 平均耗時=7.4ms, 最大耗時=51.7ms, 指令數=515
2025-07-20 08:04:17 [INFO] GripperOptimized:fast_loop:484 - 性能統計: 循環=2852000, 平均耗時=7.5ms, 最大耗時=51.7ms, 指令數=515
2025-07-20 08:04:38 [INFO] GripperOptimized:fast_loop:484 - 性能統計: 循環=2853000, 平均耗時=7.5ms, 最大耗時=51.7ms, 指令數=515
2025-07-20 08:04:58 [INFO] GripperOptimized:fast_loop:484 - 性能統計: 循環=2854000, 平均耗時=7.4ms, 最大耗時=51.7ms, 指令數=515
2025-07-20 08:05:19 [INFO] GripperOptimized:fast_loop:484 - 性能統計: 循環=2855000, 平均耗時=7.4ms, 最大耗時=51.7ms, 指令數=515
2025-07-20 08:05:40 [INFO] GripperOptimized:fast_loop:484 - 性能統計: 循環=2856000, 平均耗時=7.6ms, 最大耗時=51.7ms, 指令數=515
2025-07-20 08:06:00 [INFO] GripperOptimized:fast_loop:484 - 性能統計: 循環=2857000, 平均耗時=7.3ms, 最大耗時=51.7ms, 指令數=515
2025-07-20 08:06:21 [INFO] GripperOptimized:fast_loop:484 - 性能統計: 循環=2858000, 平均耗時=7.3ms, 最大耗時=51.7ms, 指令數=515
2025-07-20 08:06:42 [INFO] GripperOptimized:fast_loop:484 - 性能統計: 循環=2859000, 平均耗時=7.6ms, 最大耗時=51.7ms, 指令數=515
2025-07-20 08:07:02 [INFO] GripperOptimized:fast_loop:484 - 性能統計: 循環=2860000, 平均耗時=7.5ms, 最大耗時=51.7ms, 指令數=515
2025-07-20 08:07:23 [INFO] GripperOptimized:fast_loop:484 - 性能統計: 循環=2861000, 平均耗時=7.4ms, 最大耗時=51.7ms, 指令數=515
2025-07-20 08:07:44 [INFO] GripperOptimized:fast_loop:484 - 性能統計: 循環=2862000, 平均耗時=7.4ms, 最大耗時=51.7ms, 指令數=515
2025-07-20 08:08:04 [INFO] GripperOptimized:fast_loop:484 - 性能統計: 循環=2863000, 平均耗時=7.6ms, 最大耗時=51.7ms, 指令數=515
2025-07-20 08:08:25 [INFO] GripperOptimized:fast_loop:484 - 性能統計: 循環=2864000, 平均耗時=7.5ms, 最大耗時=51.7ms, 指令數=515
2025-07-20 08:08:46 [INFO] GripperOptimized:fast_loop:484 - 性能統計: 循環=2865000, 平均耗時=7.4ms, 最大耗時=51.7ms, 指令數=515
2025-07-20 08:09:06 [INFO] GripperOptimized:fast_loop:484 - 性能統計: 循環=2866000, 平均耗時=7.4ms, 最大耗時=51.7ms, 指令數=515
2025-07-20 08:09:27 [INFO] GripperOptimized:fast_loop:484 - 性能統計: 循環=2867000, 平均耗時=7.6ms, 最大耗時=51.7ms, 指令數=515
2025-07-20 08:09:48 [INFO] GripperOptimized:fast_loop:484 - 性能統計: 循環=2868000, 平均耗時=7.5ms, 最大耗時=51.7ms, 指令數=515
2025-07-20 08:10:08 [INFO] GripperOptimized:fast_loop:484 - 性能統計: 循環=2869000, 平均耗時=7.6ms, 最大耗時=51.7ms, 指令數=515
2025-07-20 08:10:29 [INFO] GripperOptimized:fast_loop:484 - 性能統計: 循環=2870000, 平均耗時=7.5ms, 最大耗時=51.7ms, 指令數=515
2025-07-20 08:10:50 [INFO] GripperOptimized:fast_loop:484 - 性能統計: 循環=2871000, 平均耗時=7.7ms, 最大耗時=51.7ms, 指令數=515
2025-07-20 08:11:10 [INFO] GripperOptimized:fast_loop:484 - 性能統計: 循環=2872000, 平均耗時=7.5ms, 最大耗時=51.7ms, 指令數=515
2025-07-20 08:11:31 [INFO] GripperOptimized:fast_loop:484 - 性能統計: 循環=2873000, 平均耗時=7.4ms, 最大耗時=51.7ms, 指令數=515
2025-07-20 08:11:51 [INFO] GripperOptimized:fast_loop:484 - 性能統計: 循環=2874000, 平均耗時=7.7ms, 最大耗時=51.7ms, 指令數=515
2025-07-20 08:12:12 [INFO] GripperOptimized:fast_loop:484 - 性能統計: 循環=2875000, 平均耗時=7.6ms, 最大耗時=51.7ms, 指令數=515
2025-07-20 08:12:33 [INFO] GripperOptimized:fast_loop:484 - 性能統計: 循環=2876000, 平均耗時=7.6ms, 最大耗時=51.7ms, 指令數=515
2025-07-20 08:12:53 [INFO] GripperOptimized:fast_loop:484 - 性能統計: 循環=2877000, 平均耗時=7.6ms, 最大耗時=51.7ms, 指令數=515
2025-07-20 08:13:14 [INFO] GripperOptimized:fast_loop:484 - 性能統計: 循環=2878000, 平均耗時=7.4ms, 最大耗時=51.7ms, 指令數=515
2025-07-20 08:13:35 [INFO] GripperOptimized:fast_loop:484 - 性能統計: 循環=2879000, 平均耗時=7.4ms, 最大耗時=51.7ms, 指令數=515
2025-07-20 08:13:55 [INFO] GripperOptimized:fast_loop:484 - 性能統計: 循環=2880000, 平均耗時=7.8ms, 最大耗時=51.7ms, 指令數=515
2025-07-20 08:14:16 [INFO] GripperOptimized:fast_loop:484 - 性能統計: 循環=2881000, 平均耗時=7.6ms, 最大耗時=51.7ms, 指令數=515
2025-07-20 08:14:37 [INFO] GripperOptimized:fast_loop:484 - 性能統計: 循環=2882000, 平均耗時=7.3ms, 最大耗時=51.7ms, 指令數=515
2025-07-20 08:14:57 [INFO] GripperOptimized:fast_loop:484 - 性能統計: 循環=2883000, 平均耗時=7.6ms, 最大耗時=51.7ms, 指令數=515
2025-07-20 08:15:18 [INFO] GripperOptimized:fast_loop:484 - 性能統計: 循環=2884000, 平均耗時=7.6ms, 最大耗時=51.7ms, 指令數=515
2025-07-20 08:15:38 [INFO] GripperOptimized:fast_loop:484 - 性能統計: 循環=2885000, 平均耗時=7.6ms, 最大耗時=51.7ms, 指令數=515
2025-07-20 08:15:59 [INFO] GripperOptimized:fast_loop:484 - 性能統計: 循環=2886000, 平均耗時=7.6ms, 最大耗時=51.7ms, 指令數=515
2025-07-20 08:16:20 [INFO] GripperOptimized:fast_loop:484 - 性能統計: 循環=2887000, 平均耗時=7.6ms, 最大耗時=51.7ms, 指令數=515
2025-07-20 08:16:40 [INFO] GripperOptimized:fast_loop:484 - 性能統計: 循環=2888000, 平均耗時=7.4ms, 最大耗時=51.7ms, 指令數=515
2025-07-20 08:17:01 [INFO] GripperOptimized:fast_loop:484 - 性能統計: 循環=2889000, 平均耗時=7.5ms, 最大耗時=51.7ms, 指令數=515
2025-07-20 08:17:22 [INFO] GripperOptimized:fast_loop:484 - 性能統計: 循環=2890000, 平均耗時=7.5ms, 最大耗時=51.7ms, 指令數=515
2025-07-20 08:17:42 [INFO] GripperOptimized:fast_loop:484 - 性能統計: 循環=2891000, 平均耗時=7.6ms, 最大耗時=51.7ms, 指令數=515
2025-07-20 08:18:03 [INFO] GripperOptimized:fast_loop:484 - 性能統計: 循環=2892000, 平均耗時=7.7ms, 最大耗時=51.7ms, 指令數=515
2025-07-20 08:18:24 [INFO] GripperOptimized:fast_loop:484 - 性能統計: 循環=2893000, 平均耗時=7.5ms, 最大耗時=51.7ms, 指令數=515
2025-07-20 08:18:44 [INFO] GripperOptimized:fast_loop:484 - 性能統計: 循環=2894000, 平均耗時=7.5ms, 最大耗時=51.7ms, 指令數=515
2025-07-20 08:19:05 [INFO] GripperOptimized:fast_loop:484 - 性能統計: 循環=2895000, 平均耗時=7.4ms, 最大耗時=51.7ms, 指令數=515
2025-07-20 08:19:25 [INFO] GripperOptimized:fast_loop:484 - 性能統計: 循環=2896000, 平均耗時=7.2ms, 最大耗時=51.7ms, 指令數=515
2025-07-20 08:19:46 [INFO] GripperOptimized:fast_loop:484 - 性能統計: 循環=2897000, 平均耗時=7.6ms, 最大耗時=51.7ms, 指令數=515
2025-07-20 08:20:07 [INFO] GripperOptimized:fast_loop:484 - 性能統計: 循環=2898000, 平均耗時=7.5ms, 最大耗時=51.7ms, 指令數=515
2025-07-20 08:20:27 [INFO] GripperOptimized:fast_loop:484 - 性能統計: 循環=2899000, 平均耗時=7.6ms, 最大耗時=51.7ms, 指令數=515
2025-07-20 08:20:48 [INFO] GripperOptimized:fast_loop:484 - 性能統計: 循環=2900000, 平均耗時=7.5ms, 最大耗時=51.7ms, 指令數=515
2025-07-20 08:21:09 [INFO] GripperOptimized:fast_loop:484 - 性能統計: 循環=2901000, 平均耗時=7.4ms, 最大耗時=51.7ms, 指令數=515
2025-07-20 08:21:29 [INFO] GripperOptimized:fast_loop:484 - 性能統計: 循環=2902000, 平均耗時=7.6ms, 最大耗時=51.7ms, 指令數=515
2025-07-20 08:21:50 [INFO] GripperOptimized:fast_loop:484 - 性能統計: 循環=2903000, 平均耗時=7.6ms, 最大耗時=51.7ms, 指令數=515
2025-07-20 08:22:11 [INFO] GripperOptimized:fast_loop:484 - 性能統計: 循環=2904000, 平均耗時=7.7ms, 最大耗時=51.7ms, 指令數=515
2025-07-20 08:22:31 [INFO] GripperOptimized:fast_loop:484 - 性能統計: 循環=2905000, 平均耗時=7.4ms, 最大耗時=51.7ms, 指令數=515
2025-07-20 08:22:52 [INFO] GripperOptimized:fast_loop:484 - 性能統計: 循環=2906000, 平均耗時=7.5ms, 最大耗時=51.7ms, 指令數=515
2025-07-20 08:23:13 [INFO] GripperOptimized:fast_loop:484 - 性能統計: 循環=2907000, 平均耗時=7.6ms, 最大耗時=51.7ms, 指令數=515
2025-07-20 08:23:33 [INFO] GripperOptimized:fast_loop:484 - 性能統計: 循環=2908000, 平均耗時=7.5ms, 最大耗時=51.7ms, 指令數=515
2025-07-20 08:23:54 [INFO] GripperOptimized:fast_loop:484 - 性能統計: 循環=2909000, 平均耗時=7.1ms, 最大耗時=51.7ms, 指令數=515
2025-07-20 08:24:14 [INFO] GripperOptimized:fast_loop:484 - 性能統計: 循環=2910000, 平均耗時=7.4ms, 最大耗時=51.7ms, 指令數=515
2025-07-20 08:24:35 [INFO] GripperOptimized:fast_loop:484 - 性能統計: 循環=2911000, 平均耗時=7.6ms, 最大耗時=51.7ms, 指令數=515
2025-07-20 08:24:56 [INFO] GripperOptimized:fast_loop:484 - 性能統計: 循環=2912000, 平均耗時=7.3ms, 最大耗時=51.7ms, 指令數=515
2025-07-20 08:25:16 [INFO] GripperOptimized:fast_loop:484 - 性能統計: 循環=2913000, 平均耗時=7.6ms, 最大耗時=51.7ms, 指令數=515
2025-07-20 08:25:37 [INFO] GripperOptimized:fast_loop:484 - 性能統計: 循環=2914000, 平均耗時=7.5ms, 最大耗時=51.7ms, 指令數=515
2025-07-20 08:25:58 [INFO] GripperOptimized:fast_loop:484 - 性能統計: 循環=2915000, 平均耗時=7.3ms, 最大耗時=51.7ms, 指令數=515
2025-07-20 08:26:18 [INFO] GripperOptimized:fast_loop:484 - 性能統計: 循環=2916000, 平均耗時=7.5ms, 最大耗時=51.7ms, 指令數=515
2025-07-20 08:26:39 [INFO] GripperOptimized:fast_loop:484 - 性能統計: 循環=2917000, 平均耗時=7.5ms, 最大耗時=51.7ms, 指令數=515
2025-07-20 08:27:00 [INFO] GripperOptimized:fast_loop:484 - 性能統計: 循環=2918000, 平均耗時=7.2ms, 最大耗時=51.7ms, 指令數=515
2025-07-20 08:27:20 [INFO] GripperOptimized:fast_loop:484 - 性能統計: 循環=2919000, 平均耗時=7.6ms, 最大耗時=51.7ms, 指令數=515
2025-07-20 08:27:41 [INFO] GripperOptimized:fast_loop:484 - 性能統計: 循環=2920000, 平均耗時=7.6ms, 最大耗時=51.7ms, 指令數=515
2025-07-20 08:28:01 [INFO] GripperOptimized:fast_loop:484 - 性能統計: 循環=2921000, 平均耗時=7.6ms, 最大耗時=51.7ms, 指令數=515
2025-07-20 08:28:22 [INFO] GripperOptimized:fast_loop:484 - 性能統計: 循環=2922000, 平均耗時=7.5ms, 最大耗時=51.7ms, 指令數=515
2025-07-20 08:28:43 [INFO] GripperOptimized:fast_loop:484 - 性能統計: 循環=2923000, 平均耗時=7.6ms, 最大耗時=51.7ms, 指令數=515
2025-07-20 08:29:03 [INFO] GripperOptimized:fast_loop:484 - 性能統計: 循環=2924000, 平均耗時=7.3ms, 最大耗時=51.7ms, 指令數=515
2025-07-20 08:29:24 [INFO] GripperOptimized:fast_loop:484 - 性能統計: 循環=2925000, 平均耗時=7.7ms, 最大耗時=51.7ms, 指令數=515
2025-07-20 08:29:45 [INFO] GripperOptimized:fast_loop:484 - 性能統計: 循環=2926000, 平均耗時=7.4ms, 最大耗時=51.7ms, 指令數=515
2025-07-20 08:30:05 [INFO] GripperOptimized:fast_loop:484 - 性能統計: 循環=2927000, 平均耗時=7.6ms, 最大耗時=51.7ms, 指令數=515
2025-07-20 08:30:26 [INFO] GripperOptimized:fast_loop:484 - 性能統計: 循環=2928000, 平均耗時=7.6ms, 最大耗時=51.7ms, 指令數=515
2025-07-20 08:30:46 [INFO] GripperOptimized:fast_loop:484 - 性能統計: 循環=2929000, 平均耗時=7.5ms, 最大耗時=51.7ms, 指令數=515
2025-07-20 08:31:07 [INFO] GripperOptimized:fast_loop:484 - 性能統計: 循環=2930000, 平均耗時=7.8ms, 最大耗時=51.7ms, 指令數=515
2025-07-20 08:31:28 [INFO] GripperOptimized:fast_loop:484 - 性能統計: 循環=2931000, 平均耗時=7.6ms, 最大耗時=51.7ms, 指令數=515
2025-07-20 08:31:48 [INFO] GripperOptimized:fast_loop:484 - 性能統計: 循環=2932000, 平均耗時=7.6ms, 最大耗時=51.7ms, 指令數=515
2025-07-20 08:32:09 [INFO] GripperOptimized:fast_loop:484 - 性能統計: 循環=2933000, 平均耗時=7.3ms, 最大耗時=51.7ms, 指令數=515
2025-07-20 08:32:30 [INFO] GripperOptimized:fast_loop:484 - 性能統計: 循環=2934000, 平均耗時=7.5ms, 最大耗時=51.7ms, 指令數=515
2025-07-20 08:32:50 [INFO] GripperOptimized:fast_loop:484 - 性能統計: 循環=2935000, 平均耗時=7.4ms, 最大耗時=51.7ms, 指令數=515
2025-07-20 08:33:11 [INFO] GripperOptimized:fast_loop:484 - 性能統計: 循環=2936000, 平均耗時=7.5ms, 最大耗時=51.7ms, 指令數=515
2025-07-20 08:33:32 [INFO] GripperOptimized:fast_loop:484 - 性能統計: 循環=2937000, 平均耗時=7.5ms, 最大耗時=51.7ms, 指令數=515
2025-07-20 08:33:52 [INFO] GripperOptimized:fast_loop:484 - 性能統計: 循環=2938000, 平均耗時=7.6ms, 最大耗時=51.7ms, 指令數=515
2025-07-20 08:34:13 [INFO] GripperOptimized:fast_loop:484 - 性能統計: 循環=2939000, 平均耗時=7.5ms, 最大耗時=51.7ms, 指令數=515
2025-07-20 08:34:33 [INFO] GripperOptimized:fast_loop:484 - 性能統計: 循環=2940000, 平均耗時=7.6ms, 最大耗時=51.7ms, 指令數=515
2025-07-20 08:34:54 [INFO] GripperOptimized:fast_loop:484 - 性能統計: 循環=2941000, 平均耗時=7.4ms, 最大耗時=51.7ms, 指令數=515
2025-07-20 08:35:15 [INFO] GripperOptimized:fast_loop:484 - 性能統計: 循環=2942000, 平均耗時=7.6ms, 最大耗時=51.7ms, 指令數=515
2025-07-20 08:35:35 [INFO] GripperOptimized:fast_loop:484 - 性能統計: 循環=2943000, 平均耗時=7.7ms, 最大耗時=51.7ms, 指令數=515
2025-07-20 08:35:56 [INFO] GripperOptimized:fast_loop:484 - 性能統計: 循環=2944000, 平均耗時=7.6ms, 最大耗時=51.7ms, 指令數=515
2025-07-20 08:36:17 [INFO] GripperOptimized:fast_loop:484 - 性能統計: 循環=2945000, 平均耗時=7.4ms, 最大耗時=51.7ms, 指令數=515
2025-07-20 08:36:37 [INFO] GripperOptimized:fast_loop:484 - 性能統計: 循環=2946000, 平均耗時=7.6ms, 最大耗時=51.7ms, 指令數=515
2025-07-20 08:36:58 [INFO] GripperOptimized:fast_loop:484 - 性能統計: 循環=2947000, 平均耗時=7.6ms, 最大耗時=51.7ms, 指令數=515
2025-07-20 08:37:19 [INFO] GripperOptimized:fast_loop:484 - 性能統計: 循環=2948000, 平均耗時=7.4ms, 最大耗時=51.7ms, 指令數=515
2025-07-20 08:37:39 [INFO] GripperOptimized:fast_loop:484 - 性能統計: 循環=2949000, 平均耗時=7.4ms, 最大耗時=51.7ms, 指令數=515
2025-07-20 08:38:00 [INFO] GripperOptimized:fast_loop:484 - 性能統計: 循環=2950000, 平均耗時=7.7ms, 最大耗時=51.7ms, 指令數=515
2025-07-20 08:38:20 [INFO] GripperOptimized:fast_loop:484 - 性能統計: 循環=2951000, 平均耗時=7.5ms, 最大耗時=51.7ms, 指令數=515
2025-07-20 08:38:41 [INFO] GripperOptimized:fast_loop:484 - 性能統計: 循環=2952000, 平均耗時=7.5ms, 最大耗時=51.7ms, 指令數=515
2025-07-20 08:39:02 [INFO] GripperOptimized:fast_loop:484 - 性能統計: 循環=2953000, 平均耗時=7.4ms, 最大耗時=51.7ms, 指令數=515
2025-07-20 08:39:22 [INFO] GripperOptimized:fast_loop:484 - 性能統計: 循環=2954000, 平均耗時=7.4ms, 最大耗時=51.7ms, 指令數=515
2025-07-20 08:39:43 [INFO] GripperOptimized:fast_loop:484 - 性能統計: 循環=2955000, 平均耗時=7.7ms, 最大耗時=51.7ms, 指令數=515
2025-07-20 08:40:04 [INFO] GripperOptimized:fast_loop:484 - 性能統計: 循環=2956000, 平均耗時=7.4ms, 最大耗時=51.7ms, 指令數=515
2025-07-20 08:40:24 [INFO] GripperOptimized:fast_loop:484 - 性能統計: 循環=2957000, 平均耗時=7.5ms, 最大耗時=51.7ms, 指令數=515
2025-07-20 08:40:45 [INFO] GripperOptimized:fast_loop:484 - 性能統計: 循環=2958000, 平均耗時=7.6ms, 最大耗時=51.7ms, 指令數=515
2025-07-20 08:41:05 [INFO] GripperOptimized:fast_loop:484 - 性能統計: 循環=2959000, 平均耗時=7.5ms, 最大耗時=51.7ms, 指令數=515
2025-07-20 08:41:26 [INFO] GripperOptimized:fast_loop:484 - 性能統計: 循環=2960000, 平均耗時=7.5ms, 最大耗時=51.7ms, 指令數=515
2025-07-20 08:41:47 [INFO] GripperOptimized:fast_loop:484 - 性能統計: 循環=2961000, 平均耗時=7.4ms, 最大耗時=51.7ms, 指令數=515
2025-07-20 08:42:07 [INFO] GripperOptimized:fast_loop:484 - 性能統計: 循環=2962000, 平均耗時=7.6ms, 最大耗時=51.7ms, 指令數=515
2025-07-20 08:42:28 [INFO] GripperOptimized:fast_loop:484 - 性能統計: 循環=2963000, 平均耗時=7.5ms, 最大耗時=51.7ms, 指令數=515
2025-07-20 08:42:49 [INFO] GripperOptimized:fast_loop:484 - 性能統計: 循環=2964000, 平均耗時=7.1ms, 最大耗時=51.7ms, 指令數=515
2025-07-20 08:43:09 [INFO] GripperOptimized:fast_loop:484 - 性能統計: 循環=2965000, 平均耗時=7.5ms, 最大耗時=51.7ms, 指令數=515
2025-07-20 08:43:30 [INFO] GripperOptimized:fast_loop:484 - 性能統計: 循環=2966000, 平均耗時=7.3ms, 最大耗時=51.7ms, 指令數=515
2025-07-20 08:43:51 [INFO] GripperOptimized:fast_loop:484 - 性能統計: 循環=2967000, 平均耗時=7.7ms, 最大耗時=51.7ms, 指令數=515
2025-07-20 08:44:11 [INFO] GripperOptimized:fast_loop:484 - 性能統計: 循環=2968000, 平均耗時=7.6ms, 最大耗時=51.7ms, 指令數=515
2025-07-20 08:44:32 [INFO] GripperOptimized:fast_loop:484 - 性能統計: 循環=2969000, 平均耗時=7.6ms, 最大耗時=51.7ms, 指令數=515
2025-07-20 08:44:53 [INFO] GripperOptimized:fast_loop:484 - 性能統計: 循環=2970000, 平均耗時=7.4ms, 最大耗時=51.7ms, 指令數=515
2025-07-20 08:45:13 [INFO] GripperOptimized:fast_loop:484 - 性能統計: 循環=2971000, 平均耗時=7.6ms, 最大耗時=51.7ms, 指令數=515
2025-07-20 08:45:34 [INFO] GripperOptimized:fast_loop:484 - 性能統計: 循環=2972000, 平均耗時=7.4ms, 最大耗時=51.7ms, 指令數=515
2025-07-20 08:45:54 [INFO] GripperOptimized:fast_loop:484 - 性能統計: 循環=2973000, 平均耗時=7.4ms, 最大耗時=51.7ms, 指令數=515
2025-07-20 08:46:15 [INFO] GripperOptimized:fast_loop:484 - 性能統計: 循環=2974000, 平均耗時=7.5ms, 最大耗時=51.7ms, 指令數=515
2025-07-20 08:46:36 [INFO] GripperOptimized:fast_loop:484 - 性能統計: 循環=2975000, 平均耗時=7.6ms, 最大耗時=51.7ms, 指令數=515
2025-07-20 08:46:56 [INFO] GripperOptimized:fast_loop:484 - 性能統計: 循環=2976000, 平均耗時=7.6ms, 最大耗時=51.7ms, 指令數=515
2025-07-20 08:47:17 [INFO] GripperOptimized:fast_loop:484 - 性能統計: 循環=2977000, 平均耗時=7.4ms, 最大耗時=51.7ms, 指令數=515
2025-07-20 08:47:38 [INFO] GripperOptimized:fast_loop:484 - 性能統計: 循環=2978000, 平均耗時=7.5ms, 最大耗時=51.7ms, 指令數=515
2025-07-20 08:47:58 [INFO] GripperOptimized:fast_loop:484 - 性能統計: 循環=2979000, 平均耗時=7.7ms, 最大耗時=51.7ms, 指令數=515
2025-07-20 08:48:19 [INFO] GripperOptimized:fast_loop:484 - 性能統計: 循環=2980000, 平均耗時=7.5ms, 最大耗時=51.7ms, 指令數=515
2025-07-20 08:48:40 [INFO] GripperOptimized:fast_loop:484 - 性能統計: 循環=2981000, 平均耗時=7.6ms, 最大耗時=51.7ms, 指令數=515
2025-07-20 08:49:00 [INFO] GripperOptimized:fast_loop:484 - 性能統計: 循環=2982000, 平均耗時=7.5ms, 最大耗時=51.7ms, 指令數=515
2025-07-20 08:49:21 [INFO] GripperOptimized:fast_loop:484 - 性能統計: 循環=2983000, 平均耗時=7.5ms, 最大耗時=51.7ms, 指令數=515
2025-07-20 08:49:41 [INFO] GripperOptimized:fast_loop:484 - 性能統計: 循環=2984000, 平均耗時=7.5ms, 最大耗時=51.7ms, 指令數=515
2025-07-20 08:50:02 [INFO] GripperOptimized:fast_loop:484 - 性能統計: 循環=2985000, 平均耗時=7.6ms, 最大耗時=51.7ms, 指令數=515
2025-07-20 08:50:23 [INFO] GripperOptimized:fast_loop:484 - 性能統計: 循環=2986000, 平均耗時=7.7ms, 最大耗時=51.7ms, 指令數=515
2025-07-20 08:50:43 [INFO] GripperOptimized:fast_loop:484 - 性能統計: 循環=2987000, 平均耗時=7.5ms, 最大耗時=51.7ms, 指令數=515
2025-07-20 08:51:04 [INFO] GripperOptimized:fast_loop:484 - 性能統計: 循環=2988000, 平均耗時=7.4ms, 最大耗時=51.7ms, 指令數=515
2025-07-20 08:51:25 [INFO] GripperOptimized:fast_loop:484 - 性能統計: 循環=2989000, 平均耗時=7.6ms, 最大耗時=51.7ms, 指令數=515
2025-07-20 08:51:45 [INFO] GripperOptimized:fast_loop:484 - 性能統計: 循環=2990000, 平均耗時=7.4ms, 最大耗時=51.7ms, 指令數=515
2025-07-20 08:52:06 [INFO] GripperOptimized:fast_loop:484 - 性能統計: 循環=2991000, 平均耗時=7.6ms, 最大耗時=51.7ms, 指令數=515
2025-07-20 08:52:27 [INFO] GripperOptimized:fast_loop:484 - 性能統計: 循環=2992000, 平均耗時=7.5ms, 最大耗時=51.7ms, 指令數=515
2025-07-20 08:52:47 [INFO] GripperOptimized:fast_loop:484 - 性能統計: 循環=2993000, 平均耗時=7.5ms, 最大耗時=51.7ms, 指令數=515
2025-07-20 08:53:08 [INFO] GripperOptimized:fast_loop:484 - 性能統計: 循環=2994000, 平均耗時=7.5ms, 最大耗時=51.7ms, 指令數=515
2025-07-20 08:53:28 [INFO] GripperOptimized:fast_loop:484 - 性能統計: 循環=2995000, 平均耗時=7.5ms, 最大耗時=51.7ms, 指令數=515
2025-07-20 08:53:49 [INFO] GripperOptimized:fast_loop:484 - 性能統計: 循環=2996000, 平均耗時=7.6ms, 最大耗時=51.7ms, 指令數=515
2025-07-20 08:54:10 [INFO] GripperOptimized:fast_loop:484 - 性能統計: 循環=2997000, 平均耗時=7.4ms, 最大耗時=51.7ms, 指令數=515
2025-07-20 08:54:30 [INFO] GripperOptimized:fast_loop:484 - 性能統計: 循環=2998000, 平均耗時=7.4ms, 最大耗時=51.7ms, 指令數=515
2025-07-20 08:54:51 [INFO] GripperOptimized:fast_loop:484 - 性能統計: 循環=2999000, 平均耗時=7.3ms, 最大耗時=51.7ms, 指令數=515
2025-07-20 08:55:12 [INFO] GripperOptimized:fast_loop:484 - 性能統計: 循環=3000000, 平均耗時=7.6ms, 最大耗時=51.7ms, 指令數=515
2025-07-20 08:55:32 [INFO] GripperOptimized:fast_loop:484 - 性能統計: 循環=3001000, 平均耗時=7.4ms, 最大耗時=51.7ms, 指令數=515
2025-07-20 08:55:53 [INFO] GripperOptimized:fast_loop:484 - 性能統計: 循環=3002000, 平均耗時=7.4ms, 最大耗時=51.7ms, 指令數=515
2025-07-20 08:56:13 [INFO] GripperOptimized:fast_loop:484 - 性能統計: 循環=3003000, 平均耗時=7.4ms, 最大耗時=51.7ms, 指令數=515
2025-07-20 08:56:34 [INFO] GripperOptimized:fast_loop:484 - 性能統計: 循環=3004000, 平均耗時=7.5ms, 最大耗時=51.7ms, 指令數=515
2025-07-20 08:56:55 [INFO] GripperOptimized:fast_loop:484 - 性能統計: 循環=3005000, 平均耗時=7.5ms, 最大耗時=51.7ms, 指令數=515
2025-07-20 08:57:15 [INFO] GripperOptimized:fast_loop:484 - 性能統計: 循環=3006000, 平均耗時=7.5ms, 最大耗時=51.7ms, 指令數=515
2025-07-20 08:57:36 [INFO] GripperOptimized:fast_loop:484 - 性能統計: 循環=3007000, 平均耗時=7.5ms, 最大耗時=51.7ms, 指令數=515
2025-07-20 08:57:57 [INFO] GripperOptimized:fast_loop:484 - 性能統計: 循環=3008000, 平均耗時=7.6ms, 最大耗時=51.7ms, 指令數=515
2025-07-20 08:58:17 [INFO] GripperOptimized:fast_loop:484 - 性能統計: 循環=3009000, 平均耗時=7.5ms, 最大耗時=51.7ms, 指令數=515
2025-07-20 08:58:38 [INFO] GripperOptimized:fast_loop:484 - 性能統計: 循環=3010000, 平均耗時=7.3ms, 最大耗時=51.7ms, 指令數=515
2025-07-20 08:58:59 [INFO] GripperOptimized:fast_loop:484 - 性能統計: 循環=3011000, 平均耗時=7.6ms, 最大耗時=51.7ms, 指令數=515
2025-07-20 08:59:19 [INFO] GripperOptimized:fast_loop:484 - 性能統計: 循環=3012000, 平均耗時=7.4ms, 最大耗時=51.7ms, 指令數=515
2025-07-20 08:59:40 [INFO] GripperOptimized:fast_loop:484 - 性能統計: 循環=3013000, 平均耗時=7.5ms, 最大耗時=51.7ms, 指令數=515
2025-07-20 09:00:00 [INFO] GripperOptimized:fast_loop:484 - 性能統計: 循環=3014000, 平均耗時=7.5ms, 最大耗時=51.7ms, 指令數=515
2025-07-20 09:00:21 [INFO] GripperOptimized:fast_loop:484 - 性能統計: 循環=3015000, 平均耗時=7.6ms, 最大耗時=51.7ms, 指令數=515
2025-07-20 09:00:42 [INFO] GripperOptimized:fast_loop:484 - 性能統計: 循環=3016000, 平均耗時=7.5ms, 最大耗時=51.7ms, 指令數=515
2025-07-20 09:01:02 [INFO] GripperOptimized:fast_loop:484 - 性能統計: 循環=3017000, 平均耗時=7.7ms, 最大耗時=51.7ms, 指令數=515
2025-07-20 09:01:23 [INFO] GripperOptimized:fast_loop:484 - 性能統計: 循環=3018000, 平均耗時=7.4ms, 最大耗時=51.7ms, 指令數=515
2025-07-20 09:01:44 [INFO] GripperOptimized:fast_loop:484 - 性能統計: 循環=3019000, 平均耗時=7.7ms, 最大耗時=51.7ms, 指令數=515
2025-07-20 09:02:04 [INFO] GripperOptimized:fast_loop:484 - 性能統計: 循環=3020000, 平均耗時=7.8ms, 最大耗時=51.7ms, 指令數=515
2025-07-20 09:02:25 [INFO] GripperOptimized:fast_loop:484 - 性能統計: 循環=3021000, 平均耗時=7.5ms, 最大耗時=51.7ms, 指令數=515
2025-07-20 09:02:46 [INFO] GripperOptimized:fast_loop:484 - 性能統計: 循環=3022000, 平均耗時=7.6ms, 最大耗時=51.7ms, 指令數=515
2025-07-20 09:03:06 [INFO] GripperOptimized:fast_loop:484 - 性能統計: 循環=3023000, 平均耗時=7.4ms, 最大耗時=51.7ms, 指令數=515
2025-07-20 09:03:27 [INFO] GripperOptimized:fast_loop:484 - 性能統計: 循環=3024000, 平均耗時=7.5ms, 最大耗時=51.7ms, 指令數=515
2025-07-20 09:03:47 [INFO] GripperOptimized:fast_loop:484 - 性能統計: 循環=3025000, 平均耗時=7.4ms, 最大耗時=51.7ms, 指令數=515
2025-07-20 09:04:08 [INFO] GripperOptimized:fast_loop:484 - 性能統計: 循環=3026000, 平均耗時=7.6ms, 最大耗時=51.7ms, 指令數=515
2025-07-20 09:04:29 [INFO] GripperOptimized:fast_loop:484 - 性能統計: 循環=3027000, 平均耗時=7.8ms, 最大耗時=51.7ms, 指令數=515
2025-07-20 09:04:49 [INFO] GripperOptimized:fast_loop:484 - 性能統計: 循環=3028000, 平均耗時=7.5ms, 最大耗時=51.7ms, 指令數=515
2025-07-20 09:05:10 [INFO] GripperOptimized:fast_loop:484 - 性能統計: 循環=3029000, 平均耗時=7.5ms, 最大耗時=51.7ms, 指令數=515
2025-07-20 09:05:31 [INFO] GripperOptimized:fast_loop:484 - 性能統計: 循環=3030000, 平均耗時=7.3ms, 最大耗時=51.7ms, 指令數=515
2025-07-20 09:05:51 [INFO] GripperOptimized:fast_loop:484 - 性能統計: 循環=3031000, 平均耗時=7.4ms, 最大耗時=51.7ms, 指令數=515
2025-07-20 09:06:12 [INFO] GripperOptimized:fast_loop:484 - 性能統計: 循環=3032000, 平均耗時=7.4ms, 最大耗時=51.7ms, 指令數=515
2025-07-20 09:06:32 [INFO] GripperOptimized:fast_loop:484 - 性能統計: 循環=3033000, 平均耗時=7.3ms, 最大耗時=51.7ms, 指令數=515
2025-07-20 09:06:53 [INFO] GripperOptimized:fast_loop:484 - 性能統計: 循環=3034000, 平均耗時=7.3ms, 最大耗時=51.7ms, 指令數=515
2025-07-20 09:07:14 [INFO] GripperOptimized:fast_loop:484 - 性能統計: 循環=3035000, 平均耗時=7.4ms, 最大耗時=51.7ms, 指令數=515
2025-07-20 09:07:34 [INFO] GripperOptimized:fast_loop:484 - 性能統計: 循環=3036000, 平均耗時=7.4ms, 最大耗時=51.7ms, 指令數=515
2025-07-20 09:07:55 [INFO] GripperOptimized:fast_loop:484 - 性能統計: 循環=3037000, 平均耗時=7.3ms, 最大耗時=51.7ms, 指令數=515
2025-07-20 09:08:16 [INFO] GripperOptimized:fast_loop:484 - 性能統計: 循環=3038000, 平均耗時=7.5ms, 最大耗時=51.7ms, 指令數=515
2025-07-20 09:08:36 [INFO] GripperOptimized:fast_loop:484 - 性能統計: 循環=3039000, 平均耗時=7.6ms, 最大耗時=51.7ms, 指令數=515
2025-07-20 09:08:57 [INFO] GripperOptimized:fast_loop:484 - 性能統計: 循環=3040000, 平均耗時=7.4ms, 最大耗時=51.7ms, 指令數=515
2025-07-20 09:09:17 [INFO] GripperOptimized:fast_loop:484 - 性能統計: 循環=3041000, 平均耗時=7.6ms, 最大耗時=51.7ms, 指令數=515
2025-07-20 09:09:38 [INFO] GripperOptimized:fast_loop:484 - 性能統計: 循環=3042000, 平均耗時=7.4ms, 最大耗時=51.7ms, 指令數=515
2025-07-20 09:09:59 [INFO] GripperOptimized:fast_loop:484 - 性能統計: 循環=3043000, 平均耗時=7.5ms, 最大耗時=51.7ms, 指令數=515
2025-07-20 09:10:19 [INFO] GripperOptimized:fast_loop:484 - 性能統計: 循環=3044000, 平均耗時=7.5ms, 最大耗時=51.7ms, 指令數=515
2025-07-20 09:10:40 [INFO] GripperOptimized:fast_loop:484 - 性能統計: 循環=3045000, 平均耗時=7.4ms, 最大耗時=51.7ms, 指令數=515
2025-07-20 09:11:01 [INFO] GripperOptimized:fast_loop:484 - 性能統計: 循環=3046000, 平均耗時=7.6ms, 最大耗時=51.7ms, 指令數=515
2025-07-20 09:11:21 [INFO] GripperOptimized:fast_loop:484 - 性能統計: 循環=3047000, 平均耗時=7.6ms, 最大耗時=51.7ms, 指令數=515
2025-07-20 09:11:42 [INFO] GripperOptimized:fast_loop:484 - 性能統計: 循環=3048000, 平均耗時=7.5ms, 最大耗時=51.7ms, 指令數=515
2025-07-20 09:12:03 [INFO] GripperOptimized:fast_loop:484 - 性能統計: 循環=3049000, 平均耗時=7.6ms, 最大耗時=51.7ms, 指令數=515
2025-07-20 09:12:23 [INFO] GripperOptimized:fast_loop:484 - 性能統計: 循環=3050000, 平均耗時=7.4ms, 最大耗時=51.7ms, 指令數=515
2025-07-20 09:12:44 [INFO] GripperOptimized:fast_loop:484 - 性能統計: 循環=3051000, 平均耗時=7.7ms, 最大耗時=51.7ms, 指令數=515
2025-07-20 09:13:04 [INFO] GripperOptimized:fast_loop:484 - 性能統計: 循環=3052000, 平均耗時=7.5ms, 最大耗時=51.7ms, 指令數=515
2025-07-20 09:13:25 [INFO] GripperOptimized:fast_loop:484 - 性能統計: 循環=3053000, 平均耗時=7.5ms, 最大耗時=51.7ms, 指令數=515
2025-07-20 09:13:46 [INFO] GripperOptimized:fast_loop:484 - 性能統計: 循環=3054000, 平均耗時=7.7ms, 最大耗時=51.7ms, 指令數=515
2025-07-20 09:14:06 [INFO] GripperOptimized:fast_loop:484 - 性能統計: 循環=3055000, 平均耗時=7.5ms, 最大耗時=51.7ms, 指令數=515
2025-07-20 09:14:27 [INFO] GripperOptimized:fast_loop:484 - 性能統計: 循環=3056000, 平均耗時=7.6ms, 最大耗時=51.7ms, 指令數=515
2025-07-20 09:14:48 [INFO] GripperOptimized:fast_loop:484 - 性能統計: 循環=3057000, 平均耗時=7.4ms, 最大耗時=51.7ms, 指令數=515
2025-07-20 09:15:08 [INFO] GripperOptimized:fast_loop:484 - 性能統計: 循環=3058000, 平均耗時=7.6ms, 最大耗時=51.7ms, 指令數=515
2025-07-20 09:15:29 [INFO] GripperOptimized:fast_loop:484 - 性能統計: 循環=3059000, 平均耗時=7.5ms, 最大耗時=51.7ms, 指令數=515
2025-07-20 09:15:50 [INFO] GripperOptimized:fast_loop:484 - 性能統計: 循環=3060000, 平均耗時=7.7ms, 最大耗時=51.7ms, 指令數=515
2025-07-20 09:16:10 [INFO] GripperOptimized:fast_loop:484 - 性能統計: 循環=3061000, 平均耗時=7.4ms, 最大耗時=51.7ms, 指令數=515
2025-07-20 09:16:31 [INFO] GripperOptimized:fast_loop:484 - 性能統計: 循環=3062000, 平均耗時=7.6ms, 最大耗時=51.7ms, 指令數=515
2025-07-20 09:16:51 [INFO] GripperOptimized:fast_loop:484 - 性能統計: 循環=3063000, 平均耗時=7.3ms, 最大耗時=51.7ms, 指令數=515
2025-07-20 09:17:12 [INFO] GripperOptimized:fast_loop:484 - 性能統計: 循環=3064000, 平均耗時=7.6ms, 最大耗時=51.7ms, 指令數=515
2025-07-20 09:17:33 [INFO] GripperOptimized:fast_loop:484 - 性能統計: 循環=3065000, 平均耗時=7.5ms, 最大耗時=51.7ms, 指令數=515
2025-07-20 09:17:53 [INFO] GripperOptimized:fast_loop:484 - 性能統計: 循環=3066000, 平均耗時=7.5ms, 最大耗時=51.7ms, 指令數=515
2025-07-20 09:18:14 [INFO] GripperOptimized:fast_loop:484 - 性能統計: 循環=3067000, 平均耗時=7.5ms, 最大耗時=51.7ms, 指令數=515
2025-07-20 09:18:35 [INFO] GripperOptimized:fast_loop:484 - 性能統計: 循環=3068000, 平均耗時=7.4ms, 最大耗時=51.7ms, 指令數=515
2025-07-20 09:18:55 [INFO] GripperOptimized:fast_loop:484 - 性能統計: 循環=3069000, 平均耗時=7.6ms, 最大耗時=51.7ms, 指令數=515
2025-07-20 09:19:16 [INFO] GripperOptimized:fast_loop:484 - 性能統計: 循環=3070000, 平均耗時=7.6ms, 最大耗時=51.7ms, 指令數=515
2025-07-20 09:19:36 [INFO] GripperOptimized:fast_loop:484 - 性能統計: 循環=3071000, 平均耗時=7.7ms, 最大耗時=51.7ms, 指令數=515
2025-07-20 09:19:57 [INFO] GripperOptimized:fast_loop:484 - 性能統計: 循環=3072000, 平均耗時=7.3ms, 最大耗時=51.7ms, 指令數=515
2025-07-20 09:20:18 [INFO] GripperOptimized:fast_loop:484 - 性能統計: 循環=3073000, 平均耗時=7.5ms, 最大耗時=51.7ms, 指令數=515
2025-07-20 09:20:38 [INFO] GripperOptimized:fast_loop:484 - 性能統計: 循環=3074000, 平均耗時=7.5ms, 最大耗時=51.7ms, 指令數=515
2025-07-20 09:20:59 [INFO] GripperOptimized:fast_loop:484 - 性能統計: 循環=3075000, 平均耗時=7.6ms, 最大耗時=51.7ms, 指令數=515
2025-07-20 09:21:20 [INFO] GripperOptimized:fast_loop:484 - 性能統計: 循環=3076000, 平均耗時=7.4ms, 最大耗時=51.7ms, 指令數=515
2025-07-20 09:21:40 [INFO] GripperOptimized:fast_loop:484 - 性能統計: 循環=3077000, 平均耗時=7.5ms, 最大耗時=51.7ms, 指令數=515
2025-07-20 09:22:01 [INFO] GripperOptimized:fast_loop:484 - 性能統計: 循環=3078000, 平均耗時=7.3ms, 最大耗時=51.7ms, 指令數=515
2025-07-20 09:22:22 [INFO] GripperOptimized:fast_loop:484 - 性能統計: 循環=3079000, 平均耗時=7.4ms, 最大耗時=51.7ms, 指令數=515
2025-07-20 09:22:42 [INFO] GripperOptimized:fast_loop:484 - 性能統計: 循環=3080000, 平均耗時=7.6ms, 最大耗時=51.7ms, 指令數=515
2025-07-20 09:23:03 [INFO] GripperOptimized:fast_loop:484 - 性能統計: 循環=3081000, 平均耗時=7.8ms, 最大耗時=51.7ms, 指令數=515
2025-07-20 09:23:23 [INFO] GripperOptimized:fast_loop:484 - 性能統計: 循環=3082000, 平均耗時=7.6ms, 最大耗時=51.7ms, 指令數=515
2025-07-20 09:23:44 [INFO] GripperOptimized:fast_loop:484 - 性能統計: 循環=3083000, 平均耗時=7.5ms, 最大耗時=51.7ms, 指令數=515
2025-07-20 09:24:05 [INFO] GripperOptimized:fast_loop:484 - 性能統計: 循環=3084000, 平均耗時=7.4ms, 最大耗時=51.7ms, 指令數=515
2025-07-20 09:24:25 [INFO] GripperOptimized:fast_loop:484 - 性能統計: 循環=3085000, 平均耗時=7.6ms, 最大耗時=51.7ms, 指令數=515
2025-07-20 09:24:46 [INFO] GripperOptimized:fast_loop:484 - 性能統計: 循環=3086000, 平均耗時=7.6ms, 最大耗時=51.7ms, 指令數=515
2025-07-20 09:25:07 [INFO] GripperOptimized:fast_loop:484 - 性能統計: 循環=3087000, 平均耗時=7.4ms, 最大耗時=51.7ms, 指令數=515
2025-07-20 09:25:27 [INFO] GripperOptimized:fast_loop:484 - 性能統計: 循環=3088000, 平均耗時=7.4ms, 最大耗時=51.7ms, 指令數=515
2025-07-20 09:25:48 [INFO] GripperOptimized:fast_loop:484 - 性能統計: 循環=3089000, 平均耗時=7.6ms, 最大耗時=51.7ms, 指令數=515
2025-07-20 09:26:08 [INFO] GripperOptimized:fast_loop:484 - 性能統計: 循環=3090000, 平均耗時=7.6ms, 最大耗時=51.7ms, 指令數=515
2025-07-20 09:26:29 [INFO] GripperOptimized:fast_loop:484 - 性能統計: 循環=3091000, 平均耗時=7.7ms, 最大耗時=51.7ms, 指令數=515
2025-07-20 09:26:50 [INFO] GripperOptimized:fast_loop:484 - 性能統計: 循環=3092000, 平均耗時=7.7ms, 最大耗時=51.7ms, 指令數=515
2025-07-20 09:27:10 [INFO] GripperOptimized:fast_loop:484 - 性能統計: 循環=3093000, 平均耗時=7.6ms, 最大耗時=51.7ms, 指令數=515
2025-07-20 09:27:31 [INFO] GripperOptimized:fast_loop:484 - 性能統計: 循環=3094000, 平均耗時=7.3ms, 最大耗時=51.7ms, 指令數=515
2025-07-20 09:27:52 [INFO] GripperOptimized:fast_loop:484 - 性能統計: 循環=3095000, 平均耗時=7.4ms, 最大耗時=51.7ms, 指令數=515
2025-07-20 09:28:12 [INFO] GripperOptimized:fast_loop:484 - 性能統計: 循環=3096000, 平均耗時=7.6ms, 最大耗時=51.7ms, 指令數=515
2025-07-20 09:28:33 [INFO] GripperOptimized:fast_loop:484 - 性能統計: 循環=3097000, 平均耗時=7.5ms, 最大耗時=51.7ms, 指令數=515
2025-07-20 09:28:54 [INFO] GripperOptimized:fast_loop:484 - 性能統計: 循環=3098000, 平均耗時=7.5ms, 最大耗時=51.7ms, 指令數=515
2025-07-20 09:29:14 [INFO] GripperOptimized:fast_loop:484 - 性能統計: 循環=3099000, 平均耗時=7.7ms, 最大耗時=51.7ms, 指令數=515
2025-07-20 09:29:35 [INFO] GripperOptimized:fast_loop:484 - 性能統計: 循環=3100000, 平均耗時=7.6ms, 最大耗時=51.7ms, 指令數=515
2025-07-20 09:29:55 [INFO] GripperOptimized:fast_loop:484 - 性能統計: 循環=3101000, 平均耗時=7.6ms, 最大耗時=51.7ms, 指令數=515
2025-07-20 09:30:16 [INFO] GripperOptimized:fast_loop:484 - 性能統計: 循環=3102000, 平均耗時=7.4ms, 最大耗時=51.7ms, 指令數=515
2025-07-20 09:30:37 [INFO] GripperOptimized:fast_loop:484 - 性能統計: 循環=3103000, 平均耗時=7.4ms, 最大耗時=51.7ms, 指令數=515
2025-07-20 09:30:57 [INFO] GripperOptimized:fast_loop:484 - 性能統計: 循環=3104000, 平均耗時=7.4ms, 最大耗時=51.7ms, 指令數=515
2025-07-20 09:31:18 [INFO] GripperOptimized:fast_loop:484 - 性能統計: 循環=3105000, 平均耗時=7.5ms, 最大耗時=51.7ms, 指令數=515
2025-07-20 09:31:39 [INFO] GripperOptimized:fast_loop:484 - 性能統計: 循環=3106000, 平均耗時=7.5ms, 最大耗時=51.7ms, 指令數=515
2025-07-20 09:31:59 [INFO] GripperOptimized:fast_loop:484 - 性能統計: 循環=3107000, 平均耗時=7.5ms, 最大耗時=51.7ms, 指令數=515
2025-07-20 09:32:20 [INFO] GripperOptimized:fast_loop:484 - 性能統計: 循環=3108000, 平均耗時=7.5ms, 最大耗時=51.7ms, 指令數=515
2025-07-20 09:32:41 [INFO] GripperOptimized:fast_loop:484 - 性能統計: 循環=3109000, 平均耗時=7.2ms, 最大耗時=51.7ms, 指令數=515
2025-07-20 09:33:01 [INFO] GripperOptimized:fast_loop:484 - 性能統計: 循環=3110000, 平均耗時=7.3ms, 最大耗時=51.7ms, 指令數=515
2025-07-20 09:33:22 [INFO] GripperOptimized:fast_loop:484 - 性能統計: 循環=3111000, 平均耗時=7.8ms, 最大耗時=51.7ms, 指令數=515
2025-07-20 09:33:42 [INFO] GripperOptimized:fast_loop:484 - 性能統計: 循環=3112000, 平均耗時=7.5ms, 最大耗時=51.7ms, 指令數=515
2025-07-20 09:34:03 [INFO] GripperOptimized:fast_loop:484 - 性能統計: 循環=3113000, 平均耗時=7.6ms, 最大耗時=51.7ms, 指令數=515
2025-07-20 09:34:24 [INFO] GripperOptimized:fast_loop:484 - 性能統計: 循環=3114000, 平均耗時=7.6ms, 最大耗時=51.7ms, 指令數=515
2025-07-20 09:34:44 [INFO] GripperOptimized:fast_loop:484 - 性能統計: 循環=3115000, 平均耗時=7.4ms, 最大耗時=51.7ms, 指令數=515
2025-07-20 09:35:05 [INFO] GripperOptimized:fast_loop:484 - 性能統計: 循環=3116000, 平均耗時=7.4ms, 最大耗時=51.7ms, 指令數=515
2025-07-20 09:35:26 [INFO] GripperOptimized:fast_loop:484 - 性能統計: 循環=3117000, 平均耗時=7.5ms, 最大耗時=51.7ms, 指令數=515
2025-07-20 09:35:46 [INFO] GripperOptimized:fast_loop:484 - 性能統計: 循環=3118000, 平均耗時=7.5ms, 最大耗時=51.7ms, 指令數=515
2025-07-20 09:36:07 [INFO] GripperOptimized:fast_loop:484 - 性能統計: 循環=3119000, 平均耗時=7.5ms, 最大耗時=51.7ms, 指令數=515
2025-07-20 09:36:27 [INFO] GripperOptimized:fast_loop:484 - 性能統計: 循環=3120000, 平均耗時=7.4ms, 最大耗時=51.7ms, 指令數=515
2025-07-20 09:36:48 [INFO] GripperOptimized:fast_loop:484 - 性能統計: 循環=3121000, 平均耗時=7.6ms, 最大耗時=51.7ms, 指令數=515
2025-07-20 09:37:09 [INFO] GripperOptimized:fast_loop:484 - 性能統計: 循環=3122000, 平均耗時=7.6ms, 最大耗時=51.7ms, 指令數=515
2025-07-20 09:37:29 [INFO] GripperOptimized:fast_loop:484 - 性能統計: 循環=3123000, 平均耗時=7.4ms, 最大耗時=51.7ms, 指令數=515
2025-07-20 09:37:50 [INFO] GripperOptimized:fast_loop:484 - 性能統計: 循環=3124000, 平均耗時=7.6ms, 最大耗時=51.7ms, 指令數=515
2025-07-20 09:38:11 [INFO] GripperOptimized:fast_loop:484 - 性能統計: 循環=3125000, 平均耗時=7.4ms, 最大耗時=51.7ms, 指令數=515
2025-07-20 09:38:31 [INFO] GripperOptimized:fast_loop:484 - 性能統計: 循環=3126000, 平均耗時=7.6ms, 最大耗時=51.7ms, 指令數=515
2025-07-20 09:38:52 [INFO] GripperOptimized:fast_loop:484 - 性能統計: 循環=3127000, 平均耗時=7.6ms, 最大耗時=51.7ms, 指令數=515
2025-07-20 09:39:13 [INFO] GripperOptimized:fast_loop:484 - 性能統計: 循環=3128000, 平均耗時=7.6ms, 最大耗時=51.7ms, 指令數=515
2025-07-20 09:39:33 [INFO] GripperOptimized:fast_loop:484 - 性能統計: 循環=3129000, 平均耗時=7.6ms, 最大耗時=51.7ms, 指令數=515
2025-07-20 09:39:54 [INFO] GripperOptimized:fast_loop:484 - 性能統計: 循環=3130000, 平均耗時=7.4ms, 最大耗時=51.7ms, 指令數=515
2025-07-20 09:40:14 [INFO] GripperOptimized:fast_loop:484 - 性能統計: 循環=3131000, 平均耗時=7.4ms, 最大耗時=51.7ms, 指令數=515
2025-07-20 09:40:35 [INFO] GripperOptimized:fast_loop:484 - 性能統計: 循環=3132000, 平均耗時=7.6ms, 最大耗時=51.7ms, 指令數=515
2025-07-20 09:40:56 [INFO] GripperOptimized:fast_loop:484 - 性能統計: 循環=3133000, 平均耗時=7.5ms, 最大耗時=51.7ms, 指令數=515
2025-07-20 09:41:16 [INFO] GripperOptimized:fast_loop:484 - 性能統計: 循環=3134000, 平均耗時=7.6ms, 最大耗時=51.7ms, 指令數=515
2025-07-20 09:41:37 [INFO] GripperOptimized:fast_loop:484 - 性能統計: 循環=3135000, 平均耗時=7.6ms, 最大耗時=51.7ms, 指令數=515
2025-07-20 09:41:58 [INFO] GripperOptimized:fast_loop:484 - 性能統計: 循環=3136000, 平均耗時=7.4ms, 最大耗時=51.7ms, 指令數=515
2025-07-20 09:42:18 [INFO] GripperOptimized:fast_loop:484 - 性能統計: 循環=3137000, 平均耗時=7.7ms, 最大耗時=51.7ms, 指令數=515
2025-07-20 09:42:39 [INFO] GripperOptimized:fast_loop:484 - 性能統計: 循環=3138000, 平均耗時=7.6ms, 最大耗時=51.7ms, 指令數=515
2025-07-20 09:42:59 [INFO] GripperOptimized:fast_loop:484 - 性能統計: 循環=3139000, 平均耗時=7.6ms, 最大耗時=51.7ms, 指令數=515
2025-07-20 09:43:20 [INFO] GripperOptimized:fast_loop:484 - 性能統計: 循環=3140000, 平均耗時=7.8ms, 最大耗時=51.7ms, 指令數=515
2025-07-20 09:43:41 [INFO] GripperOptimized:fast_loop:484 - 性能統計: 循環=3141000, 平均耗時=7.6ms, 最大耗時=51.7ms, 指令數=515
2025-07-20 09:44:01 [INFO] GripperOptimized:fast_loop:484 - 性能統計: 循環=3142000, 平均耗時=7.5ms, 最大耗時=51.7ms, 指令數=515
2025-07-20 09:44:22 [INFO] GripperOptimized:fast_loop:484 - 性能統計: 循環=3143000, 平均耗時=7.5ms, 最大耗時=51.7ms, 指令數=515
2025-07-20 09:44:43 [INFO] GripperOptimized:fast_loop:484 - 性能統計: 循環=3144000, 平均耗時=7.4ms, 最大耗時=51.7ms, 指令數=515
2025-07-20 09:45:03 [INFO] GripperOptimized:fast_loop:484 - 性能統計: 循環=3145000, 平均耗時=7.3ms, 最大耗時=51.7ms, 指令數=515
2025-07-20 09:45:24 [INFO] GripperOptimized:fast_loop:484 - 性能統計: 循環=3146000, 平均耗時=7.6ms, 最大耗時=51.7ms, 指令數=515
2025-07-20 09:45:45 [INFO] GripperOptimized:fast_loop:484 - 性能統計: 循環=3147000, 平均耗時=7.2ms, 最大耗時=51.7ms, 指令數=515
2025-07-20 09:46:05 [INFO] GripperOptimized:fast_loop:484 - 性能統計: 循環=3148000, 平均耗時=7.3ms, 最大耗時=51.7ms, 指令數=515
2025-07-20 09:46:26 [INFO] GripperOptimized:fast_loop:484 - 性能統計: 循環=3149000, 平均耗時=7.7ms, 最大耗時=51.7ms, 指令數=515
2025-07-20 09:46:46 [INFO] GripperOptimized:fast_loop:484 - 性能統計: 循環=3150000, 平均耗時=7.6ms, 最大耗時=51.7ms, 指令數=515
2025-07-20 09:47:07 [INFO] GripperOptimized:fast_loop:484 - 性能統計: 循環=3151000, 平均耗時=7.2ms, 最大耗時=51.7ms, 指令數=515
2025-07-20 09:47:28 [INFO] GripperOptimized:fast_loop:484 - 性能統計: 循環=3152000, 平均耗時=7.1ms, 最大耗時=51.7ms, 指令數=515
2025-07-20 09:47:48 [INFO] GripperOptimized:fast_loop:484 - 性能統計: 循環=3153000, 平均耗時=7.4ms, 最大耗時=51.7ms, 指令數=515
2025-07-20 09:48:09 [INFO] GripperOptimized:fast_loop:484 - 性能統計: 循環=3154000, 平均耗時=7.6ms, 最大耗時=51.7ms, 指令數=515
2025-07-20 09:48:30 [INFO] GripperOptimized:fast_loop:484 - 性能統計: 循環=3155000, 平均耗時=7.5ms, 最大耗時=51.7ms, 指令數=515
2025-07-20 09:48:50 [INFO] GripperOptimized:fast_loop:484 - 性能統計: 循環=3156000, 平均耗時=7.5ms, 最大耗時=51.7ms, 指令數=515
2025-07-20 09:49:11 [INFO] GripperOptimized:fast_loop:484 - 性能統計: 循環=3157000, 平均耗時=7.6ms, 最大耗時=51.7ms, 指令數=515
2025-07-20 09:49:32 [INFO] GripperOptimized:fast_loop:484 - 性能統計: 循環=3158000, 平均耗時=7.1ms, 最大耗時=51.7ms, 指令數=515
2025-07-20 09:49:52 [INFO] GripperOptimized:fast_loop:484 - 性能統計: 循環=3159000, 平均耗時=7.5ms, 最大耗時=51.7ms, 指令數=515
2025-07-20 09:50:13 [INFO] GripperOptimized:fast_loop:484 - 性能統計: 循環=3160000, 平均耗時=7.5ms, 最大耗時=51.7ms, 指令數=515
2025-07-20 09:50:33 [INFO] GripperOptimized:fast_loop:484 - 性能統計: 循環=3161000, 平均耗時=7.4ms, 最大耗時=51.7ms, 指令數=515
2025-07-20 09:50:54 [INFO] GripperOptimized:fast_loop:484 - 性能統計: 循環=3162000, 平均耗時=7.7ms, 最大耗時=51.7ms, 指令數=515
2025-07-20 09:51:15 [INFO] GripperOptimized:fast_loop:484 - 性能統計: 循環=3163000, 平均耗時=7.7ms, 最大耗時=51.7ms, 指令數=515
2025-07-20 09:51:35 [INFO] GripperOptimized:fast_loop:484 - 性能統計: 循環=3164000, 平均耗時=7.2ms, 最大耗時=51.7ms, 指令數=515
2025-07-20 09:51:56 [INFO] GripperOptimized:fast_loop:484 - 性能統計: 循環=3165000, 平均耗時=7.5ms, 最大耗時=51.7ms, 指令數=515
2025-07-20 09:52:17 [INFO] GripperOptimized:fast_loop:484 - 性能統計: 循環=3166000, 平均耗時=7.3ms, 最大耗時=51.7ms, 指令數=515
2025-07-20 09:52:37 [INFO] GripperOptimized:fast_loop:484 - 性能統計: 循環=3167000, 平均耗時=7.6ms, 最大耗時=51.7ms, 指令數=515
2025-07-20 09:52:58 [INFO] GripperOptimized:fast_loop:484 - 性能統計: 循環=3168000, 平均耗時=7.2ms, 最大耗時=51.7ms, 指令數=515
2025-07-20 09:53:18 [INFO] GripperOptimized:fast_loop:484 - 性能統計: 循環=3169000, 平均耗時=7.5ms, 最大耗時=51.7ms, 指令數=515
2025-07-20 09:53:39 [INFO] GripperOptimized:fast_loop:484 - 性能統計: 循環=3170000, 平均耗時=7.5ms, 最大耗時=51.7ms, 指令數=515
2025-07-20 09:54:00 [INFO] GripperOptimized:fast_loop:484 - 性能統計: 循環=3171000, 平均耗時=7.7ms, 最大耗時=51.7ms, 指令數=515
2025-07-20 09:54:20 [INFO] GripperOptimized:fast_loop:484 - 性能統計: 循環=3172000, 平均耗時=7.4ms, 最大耗時=51.7ms, 指令數=515
2025-07-20 09:54:41 [INFO] GripperOptimized:fast_loop:484 - 性能統計: 循環=3173000, 平均耗時=7.4ms, 最大耗時=51.7ms, 指令數=515
2025-07-20 09:55:02 [INFO] GripperOptimized:fast_loop:484 - 性能統計: 循環=3174000, 平均耗時=7.5ms, 最大耗時=51.7ms, 指令數=515
2025-07-20 09:55:22 [INFO] GripperOptimized:fast_loop:484 - 性能統計: 循環=3175000, 平均耗時=7.6ms, 最大耗時=51.7ms, 指令數=515
2025-07-20 09:55:43 [INFO] GripperOptimized:fast_loop:484 - 性能統計: 循環=3176000, 平均耗時=7.5ms, 最大耗時=51.7ms, 指令數=515
2025-07-20 09:56:03 [INFO] GripperOptimized:fast_loop:484 - 性能統計: 循環=3177000, 平均耗時=7.6ms, 最大耗時=51.7ms, 指令數=515
2025-07-20 09:56:24 [INFO] GripperOptimized:fast_loop:484 - 性能統計: 循環=3178000, 平均耗時=7.4ms, 最大耗時=51.7ms, 指令數=515
2025-07-20 09:56:45 [INFO] GripperOptimized:fast_loop:484 - 性能統計: 循環=3179000, 平均耗時=7.6ms, 最大耗時=51.7ms, 指令數=515
2025-07-20 09:57:05 [INFO] GripperOptimized:fast_loop:484 - 性能統計: 循環=3180000, 平均耗時=7.4ms, 最大耗時=51.7ms, 指令數=515
2025-07-20 09:57:26 [INFO] GripperOptimized:fast_loop:484 - 性能統計: 循環=3181000, 平均耗時=7.6ms, 最大耗時=51.7ms, 指令數=515
2025-07-20 09:57:47 [INFO] GripperOptimized:fast_loop:484 - 性能統計: 循環=3182000, 平均耗時=7.5ms, 最大耗時=51.7ms, 指令數=515
2025-07-20 09:58:07 [INFO] GripperOptimized:fast_loop:484 - 性能統計: 循環=3183000, 平均耗時=7.4ms, 最大耗時=51.7ms, 指令數=515
2025-07-20 09:58:28 [INFO] GripperOptimized:fast_loop:484 - 性能統計: 循環=3184000, 平均耗時=7.4ms, 最大耗時=51.7ms, 指令數=515
2025-07-20 09:58:49 [INFO] GripperOptimized:fast_loop:484 - 性能統計: 循環=3185000, 平均耗時=7.3ms, 最大耗時=51.7ms, 指令數=515
2025-07-20 09:59:09 [INFO] GripperOptimized:fast_loop:484 - 性能統計: 循環=3186000, 平均耗時=7.3ms, 最大耗時=51.7ms, 指令數=515
2025-07-20 09:59:30 [INFO] GripperOptimized:fast_loop:484 - 性能統計: 循環=3187000, 平均耗時=7.6ms, 最大耗時=51.7ms, 指令數=515
2025-07-20 09:59:50 [INFO] GripperOptimized:fast_loop:484 - 性能統計: 循環=3188000, 平均耗時=7.2ms, 最大耗時=51.7ms, 指令數=515
2025-07-20 10:00:11 [INFO] GripperOptimized:fast_loop:484 - 性能統計: 循環=3189000, 平均耗時=7.4ms, 最大耗時=51.7ms, 指令數=515
2025-07-20 10:00:32 [INFO] GripperOptimized:fast_loop:484 - 性能統計: 循環=3190000, 平均耗時=7.7ms, 最大耗時=51.7ms, 指令數=515
2025-07-20 10:00:52 [INFO] GripperOptimized:fast_loop:484 - 性能統計: 循環=3191000, 平均耗時=7.4ms, 最大耗時=51.7ms, 指令數=515
2025-07-20 10:01:13 [INFO] GripperOptimized:fast_loop:484 - 性能統計: 循環=3192000, 平均耗時=7.6ms, 最大耗時=51.7ms, 指令數=515
2025-07-20 10:01:34 [INFO] GripperOptimized:fast_loop:484 - 性能統計: 循環=3193000, 平均耗時=7.6ms, 最大耗時=51.7ms, 指令數=515
2025-07-20 10:01:54 [INFO] GripperOptimized:fast_loop:484 - 性能統計: 循環=3194000, 平均耗時=7.5ms, 最大耗時=51.7ms, 指令數=515
2025-07-20 10:02:15 [INFO] GripperOptimized:fast_loop:484 - 性能統計: 循環=3195000, 平均耗時=7.2ms, 最大耗時=51.7ms, 指令數=515
2025-07-20 10:02:36 [INFO] GripperOptimized:fast_loop:484 - 性能統計: 循環=3196000, 平均耗時=7.3ms, 最大耗時=51.7ms, 指令數=515
2025-07-20 10:02:56 [INFO] GripperOptimized:fast_loop:484 - 性能統計: 循環=3197000, 平均耗時=7.7ms, 最大耗時=51.7ms, 指令數=515
2025-07-20 10:03:17 [INFO] GripperOptimized:fast_loop:484 - 性能統計: 循環=3198000, 平均耗時=7.4ms, 最大耗時=51.7ms, 指令數=515
2025-07-20 10:03:37 [INFO] GripperOptimized:fast_loop:484 - 性能統計: 循環=3199000, 平均耗時=7.6ms, 最大耗時=51.7ms, 指令數=515
2025-07-20 10:03:58 [INFO] GripperOptimized:fast_loop:484 - 性能統計: 循環=3200000, 平均耗時=7.5ms, 最大耗時=51.7ms, 指令數=515
2025-07-20 10:04:19 [INFO] GripperOptimized:fast_loop:484 - 性能統計: 循環=3201000, 平均耗時=7.6ms, 最大耗時=51.7ms, 指令數=515
2025-07-20 10:04:39 [INFO] GripperOptimized:fast_loop:484 - 性能統計: 循環=3202000, 平均耗時=7.6ms, 最大耗時=51.7ms, 指令數=515
2025-07-20 10:05:00 [INFO] GripperOptimized:fast_loop:484 - 性能統計: 循環=3203000, 平均耗時=7.6ms, 最大耗時=51.7ms, 指令數=515
2025-07-20 10:05:21 [INFO] GripperOptimized:fast_loop:484 - 性能統計: 循環=3204000, 平均耗時=7.5ms, 最大耗時=51.7ms, 指令數=515
2025-07-20 10:05:41 [INFO] GripperOptimized:fast_loop:484 - 性能統計: 循環=3205000, 平均耗時=7.4ms, 最大耗時=51.7ms, 指令數=515
2025-07-20 10:06:02 [INFO] GripperOptimized:fast_loop:484 - 性能統計: 循環=3206000, 平均耗時=7.6ms, 最大耗時=51.7ms, 指令數=515
2025-07-20 10:06:22 [INFO] GripperOptimized:fast_loop:484 - 性能統計: 循環=3207000, 平均耗時=7.5ms, 最大耗時=51.7ms, 指令數=515
2025-07-20 10:06:43 [INFO] GripperOptimized:fast_loop:484 - 性能統計: 循環=3208000, 平均耗時=7.5ms, 最大耗時=51.7ms, 指令數=515
2025-07-20 10:07:04 [INFO] GripperOptimized:fast_loop:484 - 性能統計: 循環=3209000, 平均耗時=7.6ms, 最大耗時=51.7ms, 指令數=515
2025-07-20 10:07:24 [INFO] GripperOptimized:fast_loop:484 - 性能統計: 循環=3210000, 平均耗時=7.6ms, 最大耗時=51.7ms, 指令數=515
2025-07-20 10:07:45 [INFO] GripperOptimized:fast_loop:484 - 性能統計: 循環=3211000, 平均耗時=7.7ms, 最大耗時=51.7ms, 指令數=515
2025-07-20 10:08:06 [INFO] GripperOptimized:fast_loop:484 - 性能統計: 循環=3212000, 平均耗時=7.6ms, 最大耗時=51.7ms, 指令數=515
2025-07-20 10:08:26 [INFO] GripperOptimized:fast_loop:484 - 性能統計: 循環=3213000, 平均耗時=7.6ms, 最大耗時=51.7ms, 指令數=515
2025-07-20 10:08:47 [INFO] GripperOptimized:fast_loop:484 - 性能統計: 循環=3214000, 平均耗時=7.5ms, 最大耗時=51.7ms, 指令數=515
2025-07-20 10:09:08 [INFO] GripperOptimized:fast_loop:484 - 性能統計: 循環=3215000, 平均耗時=7.7ms, 最大耗時=51.7ms, 指令數=515
2025-07-20 10:09:28 [INFO] GripperOptimized:fast_loop:484 - 性能統計: 循環=3216000, 平均耗時=7.5ms, 最大耗時=51.7ms, 指令數=515
2025-07-20 10:09:49 [INFO] GripperOptimized:fast_loop:484 - 性能統計: 循環=3217000, 平均耗時=7.5ms, 最大耗時=51.7ms, 指令數=515
2025-07-20 10:10:09 [INFO] GripperOptimized:fast_loop:484 - 性能統計: 循環=3218000, 平均耗時=7.4ms, 最大耗時=51.7ms, 指令數=515
2025-07-20 10:10:30 [INFO] GripperOptimized:fast_loop:484 - 性能統計: 循環=3219000, 平均耗時=7.5ms, 最大耗時=51.7ms, 指令數=515
2025-07-20 10:10:51 [INFO] GripperOptimized:fast_loop:484 - 性能統計: 循環=3220000, 平均耗時=7.5ms, 最大耗時=51.7ms, 指令數=515
2025-07-20 10:11:11 [INFO] GripperOptimized:fast_loop:484 - 性能統計: 循環=3221000, 平均耗時=7.5ms, 最大耗時=51.7ms, 指令數=515
2025-07-20 10:11:32 [INFO] GripperOptimized:fast_loop:484 - 性能統計: 循環=3222000, 平均耗時=7.8ms, 最大耗時=51.7ms, 指令數=515
2025-07-20 10:11:53 [INFO] GripperOptimized:fast_loop:484 - 性能統計: 循環=3223000, 平均耗時=7.4ms, 最大耗時=51.7ms, 指令數=515
2025-07-20 10:12:13 [INFO] GripperOptimized:fast_loop:484 - 性能統計: 循環=3224000, 平均耗時=7.5ms, 最大耗時=51.7ms, 指令數=515
2025-07-20 10:12:34 [INFO] GripperOptimized:fast_loop:484 - 性能統計: 循環=3225000, 平均耗時=7.7ms, 最大耗時=51.7ms, 指令數=515
2025-07-20 10:12:54 [INFO] GripperOptimized:fast_loop:484 - 性能統計: 循環=3226000, 平均耗時=7.6ms, 最大耗時=51.7ms, 指令數=515
2025-07-20 10:13:15 [INFO] GripperOptimized:fast_loop:484 - 性能統計: 循環=3227000, 平均耗時=7.7ms, 最大耗時=51.7ms, 指令數=515
2025-07-20 10:13:36 [INFO] GripperOptimized:fast_loop:484 - 性能統計: 循環=3228000, 平均耗時=7.5ms, 最大耗時=51.7ms, 指令數=515
2025-07-20 10:13:56 [INFO] GripperOptimized:fast_loop:484 - 性能統計: 循環=3229000, 平均耗時=7.7ms, 最大耗時=51.7ms, 指令數=515
2025-07-20 10:14:17 [INFO] GripperOptimized:fast_loop:484 - 性能統計: 循環=3230000, 平均耗時=7.3ms, 最大耗時=51.7ms, 指令數=515
2025-07-20 10:14:38 [INFO] GripperOptimized:fast_loop:484 - 性能統計: 循環=3231000, 平均耗時=7.5ms, 最大耗時=51.7ms, 指令數=515
2025-07-20 10:14:58 [INFO] GripperOptimized:fast_loop:484 - 性能統計: 循環=3232000, 平均耗時=7.5ms, 最大耗時=51.7ms, 指令數=515
2025-07-20 10:15:19 [INFO] GripperOptimized:fast_loop:484 - 性能統計: 循環=3233000, 平均耗時=7.5ms, 最大耗時=51.7ms, 指令數=515
2025-07-20 10:15:39 [INFO] GripperOptimized:fast_loop:484 - 性能統計: 循環=3234000, 平均耗時=7.7ms, 最大耗時=51.7ms, 指令數=515
2025-07-20 10:16:00 [INFO] GripperOptimized:fast_loop:484 - 性能統計: 循環=3235000, 平均耗時=7.7ms, 最大耗時=51.7ms, 指令數=515
2025-07-20 10:16:21 [INFO] GripperOptimized:fast_loop:484 - 性能統計: 循環=3236000, 平均耗時=7.6ms, 最大耗時=51.7ms, 指令數=515
2025-07-20 10:16:41 [INFO] GripperOptimized:fast_loop:484 - 性能統計: 循環=3237000, 平均耗時=7.6ms, 最大耗時=51.7ms, 指令數=515
2025-07-20 10:17:02 [INFO] GripperOptimized:fast_loop:484 - 性能統計: 循環=3238000, 平均耗時=7.5ms, 最大耗時=51.7ms, 指令數=515
2025-07-20 10:17:23 [INFO] GripperOptimized:fast_loop:484 - 性能統計: 循環=3239000, 平均耗時=7.3ms, 最大耗時=51.7ms, 指令數=515
2025-07-20 10:17:43 [INFO] GripperOptimized:fast_loop:484 - 性能統計: 循環=3240000, 平均耗時=7.6ms, 最大耗時=51.7ms, 指令數=515
2025-07-20 10:18:04 [INFO] GripperOptimized:fast_loop:484 - 性能統計: 循環=3241000, 平均耗時=7.2ms, 最大耗時=51.7ms, 指令數=515
2025-07-20 10:18:25 [INFO] GripperOptimized:fast_loop:484 - 性能統計: 循環=3242000, 平均耗時=7.4ms, 最大耗時=51.7ms, 指令數=515
2025-07-20 10:18:45 [INFO] GripperOptimized:fast_loop:484 - 性能統計: 循環=3243000, 平均耗時=7.7ms, 最大耗時=51.7ms, 指令數=515
2025-07-20 10:19:06 [INFO] GripperOptimized:fast_loop:484 - 性能統計: 循環=3244000, 平均耗時=7.5ms, 最大耗時=51.7ms, 指令數=515
2025-07-20 10:19:26 [INFO] GripperOptimized:fast_loop:484 - 性能統計: 循環=3245000, 平均耗時=7.5ms, 最大耗時=51.7ms, 指令數=515
2025-07-20 10:19:47 [INFO] GripperOptimized:fast_loop:484 - 性能統計: 循環=3246000, 平均耗時=7.6ms, 最大耗時=51.7ms, 指令數=515
2025-07-20 10:20:08 [INFO] GripperOptimized:fast_loop:484 - 性能統計: 循環=3247000, 平均耗時=7.4ms, 最大耗時=51.7ms, 指令數=515
2025-07-20 10:20:28 [INFO] GripperOptimized:fast_loop:484 - 性能統計: 循環=3248000, 平均耗時=7.5ms, 最大耗時=51.7ms, 指令數=515
2025-07-20 10:20:49 [INFO] GripperOptimized:fast_loop:484 - 性能統計: 循環=3249000, 平均耗時=7.5ms, 最大耗時=51.7ms, 指令數=515
2025-07-20 10:21:10 [INFO] GripperOptimized:fast_loop:484 - 性能統計: 循環=3250000, 平均耗時=7.6ms, 最大耗時=51.7ms, 指令數=515
2025-07-20 10:21:30 [INFO] GripperOptimized:fast_loop:484 - 性能統計: 循環=3251000, 平均耗時=7.5ms, 最大耗時=51.7ms, 指令數=515
2025-07-20 10:21:51 [INFO] GripperOptimized:fast_loop:484 - 性能統計: 循環=3252000, 平均耗時=7.4ms, 最大耗時=51.7ms, 指令數=515
2025-07-20 10:22:12 [INFO] GripperOptimized:fast_loop:484 - 性能統計: 循環=3253000, 平均耗時=7.6ms, 最大耗時=51.7ms, 指令數=515
2025-07-20 10:22:32 [INFO] GripperOptimized:fast_loop:484 - 性能統計: 循環=3254000, 平均耗時=7.5ms, 最大耗時=51.7ms, 指令數=515
2025-07-20 10:22:53 [INFO] GripperOptimized:fast_loop:484 - 性能統計: 循環=3255000, 平均耗時=7.3ms, 最大耗時=51.7ms, 指令數=515
2025-07-20 10:23:13 [INFO] GripperOptimized:fast_loop:484 - 性能統計: 循環=3256000, 平均耗時=7.6ms, 最大耗時=51.7ms, 指令數=515
2025-07-20 10:23:34 [INFO] GripperOptimized:fast_loop:484 - 性能統計: 循環=3257000, 平均耗時=7.6ms, 最大耗時=51.7ms, 指令數=515
2025-07-20 10:23:55 [INFO] GripperOptimized:fast_loop:484 - 性能統計: 循環=3258000, 平均耗時=7.4ms, 最大耗時=51.7ms, 指令數=515
2025-07-20 10:24:15 [INFO] GripperOptimized:fast_loop:484 - 性能統計: 循環=3259000, 平均耗時=7.3ms, 最大耗時=51.7ms, 指令數=515
2025-07-20 10:24:36 [INFO] GripperOptimized:fast_loop:484 - 性能統計: 循環=3260000, 平均耗時=7.4ms, 最大耗時=51.7ms, 指令數=515
2025-07-20 10:24:57 [INFO] GripperOptimized:fast_loop:484 - 性能統計: 循環=3261000, 平均耗時=7.5ms, 最大耗時=51.7ms, 指令數=515
2025-07-20 10:25:17 [INFO] GripperOptimized:fast_loop:484 - 性能統計: 循環=3262000, 平均耗時=7.4ms, 最大耗時=51.7ms, 指令數=515
2025-07-20 10:25:38 [INFO] GripperOptimized:fast_loop:484 - 性能統計: 循環=3263000, 平均耗時=7.6ms, 最大耗時=51.7ms, 指令數=515
2025-07-20 10:25:58 [INFO] GripperOptimized:fast_loop:484 - 性能統計: 循環=3264000, 平均耗時=7.5ms, 最大耗時=51.7ms, 指令數=515
2025-07-20 10:26:19 [INFO] GripperOptimized:fast_loop:484 - 性能統計: 循環=3265000, 平均耗時=7.5ms, 最大耗時=51.7ms, 指令數=515
2025-07-20 10:26:40 [INFO] GripperOptimized:fast_loop:484 - 性能統計: 循環=3266000, 平均耗時=7.4ms, 最大耗時=51.7ms, 指令數=515
2025-07-20 10:27:00 [INFO] GripperOptimized:fast_loop:484 - 性能統計: 循環=3267000, 平均耗時=7.6ms, 最大耗時=51.7ms, 指令數=515
2025-07-20 10:27:21 [INFO] GripperOptimized:fast_loop:484 - 性能統計: 循環=3268000, 平均耗時=7.5ms, 最大耗時=51.7ms, 指令數=515
2025-07-20 10:27:42 [INFO] GripperOptimized:fast_loop:484 - 性能統計: 循環=3269000, 平均耗時=7.2ms, 最大耗時=51.7ms, 指令數=515
2025-07-20 10:28:02 [INFO] GripperOptimized:fast_loop:484 - 性能統計: 循環=3270000, 平均耗時=7.5ms, 最大耗時=51.7ms, 指令數=515
2025-07-20 10:28:23 [INFO] GripperOptimized:fast_loop:484 - 性能統計: 循環=3271000, 平均耗時=7.6ms, 最大耗時=51.7ms, 指令數=515
2025-07-20 10:28:44 [INFO] GripperOptimized:fast_loop:484 - 性能統計: 循環=3272000, 平均耗時=7.5ms, 最大耗時=51.7ms, 指令數=515
2025-07-20 10:29:04 [INFO] GripperOptimized:fast_loop:484 - 性能統計: 循環=3273000, 平均耗時=7.6ms, 最大耗時=51.7ms, 指令數=515
2025-07-20 10:29:25 [INFO] GripperOptimized:fast_loop:484 - 性能統計: 循環=3274000, 平均耗時=7.7ms, 最大耗時=51.7ms, 指令數=515
2025-07-20 10:29:45 [INFO] GripperOptimized:fast_loop:484 - 性能統計: 循環=3275000, 平均耗時=7.6ms, 最大耗時=51.7ms, 指令數=515
2025-07-20 10:30:06 [INFO] GripperOptimized:fast_loop:484 - 性能統計: 循環=3276000, 平均耗時=7.5ms, 最大耗時=51.7ms, 指令數=515
2025-07-20 10:30:27 [INFO] GripperOptimized:fast_loop:484 - 性能統計: 循環=3277000, 平均耗時=7.7ms, 最大耗時=51.7ms, 指令數=515
2025-07-20 10:30:47 [INFO] GripperOptimized:fast_loop:484 - 性能統計: 循環=3278000, 平均耗時=7.3ms, 最大耗時=51.7ms, 指令數=515
2025-07-20 10:31:08 [INFO] GripperOptimized:fast_loop:484 - 性能統計: 循環=3279000, 平均耗時=7.5ms, 最大耗時=51.7ms, 指令數=515
2025-07-20 10:31:29 [INFO] GripperOptimized:fast_loop:484 - 性能統計: 循環=3280000, 平均耗時=7.7ms, 最大耗時=51.7ms, 指令數=515
2025-07-20 10:31:49 [INFO] GripperOptimized:fast_loop:484 - 性能統計: 循環=3281000, 平均耗時=7.4ms, 最大耗時=51.7ms, 指令數=515
2025-07-20 10:32:10 [INFO] GripperOptimized:fast_loop:484 - 性能統計: 循環=3282000, 平均耗時=7.6ms, 最大耗時=51.7ms, 指令數=515
2025-07-20 10:32:31 [INFO] GripperOptimized:fast_loop:484 - 性能統計: 循環=3283000, 平均耗時=7.6ms, 最大耗時=51.7ms, 指令數=515
2025-07-20 10:32:51 [INFO] GripperOptimized:fast_loop:484 - 性能統計: 循環=3284000, 平均耗時=7.4ms, 最大耗時=51.7ms, 指令數=515
2025-07-20 10:33:12 [INFO] GripperOptimized:fast_loop:484 - 性能統計: 循環=3285000, 平均耗時=7.6ms, 最大耗時=51.7ms, 指令數=515
2025-07-20 10:33:32 [INFO] GripperOptimized:fast_loop:484 - 性能統計: 循環=3286000, 平均耗時=7.6ms, 最大耗時=51.7ms, 指令數=515
2025-07-20 10:33:53 [INFO] GripperOptimized:fast_loop:484 - 性能統計: 循環=3287000, 平均耗時=7.4ms, 最大耗時=51.7ms, 指令數=515
2025-07-20 10:34:14 [INFO] GripperOptimized:fast_loop:484 - 性能統計: 循環=3288000, 平均耗時=7.7ms, 最大耗時=51.7ms, 指令數=515
2025-07-20 10:34:34 [INFO] GripperOptimized:fast_loop:484 - 性能統計: 循環=3289000, 平均耗時=7.5ms, 最大耗時=51.7ms, 指令數=515
2025-07-20 10:34:55 [INFO] GripperOptimized:fast_loop:484 - 性能統計: 循環=3290000, 平均耗時=7.5ms, 最大耗時=51.7ms, 指令數=515
2025-07-20 10:35:16 [INFO] GripperOptimized:fast_loop:484 - 性能統計: 循環=3291000, 平均耗時=7.5ms, 最大耗時=51.7ms, 指令數=515
2025-07-20 10:35:36 [INFO] GripperOptimized:fast_loop:484 - 性能統計: 循環=3292000, 平均耗時=7.7ms, 最大耗時=51.7ms, 指令數=515
2025-07-20 10:35:57 [INFO] GripperOptimized:fast_loop:484 - 性能統計: 循環=3293000, 平均耗時=7.6ms, 最大耗時=51.7ms, 指令數=515
2025-07-20 10:36:18 [INFO] GripperOptimized:fast_loop:484 - 性能統計: 循環=3294000, 平均耗時=7.4ms, 最大耗時=51.7ms, 指令數=515
2025-07-20 10:36:38 [INFO] GripperOptimized:fast_loop:484 - 性能統計: 循環=3295000, 平均耗時=7.7ms, 最大耗時=51.7ms, 指令數=515
2025-07-20 10:36:59 [INFO] GripperOptimized:fast_loop:484 - 性能統計: 循環=3296000, 平均耗時=7.6ms, 最大耗時=51.7ms, 指令數=515
2025-07-20 10:37:19 [INFO] GripperOptimized:fast_loop:484 - 性能統計: 循環=3297000, 平均耗時=7.5ms, 最大耗時=51.7ms, 指令數=515
2025-07-20 10:37:40 [INFO] GripperOptimized:fast_loop:484 - 性能統計: 循環=3298000, 平均耗時=7.3ms, 最大耗時=51.7ms, 指令數=515
2025-07-20 10:38:01 [INFO] GripperOptimized:fast_loop:484 - 性能統計: 循環=3299000, 平均耗時=7.6ms, 最大耗時=51.7ms, 指令數=515
2025-07-20 10:38:21 [INFO] GripperOptimized:fast_loop:484 - 性能統計: 循環=3300000, 平均耗時=7.5ms, 最大耗時=51.7ms, 指令數=515
2025-07-20 10:38:42 [INFO] GripperOptimized:fast_loop:484 - 性能統計: 循環=3301000, 平均耗時=7.5ms, 最大耗時=51.7ms, 指令數=515
2025-07-20 10:39:03 [INFO] GripperOptimized:fast_loop:484 - 性能統計: 循環=3302000, 平均耗時=7.2ms, 最大耗時=51.7ms, 指令數=515
2025-07-20 10:39:23 [INFO] GripperOptimized:fast_loop:484 - 性能統計: 循環=3303000, 平均耗時=7.6ms, 最大耗時=51.7ms, 指令數=515
2025-07-20 10:39:44 [INFO] GripperOptimized:fast_loop:484 - 性能統計: 循環=3304000, 平均耗時=7.6ms, 最大耗時=51.7ms, 指令數=515
2025-07-20 10:40:04 [INFO] GripperOptimized:fast_loop:484 - 性能統計: 循環=3305000, 平均耗時=7.4ms, 最大耗時=51.7ms, 指令數=515
2025-07-20 10:40:25 [INFO] GripperOptimized:fast_loop:484 - 性能統計: 循環=3306000, 平均耗時=7.7ms, 最大耗時=51.7ms, 指令數=515
2025-07-20 10:40:46 [INFO] GripperOptimized:fast_loop:484 - 性能統計: 循環=3307000, 平均耗時=7.5ms, 最大耗時=51.7ms, 指令數=515
2025-07-20 10:41:06 [INFO] GripperOptimized:fast_loop:484 - 性能統計: 循環=3308000, 平均耗時=7.4ms, 最大耗時=51.7ms, 指令數=515
2025-07-20 10:41:27 [INFO] GripperOptimized:fast_loop:484 - 性能統計: 循環=3309000, 平均耗時=7.5ms, 最大耗時=51.7ms, 指令數=515
2025-07-20 10:41:48 [INFO] GripperOptimized:fast_loop:484 - 性能統計: 循環=3310000, 平均耗時=7.7ms, 最大耗時=51.7ms, 指令數=515
2025-07-20 10:42:08 [INFO] GripperOptimized:fast_loop:484 - 性能統計: 循環=3311000, 平均耗時=7.6ms, 最大耗時=51.7ms, 指令數=515
2025-07-20 10:42:29 [INFO] GripperOptimized:fast_loop:484 - 性能統計: 循環=3312000, 平均耗時=7.6ms, 最大耗時=51.7ms, 指令數=515
2025-07-20 10:42:50 [INFO] GripperOptimized:fast_loop:484 - 性能統計: 循環=3313000, 平均耗時=7.5ms, 最大耗時=51.7ms, 指令數=515
2025-07-20 10:43:10 [INFO] GripperOptimized:fast_loop:484 - 性能統計: 循環=3314000, 平均耗時=7.1ms, 最大耗時=51.7ms, 指令數=515
2025-07-20 10:43:31 [INFO] GripperOptimized:fast_loop:484 - 性能統計: 循環=3315000, 平均耗時=7.6ms, 最大耗時=51.7ms, 指令數=515
2025-07-20 10:43:51 [INFO] GripperOptimized:fast_loop:484 - 性能統計: 循環=3316000, 平均耗時=7.7ms, 最大耗時=51.7ms, 指令數=515
2025-07-20 10:44:12 [INFO] GripperOptimized:fast_loop:484 - 性能統計: 循環=3317000, 平均耗時=7.5ms, 最大耗時=51.7ms, 指令數=515
2025-07-20 10:44:33 [INFO] GripperOptimized:fast_loop:484 - 性能統計: 循環=3318000, 平均耗時=7.5ms, 最大耗時=51.7ms, 指令數=515
2025-07-20 10:44:53 [INFO] GripperOptimized:fast_loop:484 - 性能統計: 循環=3319000, 平均耗時=7.7ms, 最大耗時=51.7ms, 指令數=515
2025-07-20 10:45:14 [INFO] GripperOptimized:fast_loop:484 - 性能統計: 循環=3320000, 平均耗時=7.5ms, 最大耗時=51.7ms, 指令數=515
2025-07-20 10:45:35 [INFO] GripperOptimized:fast_loop:484 - 性能統計: 循環=3321000, 平均耗時=7.5ms, 最大耗時=51.7ms, 指令數=515
2025-07-20 10:45:55 [INFO] GripperOptimized:fast_loop:484 - 性能統計: 循環=3322000, 平均耗時=7.6ms, 最大耗時=51.7ms, 指令數=515
2025-07-20 10:46:16 [INFO] GripperOptimized:fast_loop:484 - 性能統計: 循環=3323000, 平均耗時=7.5ms, 最大耗時=51.7ms, 指令數=515
2025-07-20 10:46:37 [INFO] GripperOptimized:fast_loop:484 - 性能統計: 循環=3324000, 平均耗時=7.2ms, 最大耗時=51.7ms, 指令數=515
2025-07-20 10:46:57 [INFO] GripperOptimized:fast_loop:484 - 性能統計: 循環=3325000, 平均耗時=7.6ms, 最大耗時=51.7ms, 指令數=515
2025-07-20 10:47:18 [INFO] GripperOptimized:fast_loop:484 - 性能統計: 循環=3326000, 平均耗時=7.4ms, 最大耗時=51.7ms, 指令數=515
2025-07-20 10:47:38 [INFO] GripperOptimized:fast_loop:484 - 性能統計: 循環=3327000, 平均耗時=7.4ms, 最大耗時=51.7ms, 指令數=515
2025-07-20 10:47:59 [INFO] GripperOptimized:fast_loop:484 - 性能統計: 循環=3328000, 平均耗時=7.4ms, 最大耗時=51.7ms, 指令數=515
2025-07-20 10:48:20 [INFO] GripperOptimized:fast_loop:484 - 性能統計: 循環=3329000, 平均耗時=7.5ms, 最大耗時=51.7ms, 指令數=515
2025-07-20 10:48:40 [INFO] GripperOptimized:fast_loop:484 - 性能統計: 循環=3330000, 平均耗時=7.6ms, 最大耗時=51.7ms, 指令數=515
2025-07-20 10:49:01 [INFO] GripperOptimized:fast_loop:484 - 性能統計: 循環=3331000, 平均耗時=7.7ms, 最大耗時=51.7ms, 指令數=515
2025-07-20 10:49:22 [INFO] GripperOptimized:fast_loop:484 - 性能統計: 循環=3332000, 平均耗時=7.4ms, 最大耗時=51.7ms, 指令數=515
2025-07-20 10:49:42 [INFO] GripperOptimized:fast_loop:484 - 性能統計: 循環=3333000, 平均耗時=7.5ms, 最大耗時=51.7ms, 指令數=515
2025-07-20 10:50:03 [INFO] GripperOptimized:fast_loop:484 - 性能統計: 循環=3334000, 平均耗時=7.6ms, 最大耗時=51.7ms, 指令數=515
2025-07-20 10:50:24 [INFO] GripperOptimized:fast_loop:484 - 性能統計: 循環=3335000, 平均耗時=7.4ms, 最大耗時=51.7ms, 指令數=515
2025-07-20 10:50:44 [INFO] GripperOptimized:fast_loop:484 - 性能統計: 循環=3336000, 平均耗時=7.6ms, 最大耗時=51.7ms, 指令數=515
2025-07-20 10:51:05 [INFO] GripperOptimized:fast_loop:484 - 性能統計: 循環=3337000, 平均耗時=7.5ms, 最大耗時=51.7ms, 指令數=515
2025-07-20 10:51:25 [INFO] GripperOptimized:fast_loop:484 - 性能統計: 循環=3338000, 平均耗時=7.5ms, 最大耗時=51.7ms, 指令數=515
2025-07-20 10:51:46 [INFO] GripperOptimized:fast_loop:484 - 性能統計: 循環=3339000, 平均耗時=7.3ms, 最大耗時=51.7ms, 指令數=515
2025-07-20 10:52:07 [INFO] GripperOptimized:fast_loop:484 - 性能統計: 循環=3340000, 平均耗時=7.5ms, 最大耗時=51.7ms, 指令數=515
2025-07-20 10:52:27 [INFO] GripperOptimized:fast_loop:484 - 性能統計: 循環=3341000, 平均耗時=7.8ms, 最大耗時=51.7ms, 指令數=515
2025-07-20 10:52:48 [INFO] GripperOptimized:fast_loop:484 - 性能統計: 循環=3342000, 平均耗時=7.3ms, 最大耗時=51.7ms, 指令數=515
2025-07-20 10:53:09 [INFO] GripperOptimized:fast_loop:484 - 性能統計: 循環=3343000, 平均耗時=7.6ms, 最大耗時=51.7ms, 指令數=515
2025-07-20 10:53:29 [INFO] GripperOptimized:fast_loop:484 - 性能統計: 循環=3344000, 平均耗時=7.4ms, 最大耗時=51.7ms, 指令數=515
2025-07-20 10:53:50 [INFO] GripperOptimized:fast_loop:484 - 性能統計: 循環=3345000, 平均耗時=7.4ms, 最大耗時=51.7ms, 指令數=515
2025-07-20 10:54:11 [INFO] GripperOptimized:fast_loop:484 - 性能統計: 循環=3346000, 平均耗時=7.6ms, 最大耗時=51.7ms, 指令數=515
2025-07-20 10:54:31 [INFO] GripperOptimized:fast_loop:484 - 性能統計: 循環=3347000, 平均耗時=7.3ms, 最大耗時=51.7ms, 指令數=515
2025-07-20 10:54:52 [INFO] GripperOptimized:fast_loop:484 - 性能統計: 循環=3348000, 平均耗時=7.5ms, 最大耗時=51.7ms, 指令數=515
2025-07-20 10:55:12 [INFO] GripperOptimized:fast_loop:484 - 性能統計: 循環=3349000, 平均耗時=7.6ms, 最大耗時=51.7ms, 指令數=515
2025-07-20 10:55:33 [INFO] GripperOptimized:fast_loop:484 - 性能統計: 循環=3350000, 平均耗時=7.7ms, 最大耗時=51.7ms, 指令數=515
2025-07-20 10:55:54 [INFO] GripperOptimized:fast_loop:484 - 性能統計: 循環=3351000, 平均耗時=7.5ms, 最大耗時=51.7ms, 指令數=515
2025-07-20 10:56:14 [INFO] GripperOptimized:fast_loop:484 - 性能統計: 循環=3352000, 平均耗時=7.4ms, 最大耗時=51.7ms, 指令數=515
2025-07-20 10:56:35 [INFO] GripperOptimized:fast_loop:484 - 性能統計: 循環=3353000, 平均耗時=7.7ms, 最大耗時=51.7ms, 指令數=515
2025-07-20 10:56:56 [INFO] GripperOptimized:fast_loop:484 - 性能統計: 循環=3354000, 平均耗時=7.6ms, 最大耗時=51.7ms, 指令數=515
2025-07-20 10:57:16 [INFO] GripperOptimized:fast_loop:484 - 性能統計: 循環=3355000, 平均耗時=7.5ms, 最大耗時=51.7ms, 指令數=515
2025-07-20 10:57:37 [INFO] GripperOptimized:fast_loop:484 - 性能統計: 循環=3356000, 平均耗時=7.3ms, 最大耗時=51.7ms, 指令數=515
2025-07-20 10:57:57 [INFO] GripperOptimized:fast_loop:484 - 性能統計: 循環=3357000, 平均耗時=7.6ms, 最大耗時=51.7ms, 指令數=515
2025-07-20 10:58:18 [INFO] GripperOptimized:fast_loop:484 - 性能統計: 循環=3358000, 平均耗時=7.5ms, 最大耗時=51.7ms, 指令數=515
2025-07-20 10:58:39 [INFO] GripperOptimized:fast_loop:484 - 性能統計: 循環=3359000, 平均耗時=7.6ms, 最大耗時=51.7ms, 指令數=515
2025-07-20 10:58:59 [INFO] GripperOptimized:fast_loop:484 - 性能統計: 循環=3360000, 平均耗時=7.4ms, 最大耗時=51.7ms, 指令數=515
2025-07-20 10:59:20 [INFO] GripperOptimized:fast_loop:484 - 性能統計: 循環=3361000, 平均耗時=7.7ms, 最大耗時=51.7ms, 指令數=515
2025-07-20 10:59:41 [INFO] GripperOptimized:fast_loop:484 - 性能統計: 循環=3362000, 平均耗時=7.6ms, 最大耗時=51.7ms, 指令數=515
2025-07-20 11:00:01 [INFO] GripperOptimized:fast_loop:484 - 性能統計: 循環=3363000, 平均耗時=7.6ms, 最大耗時=51.7ms, 指令數=515
2025-07-20 11:00:22 [INFO] GripperOptimized:fast_loop:484 - 性能統計: 循環=3364000, 平均耗時=7.5ms, 最大耗時=51.7ms, 指令數=515
2025-07-20 11:00:42 [INFO] GripperOptimized:fast_loop:484 - 性能統計: 循環=3365000, 平均耗時=7.6ms, 最大耗時=51.7ms, 指令數=515
2025-07-20 11:01:03 [INFO] GripperOptimized:fast_loop:484 - 性能統計: 循環=3366000, 平均耗時=7.4ms, 最大耗時=51.7ms, 指令數=515
2025-07-20 11:01:24 [INFO] GripperOptimized:fast_loop:484 - 性能統計: 循環=3367000, 平均耗時=7.5ms, 最大耗時=51.7ms, 指令數=515
2025-07-20 11:01:44 [INFO] GripperOptimized:fast_loop:484 - 性能統計: 循環=3368000, 平均耗時=7.6ms, 最大耗時=51.7ms, 指令數=515
2025-07-20 11:02:05 [INFO] GripperOptimized:fast_loop:484 - 性能統計: 循環=3369000, 平均耗時=7.5ms, 最大耗時=51.7ms, 指令數=515
2025-07-20 11:02:26 [INFO] GripperOptimized:fast_loop:484 - 性能統計: 循環=3370000, 平均耗時=7.3ms, 最大耗時=51.7ms, 指令數=515
2025-07-20 11:02:46 [INFO] GripperOptimized:fast_loop:484 - 性能統計: 循環=3371000, 平均耗時=7.4ms, 最大耗時=51.7ms, 指令數=515
2025-07-20 11:03:07 [INFO] GripperOptimized:fast_loop:484 - 性能統計: 循環=3372000, 平均耗時=7.4ms, 最大耗時=51.7ms, 指令數=515
2025-07-20 11:03:27 [INFO] GripperOptimized:fast_loop:484 - 性能統計: 循環=3373000, 平均耗時=7.2ms, 最大耗時=51.7ms, 指令數=515
2025-07-20 11:03:48 [INFO] GripperOptimized:fast_loop:484 - 性能統計: 循環=3374000, 平均耗時=7.6ms, 最大耗時=51.7ms, 指令數=515
2025-07-20 11:04:09 [INFO] GripperOptimized:fast_loop:484 - 性能統計: 循環=3375000, 平均耗時=7.2ms, 最大耗時=51.7ms, 指令數=515
2025-07-20 11:04:29 [INFO] GripperOptimized:fast_loop:484 - 性能統計: 循環=3376000, 平均耗時=7.5ms, 最大耗時=51.7ms, 指令數=515
2025-07-20 11:04:50 [INFO] GripperOptimized:fast_loop:484 - 性能統計: 循環=3377000, 平均耗時=7.7ms, 最大耗時=51.7ms, 指令數=515
2025-07-20 11:05:11 [INFO] GripperOptimized:fast_loop:484 - 性能統計: 循環=3378000, 平均耗時=7.8ms, 最大耗時=51.7ms, 指令數=515
2025-07-20 11:05:31 [INFO] GripperOptimized:fast_loop:484 - 性能統計: 循環=3379000, 平均耗時=7.6ms, 最大耗時=51.7ms, 指令數=515
2025-07-20 11:05:52 [INFO] GripperOptimized:fast_loop:484 - 性能統計: 循環=3380000, 平均耗時=7.5ms, 最大耗時=51.7ms, 指令數=515
2025-07-20 11:06:13 [INFO] GripperOptimized:fast_loop:484 - 性能統計: 循環=3381000, 平均耗時=7.7ms, 最大耗時=51.7ms, 指令數=515
2025-07-20 11:06:33 [INFO] GripperOptimized:fast_loop:484 - 性能統計: 循環=3382000, 平均耗時=7.5ms, 最大耗時=51.7ms, 指令數=515
2025-07-20 11:06:54 [INFO] GripperOptimized:fast_loop:484 - 性能統計: 循環=3383000, 平均耗時=7.5ms, 最大耗時=51.7ms, 指令數=515
2025-07-20 11:07:14 [INFO] GripperOptimized:fast_loop:484 - 性能統計: 循環=3384000, 平均耗時=7.6ms, 最大耗時=51.7ms, 指令數=515
2025-07-20 11:07:35 [INFO] GripperOptimized:fast_loop:484 - 性能統計: 循環=3385000, 平均耗時=7.6ms, 最大耗時=51.7ms, 指令數=515
2025-07-20 11:07:56 [INFO] GripperOptimized:fast_loop:484 - 性能統計: 循環=3386000, 平均耗時=7.6ms, 最大耗時=51.7ms, 指令數=515
2025-07-20 11:08:16 [INFO] GripperOptimized:fast_loop:484 - 性能統計: 循環=3387000, 平均耗時=7.4ms, 最大耗時=51.7ms, 指令數=515
2025-07-20 11:08:37 [INFO] GripperOptimized:fast_loop:484 - 性能統計: 循環=3388000, 平均耗時=7.6ms, 最大耗時=51.7ms, 指令數=515
2025-07-20 11:08:58 [INFO] GripperOptimized:fast_loop:484 - 性能統計: 循環=3389000, 平均耗時=7.4ms, 最大耗時=51.7ms, 指令數=515
2025-07-20 11:09:18 [INFO] GripperOptimized:fast_loop:484 - 性能統計: 循環=3390000, 平均耗時=7.7ms, 最大耗時=51.7ms, 指令數=515
2025-07-20 11:09:39 [INFO] GripperOptimized:fast_loop:484 - 性能統計: 循環=3391000, 平均耗時=7.8ms, 最大耗時=51.7ms, 指令數=515
2025-07-20 11:09:59 [INFO] GripperOptimized:fast_loop:484 - 性能統計: 循環=3392000, 平均耗時=7.7ms, 最大耗時=51.7ms, 指令數=515
2025-07-20 11:10:20 [INFO] GripperOptimized:fast_loop:484 - 性能統計: 循環=3393000, 平均耗時=7.6ms, 最大耗時=51.7ms, 指令數=515
2025-07-20 11:10:41 [INFO] GripperOptimized:fast_loop:484 - 性能統計: 循環=3394000, 平均耗時=7.7ms, 最大耗時=51.7ms, 指令數=515
2025-07-20 11:11:01 [INFO] GripperOptimized:fast_loop:484 - 性能統計: 循環=3395000, 平均耗時=7.5ms, 最大耗時=51.7ms, 指令數=515
2025-07-20 11:11:22 [INFO] GripperOptimized:fast_loop:484 - 性能統計: 循環=3396000, 平均耗時=7.5ms, 最大耗時=51.7ms, 指令數=515
2025-07-20 11:11:43 [INFO] GripperOptimized:fast_loop:484 - 性能統計: 循環=3397000, 平均耗時=7.4ms, 最大耗時=51.7ms, 指令數=515
2025-07-20 11:12:03 [INFO] GripperOptimized:fast_loop:484 - 性能統計: 循環=3398000, 平均耗時=7.5ms, 最大耗時=51.7ms, 指令數=515
2025-07-20 11:12:24 [INFO] GripperOptimized:fast_loop:484 - 性能統計: 循環=3399000, 平均耗時=7.5ms, 最大耗時=51.7ms, 指令數=515
2025-07-20 11:12:45 [INFO] GripperOptimized:fast_loop:484 - 性能統計: 循環=3400000, 平均耗時=7.6ms, 最大耗時=51.7ms, 指令數=515
2025-07-20 11:13:05 [INFO] GripperOptimized:fast_loop:484 - 性能統計: 循環=3401000, 平均耗時=7.6ms, 最大耗時=51.7ms, 指令數=515
2025-07-20 11:13:26 [INFO] GripperOptimized:fast_loop:484 - 性能統計: 循環=3402000, 平均耗時=7.5ms, 最大耗時=51.7ms, 指令數=515
2025-07-20 11:13:46 [INFO] GripperOptimized:fast_loop:484 - 性能統計: 循環=3403000, 平均耗時=7.6ms, 最大耗時=51.7ms, 指令數=515
2025-07-20 11:14:07 [INFO] GripperOptimized:fast_loop:484 - 性能統計: 循環=3404000, 平均耗時=7.4ms, 最大耗時=51.7ms, 指令數=515
2025-07-20 11:14:28 [INFO] GripperOptimized:fast_loop:484 - 性能統計: 循環=3405000, 平均耗時=7.3ms, 最大耗時=51.7ms, 指令數=515
2025-07-20 11:14:48 [INFO] GripperOptimized:fast_loop:484 - 性能統計: 循環=3406000, 平均耗時=7.4ms, 最大耗時=51.7ms, 指令數=515
2025-07-20 11:15:09 [INFO] GripperOptimized:fast_loop:484 - 性能統計: 循環=3407000, 平均耗時=7.7ms, 最大耗時=51.7ms, 指令數=515
2025-07-20 11:15:30 [INFO] GripperOptimized:fast_loop:484 - 性能統計: 循環=3408000, 平均耗時=7.7ms, 最大耗時=51.7ms, 指令數=515
2025-07-20 11:15:50 [INFO] GripperOptimized:fast_loop:484 - 性能統計: 循環=3409000, 平均耗時=7.1ms, 最大耗時=51.7ms, 指令數=515
2025-07-20 11:16:11 [INFO] GripperOptimized:fast_loop:484 - 性能統計: 循環=3410000, 平均耗時=7.5ms, 最大耗時=51.7ms, 指令數=515
2025-07-20 11:16:31 [INFO] GripperOptimized:fast_loop:484 - 性能統計: 循環=3411000, 平均耗時=7.6ms, 最大耗時=51.7ms, 指令數=515
2025-07-20 11:16:52 [INFO] GripperOptimized:fast_loop:484 - 性能統計: 循環=3412000, 平均耗時=7.5ms, 最大耗時=51.7ms, 指令數=515
2025-07-20 11:17:13 [INFO] GripperOptimized:fast_loop:484 - 性能統計: 循環=3413000, 平均耗時=7.7ms, 最大耗時=51.7ms, 指令數=515
2025-07-20 11:17:33 [INFO] GripperOptimized:fast_loop:484 - 性能統計: 循環=3414000, 平均耗時=7.6ms, 最大耗時=51.7ms, 指令數=515
2025-07-20 11:17:54 [INFO] GripperOptimized:fast_loop:484 - 性能統計: 循環=3415000, 平均耗時=7.5ms, 最大耗時=51.7ms, 指令數=515
2025-07-20 11:18:15 [INFO] GripperOptimized:fast_loop:484 - 性能統計: 循環=3416000, 平均耗時=7.5ms, 最大耗時=51.7ms, 指令數=515
2025-07-20 11:18:35 [INFO] GripperOptimized:fast_loop:484 - 性能統計: 循環=3417000, 平均耗時=7.5ms, 最大耗時=51.7ms, 指令數=515
2025-07-20 11:18:56 [INFO] GripperOptimized:fast_loop:484 - 性能統計: 循環=3418000, 平均耗時=7.5ms, 最大耗時=51.7ms, 指令數=515
2025-07-20 11:19:17 [INFO] GripperOptimized:fast_loop:484 - 性能統計: 循環=3419000, 平均耗時=7.4ms, 最大耗時=51.7ms, 指令數=515
2025-07-20 11:19:37 [INFO] GripperOptimized:fast_loop:484 - 性能統計: 循環=3420000, 平均耗時=7.7ms, 最大耗時=51.7ms, 指令數=515
2025-07-20 11:19:58 [INFO] GripperOptimized:fast_loop:484 - 性能統計: 循環=3421000, 平均耗時=7.5ms, 最大耗時=51.7ms, 指令數=515
2025-07-20 11:20:18 [INFO] GripperOptimized:fast_loop:484 - 性能統計: 循環=3422000, 平均耗時=7.5ms, 最大耗時=51.7ms, 指令數=515
2025-07-20 11:20:39 [INFO] GripperOptimized:fast_loop:484 - 性能統計: 循環=3423000, 平均耗時=7.5ms, 最大耗時=51.7ms, 指令數=515
2025-07-20 11:21:00 [INFO] GripperOptimized:fast_loop:484 - 性能統計: 循環=3424000, 平均耗時=7.6ms, 最大耗時=51.7ms, 指令數=515
2025-07-20 11:21:20 [INFO] GripperOptimized:fast_loop:484 - 性能統計: 循環=3425000, 平均耗時=7.5ms, 最大耗時=51.7ms, 指令數=515
2025-07-20 11:21:41 [INFO] GripperOptimized:fast_loop:484 - 性能統計: 循環=3426000, 平均耗時=7.3ms, 最大耗時=51.7ms, 指令數=515
2025-07-20 11:22:02 [INFO] GripperOptimized:fast_loop:484 - 性能統計: 循環=3427000, 平均耗時=7.3ms, 最大耗時=51.7ms, 指令數=515
2025-07-20 11:22:22 [INFO] GripperOptimized:fast_loop:484 - 性能統計: 循環=3428000, 平均耗時=7.7ms, 最大耗時=51.7ms, 指令數=515
2025-07-20 11:22:43 [INFO] GripperOptimized:fast_loop:484 - 性能統計: 循環=3429000, 平均耗時=7.7ms, 最大耗時=51.7ms, 指令數=515
2025-07-20 11:23:03 [INFO] GripperOptimized:fast_loop:484 - 性能統計: 循環=3430000, 平均耗時=7.6ms, 最大耗時=51.7ms, 指令數=515
2025-07-20 11:23:24 [INFO] GripperOptimized:fast_loop:484 - 性能統計: 循環=3431000, 平均耗時=7.8ms, 最大耗時=51.7ms, 指令數=515
2025-07-20 11:23:45 [INFO] GripperOptimized:fast_loop:484 - 性能統計: 循環=3432000, 平均耗時=7.4ms, 最大耗時=51.7ms, 指令數=515
2025-07-20 11:24:05 [INFO] GripperOptimized:fast_loop:484 - 性能統計: 循環=3433000, 平均耗時=7.5ms, 最大耗時=51.7ms, 指令數=515
2025-07-20 11:24:26 [INFO] GripperOptimized:fast_loop:484 - 性能統計: 循環=3434000, 平均耗時=7.7ms, 最大耗時=51.7ms, 指令數=515
2025-07-20 11:24:47 [INFO] GripperOptimized:fast_loop:484 - 性能統計: 循環=3435000, 平均耗時=7.6ms, 最大耗時=51.7ms, 指令數=515
2025-07-20 11:25:07 [INFO] GripperOptimized:fast_loop:484 - 性能統計: 循環=3436000, 平均耗時=7.5ms, 最大耗時=51.7ms, 指令數=515
2025-07-20 11:25:28 [INFO] GripperOptimized:fast_loop:484 - 性能統計: 循環=3437000, 平均耗時=7.5ms, 最大耗時=51.7ms, 指令數=515
2025-07-20 11:25:49 [INFO] GripperOptimized:fast_loop:484 - 性能統計: 循環=3438000, 平均耗時=7.6ms, 最大耗時=51.7ms, 指令數=515
2025-07-20 11:26:09 [INFO] GripperOptimized:fast_loop:484 - 性能統計: 循環=3439000, 平均耗時=7.6ms, 最大耗時=51.7ms, 指令數=515
2025-07-20 11:26:30 [INFO] GripperOptimized:fast_loop:484 - 性能統計: 循環=3440000, 平均耗時=7.4ms, 最大耗時=51.7ms, 指令數=515
2025-07-20 11:26:50 [INFO] GripperOptimized:fast_loop:484 - 性能統計: 循環=3441000, 平均耗時=7.6ms, 最大耗時=51.7ms, 指令數=515
2025-07-20 11:27:11 [INFO] GripperOptimized:fast_loop:484 - 性能統計: 循環=3442000, 平均耗時=7.4ms, 最大耗時=51.7ms, 指令數=515
2025-07-20 11:27:32 [INFO] GripperOptimized:fast_loop:484 - 性能統計: 循環=3443000, 平均耗時=7.6ms, 最大耗時=51.7ms, 指令數=515
2025-07-20 11:27:52 [INFO] GripperOptimized:fast_loop:484 - 性能統計: 循環=3444000, 平均耗時=7.5ms, 最大耗時=51.7ms, 指令數=515
2025-07-20 11:28:13 [INFO] GripperOptimized:fast_loop:484 - 性能統計: 循環=3445000, 平均耗時=7.4ms, 最大耗時=51.7ms, 指令數=515
2025-07-20 11:28:34 [INFO] GripperOptimized:fast_loop:484 - 性能統計: 循環=3446000, 平均耗時=7.6ms, 最大耗時=51.7ms, 指令數=515
2025-07-20 11:28:54 [INFO] GripperOptimized:fast_loop:484 - 性能統計: 循環=3447000, 平均耗時=7.4ms, 最大耗時=51.7ms, 指令數=515
2025-07-20 11:29:15 [INFO] GripperOptimized:fast_loop:484 - 性能統計: 循環=3448000, 平均耗時=7.5ms, 最大耗時=51.7ms, 指令數=515
2025-07-20 11:29:35 [INFO] GripperOptimized:fast_loop:484 - 性能統計: 循環=3449000, 平均耗時=7.3ms, 最大耗時=51.7ms, 指令數=515
2025-07-20 11:29:56 [INFO] GripperOptimized:fast_loop:484 - 性能統計: 循環=3450000, 平均耗時=7.2ms, 最大耗時=51.7ms, 指令數=515
2025-07-20 11:30:17 [INFO] GripperOptimized:fast_loop:484 - 性能統計: 循環=3451000, 平均耗時=7.4ms, 最大耗時=51.7ms, 指令數=515
2025-07-20 11:30:37 [INFO] GripperOptimized:fast_loop:484 - 性能統計: 循環=3452000, 平均耗時=7.5ms, 最大耗時=51.7ms, 指令數=515
2025-07-20 11:30:58 [INFO] GripperOptimized:fast_loop:484 - 性能統計: 循環=3453000, 平均耗時=7.4ms, 最大耗時=51.7ms, 指令數=515
2025-07-20 11:31:19 [INFO] GripperOptimized:fast_loop:484 - 性能統計: 循環=3454000, 平均耗時=7.6ms, 最大耗時=51.7ms, 指令數=515
2025-07-20 11:31:39 [INFO] GripperOptimized:fast_loop:484 - 性能統計: 循環=3455000, 平均耗時=7.4ms, 最大耗時=51.7ms, 指令數=515
2025-07-20 11:32:00 [INFO] GripperOptimized:fast_loop:484 - 性能統計: 循環=3456000, 平均耗時=7.5ms, 最大耗時=51.7ms, 指令數=515
2025-07-20 11:32:21 [INFO] GripperOptimized:fast_loop:484 - 性能統計: 循環=3457000, 平均耗時=7.5ms, 最大耗時=51.7ms, 指令數=515
2025-07-20 11:32:41 [INFO] GripperOptimized:fast_loop:484 - 性能統計: 循環=3458000, 平均耗時=7.5ms, 最大耗時=51.7ms, 指令數=515
2025-07-20 11:33:02 [INFO] GripperOptimized:fast_loop:484 - 性能統計: 循環=3459000, 平均耗時=7.9ms, 最大耗時=51.7ms, 指令數=515
2025-07-20 11:33:22 [INFO] GripperOptimized:fast_loop:484 - 性能統計: 循環=3460000, 平均耗時=7.5ms, 最大耗時=51.7ms, 指令數=515
2025-07-20 11:33:43 [INFO] GripperOptimized:fast_loop:484 - 性能統計: 循環=3461000, 平均耗時=7.5ms, 最大耗時=51.7ms, 指令數=515
2025-07-20 11:34:04 [INFO] GripperOptimized:fast_loop:484 - 性能統計: 循環=3462000, 平均耗時=7.5ms, 最大耗時=51.7ms, 指令數=515
2025-07-20 11:34:24 [INFO] GripperOptimized:fast_loop:484 - 性能統計: 循環=3463000, 平均耗時=7.7ms, 最大耗時=51.7ms, 指令數=515
2025-07-20 11:34:45 [INFO] GripperOptimized:fast_loop:484 - 性能統計: 循環=3464000, 平均耗時=7.4ms, 最大耗時=51.7ms, 指令數=515
2025-07-20 11:35:06 [INFO] GripperOptimized:fast_loop:484 - 性能統計: 循環=3465000, 平均耗時=7.3ms, 最大耗時=51.7ms, 指令數=515
2025-07-20 11:35:26 [INFO] GripperOptimized:fast_loop:484 - 性能統計: 循環=3466000, 平均耗時=7.6ms, 最大耗時=51.7ms, 指令數=515
2025-07-20 11:35:47 [INFO] GripperOptimized:fast_loop:484 - 性能統計: 循環=3467000, 平均耗時=7.7ms, 最大耗時=51.7ms, 指令數=515
2025-07-20 11:36:07 [INFO] GripperOptimized:fast_loop:484 - 性能統計: 循環=3468000, 平均耗時=7.4ms, 最大耗時=51.7ms, 指令數=515
2025-07-20 11:36:28 [INFO] GripperOptimized:fast_loop:484 - 性能統計: 循環=3469000, 平均耗時=7.6ms, 最大耗時=51.7ms, 指令數=515
2025-07-20 11:36:49 [INFO] GripperOptimized:fast_loop:484 - 性能統計: 循環=3470000, 平均耗時=7.5ms, 最大耗時=51.7ms, 指令數=515
2025-07-20 11:37:09 [INFO] GripperOptimized:fast_loop:484 - 性能統計: 循環=3471000, 平均耗時=7.6ms, 最大耗時=51.7ms, 指令數=515
2025-07-20 11:37:30 [INFO] GripperOptimized:fast_loop:484 - 性能統計: 循環=3472000, 平均耗時=7.5ms, 最大耗時=51.7ms, 指令數=515
2025-07-20 11:37:51 [INFO] GripperOptimized:fast_loop:484 - 性能統計: 循環=3473000, 平均耗時=7.5ms, 最大耗時=51.7ms, 指令數=515
2025-07-20 11:38:11 [INFO] GripperOptimized:fast_loop:484 - 性能統計: 循環=3474000, 平均耗時=7.8ms, 最大耗時=51.7ms, 指令數=515
2025-07-20 11:38:32 [INFO] GripperOptimized:fast_loop:484 - 性能統計: 循環=3475000, 平均耗時=7.8ms, 最大耗時=51.7ms, 指令數=515
2025-07-20 11:38:53 [INFO] GripperOptimized:fast_loop:484 - 性能統計: 循環=3476000, 平均耗時=7.4ms, 最大耗時=51.7ms, 指令數=515
2025-07-20 11:39:13 [INFO] GripperOptimized:fast_loop:484 - 性能統計: 循環=3477000, 平均耗時=7.4ms, 最大耗時=51.7ms, 指令數=515
2025-07-20 11:39:34 [INFO] GripperOptimized:fast_loop:484 - 性能統計: 循環=3478000, 平均耗時=7.5ms, 最大耗時=51.7ms, 指令數=515
2025-07-20 11:39:54 [INFO] GripperOptimized:fast_loop:484 - 性能統計: 循環=3479000, 平均耗時=7.4ms, 最大耗時=51.7ms, 指令數=515
2025-07-20 11:40:15 [INFO] GripperOptimized:fast_loop:484 - 性能統計: 循環=3480000, 平均耗時=7.5ms, 最大耗時=51.7ms, 指令數=515
2025-07-20 11:40:36 [INFO] GripperOptimized:fast_loop:484 - 性能統計: 循環=3481000, 平均耗時=7.6ms, 最大耗時=51.7ms, 指令數=515
2025-07-20 11:40:56 [INFO] GripperOptimized:fast_loop:484 - 性能統計: 循環=3482000, 平均耗時=7.4ms, 最大耗時=51.7ms, 指令數=515
2025-07-20 11:41:17 [INFO] GripperOptimized:fast_loop:484 - 性能統計: 循環=3483000, 平均耗時=7.4ms, 最大耗時=51.7ms, 指令數=515
2025-07-20 11:41:38 [INFO] GripperOptimized:fast_loop:484 - 性能統計: 循環=3484000, 平均耗時=7.5ms, 最大耗時=51.7ms, 指令數=515
2025-07-20 11:41:58 [INFO] GripperOptimized:fast_loop:484 - 性能統計: 循環=3485000, 平均耗時=7.6ms, 最大耗時=51.7ms, 指令數=515
2025-07-20 11:42:19 [INFO] GripperOptimized:fast_loop:484 - 性能統計: 循環=3486000, 平均耗時=7.5ms, 最大耗時=51.7ms, 指令數=515
2025-07-20 11:42:40 [INFO] GripperOptimized:fast_loop:484 - 性能統計: 循環=3487000, 平均耗時=7.6ms, 最大耗時=51.7ms, 指令數=515
2025-07-20 11:43:00 [INFO] GripperOptimized:fast_loop:484 - 性能統計: 循環=3488000, 平均耗時=7.4ms, 最大耗時=51.7ms, 指令數=515
2025-07-20 11:43:21 [INFO] GripperOptimized:fast_loop:484 - 性能統計: 循環=3489000, 平均耗時=7.6ms, 最大耗時=51.7ms, 指令數=515
2025-07-20 11:43:41 [INFO] GripperOptimized:fast_loop:484 - 性能統計: 循環=3490000, 平均耗時=7.5ms, 最大耗時=51.7ms, 指令數=515
2025-07-20 11:44:02 [INFO] GripperOptimized:fast_loop:484 - 性能統計: 循環=3491000, 平均耗時=7.5ms, 最大耗時=51.7ms, 指令數=515
2025-07-20 11:44:23 [INFO] GripperOptimized:fast_loop:484 - 性能統計: 循環=3492000, 平均耗時=7.5ms, 最大耗時=51.7ms, 指令數=515
2025-07-20 11:44:43 [INFO] GripperOptimized:fast_loop:484 - 性能統計: 循環=3493000, 平均耗時=7.6ms, 最大耗時=51.7ms, 指令數=515
2025-07-20 11:45:04 [INFO] GripperOptimized:fast_loop:484 - 性能統計: 循環=3494000, 平均耗時=7.6ms, 最大耗時=51.7ms, 指令數=515
2025-07-20 11:45:25 [INFO] GripperOptimized:fast_loop:484 - 性能統計: 循環=3495000, 平均耗時=7.7ms, 最大耗時=51.7ms, 指令數=515
2025-07-20 11:45:45 [INFO] GripperOptimized:fast_loop:484 - 性能統計: 循環=3496000, 平均耗時=7.2ms, 最大耗時=51.7ms, 指令數=515
2025-07-20 11:46:06 [INFO] GripperOptimized:fast_loop:484 - 性能統計: 循環=3497000, 平均耗時=7.6ms, 最大耗時=51.7ms, 指令數=515
2025-07-20 11:46:26 [INFO] GripperOptimized:fast_loop:484 - 性能統計: 循環=3498000, 平均耗時=7.6ms, 最大耗時=51.7ms, 指令數=515
2025-07-20 11:46:47 [INFO] GripperOptimized:fast_loop:484 - 性能統計: 循環=3499000, 平均耗時=7.4ms, 最大耗時=51.7ms, 指令數=515
2025-07-20 11:47:08 [INFO] GripperOptimized:fast_loop:484 - 性能統計: 循環=3500000, 平均耗時=7.6ms, 最大耗時=51.7ms, 指令數=515
2025-07-20 11:47:28 [INFO] GripperOptimized:fast_loop:484 - 性能統計: 循環=3501000, 平均耗時=7.6ms, 最大耗時=51.7ms, 指令數=515
2025-07-20 11:47:49 [INFO] GripperOptimized:fast_loop:484 - 性能統計: 循環=3502000, 平均耗時=7.4ms, 最大耗時=51.7ms, 指令數=515
2025-07-20 11:48:10 [INFO] GripperOptimized:fast_loop:484 - 性能統計: 循環=3503000, 平均耗時=7.3ms, 最大耗時=51.7ms, 指令數=515
2025-07-20 11:48:30 [INFO] GripperOptimized:fast_loop:484 - 性能統計: 循環=3504000, 平均耗時=7.4ms, 最大耗時=51.7ms, 指令數=515
2025-07-20 11:48:51 [INFO] GripperOptimized:fast_loop:484 - 性能統計: 循環=3505000, 平均耗時=7.6ms, 最大耗時=51.7ms, 指令數=515
2025-07-20 11:49:12 [INFO] GripperOptimized:fast_loop:484 - 性能統計: 循環=3506000, 平均耗時=7.7ms, 最大耗時=51.7ms, 指令數=515
2025-07-20 11:49:32 [INFO] GripperOptimized:fast_loop:484 - 性能統計: 循環=3507000, 平均耗時=7.5ms, 最大耗時=51.7ms, 指令數=515
2025-07-20 11:49:53 [INFO] GripperOptimized:fast_loop:484 - 性能統計: 循環=3508000, 平均耗時=7.6ms, 最大耗時=51.7ms, 指令數=515
2025-07-20 11:50:13 [INFO] GripperOptimized:fast_loop:484 - 性能統計: 循環=3509000, 平均耗時=7.6ms, 最大耗時=51.7ms, 指令數=515
2025-07-20 11:50:34 [INFO] GripperOptimized:fast_loop:484 - 性能統計: 循環=3510000, 平均耗時=7.6ms, 最大耗時=51.7ms, 指令數=515
2025-07-20 11:50:55 [INFO] GripperOptimized:fast_loop:484 - 性能統計: 循環=3511000, 平均耗時=7.6ms, 最大耗時=51.7ms, 指令數=515
2025-07-20 11:51:15 [INFO] GripperOptimized:fast_loop:484 - 性能統計: 循環=3512000, 平均耗時=7.7ms, 最大耗時=51.7ms, 指令數=515
2025-07-20 11:51:36 [INFO] GripperOptimized:fast_loop:484 - 性能統計: 循環=3513000, 平均耗時=7.5ms, 最大耗時=51.7ms, 指令數=515
2025-07-20 11:51:57 [INFO] GripperOptimized:fast_loop:484 - 性能統計: 循環=3514000, 平均耗時=7.6ms, 最大耗時=51.7ms, 指令數=515
2025-07-20 11:52:17 [INFO] GripperOptimized:fast_loop:484 - 性能統計: 循環=3515000, 平均耗時=7.5ms, 最大耗時=51.7ms, 指令數=515
2025-07-20 11:52:38 [INFO] GripperOptimized:fast_loop:484 - 性能統計: 循環=3516000, 平均耗時=7.5ms, 最大耗時=51.7ms, 指令數=515
2025-07-20 11:52:58 [INFO] GripperOptimized:fast_loop:484 - 性能統計: 循環=3517000, 平均耗時=7.7ms, 最大耗時=51.7ms, 指令數=515
2025-07-20 11:53:19 [INFO] GripperOptimized:fast_loop:484 - 性能統計: 循環=3518000, 平均耗時=7.5ms, 最大耗時=51.7ms, 指令數=515
2025-07-20 11:53:40 [INFO] GripperOptimized:fast_loop:484 - 性能統計: 循環=3519000, 平均耗時=7.6ms, 最大耗時=51.7ms, 指令數=515
2025-07-20 11:54:00 [INFO] GripperOptimized:fast_loop:484 - 性能統計: 循環=3520000, 平均耗時=7.4ms, 最大耗時=51.7ms, 指令數=515
2025-07-20 11:54:21 [INFO] GripperOptimized:fast_loop:484 - 性能統計: 循環=3521000, 平均耗時=7.6ms, 最大耗時=51.7ms, 指令數=515
2025-07-20 11:54:42 [INFO] GripperOptimized:fast_loop:484 - 性能統計: 循環=3522000, 平均耗時=7.6ms, 最大耗時=51.7ms, 指令數=515
2025-07-20 11:55:02 [INFO] GripperOptimized:fast_loop:484 - 性能統計: 循環=3523000, 平均耗時=7.5ms, 最大耗時=51.7ms, 指令數=515
2025-07-20 11:55:23 [INFO] GripperOptimized:fast_loop:484 - 性能統計: 循環=3524000, 平均耗時=7.3ms, 最大耗時=51.7ms, 指令數=515
2025-07-20 11:55:44 [INFO] GripperOptimized:fast_loop:484 - 性能統計: 循環=3525000, 平均耗時=7.7ms, 最大耗時=51.7ms, 指令數=515
2025-07-20 11:56:04 [INFO] GripperOptimized:fast_loop:484 - 性能統計: 循環=3526000, 平均耗時=7.4ms, 最大耗時=51.7ms, 指令數=515
2025-07-20 11:56:25 [INFO] GripperOptimized:fast_loop:484 - 性能統計: 循環=3527000, 平均耗時=7.6ms, 最大耗時=51.7ms, 指令數=515
2025-07-20 11:56:45 [INFO] GripperOptimized:fast_loop:484 - 性能統計: 循環=3528000, 平均耗時=7.4ms, 最大耗時=51.7ms, 指令數=515
2025-07-20 11:57:06 [INFO] GripperOptimized:fast_loop:484 - 性能統計: 循環=3529000, 平均耗時=7.5ms, 最大耗時=51.7ms, 指令數=515
2025-07-20 11:57:27 [INFO] GripperOptimized:fast_loop:484 - 性能統計: 循環=3530000, 平均耗時=7.7ms, 最大耗時=51.7ms, 指令數=515
2025-07-20 11:57:47 [INFO] GripperOptimized:fast_loop:484 - 性能統計: 循環=3531000, 平均耗時=7.6ms, 最大耗時=51.7ms, 指令數=515
2025-07-20 11:58:08 [INFO] GripperOptimized:fast_loop:484 - 性能統計: 循環=3532000, 平均耗時=7.6ms, 最大耗時=51.7ms, 指令數=515
2025-07-20 11:58:29 [INFO] GripperOptimized:fast_loop:484 - 性能統計: 循環=3533000, 平均耗時=7.3ms, 最大耗時=51.7ms, 指令數=515
2025-07-20 11:58:49 [INFO] GripperOptimized:fast_loop:484 - 性能統計: 循環=3534000, 平均耗時=7.4ms, 最大耗時=51.7ms, 指令數=515
2025-07-20 11:59:10 [INFO] GripperOptimized:fast_loop:484 - 性能統計: 循環=3535000, 平均耗時=7.7ms, 最大耗時=51.7ms, 指令數=515
2025-07-20 11:59:31 [INFO] GripperOptimized:fast_loop:484 - 性能統計: 循環=3536000, 平均耗時=7.5ms, 最大耗時=51.7ms, 指令數=515
2025-07-20 11:59:51 [INFO] GripperOptimized:fast_loop:484 - 性能統計: 循環=3537000, 平均耗時=7.6ms, 最大耗時=51.7ms, 指令數=515
2025-07-20 12:00:12 [INFO] GripperOptimized:fast_loop:484 - 性能統計: 循環=3538000, 平均耗時=7.5ms, 最大耗時=51.7ms, 指令數=515
2025-07-20 12:00:32 [INFO] GripperOptimized:fast_loop:484 - 性能統計: 循環=3539000, 平均耗時=7.4ms, 最大耗時=51.7ms, 指令數=515
2025-07-20 12:00:53 [INFO] GripperOptimized:fast_loop:484 - 性能統計: 循環=3540000, 平均耗時=7.5ms, 最大耗時=51.7ms, 指令數=515
2025-07-20 12:01:14 [INFO] GripperOptimized:fast_loop:484 - 性能統計: 循環=3541000, 平均耗時=7.5ms, 最大耗時=51.7ms, 指令數=515
2025-07-20 12:01:34 [INFO] GripperOptimized:fast_loop:484 - 性能統計: 循環=3542000, 平均耗時=7.6ms, 最大耗時=51.7ms, 指令數=515
2025-07-20 12:01:55 [INFO] GripperOptimized:fast_loop:484 - 性能統計: 循環=3543000, 平均耗時=7.3ms, 最大耗時=51.7ms, 指令數=515
2025-07-20 12:02:16 [INFO] GripperOptimized:fast_loop:484 - 性能統計: 循環=3544000, 平均耗時=7.6ms, 最大耗時=51.7ms, 指令數=515
2025-07-20 12:02:36 [INFO] GripperOptimized:fast_loop:484 - 性能統計: 循環=3545000, 平均耗時=7.6ms, 最大耗時=51.7ms, 指令數=515
2025-07-20 12:02:57 [INFO] GripperOptimized:fast_loop:484 - 性能統計: 循環=3546000, 平均耗時=7.8ms, 最大耗時=51.7ms, 指令數=515
2025-07-20 12:03:18 [INFO] GripperOptimized:fast_loop:484 - 性能統計: 循環=3547000, 平均耗時=7.5ms, 最大耗時=51.7ms, 指令數=515
2025-07-20 12:03:38 [INFO] GripperOptimized:fast_loop:484 - 性能統計: 循環=3548000, 平均耗時=7.5ms, 最大耗時=51.7ms, 指令數=515
2025-07-20 12:03:59 [INFO] GripperOptimized:fast_loop:484 - 性能統計: 循環=3549000, 平均耗時=7.5ms, 最大耗時=51.7ms, 指令數=515
2025-07-20 12:04:19 [INFO] GripperOptimized:fast_loop:484 - 性能統計: 循環=3550000, 平均耗時=7.4ms, 最大耗時=51.7ms, 指令數=515
2025-07-20 12:04:40 [INFO] GripperOptimized:fast_loop:484 - 性能統計: 循環=3551000, 平均耗時=7.4ms, 最大耗時=51.7ms, 指令數=515
2025-07-20 12:05:01 [INFO] GripperOptimized:fast_loop:484 - 性能統計: 循環=3552000, 平均耗時=7.7ms, 最大耗時=51.7ms, 指令數=515
2025-07-20 12:05:21 [INFO] GripperOptimized:fast_loop:484 - 性能統計: 循環=3553000, 平均耗時=7.4ms, 最大耗時=51.7ms, 指令數=515
2025-07-20 12:05:42 [INFO] GripperOptimized:fast_loop:484 - 性能統計: 循環=3554000, 平均耗時=7.5ms, 最大耗時=51.7ms, 指令數=515
2025-07-20 12:06:03 [INFO] GripperOptimized:fast_loop:484 - 性能統計: 循環=3555000, 平均耗時=7.4ms, 最大耗時=51.7ms, 指令數=515
2025-07-20 12:06:23 [INFO] GripperOptimized:fast_loop:484 - 性能統計: 循環=3556000, 平均耗時=7.7ms, 最大耗時=51.7ms, 指令數=515
2025-07-20 12:06:44 [INFO] GripperOptimized:fast_loop:484 - 性能統計: 循環=3557000, 平均耗時=7.3ms, 最大耗時=51.7ms, 指令數=515
2025-07-20 12:07:05 [INFO] GripperOptimized:fast_loop:484 - 性能統計: 循環=3558000, 平均耗時=7.6ms, 最大耗時=51.7ms, 指令數=515
2025-07-20 12:07:25 [INFO] GripperOptimized:fast_loop:484 - 性能統計: 循環=3559000, 平均耗時=7.5ms, 最大耗時=51.7ms, 指令數=515
2025-07-20 12:07:46 [INFO] GripperOptimized:fast_loop:484 - 性能統計: 循環=3560000, 平均耗時=7.7ms, 最大耗時=51.7ms, 指令數=515
2025-07-20 12:08:06 [INFO] GripperOptimized:fast_loop:484 - 性能統計: 循環=3561000, 平均耗時=7.5ms, 最大耗時=51.7ms, 指令數=515
2025-07-20 12:08:27 [INFO] GripperOptimized:fast_loop:484 - 性能統計: 循環=3562000, 平均耗時=7.5ms, 最大耗時=51.7ms, 指令數=515
2025-07-20 12:08:48 [INFO] GripperOptimized:fast_loop:484 - 性能統計: 循環=3563000, 平均耗時=7.6ms, 最大耗時=51.7ms, 指令數=515
2025-07-20 12:09:08 [INFO] GripperOptimized:fast_loop:484 - 性能統計: 循環=3564000, 平均耗時=7.5ms, 最大耗時=51.7ms, 指令數=515
2025-07-20 12:09:29 [INFO] GripperOptimized:fast_loop:484 - 性能統計: 循環=3565000, 平均耗時=7.7ms, 最大耗時=51.7ms, 指令數=515
2025-07-20 12:09:50 [INFO] GripperOptimized:fast_loop:484 - 性能統計: 循環=3566000, 平均耗時=7.3ms, 最大耗時=51.7ms, 指令數=515
2025-07-20 12:10:10 [INFO] GripperOptimized:fast_loop:484 - 性能統計: 循環=3567000, 平均耗時=7.4ms, 最大耗時=51.7ms, 指令數=515
2025-07-20 12:10:31 [INFO] GripperOptimized:fast_loop:484 - 性能統計: 循環=3568000, 平均耗時=7.4ms, 最大耗時=51.7ms, 指令數=515
2025-07-20 12:10:51 [INFO] GripperOptimized:fast_loop:484 - 性能統計: 循環=3569000, 平均耗時=7.4ms, 最大耗時=51.7ms, 指令數=515
2025-07-20 12:11:12 [INFO] GripperOptimized:fast_loop:484 - 性能統計: 循環=3570000, 平均耗時=7.6ms, 最大耗時=51.7ms, 指令數=515
2025-07-20 12:11:33 [INFO] GripperOptimized:fast_loop:484 - 性能統計: 循環=3571000, 平均耗時=7.5ms, 最大耗時=51.7ms, 指令數=515
2025-07-20 12:11:53 [INFO] GripperOptimized:fast_loop:484 - 性能統計: 循環=3572000, 平均耗時=7.4ms, 最大耗時=51.7ms, 指令數=515
2025-07-20 12:12:14 [INFO] GripperOptimized:fast_loop:484 - 性能統計: 循環=3573000, 平均耗時=7.7ms, 最大耗時=51.7ms, 指令數=515
2025-07-20 12:12:35 [INFO] GripperOptimized:fast_loop:484 - 性能統計: 循環=3574000, 平均耗時=7.6ms, 最大耗時=51.7ms, 指令數=515
2025-07-20 12:12:55 [INFO] GripperOptimized:fast_loop:484 - 性能統計: 循環=3575000, 平均耗時=7.6ms, 最大耗時=51.7ms, 指令數=515
2025-07-20 12:13:16 [INFO] GripperOptimized:fast_loop:484 - 性能統計: 循環=3576000, 平均耗時=7.8ms, 最大耗時=51.7ms, 指令數=515
2025-07-20 12:13:37 [INFO] GripperOptimized:fast_loop:484 - 性能統計: 循環=3577000, 平均耗時=7.4ms, 最大耗時=51.7ms, 指令數=515
2025-07-20 12:13:57 [INFO] GripperOptimized:fast_loop:484 - 性能統計: 循環=3578000, 平均耗時=7.4ms, 最大耗時=51.7ms, 指令數=515
2025-07-20 12:14:18 [INFO] GripperOptimized:fast_loop:484 - 性能統計: 循環=3579000, 平均耗時=7.6ms, 最大耗時=51.7ms, 指令數=515
2025-07-20 12:14:38 [INFO] GripperOptimized:fast_loop:484 - 性能統計: 循環=3580000, 平均耗時=7.6ms, 最大耗時=51.7ms, 指令數=515
2025-07-20 12:14:59 [INFO] GripperOptimized:fast_loop:484 - 性能統計: 循環=3581000, 平均耗時=7.5ms, 最大耗時=51.7ms, 指令數=515
2025-07-20 12:15:20 [INFO] GripperOptimized:fast_loop:484 - 性能統計: 循環=3582000, 平均耗時=7.4ms, 最大耗時=51.7ms, 指令數=515
2025-07-20 12:15:40 [INFO] GripperOptimized:fast_loop:484 - 性能統計: 循環=3583000, 平均耗時=7.3ms, 最大耗時=51.7ms, 指令數=515
2025-07-20 12:16:01 [INFO] GripperOptimized:fast_loop:484 - 性能統計: 循環=3584000, 平均耗時=7.4ms, 最大耗時=51.7ms, 指令數=515
2025-07-20 12:16:22 [INFO] GripperOptimized:fast_loop:484 - 性能統計: 循環=3585000, 平均耗時=7.6ms, 最大耗時=51.7ms, 指令數=515
2025-07-20 12:16:42 [INFO] GripperOptimized:fast_loop:484 - 性能統計: 循環=3586000, 平均耗時=7.5ms, 最大耗時=51.7ms, 指令數=515
2025-07-20 12:17:03 [INFO] GripperOptimized:fast_loop:484 - 性能統計: 循環=3587000, 平均耗時=7.6ms, 最大耗時=51.7ms, 指令數=515
2025-07-20 12:17:24 [INFO] GripperOptimized:fast_loop:484 - 性能統計: 循環=3588000, 平均耗時=7.4ms, 最大耗時=51.7ms, 指令數=515
2025-07-20 12:17:44 [INFO] GripperOptimized:fast_loop:484 - 性能統計: 循環=3589000, 平均耗時=7.6ms, 最大耗時=51.7ms, 指令數=515
2025-07-20 12:18:05 [INFO] GripperOptimized:fast_loop:484 - 性能統計: 循環=3590000, 平均耗時=7.6ms, 最大耗時=51.7ms, 指令數=515
2025-07-20 12:18:25 [INFO] GripperOptimized:fast_loop:484 - 性能統計: 循環=3591000, 平均耗時=7.3ms, 最大耗時=51.7ms, 指令數=515
2025-07-20 12:18:46 [INFO] GripperOptimized:fast_loop:484 - 性能統計: 循環=3592000, 平均耗時=7.7ms, 最大耗時=51.7ms, 指令數=515
2025-07-20 12:19:07 [INFO] GripperOptimized:fast_loop:484 - 性能統計: 循環=3593000, 平均耗時=7.5ms, 最大耗時=51.7ms, 指令數=515
2025-07-20 12:19:27 [INFO] GripperOptimized:fast_loop:484 - 性能統計: 循環=3594000, 平均耗時=7.5ms, 最大耗時=51.7ms, 指令數=515
2025-07-20 12:19:48 [INFO] GripperOptimized:fast_loop:484 - 性能統計: 循環=3595000, 平均耗時=7.5ms, 最大耗時=51.7ms, 指令數=515
2025-07-20 12:20:09 [INFO] GripperOptimized:fast_loop:484 - 性能統計: 循環=3596000, 平均耗時=7.6ms, 最大耗時=51.7ms, 指令數=515
2025-07-20 12:20:29 [INFO] GripperOptimized:fast_loop:484 - 性能統計: 循環=3597000, 平均耗時=7.5ms, 最大耗時=51.7ms, 指令數=515
2025-07-20 12:20:50 [INFO] GripperOptimized:fast_loop:484 - 性能統計: 循環=3598000, 平均耗時=7.6ms, 最大耗時=51.7ms, 指令數=515
2025-07-20 12:21:11 [INFO] GripperOptimized:fast_loop:484 - 性能統計: 循環=3599000, 平均耗時=7.4ms, 最大耗時=51.7ms, 指令數=515
2025-07-20 12:21:31 [INFO] GripperOptimized:fast_loop:484 - 性能統計: 循環=3600000, 平均耗時=7.4ms, 最大耗時=51.7ms, 指令數=515
2025-07-20 12:21:52 [INFO] GripperOptimized:fast_loop:484 - 性能統計: 循環=3601000, 平均耗時=7.5ms, 最大耗時=51.7ms, 指令數=515
2025-07-20 12:22:12 [INFO] GripperOptimized:fast_loop:484 - 性能統計: 循環=3602000, 平均耗時=7.5ms, 最大耗時=51.7ms, 指令數=515
2025-07-20 12:22:33 [INFO] GripperOptimized:fast_loop:484 - 性能統計: 循環=3603000, 平均耗時=7.4ms, 最大耗時=51.7ms, 指令數=515
2025-07-20 12:22:54 [INFO] GripperOptimized:fast_loop:484 - 性能統計: 循環=3604000, 平均耗時=7.5ms, 最大耗時=51.7ms, 指令數=515
2025-07-20 12:23:14 [INFO] GripperOptimized:fast_loop:484 - 性能統計: 循環=3605000, 平均耗時=7.6ms, 最大耗時=51.7ms, 指令數=515
2025-07-20 12:23:35 [INFO] GripperOptimized:fast_loop:484 - 性能統計: 循環=3606000, 平均耗時=7.2ms, 最大耗時=51.7ms, 指令數=515
2025-07-20 12:23:56 [INFO] GripperOptimized:fast_loop:484 - 性能統計: 循環=3607000, 平均耗時=7.4ms, 最大耗時=51.7ms, 指令數=515
2025-07-20 12:24:16 [INFO] GripperOptimized:fast_loop:484 - 性能統計: 循環=3608000, 平均耗時=7.6ms, 最大耗時=51.7ms, 指令數=515
2025-07-20 12:24:37 [INFO] GripperOptimized:fast_loop:484 - 性能統計: 循環=3609000, 平均耗時=7.5ms, 最大耗時=51.7ms, 指令數=515
2025-07-20 12:24:57 [INFO] GripperOptimized:fast_loop:484 - 性能統計: 循環=3610000, 平均耗時=7.5ms, 最大耗時=51.7ms, 指令數=515
2025-07-20 12:25:18 [INFO] GripperOptimized:fast_loop:484 - 性能統計: 循環=3611000, 平均耗時=7.5ms, 最大耗時=51.7ms, 指令數=515
2025-07-20 12:25:39 [INFO] GripperOptimized:fast_loop:484 - 性能統計: 循環=3612000, 平均耗時=7.6ms, 最大耗時=51.7ms, 指令數=515
2025-07-20 12:25:59 [INFO] GripperOptimized:fast_loop:484 - 性能統計: 循環=3613000, 平均耗時=7.7ms, 最大耗時=51.7ms, 指令數=515
2025-07-20 12:26:20 [INFO] GripperOptimized:fast_loop:484 - 性能統計: 循環=3614000, 平均耗時=7.5ms, 最大耗時=51.7ms, 指令數=515
2025-07-20 12:26:41 [INFO] GripperOptimized:fast_loop:484 - 性能統計: 循環=3615000, 平均耗時=7.5ms, 最大耗時=51.7ms, 指令數=515
2025-07-20 12:27:01 [INFO] GripperOptimized:fast_loop:484 - 性能統計: 循環=3616000, 平均耗時=7.3ms, 最大耗時=51.7ms, 指令數=515
2025-07-20 12:27:22 [INFO] GripperOptimized:fast_loop:484 - 性能統計: 循環=3617000, 平均耗時=7.3ms, 最大耗時=51.7ms, 指令數=515
2025-07-20 12:27:43 [INFO] GripperOptimized:fast_loop:484 - 性能統計: 循環=3618000, 平均耗時=7.7ms, 最大耗時=51.7ms, 指令數=515
2025-07-20 12:28:03 [INFO] GripperOptimized:fast_loop:484 - 性能統計: 循環=3619000, 平均耗時=7.6ms, 最大耗時=51.7ms, 指令數=515
2025-07-20 12:28:24 [INFO] GripperOptimized:fast_loop:484 - 性能統計: 循環=3620000, 平均耗時=7.7ms, 最大耗時=51.7ms, 指令數=515
2025-07-20 12:28:44 [INFO] GripperOptimized:fast_loop:484 - 性能統計: 循環=3621000, 平均耗時=7.6ms, 最大耗時=51.7ms, 指令數=515
2025-07-20 12:29:05 [INFO] GripperOptimized:fast_loop:484 - 性能統計: 循環=3622000, 平均耗時=7.5ms, 最大耗時=51.7ms, 指令數=515
2025-07-20 12:29:26 [INFO] GripperOptimized:fast_loop:484 - 性能統計: 循環=3623000, 平均耗時=7.6ms, 最大耗時=51.7ms, 指令數=515
2025-07-20 12:29:46 [INFO] GripperOptimized:fast_loop:484 - 性能統計: 循環=3624000, 平均耗時=7.6ms, 最大耗時=51.7ms, 指令數=515
2025-07-20 12:30:07 [INFO] GripperOptimized:fast_loop:484 - 性能統計: 循環=3625000, 平均耗時=7.6ms, 最大耗時=51.7ms, 指令數=515
2025-07-20 12:30:28 [INFO] GripperOptimized:fast_loop:484 - 性能統計: 循環=3626000, 平均耗時=7.5ms, 最大耗時=51.7ms, 指令數=515
2025-07-20 12:30:48 [INFO] GripperOptimized:fast_loop:484 - 性能統計: 循環=3627000, 平均耗時=7.3ms, 最大耗時=51.7ms, 指令數=515
2025-07-20 12:31:09 [INFO] GripperOptimized:fast_loop:484 - 性能統計: 循環=3628000, 平均耗時=7.5ms, 最大耗時=51.7ms, 指令數=515
2025-07-20 12:31:29 [INFO] GripperOptimized:fast_loop:484 - 性能統計: 循環=3629000, 平均耗時=7.5ms, 最大耗時=51.7ms, 指令數=515
2025-07-20 12:31:50 [INFO] GripperOptimized:fast_loop:484 - 性能統計: 循環=3630000, 平均耗時=7.6ms, 最大耗時=51.7ms, 指令數=515
2025-07-20 12:32:11 [INFO] GripperOptimized:fast_loop:484 - 性能統計: 循環=3631000, 平均耗時=7.5ms, 最大耗時=51.7ms, 指令數=515
2025-07-20 12:32:31 [INFO] GripperOptimized:fast_loop:484 - 性能統計: 循環=3632000, 平均耗時=7.7ms, 最大耗時=51.7ms, 指令數=515
2025-07-20 12:32:52 [INFO] GripperOptimized:fast_loop:484 - 性能統計: 循環=3633000, 平均耗時=7.4ms, 最大耗時=51.7ms, 指令數=515
2025-07-20 12:33:13 [INFO] GripperOptimized:fast_loop:484 - 性能統計: 循環=3634000, 平均耗時=7.5ms, 最大耗時=51.7ms, 指令數=515
2025-07-20 12:33:33 [INFO] GripperOptimized:fast_loop:484 - 性能統計: 循環=3635000, 平均耗時=7.6ms, 最大耗時=51.7ms, 指令數=515
2025-07-20 12:33:54 [INFO] GripperOptimized:fast_loop:484 - 性能統計: 循環=3636000, 平均耗時=7.4ms, 最大耗時=51.7ms, 指令數=515
2025-07-20 12:34:15 [INFO] GripperOptimized:fast_loop:484 - 性能統計: 循環=3637000, 平均耗時=7.6ms, 最大耗時=51.7ms, 指令數=515
2025-07-20 12:34:35 [INFO] GripperOptimized:fast_loop:484 - 性能統計: 循環=3638000, 平均耗時=7.5ms, 最大耗時=51.7ms, 指令數=515
2025-07-20 12:34:56 [INFO] GripperOptimized:fast_loop:484 - 性能統計: 循環=3639000, 平均耗時=7.4ms, 最大耗時=51.7ms, 指令數=515
2025-07-20 12:35:16 [INFO] GripperOptimized:fast_loop:484 - 性能統計: 循環=3640000, 平均耗時=7.5ms, 最大耗時=51.7ms, 指令數=515
2025-07-20 12:35:37 [INFO] GripperOptimized:fast_loop:484 - 性能統計: 循環=3641000, 平均耗時=7.2ms, 最大耗時=51.7ms, 指令數=515
2025-07-20 12:35:58 [INFO] GripperOptimized:fast_loop:484 - 性能統計: 循環=3642000, 平均耗時=7.4ms, 最大耗時=51.7ms, 指令數=515
2025-07-20 12:36:18 [INFO] GripperOptimized:fast_loop:484 - 性能統計: 循環=3643000, 平均耗時=7.4ms, 最大耗時=51.7ms, 指令數=515
2025-07-20 12:36:39 [INFO] GripperOptimized:fast_loop:484 - 性能統計: 循環=3644000, 平均耗時=7.4ms, 最大耗時=51.7ms, 指令數=515
2025-07-20 12:37:00 [INFO] GripperOptimized:fast_loop:484 - 性能統計: 循環=3645000, 平均耗時=7.2ms, 最大耗時=51.7ms, 指令數=515
2025-07-20 12:37:20 [INFO] GripperOptimized:fast_loop:484 - 性能統計: 循環=3646000, 平均耗時=7.5ms, 最大耗時=51.7ms, 指令數=515
2025-07-20 12:37:41 [INFO] GripperOptimized:fast_loop:484 - 性能統計: 循環=3647000, 平均耗時=7.6ms, 最大耗時=51.7ms, 指令數=515
2025-07-20 12:38:02 [INFO] GripperOptimized:fast_loop:484 - 性能統計: 循環=3648000, 平均耗時=7.4ms, 最大耗時=51.7ms, 指令數=515
2025-07-20 12:38:22 [INFO] GripperOptimized:fast_loop:484 - 性能統計: 循環=3649000, 平均耗時=7.6ms, 最大耗時=51.7ms, 指令數=515
2025-07-20 12:38:43 [INFO] GripperOptimized:fast_loop:484 - 性能統計: 循環=3650000, 平均耗時=7.4ms, 最大耗時=51.7ms, 指令數=515
2025-07-20 12:39:03 [INFO] GripperOptimized:fast_loop:484 - 性能統計: 循環=3651000, 平均耗時=7.7ms, 最大耗時=51.7ms, 指令數=515
2025-07-20 12:39:24 [INFO] GripperOptimized:fast_loop:484 - 性能統計: 循環=3652000, 平均耗時=7.5ms, 最大耗時=51.7ms, 指令數=515
2025-07-20 12:39:45 [INFO] GripperOptimized:fast_loop:484 - 性能統計: 循環=3653000, 平均耗時=7.8ms, 最大耗時=51.7ms, 指令數=515
2025-07-20 12:40:05 [INFO] GripperOptimized:fast_loop:484 - 性能統計: 循環=3654000, 平均耗時=7.5ms, 最大耗時=51.7ms, 指令數=515
2025-07-20 12:40:26 [INFO] GripperOptimized:fast_loop:484 - 性能統計: 循環=3655000, 平均耗時=7.5ms, 最大耗時=51.7ms, 指令數=515
2025-07-20 12:40:47 [INFO] GripperOptimized:fast_loop:484 - 性能統計: 循環=3656000, 平均耗時=7.5ms, 最大耗時=51.7ms, 指令數=515
2025-07-20 12:41:07 [INFO] GripperOptimized:fast_loop:484 - 性能統計: 循環=3657000, 平均耗時=7.5ms, 最大耗時=51.7ms, 指令數=515
2025-07-20 12:41:28 [INFO] GripperOptimized:fast_loop:484 - 性能統計: 循環=3658000, 平均耗時=7.3ms, 最大耗時=51.7ms, 指令數=515
2025-07-20 12:41:48 [INFO] GripperOptimized:fast_loop:484 - 性能統計: 循環=3659000, 平均耗時=7.6ms, 最大耗時=51.7ms, 指令數=515
2025-07-20 12:42:09 [INFO] GripperOptimized:fast_loop:484 - 性能統計: 循環=3660000, 平均耗時=7.5ms, 最大耗時=51.7ms, 指令數=515
2025-07-20 12:42:30 [INFO] GripperOptimized:fast_loop:484 - 性能統計: 循環=3661000, 平均耗時=7.6ms, 最大耗時=51.7ms, 指令數=515
2025-07-20 12:42:50 [INFO] GripperOptimized:fast_loop:484 - 性能統計: 循環=3662000, 平均耗時=7.5ms, 最大耗時=51.7ms, 指令數=515
2025-07-20 12:43:11 [INFO] GripperOptimized:fast_loop:484 - 性能統計: 循環=3663000, 平均耗時=7.4ms, 最大耗時=51.7ms, 指令數=515
2025-07-20 12:43:32 [INFO] GripperOptimized:fast_loop:484 - 性能統計: 循環=3664000, 平均耗時=7.3ms, 最大耗時=51.7ms, 指令數=515
2025-07-20 12:43:52 [INFO] GripperOptimized:fast_loop:484 - 性能統計: 循環=3665000, 平均耗時=7.6ms, 最大耗時=51.7ms, 指令數=515
2025-07-20 12:44:13 [INFO] GripperOptimized:fast_loop:484 - 性能統計: 循環=3666000, 平均耗時=7.6ms, 最大耗時=51.7ms, 指令數=515
2025-07-20 12:44:34 [INFO] GripperOptimized:fast_loop:484 - 性能統計: 循環=3667000, 平均耗時=7.4ms, 最大耗時=51.7ms, 指令數=515
2025-07-20 12:44:54 [INFO] GripperOptimized:fast_loop:484 - 性能統計: 循環=3668000, 平均耗時=7.4ms, 最大耗時=51.7ms, 指令數=515
2025-07-20 12:45:15 [INFO] GripperOptimized:fast_loop:484 - 性能統計: 循環=3669000, 平均耗時=7.6ms, 最大耗時=51.7ms, 指令數=515
2025-07-20 12:45:35 [INFO] GripperOptimized:fast_loop:484 - 性能統計: 循環=3670000, 平均耗時=7.4ms, 最大耗時=51.7ms, 指令數=515
2025-07-20 12:45:56 [INFO] GripperOptimized:fast_loop:484 - 性能統計: 循環=3671000, 平均耗時=7.4ms, 最大耗時=51.7ms, 指令數=515
2025-07-20 12:46:17 [INFO] GripperOptimized:fast_loop:484 - 性能統計: 循環=3672000, 平均耗時=7.5ms, 最大耗時=51.7ms, 指令數=515
2025-07-20 12:46:37 [INFO] GripperOptimized:fast_loop:484 - 性能統計: 循環=3673000, 平均耗時=7.6ms, 最大耗時=51.7ms, 指令數=515
2025-07-20 12:46:58 [INFO] GripperOptimized:fast_loop:484 - 性能統計: 循環=3674000, 平均耗時=7.6ms, 最大耗時=51.7ms, 指令數=515
2025-07-20 12:47:19 [INFO] GripperOptimized:fast_loop:484 - 性能統計: 循環=3675000, 平均耗時=7.6ms, 最大耗時=51.7ms, 指令數=515
2025-07-20 12:47:39 [INFO] GripperOptimized:fast_loop:484 - 性能統計: 循環=3676000, 平均耗時=7.4ms, 最大耗時=51.7ms, 指令數=515
2025-07-20 12:48:00 [INFO] GripperOptimized:fast_loop:484 - 性能統計: 循環=3677000, 平均耗時=7.4ms, 最大耗時=51.7ms, 指令數=515
2025-07-20 12:48:20 [INFO] GripperOptimized:fast_loop:484 - 性能統計: 循環=3678000, 平均耗時=7.5ms, 最大耗時=51.7ms, 指令數=515
2025-07-20 12:48:41 [INFO] GripperOptimized:fast_loop:484 - 性能統計: 循環=3679000, 平均耗時=7.5ms, 最大耗時=51.7ms, 指令數=515
2025-07-20 12:49:02 [INFO] GripperOptimized:fast_loop:484 - 性能統計: 循環=3680000, 平均耗時=7.5ms, 最大耗時=51.7ms, 指令數=515
2025-07-20 12:49:22 [INFO] GripperOptimized:fast_loop:484 - 性能統計: 循環=3681000, 平均耗時=7.4ms, 最大耗時=51.7ms, 指令數=515
2025-07-20 12:49:43 [INFO] GripperOptimized:fast_loop:484 - 性能統計: 循環=3682000, 平均耗時=7.3ms, 最大耗時=51.7ms, 指令數=515
2025-07-20 12:50:04 [INFO] GripperOptimized:fast_loop:484 - 性能統計: 循環=3683000, 平均耗時=7.3ms, 最大耗時=51.7ms, 指令數=515
2025-07-20 12:50:24 [INFO] GripperOptimized:fast_loop:484 - 性能統計: 循環=3684000, 平均耗時=7.5ms, 最大耗時=51.7ms, 指令數=515
2025-07-20 12:50:45 [INFO] GripperOptimized:fast_loop:484 - 性能統計: 循環=3685000, 平均耗時=7.6ms, 最大耗時=51.7ms, 指令數=515
2025-07-20 12:51:06 [INFO] GripperOptimized:fast_loop:484 - 性能統計: 循環=3686000, 平均耗時=7.5ms, 最大耗時=51.7ms, 指令數=515
2025-07-20 12:51:26 [INFO] GripperOptimized:fast_loop:484 - 性能統計: 循環=3687000, 平均耗時=7.4ms, 最大耗時=51.7ms, 指令數=515
2025-07-20 12:51:47 [INFO] GripperOptimized:fast_loop:484 - 性能統計: 循環=3688000, 平均耗時=7.6ms, 最大耗時=51.7ms, 指令數=515
2025-07-20 12:52:07 [INFO] GripperOptimized:fast_loop:484 - 性能統計: 循環=3689000, 平均耗時=7.5ms, 最大耗時=51.7ms, 指令數=515
2025-07-20 12:52:28 [INFO] GripperOptimized:fast_loop:484 - 性能統計: 循環=3690000, 平均耗時=7.5ms, 最大耗時=51.7ms, 指令數=515
2025-07-20 12:52:49 [INFO] GripperOptimized:fast_loop:484 - 性能統計: 循環=3691000, 平均耗時=7.6ms, 最大耗時=51.7ms, 指令數=515
2025-07-20 12:53:09 [INFO] GripperOptimized:fast_loop:484 - 性能統計: 循環=3692000, 平均耗時=7.6ms, 最大耗時=51.7ms, 指令數=515
2025-07-20 12:53:30 [INFO] GripperOptimized:fast_loop:484 - 性能統計: 循環=3693000, 平均耗時=7.4ms, 最大耗時=51.7ms, 指令數=515
2025-07-20 12:53:51 [INFO] GripperOptimized:fast_loop:484 - 性能統計: 循環=3694000, 平均耗時=7.6ms, 最大耗時=51.7ms, 指令數=515
2025-07-20 12:54:11 [INFO] GripperOptimized:fast_loop:484 - 性能統計: 循環=3695000, 平均耗時=7.5ms, 最大耗時=51.7ms, 指令數=515
2025-07-20 12:54:32 [INFO] GripperOptimized:fast_loop:484 - 性能統計: 循環=3696000, 平均耗時=7.5ms, 最大耗時=51.7ms, 指令數=515
2025-07-20 12:54:53 [INFO] GripperOptimized:fast_loop:484 - 性能統計: 循環=3697000, 平均耗時=7.5ms, 最大耗時=51.7ms, 指令數=515
2025-07-20 12:55:13 [INFO] GripperOptimized:fast_loop:484 - 性能統計: 循環=3698000, 平均耗時=7.4ms, 最大耗時=51.7ms, 指令數=515
2025-07-20 12:55:34 [INFO] GripperOptimized:fast_loop:484 - 性能統計: 循環=3699000, 平均耗時=7.6ms, 最大耗時=51.7ms, 指令數=515
2025-07-20 12:55:54 [INFO] GripperOptimized:fast_loop:484 - 性能統計: 循環=3700000, 平均耗時=7.6ms, 最大耗時=51.7ms, 指令數=515
2025-07-20 12:56:15 [INFO] GripperOptimized:fast_loop:484 - 性能統計: 循環=3701000, 平均耗時=7.5ms, 最大耗時=51.7ms, 指令數=515
2025-07-20 12:56:36 [INFO] GripperOptimized:fast_loop:484 - 性能統計: 循環=3702000, 平均耗時=7.6ms, 最大耗時=51.7ms, 指令數=515
2025-07-20 12:56:56 [INFO] GripperOptimized:fast_loop:484 - 性能統計: 循環=3703000, 平均耗時=7.7ms, 最大耗時=51.7ms, 指令數=515
2025-07-20 12:57:17 [INFO] GripperOptimized:fast_loop:484 - 性能統計: 循環=3704000, 平均耗時=7.5ms, 最大耗時=51.7ms, 指令數=515
2025-07-20 12:57:38 [INFO] GripperOptimized:fast_loop:484 - 性能統計: 循環=3705000, 平均耗時=7.7ms, 最大耗時=51.7ms, 指令數=515
2025-07-20 12:57:58 [INFO] GripperOptimized:fast_loop:484 - 性能統計: 循環=3706000, 平均耗時=7.4ms, 最大耗時=51.7ms, 指令數=515
2025-07-20 12:58:19 [INFO] GripperOptimized:fast_loop:484 - 性能統計: 循環=3707000, 平均耗時=7.7ms, 最大耗時=51.7ms, 指令數=515
2025-07-20 12:58:40 [INFO] GripperOptimized:fast_loop:484 - 性能統計: 循環=3708000, 平均耗時=7.6ms, 最大耗時=51.7ms, 指令數=515
2025-07-20 12:59:00 [INFO] GripperOptimized:fast_loop:484 - 性能統計: 循環=3709000, 平均耗時=7.4ms, 最大耗時=51.7ms, 指令數=515
2025-07-20 12:59:21 [INFO] GripperOptimized:fast_loop:484 - 性能統計: 循環=3710000, 平均耗時=7.7ms, 最大耗時=51.7ms, 指令數=515
2025-07-20 12:59:41 [INFO] GripperOptimized:fast_loop:484 - 性能統計: 循環=3711000, 平均耗時=7.6ms, 最大耗時=51.7ms, 指令數=515
2025-07-20 13:00:02 [INFO] GripperOptimized:fast_loop:484 - 性能統計: 循環=3712000, 平均耗時=7.5ms, 最大耗時=51.7ms, 指令數=515
2025-07-20 13:00:23 [INFO] GripperOptimized:fast_loop:484 - 性能統計: 循環=3713000, 平均耗時=7.5ms, 最大耗時=51.7ms, 指令數=515
2025-07-20 13:00:43 [INFO] GripperOptimized:fast_loop:484 - 性能統計: 循環=3714000, 平均耗時=7.7ms, 最大耗時=51.7ms, 指令數=515
2025-07-20 13:01:04 [INFO] GripperOptimized:fast_loop:484 - 性能統計: 循環=3715000, 平均耗時=7.4ms, 最大耗時=51.7ms, 指令數=515
2025-07-20 13:01:25 [INFO] GripperOptimized:fast_loop:484 - 性能統計: 循環=3716000, 平均耗時=7.3ms, 最大耗時=51.7ms, 指令數=515
2025-07-20 13:01:45 [INFO] GripperOptimized:fast_loop:484 - 性能統計: 循環=3717000, 平均耗時=7.4ms, 最大耗時=51.7ms, 指令數=515
2025-07-20 13:02:06 [INFO] GripperOptimized:fast_loop:484 - 性能統計: 循環=3718000, 平均耗時=7.3ms, 最大耗時=51.7ms, 指令數=515
2025-07-20 13:02:26 [INFO] GripperOptimized:fast_loop:484 - 性能統計: 循環=3719000, 平均耗時=7.4ms, 最大耗時=51.7ms, 指令數=515
2025-07-20 13:02:47 [INFO] GripperOptimized:fast_loop:484 - 性能統計: 循環=3720000, 平均耗時=7.4ms, 最大耗時=51.7ms, 指令數=515
2025-07-20 13:03:08 [INFO] GripperOptimized:fast_loop:484 - 性能統計: 循環=3721000, 平均耗時=7.4ms, 最大耗時=51.7ms, 指令數=515
2025-07-20 13:03:28 [INFO] GripperOptimized:fast_loop:484 - 性能統計: 循環=3722000, 平均耗時=7.4ms, 最大耗時=51.7ms, 指令數=515
2025-07-20 13:03:49 [INFO] GripperOptimized:fast_loop:484 - 性能統計: 循環=3723000, 平均耗時=7.4ms, 最大耗時=51.7ms, 指令數=515
2025-07-20 13:04:10 [INFO] GripperOptimized:fast_loop:484 - 性能統計: 循環=3724000, 平均耗時=7.6ms, 最大耗時=51.7ms, 指令數=515
2025-07-20 13:04:30 [INFO] GripperOptimized:fast_loop:484 - 性能統計: 循環=3725000, 平均耗時=7.5ms, 最大耗時=51.7ms, 指令數=515
2025-07-20 13:04:51 [INFO] GripperOptimized:fast_loop:484 - 性能統計: 循環=3726000, 平均耗時=7.5ms, 最大耗時=51.7ms, 指令數=515
2025-07-20 13:05:11 [INFO] GripperOptimized:fast_loop:484 - 性能統計: 循環=3727000, 平均耗時=7.5ms, 最大耗時=51.7ms, 指令數=515
2025-07-20 13:05:32 [INFO] GripperOptimized:fast_loop:484 - 性能統計: 循環=3728000, 平均耗時=7.6ms, 最大耗時=51.7ms, 指令數=515
2025-07-20 13:05:53 [INFO] GripperOptimized:fast_loop:484 - 性能統計: 循環=3729000, 平均耗時=7.2ms, 最大耗時=51.7ms, 指令數=515
2025-07-20 13:06:13 [INFO] GripperOptimized:fast_loop:484 - 性能統計: 循環=3730000, 平均耗時=7.8ms, 最大耗時=51.7ms, 指令數=515
2025-07-20 13:06:34 [INFO] GripperOptimized:fast_loop:484 - 性能統計: 循環=3731000, 平均耗時=7.5ms, 最大耗時=51.7ms, 指令數=515
2025-07-20 13:06:55 [INFO] GripperOptimized:fast_loop:484 - 性能統計: 循環=3732000, 平均耗時=7.5ms, 最大耗時=51.7ms, 指令數=515
2025-07-20 13:07:15 [INFO] GripperOptimized:fast_loop:484 - 性能統計: 循環=3733000, 平均耗時=7.5ms, 最大耗時=51.7ms, 指令數=515
2025-07-20 13:07:36 [INFO] GripperOptimized:fast_loop:484 - 性能統計: 循環=3734000, 平均耗時=7.2ms, 最大耗時=51.7ms, 指令數=515
2025-07-20 13:07:57 [INFO] GripperOptimized:fast_loop:484 - 性能統計: 循環=3735000, 平均耗時=7.6ms, 最大耗時=51.7ms, 指令數=515
2025-07-20 13:08:17 [INFO] GripperOptimized:fast_loop:484 - 性能統計: 循環=3736000, 平均耗時=7.3ms, 最大耗時=51.7ms, 指令數=515
2025-07-20 13:08:38 [INFO] GripperOptimized:fast_loop:484 - 性能統計: 循環=3737000, 平均耗時=7.5ms, 最大耗時=51.7ms, 指令數=515
2025-07-20 13:08:58 [INFO] GripperOptimized:fast_loop:484 - 性能統計: 循環=3738000, 平均耗時=7.5ms, 最大耗時=51.7ms, 指令數=515
2025-07-20 13:09:19 [INFO] GripperOptimized:fast_loop:484 - 性能統計: 循環=3739000, 平均耗時=7.2ms, 最大耗時=51.7ms, 指令數=515
2025-07-20 13:09:40 [INFO] GripperOptimized:fast_loop:484 - 性能統計: 循環=3740000, 平均耗時=7.4ms, 最大耗時=51.7ms, 指令數=515
2025-07-20 13:10:00 [INFO] GripperOptimized:fast_loop:484 - 性能統計: 循環=3741000, 平均耗時=7.6ms, 最大耗時=51.7ms, 指令數=515
2025-07-20 13:10:21 [INFO] GripperOptimized:fast_loop:484 - 性能統計: 循環=3742000, 平均耗時=7.4ms, 最大耗時=51.7ms, 指令數=515
2025-07-20 13:10:42 [INFO] GripperOptimized:fast_loop:484 - 性能統計: 循環=3743000, 平均耗時=7.6ms, 最大耗時=51.7ms, 指令數=515
2025-07-20 13:11:02 [INFO] GripperOptimized:fast_loop:484 - 性能統計: 循環=3744000, 平均耗時=7.6ms, 最大耗時=51.7ms, 指令數=515
2025-07-20 13:11:23 [INFO] GripperOptimized:fast_loop:484 - 性能統計: 循環=3745000, 平均耗時=7.4ms, 最大耗時=51.7ms, 指令數=515
2025-07-20 13:11:43 [INFO] GripperOptimized:fast_loop:484 - 性能統計: 循環=3746000, 平均耗時=7.4ms, 最大耗時=51.7ms, 指令數=515
2025-07-20 13:12:04 [INFO] GripperOptimized:fast_loop:484 - 性能統計: 循環=3747000, 平均耗時=7.4ms, 最大耗時=51.7ms, 指令數=515
2025-07-20 13:12:25 [INFO] GripperOptimized:fast_loop:484 - 性能統計: 循環=3748000, 平均耗時=7.4ms, 最大耗時=51.7ms, 指令數=515
2025-07-20 13:12:45 [INFO] GripperOptimized:fast_loop:484 - 性能統計: 循環=3749000, 平均耗時=7.4ms, 最大耗時=51.7ms, 指令數=515
2025-07-20 13:13:06 [INFO] GripperOptimized:fast_loop:484 - 性能統計: 循環=3750000, 平均耗時=7.4ms, 最大耗時=51.7ms, 指令數=515
2025-07-20 13:13:27 [INFO] GripperOptimized:fast_loop:484 - 性能統計: 循環=3751000, 平均耗時=7.4ms, 最大耗時=51.7ms, 指令數=515
2025-07-20 13:13:47 [INFO] GripperOptimized:fast_loop:484 - 性能統計: 循環=3752000, 平均耗時=7.6ms, 最大耗時=51.7ms, 指令數=515
2025-07-20 13:14:08 [INFO] GripperOptimized:fast_loop:484 - 性能統計: 循環=3753000, 平均耗時=7.5ms, 最大耗時=51.7ms, 指令數=515
2025-07-20 13:14:28 [INFO] GripperOptimized:fast_loop:484 - 性能統計: 循環=3754000, 平均耗時=7.4ms, 最大耗時=51.7ms, 指令數=515
2025-07-20 13:14:49 [INFO] GripperOptimized:fast_loop:484 - 性能統計: 循環=3755000, 平均耗時=7.3ms, 最大耗時=51.7ms, 指令數=515
2025-07-20 13:15:10 [INFO] GripperOptimized:fast_loop:484 - 性能統計: 循環=3756000, 平均耗時=7.5ms, 最大耗時=51.7ms, 指令數=515
2025-07-20 13:15:30 [INFO] GripperOptimized:fast_loop:484 - 性能統計: 循環=3757000, 平均耗時=7.4ms, 最大耗時=51.7ms, 指令數=515
2025-07-20 13:15:51 [INFO] GripperOptimized:fast_loop:484 - 性能統計: 循環=3758000, 平均耗時=7.4ms, 最大耗時=51.7ms, 指令數=515
2025-07-20 13:16:12 [INFO] GripperOptimized:fast_loop:484 - 性能統計: 循環=3759000, 平均耗時=7.6ms, 最大耗時=51.7ms, 指令數=515
2025-07-20 13:16:32 [INFO] GripperOptimized:fast_loop:484 - 性能統計: 循環=3760000, 平均耗時=7.7ms, 最大耗時=51.7ms, 指令數=515
2025-07-20 13:16:53 [INFO] GripperOptimized:fast_loop:484 - 性能統計: 循環=3761000, 平均耗時=7.3ms, 最大耗時=51.7ms, 指令數=515
2025-07-20 13:17:14 [INFO] GripperOptimized:fast_loop:484 - 性能統計: 循環=3762000, 平均耗時=7.7ms, 最大耗時=51.7ms, 指令數=515
2025-07-20 13:17:34 [INFO] GripperOptimized:fast_loop:484 - 性能統計: 循環=3763000, 平均耗時=7.5ms, 最大耗時=51.7ms, 指令數=515
2025-07-20 13:17:55 [INFO] GripperOptimized:fast_loop:484 - 性能統計: 循環=3764000, 平均耗時=7.4ms, 最大耗時=51.7ms, 指令數=515
2025-07-20 13:18:15 [INFO] GripperOptimized:fast_loop:484 - 性能統計: 循環=3765000, 平均耗時=7.4ms, 最大耗時=51.7ms, 指令數=515
2025-07-20 13:18:36 [INFO] GripperOptimized:fast_loop:484 - 性能統計: 循環=3766000, 平均耗時=7.5ms, 最大耗時=51.7ms, 指令數=515
2025-07-20 13:18:57 [INFO] GripperOptimized:fast_loop:484 - 性能統計: 循環=3767000, 平均耗時=7.2ms, 最大耗時=51.7ms, 指令數=515
2025-07-20 13:19:17 [INFO] GripperOptimized:fast_loop:484 - 性能統計: 循環=3768000, 平均耗時=7.3ms, 最大耗時=51.7ms, 指令數=515
2025-07-20 13:19:38 [INFO] GripperOptimized:fast_loop:484 - 性能統計: 循環=3769000, 平均耗時=7.5ms, 最大耗時=51.7ms, 指令數=515
2025-07-20 13:19:59 [INFO] GripperOptimized:fast_loop:484 - 性能統計: 循環=3770000, 平均耗時=7.5ms, 最大耗時=51.7ms, 指令數=515
2025-07-20 13:20:19 [INFO] GripperOptimized:fast_loop:484 - 性能統計: 循環=3771000, 平均耗時=7.7ms, 最大耗時=51.7ms, 指令數=515
2025-07-20 13:20:40 [INFO] GripperOptimized:fast_loop:484 - 性能統計: 循環=3772000, 平均耗時=7.6ms, 最大耗時=51.7ms, 指令數=515
2025-07-20 13:21:00 [INFO] GripperOptimized:fast_loop:484 - 性能統計: 循環=3773000, 平均耗時=7.6ms, 最大耗時=51.7ms, 指令數=515
2025-07-20 13:21:21 [INFO] GripperOptimized:fast_loop:484 - 性能統計: 循環=3774000, 平均耗時=7.7ms, 最大耗時=51.7ms, 指令數=515
2025-07-20 13:21:42 [INFO] GripperOptimized:fast_loop:484 - 性能統計: 循環=3775000, 平均耗時=7.4ms, 最大耗時=51.7ms, 指令數=515
2025-07-20 13:22:02 [INFO] GripperOptimized:fast_loop:484 - 性能統計: 循環=3776000, 平均耗時=7.5ms, 最大耗時=51.7ms, 指令數=515
2025-07-20 13:22:23 [INFO] GripperOptimized:fast_loop:484 - 性能統計: 循環=3777000, 平均耗時=7.7ms, 最大耗時=51.7ms, 指令數=515
2025-07-20 13:22:44 [INFO] GripperOptimized:fast_loop:484 - 性能統計: 循環=3778000, 平均耗時=7.5ms, 最大耗時=51.7ms, 指令數=515
2025-07-20 13:23:04 [INFO] GripperOptimized:fast_loop:484 - 性能統計: 循環=3779000, 平均耗時=7.6ms, 最大耗時=51.7ms, 指令數=515
2025-07-20 13:23:25 [INFO] GripperOptimized:fast_loop:484 - 性能統計: 循環=3780000, 平均耗時=7.4ms, 最大耗時=51.7ms, 指令數=515
2025-07-20 13:23:45 [INFO] GripperOptimized:fast_loop:484 - 性能統計: 循環=3781000, 平均耗時=7.5ms, 最大耗時=51.7ms, 指令數=515
2025-07-20 13:24:06 [INFO] GripperOptimized:fast_loop:484 - 性能統計: 循環=3782000, 平均耗時=7.2ms, 最大耗時=51.7ms, 指令數=515
2025-07-20 13:24:27 [INFO] GripperOptimized:fast_loop:484 - 性能統計: 循環=3783000, 平均耗時=7.7ms, 最大耗時=51.7ms, 指令數=515
2025-07-20 13:24:47 [INFO] GripperOptimized:fast_loop:484 - 性能統計: 循環=3784000, 平均耗時=7.4ms, 最大耗時=51.7ms, 指令數=515
2025-07-20 13:25:08 [INFO] GripperOptimized:fast_loop:484 - 性能統計: 循環=3785000, 平均耗時=7.3ms, 最大耗時=51.7ms, 指令數=515
2025-07-20 13:25:29 [INFO] GripperOptimized:fast_loop:484 - 性能統計: 循環=3786000, 平均耗時=7.5ms, 最大耗時=51.7ms, 指令數=515
2025-07-20 13:25:49 [INFO] GripperOptimized:fast_loop:484 - 性能統計: 循環=3787000, 平均耗時=7.5ms, 最大耗時=51.7ms, 指令數=515
2025-07-20 13:26:10 [INFO] GripperOptimized:fast_loop:484 - 性能統計: 循環=3788000, 平均耗時=7.5ms, 最大耗時=51.7ms, 指令數=515
2025-07-20 13:26:30 [INFO] GripperOptimized:fast_loop:484 - 性能統計: 循環=3789000, 平均耗時=7.2ms, 最大耗時=51.7ms, 指令數=515
2025-07-20 13:26:51 [INFO] GripperOptimized:fast_loop:484 - 性能統計: 循環=3790000, 平均耗時=7.5ms, 最大耗時=51.7ms, 指令數=515
2025-07-20 13:27:12 [INFO] GripperOptimized:fast_loop:484 - 性能統計: 循環=3791000, 平均耗時=7.4ms, 最大耗時=51.7ms, 指令數=515
2025-07-20 13:27:32 [INFO] GripperOptimized:fast_loop:484 - 性能統計: 循環=3792000, 平均耗時=7.3ms, 最大耗時=51.7ms, 指令數=515
2025-07-20 13:27:53 [INFO] GripperOptimized:fast_loop:484 - 性能統計: 循環=3793000, 平均耗時=7.5ms, 最大耗時=51.7ms, 指令數=515
2025-07-20 13:28:14 [INFO] GripperOptimized:fast_loop:484 - 性能統計: 循環=3794000, 平均耗時=7.7ms, 最大耗時=51.7ms, 指令數=515
2025-07-20 13:28:34 [INFO] GripperOptimized:fast_loop:484 - 性能統計: 循環=3795000, 平均耗時=7.4ms, 最大耗時=51.7ms, 指令數=515
2025-07-20 13:28:55 [INFO] GripperOptimized:fast_loop:484 - 性能統計: 循環=3796000, 平均耗時=7.4ms, 最大耗時=51.7ms, 指令數=515
2025-07-20 13:29:16 [INFO] GripperOptimized:fast_loop:484 - 性能統計: 循環=3797000, 平均耗時=7.5ms, 最大耗時=51.7ms, 指令數=515
2025-07-20 13:29:36 [INFO] GripperOptimized:fast_loop:484 - 性能統計: 循環=3798000, 平均耗時=7.5ms, 最大耗時=51.7ms, 指令數=515
2025-07-20 13:29:57 [INFO] GripperOptimized:fast_loop:484 - 性能統計: 循環=3799000, 平均耗時=7.5ms, 最大耗時=51.7ms, 指令數=515
2025-07-20 13:30:17 [INFO] GripperOptimized:fast_loop:484 - 性能統計: 循環=3800000, 平均耗時=7.3ms, 最大耗時=51.7ms, 指令數=515
2025-07-20 13:30:38 [INFO] GripperOptimized:fast_loop:484 - 性能統計: 循環=3801000, 平均耗時=7.6ms, 最大耗時=51.7ms, 指令數=515
2025-07-20 13:30:59 [INFO] GripperOptimized:fast_loop:484 - 性能統計: 循環=3802000, 平均耗時=7.6ms, 最大耗時=51.7ms, 指令數=515
2025-07-20 13:31:19 [INFO] GripperOptimized:fast_loop:484 - 性能統計: 循環=3803000, 平均耗時=7.7ms, 最大耗時=51.7ms, 指令數=515
2025-07-20 13:31:40 [INFO] GripperOptimized:fast_loop:484 - 性能統計: 循環=3804000, 平均耗時=7.5ms, 最大耗時=51.7ms, 指令數=515
2025-07-20 13:32:01 [INFO] GripperOptimized:fast_loop:484 - 性能統計: 循環=3805000, 平均耗時=7.2ms, 最大耗時=51.7ms, 指令數=515
2025-07-20 13:32:21 [INFO] GripperOptimized:fast_loop:484 - 性能統計: 循環=3806000, 平均耗時=7.4ms, 最大耗時=51.7ms, 指令數=515
2025-07-20 13:32:42 [INFO] GripperOptimized:fast_loop:484 - 性能統計: 循環=3807000, 平均耗時=7.4ms, 最大耗時=51.7ms, 指令數=515
2025-07-20 13:33:03 [INFO] GripperOptimized:fast_loop:484 - 性能統計: 循環=3808000, 平均耗時=7.3ms, 最大耗時=51.7ms, 指令數=515
2025-07-20 13:33:23 [INFO] GripperOptimized:fast_loop:484 - 性能統計: 循環=3809000, 平均耗時=7.6ms, 最大耗時=51.7ms, 指令數=515
2025-07-20 13:33:44 [INFO] GripperOptimized:fast_loop:484 - 性能統計: 循環=3810000, 平均耗時=7.5ms, 最大耗時=51.7ms, 指令數=515
2025-07-20 13:34:04 [INFO] GripperOptimized:fast_loop:484 - 性能統計: 循環=3811000, 平均耗時=7.6ms, 最大耗時=51.7ms, 指令數=515
2025-07-20 13:34:25 [INFO] GripperOptimized:fast_loop:484 - 性能統計: 循環=3812000, 平均耗時=7.6ms, 最大耗時=51.7ms, 指令數=515
2025-07-20 13:34:46 [INFO] GripperOptimized:fast_loop:484 - 性能統計: 循環=3813000, 平均耗時=7.6ms, 最大耗時=51.7ms, 指令數=515
2025-07-20 13:35:06 [INFO] GripperOptimized:fast_loop:484 - 性能統計: 循環=3814000, 平均耗時=7.5ms, 最大耗時=51.7ms, 指令數=515
2025-07-20 13:35:27 [INFO] GripperOptimized:fast_loop:484 - 性能統計: 循環=3815000, 平均耗時=7.5ms, 最大耗時=51.7ms, 指令數=515
2025-07-20 13:35:48 [INFO] GripperOptimized:fast_loop:484 - 性能統計: 循環=3816000, 平均耗時=7.4ms, 最大耗時=51.7ms, 指令數=515
2025-07-20 13:36:08 [INFO] GripperOptimized:fast_loop:484 - 性能統計: 循環=3817000, 平均耗時=7.3ms, 最大耗時=51.7ms, 指令數=515
2025-07-20 13:36:29 [INFO] GripperOptimized:fast_loop:484 - 性能統計: 循環=3818000, 平均耗時=7.5ms, 最大耗時=51.7ms, 指令數=515
2025-07-20 13:36:49 [INFO] GripperOptimized:fast_loop:484 - 性能統計: 循環=3819000, 平均耗時=7.1ms, 最大耗時=51.7ms, 指令數=515
2025-07-20 13:37:10 [INFO] GripperOptimized:fast_loop:484 - 性能統計: 循環=3820000, 平均耗時=7.4ms, 最大耗時=51.7ms, 指令數=515
2025-07-20 13:37:31 [INFO] GripperOptimized:fast_loop:484 - 性能統計: 循環=3821000, 平均耗時=7.6ms, 最大耗時=51.7ms, 指令數=515
2025-07-20 13:37:51 [INFO] GripperOptimized:fast_loop:484 - 性能統計: 循環=3822000, 平均耗時=7.6ms, 最大耗時=51.7ms, 指令數=515
2025-07-20 13:38:12 [INFO] GripperOptimized:fast_loop:484 - 性能統計: 循環=3823000, 平均耗時=7.3ms, 最大耗時=51.7ms, 指令數=515
2025-07-20 13:38:33 [INFO] GripperOptimized:fast_loop:484 - 性能統計: 循環=3824000, 平均耗時=7.6ms, 最大耗時=51.7ms, 指令數=515
2025-07-20 13:38:53 [INFO] GripperOptimized:fast_loop:484 - 性能統計: 循環=3825000, 平均耗時=7.6ms, 最大耗時=51.7ms, 指令數=515
2025-07-20 13:39:14 [INFO] GripperOptimized:fast_loop:484 - 性能統計: 循環=3826000, 平均耗時=7.6ms, 最大耗時=51.7ms, 指令數=515
2025-07-20 13:39:35 [INFO] GripperOptimized:fast_loop:484 - 性能統計: 循環=3827000, 平均耗時=7.4ms, 最大耗時=51.7ms, 指令數=515
2025-07-20 13:39:55 [INFO] GripperOptimized:fast_loop:484 - 性能統計: 循環=3828000, 平均耗時=7.7ms, 最大耗時=51.7ms, 指令數=515
2025-07-20 13:40:16 [INFO] GripperOptimized:fast_loop:484 - 性能統計: 循環=3829000, 平均耗時=7.8ms, 最大耗時=51.7ms, 指令數=515
2025-07-20 13:40:36 [INFO] GripperOptimized:fast_loop:484 - 性能統計: 循環=3830000, 平均耗時=7.3ms, 最大耗時=51.7ms, 指令數=515
2025-07-20 13:40:57 [INFO] GripperOptimized:fast_loop:484 - 性能統計: 循環=3831000, 平均耗時=7.3ms, 最大耗時=51.7ms, 指令數=515
2025-07-20 13:41:18 [INFO] GripperOptimized:fast_loop:484 - 性能統計: 循環=3832000, 平均耗時=7.3ms, 最大耗時=51.7ms, 指令數=515
2025-07-20 13:41:38 [INFO] GripperOptimized:fast_loop:484 - 性能統計: 循環=3833000, 平均耗時=7.4ms, 最大耗時=51.7ms, 指令數=515
2025-07-20 13:41:59 [INFO] GripperOptimized:fast_loop:484 - 性能統計: 循環=3834000, 平均耗時=7.4ms, 最大耗時=51.7ms, 指令數=515
2025-07-20 13:42:20 [INFO] GripperOptimized:fast_loop:484 - 性能統計: 循環=3835000, 平均耗時=7.6ms, 最大耗時=51.7ms, 指令數=515
2025-07-20 13:42:40 [INFO] GripperOptimized:fast_loop:484 - 性能統計: 循環=3836000, 平均耗時=7.5ms, 最大耗時=51.7ms, 指令數=515
2025-07-20 13:43:01 [INFO] GripperOptimized:fast_loop:484 - 性能統計: 循環=3837000, 平均耗時=7.5ms, 最大耗時=51.7ms, 指令數=515
2025-07-20 13:43:21 [INFO] GripperOptimized:fast_loop:484 - 性能統計: 循環=3838000, 平均耗時=7.5ms, 最大耗時=51.7ms, 指令數=515
2025-07-20 13:43:42 [INFO] GripperOptimized:fast_loop:484 - 性能統計: 循環=3839000, 平均耗時=7.5ms, 最大耗時=51.7ms, 指令數=515
2025-07-20 13:44:03 [INFO] GripperOptimized:fast_loop:484 - 性能統計: 循環=3840000, 平均耗時=7.6ms, 最大耗時=51.7ms, 指令數=515
2025-07-20 13:44:23 [INFO] GripperOptimized:fast_loop:484 - 性能統計: 循環=3841000, 平均耗時=7.6ms, 最大耗時=51.7ms, 指令數=515
2025-07-20 13:44:44 [INFO] GripperOptimized:fast_loop:484 - 性能統計: 循環=3842000, 平均耗時=7.6ms, 最大耗時=51.7ms, 指令數=515
2025-07-20 13:45:05 [INFO] GripperOptimized:fast_loop:484 - 性能統計: 循環=3843000, 平均耗時=7.6ms, 最大耗時=51.7ms, 指令數=515
2025-07-20 13:45:25 [INFO] GripperOptimized:fast_loop:484 - 性能統計: 循環=3844000, 平均耗時=7.7ms, 最大耗時=51.7ms, 指令數=515
2025-07-20 13:45:46 [INFO] GripperOptimized:fast_loop:484 - 性能統計: 循環=3845000, 平均耗時=7.3ms, 最大耗時=51.7ms, 指令數=515
2025-07-20 13:46:07 [INFO] GripperOptimized:fast_loop:484 - 性能統計: 循環=3846000, 平均耗時=7.6ms, 最大耗時=51.7ms, 指令數=515
2025-07-20 13:46:27 [INFO] GripperOptimized:fast_loop:484 - 性能統計: 循環=3847000, 平均耗時=7.4ms, 最大耗時=51.7ms, 指令數=515
2025-07-20 13:46:48 [INFO] GripperOptimized:fast_loop:484 - 性能統計: 循環=3848000, 平均耗時=7.4ms, 最大耗時=51.7ms, 指令數=515
2025-07-20 13:47:09 [INFO] GripperOptimized:fast_loop:484 - 性能統計: 循環=3849000, 平均耗時=7.5ms, 最大耗時=51.7ms, 指令數=515
2025-07-20 13:47:29 [INFO] GripperOptimized:fast_loop:484 - 性能統計: 循環=3850000, 平均耗時=7.5ms, 最大耗時=51.7ms, 指令數=515
2025-07-20 13:47:50 [INFO] GripperOptimized:fast_loop:484 - 性能統計: 循環=3851000, 平均耗時=7.5ms, 最大耗時=51.7ms, 指令數=515
2025-07-20 13:48:10 [INFO] GripperOptimized:fast_loop:484 - 性能統計: 循環=3852000, 平均耗時=7.6ms, 最大耗時=51.7ms, 指令數=515
2025-07-20 13:48:31 [INFO] GripperOptimized:fast_loop:484 - 性能統計: 循環=3853000, 平均耗時=7.5ms, 最大耗時=51.7ms, 指令數=515
2025-07-20 13:48:52 [INFO] GripperOptimized:fast_loop:484 - 性能統計: 循環=3854000, 平均耗時=7.5ms, 最大耗時=51.7ms, 指令數=515
2025-07-20 13:49:12 [INFO] GripperOptimized:fast_loop:484 - 性能統計: 循環=3855000, 平均耗時=7.6ms, 最大耗時=51.7ms, 指令數=515
2025-07-20 13:49:33 [INFO] GripperOptimized:fast_loop:484 - 性能統計: 循環=3856000, 平均耗時=7.4ms, 最大耗時=51.7ms, 指令數=515
2025-07-20 13:49:54 [INFO] GripperOptimized:fast_loop:484 - 性能統計: 循環=3857000, 平均耗時=7.6ms, 最大耗時=51.7ms, 指令數=515
2025-07-20 13:50:14 [INFO] GripperOptimized:fast_loop:484 - 性能統計: 循環=3858000, 平均耗時=7.4ms, 最大耗時=51.7ms, 指令數=515
2025-07-20 13:50:35 [INFO] GripperOptimized:fast_loop:484 - 性能統計: 循環=3859000, 平均耗時=7.5ms, 最大耗時=51.7ms, 指令數=515
2025-07-20 13:50:56 [INFO] GripperOptimized:fast_loop:484 - 性能統計: 循環=3860000, 平均耗時=7.5ms, 最大耗時=51.7ms, 指令數=515
2025-07-20 13:51:16 [INFO] GripperOptimized:fast_loop:484 - 性能統計: 循環=3861000, 平均耗時=7.5ms, 最大耗時=51.7ms, 指令數=515
2025-07-20 13:51:37 [INFO] GripperOptimized:fast_loop:484 - 性能統計: 循環=3862000, 平均耗時=7.5ms, 最大耗時=51.7ms, 指令數=515
2025-07-20 13:51:57 [INFO] GripperOptimized:fast_loop:484 - 性能統計: 循環=3863000, 平均耗時=7.4ms, 最大耗時=51.7ms, 指令數=515
2025-07-20 13:52:18 [INFO] GripperOptimized:fast_loop:484 - 性能統計: 循環=3864000, 平均耗時=7.5ms, 最大耗時=51.7ms, 指令數=515
2025-07-20 13:52:39 [INFO] GripperOptimized:fast_loop:484 - 性能統計: 循環=3865000, 平均耗時=7.4ms, 最大耗時=51.7ms, 指令數=515
2025-07-20 13:52:59 [INFO] GripperOptimized:fast_loop:484 - 性能統計: 循環=3866000, 平均耗時=7.6ms, 最大耗時=51.7ms, 指令數=515
2025-07-20 13:53:20 [INFO] GripperOptimized:fast_loop:484 - 性能統計: 循環=3867000, 平均耗時=7.7ms, 最大耗時=51.7ms, 指令數=515
2025-07-20 13:53:41 [INFO] GripperOptimized:fast_loop:484 - 性能統計: 循環=3868000, 平均耗時=7.5ms, 最大耗時=51.7ms, 指令數=515
2025-07-20 13:54:01 [INFO] GripperOptimized:fast_loop:484 - 性能統計: 循環=3869000, 平均耗時=7.5ms, 最大耗時=51.7ms, 指令數=515
2025-07-20 13:54:22 [INFO] GripperOptimized:fast_loop:484 - 性能統計: 循環=3870000, 平均耗時=7.7ms, 最大耗時=51.7ms, 指令數=515
2025-07-20 13:54:43 [INFO] GripperOptimized:fast_loop:484 - 性能統計: 循環=3871000, 平均耗時=7.6ms, 最大耗時=51.7ms, 指令數=515
2025-07-20 13:55:03 [INFO] GripperOptimized:fast_loop:484 - 性能統計: 循環=3872000, 平均耗時=7.5ms, 最大耗時=51.7ms, 指令數=515
2025-07-20 13:55:24 [INFO] GripperOptimized:fast_loop:484 - 性能統計: 循環=3873000, 平均耗時=7.6ms, 最大耗時=51.7ms, 指令數=515
2025-07-20 13:55:44 [INFO] GripperOptimized:fast_loop:484 - 性能統計: 循環=3874000, 平均耗時=7.5ms, 最大耗時=51.7ms, 指令數=515
2025-07-20 13:56:05 [INFO] GripperOptimized:fast_loop:484 - 性能統計: 循環=3875000, 平均耗時=7.5ms, 最大耗時=51.7ms, 指令數=515
2025-07-20 13:56:26 [INFO] GripperOptimized:fast_loop:484 - 性能統計: 循環=3876000, 平均耗時=7.4ms, 最大耗時=51.7ms, 指令數=515
2025-07-20 13:56:46 [INFO] GripperOptimized:fast_loop:484 - 性能統計: 循環=3877000, 平均耗時=7.4ms, 最大耗時=51.7ms, 指令數=515
2025-07-20 13:57:07 [INFO] GripperOptimized:fast_loop:484 - 性能統計: 循環=3878000, 平均耗時=7.5ms, 最大耗時=51.7ms, 指令數=515
2025-07-20 13:57:28 [INFO] GripperOptimized:fast_loop:484 - 性能統計: 循環=3879000, 平均耗時=7.6ms, 最大耗時=51.7ms, 指令數=515
2025-07-20 13:57:48 [INFO] GripperOptimized:fast_loop:484 - 性能統計: 循環=3880000, 平均耗時=7.5ms, 最大耗時=51.7ms, 指令數=515
2025-07-20 13:58:09 [INFO] GripperOptimized:fast_loop:484 - 性能統計: 循環=3881000, 平均耗時=7.4ms, 最大耗時=51.7ms, 指令數=515
2025-07-20 13:58:29 [INFO] GripperOptimized:fast_loop:484 - 性能統計: 循環=3882000, 平均耗時=7.6ms, 最大耗時=51.7ms, 指令數=515
2025-07-20 13:58:50 [INFO] GripperOptimized:fast_loop:484 - 性能統計: 循環=3883000, 平均耗時=7.5ms, 最大耗時=51.7ms, 指令數=515
2025-07-20 13:59:11 [INFO] GripperOptimized:fast_loop:484 - 性能統計: 循環=3884000, 平均耗時=7.5ms, 最大耗時=51.7ms, 指令數=515
2025-07-20 13:59:31 [INFO] GripperOptimized:fast_loop:484 - 性能統計: 循環=3885000, 平均耗時=7.5ms, 最大耗時=51.7ms, 指令數=515
2025-07-20 13:59:52 [INFO] GripperOptimized:fast_loop:484 - 性能統計: 循環=3886000, 平均耗時=7.6ms, 最大耗時=51.7ms, 指令數=515
2025-07-20 14:00:13 [INFO] GripperOptimized:fast_loop:484 - 性能統計: 循環=3887000, 平均耗時=7.3ms, 最大耗時=51.7ms, 指令數=515
2025-07-20 14:00:33 [INFO] GripperOptimized:fast_loop:484 - 性能統計: 循環=3888000, 平均耗時=7.4ms, 最大耗時=51.7ms, 指令數=515
2025-07-20 14:00:54 [INFO] GripperOptimized:fast_loop:484 - 性能統計: 循環=3889000, 平均耗時=7.2ms, 最大耗時=51.7ms, 指令數=515
2025-07-20 14:01:15 [INFO] GripperOptimized:fast_loop:484 - 性能統計: 循環=3890000, 平均耗時=7.6ms, 最大耗時=51.7ms, 指令數=515
2025-07-20 14:01:35 [INFO] GripperOptimized:fast_loop:484 - 性能統計: 循環=3891000, 平均耗時=7.5ms, 最大耗時=51.7ms, 指令數=515
2025-07-20 14:01:56 [INFO] GripperOptimized:fast_loop:484 - 性能統計: 循環=3892000, 平均耗時=7.5ms, 最大耗時=51.7ms, 指令數=515
2025-07-20 14:02:16 [INFO] GripperOptimized:fast_loop:484 - 性能統計: 循環=3893000, 平均耗時=7.5ms, 最大耗時=51.7ms, 指令數=515
2025-07-20 14:02:37 [INFO] GripperOptimized:fast_loop:484 - 性能統計: 循環=3894000, 平均耗時=7.4ms, 最大耗時=51.7ms, 指令數=515
2025-07-20 14:02:58 [INFO] GripperOptimized:fast_loop:484 - 性能統計: 循環=3895000, 平均耗時=7.4ms, 最大耗時=51.7ms, 指令數=515
2025-07-20 14:03:18 [INFO] GripperOptimized:fast_loop:484 - 性能統計: 循環=3896000, 平均耗時=7.4ms, 最大耗時=51.7ms, 指令數=515
2025-07-20 14:03:39 [INFO] GripperOptimized:fast_loop:484 - 性能統計: 循環=3897000, 平均耗時=7.3ms, 最大耗時=51.7ms, 指令數=515
2025-07-20 14:04:00 [INFO] GripperOptimized:fast_loop:484 - 性能統計: 循環=3898000, 平均耗時=7.4ms, 最大耗時=51.7ms, 指令數=515
2025-07-20 14:04:20 [INFO] GripperOptimized:fast_loop:484 - 性能統計: 循環=3899000, 平均耗時=7.5ms, 最大耗時=51.7ms, 指令數=515
2025-07-20 14:04:41 [INFO] GripperOptimized:fast_loop:484 - 性能統計: 循環=3900000, 平均耗時=7.7ms, 最大耗時=51.7ms, 指令數=515
2025-07-20 14:05:01 [INFO] GripperOptimized:fast_loop:484 - 性能統計: 循環=3901000, 平均耗時=7.6ms, 最大耗時=51.7ms, 指令數=515
2025-07-20 14:05:22 [INFO] GripperOptimized:fast_loop:484 - 性能統計: 循環=3902000, 平均耗時=7.4ms, 最大耗時=51.7ms, 指令數=515
2025-07-20 14:05:43 [INFO] GripperOptimized:fast_loop:484 - 性能統計: 循環=3903000, 平均耗時=7.5ms, 最大耗時=51.7ms, 指令數=515
2025-07-20 14:06:03 [INFO] GripperOptimized:fast_loop:484 - 性能統計: 循環=3904000, 平均耗時=7.7ms, 最大耗時=51.7ms, 指令數=515
2025-07-20 14:06:24 [INFO] GripperOptimized:fast_loop:484 - 性能統計: 循環=3905000, 平均耗時=7.5ms, 最大耗時=51.7ms, 指令數=515
2025-07-20 14:06:45 [INFO] GripperOptimized:fast_loop:484 - 性能統計: 循環=3906000, 平均耗時=7.7ms, 最大耗時=51.7ms, 指令數=515
2025-07-20 14:07:05 [INFO] GripperOptimized:fast_loop:484 - 性能統計: 循環=3907000, 平均耗時=7.4ms, 最大耗時=51.7ms, 指令數=515
2025-07-20 14:07:26 [INFO] GripperOptimized:fast_loop:484 - 性能統計: 循環=3908000, 平均耗時=7.6ms, 最大耗時=51.7ms, 指令數=515
2025-07-20 14:07:46 [INFO] GripperOptimized:fast_loop:484 - 性能統計: 循環=3909000, 平均耗時=7.6ms, 最大耗時=51.7ms, 指令數=515
2025-07-20 14:08:07 [INFO] GripperOptimized:fast_loop:484 - 性能統計: 循環=3910000, 平均耗時=7.4ms, 最大耗時=51.7ms, 指令數=515
2025-07-20 14:08:28 [INFO] GripperOptimized:fast_loop:484 - 性能統計: 循環=3911000, 平均耗時=7.4ms, 最大耗時=51.7ms, 指令數=515
2025-07-20 14:08:48 [INFO] GripperOptimized:fast_loop:484 - 性能統計: 循環=3912000, 平均耗時=7.6ms, 最大耗時=51.7ms, 指令數=515
2025-07-20 14:09:09 [INFO] GripperOptimized:fast_loop:484 - 性能統計: 循環=3913000, 平均耗時=7.4ms, 最大耗時=51.7ms, 指令數=515
2025-07-20 14:09:30 [INFO] GripperOptimized:fast_loop:484 - 性能統計: 循環=3914000, 平均耗時=7.4ms, 最大耗時=51.7ms, 指令數=515
2025-07-20 14:09:50 [INFO] GripperOptimized:fast_loop:484 - 性能統計: 循環=3915000, 平均耗時=7.4ms, 最大耗時=51.7ms, 指令數=515
2025-07-20 14:10:11 [INFO] GripperOptimized:fast_loop:484 - 性能統計: 循環=3916000, 平均耗時=7.4ms, 最大耗時=51.7ms, 指令數=515
2025-07-20 14:10:32 [INFO] GripperOptimized:fast_loop:484 - 性能統計: 循環=3917000, 平均耗時=7.3ms, 最大耗時=51.7ms, 指令數=515
2025-07-20 14:10:52 [INFO] GripperOptimized:fast_loop:484 - 性能統計: 循環=3918000, 平均耗時=7.5ms, 最大耗時=51.7ms, 指令數=515
2025-07-20 14:11:13 [INFO] GripperOptimized:fast_loop:484 - 性能統計: 循環=3919000, 平均耗時=7.8ms, 最大耗時=51.7ms, 指令數=515
2025-07-20 14:11:33 [INFO] GripperOptimized:fast_loop:484 - 性能統計: 循環=3920000, 平均耗時=7.5ms, 最大耗時=51.7ms, 指令數=515
2025-07-20 14:11:54 [INFO] GripperOptimized:fast_loop:484 - 性能統計: 循環=3921000, 平均耗時=7.3ms, 最大耗時=51.7ms, 指令數=515
2025-07-20 14:12:15 [INFO] GripperOptimized:fast_loop:484 - 性能統計: 循環=3922000, 平均耗時=7.4ms, 最大耗時=51.7ms, 指令數=515
2025-07-20 14:12:35 [INFO] GripperOptimized:fast_loop:484 - 性能統計: 循環=3923000, 平均耗時=7.5ms, 最大耗時=51.7ms, 指令數=515
2025-07-20 14:12:56 [INFO] GripperOptimized:fast_loop:484 - 性能統計: 循環=3924000, 平均耗時=7.5ms, 最大耗時=51.7ms, 指令數=515
2025-07-20 14:13:17 [INFO] GripperOptimized:fast_loop:484 - 性能統計: 循環=3925000, 平均耗時=7.6ms, 最大耗時=51.7ms, 指令數=515
2025-07-20 14:13:37 [INFO] GripperOptimized:fast_loop:484 - 性能統計: 循環=3926000, 平均耗時=7.6ms, 最大耗時=51.7ms, 指令數=515
2025-07-20 14:13:58 [INFO] GripperOptimized:fast_loop:484 - 性能統計: 循環=3927000, 平均耗時=7.4ms, 最大耗時=51.7ms, 指令數=515
2025-07-20 14:14:18 [INFO] GripperOptimized:fast_loop:484 - 性能統計: 循環=3928000, 平均耗時=7.6ms, 最大耗時=51.7ms, 指令數=515
2025-07-20 14:14:39 [INFO] GripperOptimized:fast_loop:484 - 性能統計: 循環=3929000, 平均耗時=7.3ms, 最大耗時=51.7ms, 指令數=515
2025-07-20 14:15:00 [INFO] GripperOptimized:fast_loop:484 - 性能統計: 循環=3930000, 平均耗時=7.5ms, 最大耗時=51.7ms, 指令數=515
2025-07-20 14:15:20 [INFO] GripperOptimized:fast_loop:484 - 性能統計: 循環=3931000, 平均耗時=7.5ms, 最大耗時=51.7ms, 指令數=515
2025-07-20 14:15:41 [INFO] GripperOptimized:fast_loop:484 - 性能統計: 循環=3932000, 平均耗時=7.6ms, 最大耗時=51.7ms, 指令數=515
2025-07-20 14:16:02 [INFO] GripperOptimized:fast_loop:484 - 性能統計: 循環=3933000, 平均耗時=7.4ms, 最大耗時=51.7ms, 指令數=515
2025-07-20 14:16:22 [INFO] GripperOptimized:fast_loop:484 - 性能統計: 循環=3934000, 平均耗時=7.6ms, 最大耗時=51.7ms, 指令數=515
2025-07-20 14:16:43 [INFO] GripperOptimized:fast_loop:484 - 性能統計: 循環=3935000, 平均耗時=7.3ms, 最大耗時=51.7ms, 指令數=515
2025-07-20 14:17:04 [INFO] GripperOptimized:fast_loop:484 - 性能統計: 循環=3936000, 平均耗時=7.5ms, 最大耗時=51.7ms, 指令數=515
2025-07-20 14:17:24 [INFO] GripperOptimized:fast_loop:484 - 性能統計: 循環=3937000, 平均耗時=7.6ms, 最大耗時=51.7ms, 指令數=515
2025-07-20 14:17:45 [INFO] GripperOptimized:fast_loop:484 - 性能統計: 循環=3938000, 平均耗時=7.4ms, 最大耗時=51.7ms, 指令數=515
2025-07-20 14:18:05 [INFO] GripperOptimized:fast_loop:484 - 性能統計: 循環=3939000, 平均耗時=7.6ms, 最大耗時=51.7ms, 指令數=515
2025-07-20 14:18:26 [INFO] GripperOptimized:fast_loop:484 - 性能統計: 循環=3940000, 平均耗時=7.7ms, 最大耗時=51.7ms, 指令數=515
2025-07-20 14:18:47 [INFO] GripperOptimized:fast_loop:484 - 性能統計: 循環=3941000, 平均耗時=7.6ms, 最大耗時=51.7ms, 指令數=515
2025-07-20 14:19:07 [INFO] GripperOptimized:fast_loop:484 - 性能統計: 循環=3942000, 平均耗時=7.4ms, 最大耗時=51.7ms, 指令數=515
2025-07-20 14:19:28 [INFO] GripperOptimized:fast_loop:484 - 性能統計: 循環=3943000, 平均耗時=7.6ms, 最大耗時=51.7ms, 指令數=515
2025-07-20 14:19:49 [INFO] GripperOptimized:fast_loop:484 - 性能統計: 循環=3944000, 平均耗時=7.4ms, 最大耗時=51.7ms, 指令數=515
2025-07-20 14:20:09 [INFO] GripperOptimized:fast_loop:484 - 性能統計: 循環=3945000, 平均耗時=7.3ms, 最大耗時=51.7ms, 指令數=515
2025-07-20 14:20:30 [INFO] GripperOptimized:fast_loop:484 - 性能統計: 循環=3946000, 平均耗時=7.4ms, 最大耗時=51.7ms, 指令數=515
2025-07-20 14:20:50 [INFO] GripperOptimized:fast_loop:484 - 性能統計: 循環=3947000, 平均耗時=7.6ms, 最大耗時=51.7ms, 指令數=515
2025-07-20 14:21:11 [INFO] GripperOptimized:fast_loop:484 - 性能統計: 循環=3948000, 平均耗時=7.4ms, 最大耗時=51.7ms, 指令數=515
2025-07-20 14:21:32 [INFO] GripperOptimized:fast_loop:484 - 性能統計: 循環=3949000, 平均耗時=7.5ms, 最大耗時=51.7ms, 指令數=515
2025-07-20 14:21:52 [INFO] GripperOptimized:fast_loop:484 - 性能統計: 循環=3950000, 平均耗時=7.6ms, 最大耗時=51.7ms, 指令數=515
2025-07-20 14:22:13 [INFO] GripperOptimized:fast_loop:484 - 性能統計: 循環=3951000, 平均耗時=7.6ms, 最大耗時=51.7ms, 指令數=515
2025-07-20 14:22:34 [INFO] GripperOptimized:fast_loop:484 - 性能統計: 循環=3952000, 平均耗時=7.6ms, 最大耗時=51.7ms, 指令數=515
2025-07-20 14:22:54 [INFO] GripperOptimized:fast_loop:484 - 性能統計: 循環=3953000, 平均耗時=7.8ms, 最大耗時=51.7ms, 指令數=515
2025-07-20 14:23:15 [INFO] GripperOptimized:fast_loop:484 - 性能統計: 循環=3954000, 平均耗時=7.5ms, 最大耗時=51.7ms, 指令數=515
2025-07-20 14:23:36 [INFO] GripperOptimized:fast_loop:484 - 性能統計: 循環=3955000, 平均耗時=7.3ms, 最大耗時=51.7ms, 指令數=515
2025-07-20 14:23:56 [INFO] GripperOptimized:fast_loop:484 - 性能統計: 循環=3956000, 平均耗時=7.5ms, 最大耗時=51.7ms, 指令數=515
2025-07-20 14:24:17 [INFO] GripperOptimized:fast_loop:484 - 性能統計: 循環=3957000, 平均耗時=7.6ms, 最大耗時=51.7ms, 指令數=515
2025-07-20 14:24:37 [INFO] GripperOptimized:fast_loop:484 - 性能統計: 循環=3958000, 平均耗時=7.4ms, 最大耗時=51.7ms, 指令數=515
2025-07-20 14:24:58 [INFO] GripperOptimized:fast_loop:484 - 性能統計: 循環=3959000, 平均耗時=7.4ms, 最大耗時=51.7ms, 指令數=515
2025-07-20 14:25:19 [INFO] GripperOptimized:fast_loop:484 - 性能統計: 循環=3960000, 平均耗時=7.6ms, 最大耗時=51.7ms, 指令數=515
2025-07-20 14:25:39 [INFO] GripperOptimized:fast_loop:484 - 性能統計: 循環=3961000, 平均耗時=7.6ms, 最大耗時=51.7ms, 指令數=515
2025-07-20 14:26:00 [INFO] GripperOptimized:fast_loop:484 - 性能統計: 循環=3962000, 平均耗時=7.4ms, 最大耗時=51.7ms, 指令數=515
2025-07-20 14:26:21 [INFO] GripperOptimized:fast_loop:484 - 性能統計: 循環=3963000, 平均耗時=7.3ms, 最大耗時=51.7ms, 指令數=515
2025-07-20 14:26:41 [INFO] GripperOptimized:fast_loop:484 - 性能統計: 循環=3964000, 平均耗時=7.7ms, 最大耗時=51.7ms, 指令數=515
2025-07-20 14:27:02 [INFO] GripperOptimized:fast_loop:484 - 性能統計: 循環=3965000, 平均耗時=7.6ms, 最大耗時=51.7ms, 指令數=515
2025-07-20 14:27:23 [INFO] GripperOptimized:fast_loop:484 - 性能統計: 循環=3966000, 平均耗時=7.6ms, 最大耗時=51.7ms, 指令數=515
2025-07-20 14:27:43 [INFO] GripperOptimized:fast_loop:484 - 性能統計: 循環=3967000, 平均耗時=7.5ms, 最大耗時=51.7ms, 指令數=515
2025-07-20 14:28:04 [INFO] GripperOptimized:fast_loop:484 - 性能統計: 循環=3968000, 平均耗時=7.5ms, 最大耗時=51.7ms, 指令數=515
2025-07-20 14:28:24 [INFO] GripperOptimized:fast_loop:484 - 性能統計: 循環=3969000, 平均耗時=7.4ms, 最大耗時=51.7ms, 指令數=515
2025-07-20 14:28:45 [INFO] GripperOptimized:fast_loop:484 - 性能統計: 循環=3970000, 平均耗時=7.5ms, 最大耗時=51.7ms, 指令數=515
2025-07-20 14:29:06 [INFO] GripperOptimized:fast_loop:484 - 性能統計: 循環=3971000, 平均耗時=7.6ms, 最大耗時=51.7ms, 指令數=515
2025-07-20 14:29:26 [INFO] GripperOptimized:fast_loop:484 - 性能統計: 循環=3972000, 平均耗時=7.5ms, 最大耗時=51.7ms, 指令數=515
2025-07-20 14:29:47 [INFO] GripperOptimized:fast_loop:484 - 性能統計: 循環=3973000, 平均耗時=7.4ms, 最大耗時=51.7ms, 指令數=515
2025-07-20 14:30:08 [INFO] GripperOptimized:fast_loop:484 - 性能統計: 循環=3974000, 平均耗時=7.6ms, 最大耗時=51.7ms, 指令數=515
2025-07-20 14:30:28 [INFO] GripperOptimized:fast_loop:484 - 性能統計: 循環=3975000, 平均耗時=7.3ms, 最大耗時=51.7ms, 指令數=515
2025-07-20 14:30:49 [INFO] GripperOptimized:fast_loop:484 - 性能統計: 循環=3976000, 平均耗時=7.6ms, 最大耗時=51.7ms, 指令數=515
2025-07-20 14:31:09 [INFO] GripperOptimized:fast_loop:484 - 性能統計: 循環=3977000, 平均耗時=7.5ms, 最大耗時=51.7ms, 指令數=515
2025-07-20 14:31:30 [INFO] GripperOptimized:fast_loop:484 - 性能統計: 循環=3978000, 平均耗時=7.2ms, 最大耗時=51.7ms, 指令數=515
2025-07-20 14:31:51 [INFO] GripperOptimized:fast_loop:484 - 性能統計: 循環=3979000, 平均耗時=7.5ms, 最大耗時=51.7ms, 指令數=515
2025-07-20 14:32:11 [INFO] GripperOptimized:fast_loop:484 - 性能統計: 循環=3980000, 平均耗時=7.5ms, 最大耗時=51.7ms, 指令數=515
2025-07-20 14:32:32 [INFO] GripperOptimized:fast_loop:484 - 性能統計: 循環=3981000, 平均耗時=7.6ms, 最大耗時=51.7ms, 指令數=515
2025-07-20 14:32:53 [INFO] GripperOptimized:fast_loop:484 - 性能統計: 循環=3982000, 平均耗時=7.7ms, 最大耗時=51.7ms, 指令數=515
2025-07-20 14:33:13 [INFO] GripperOptimized:fast_loop:484 - 性能統計: 循環=3983000, 平均耗時=7.7ms, 最大耗時=51.7ms, 指令數=515
2025-07-20 14:33:34 [INFO] GripperOptimized:fast_loop:484 - 性能統計: 循環=3984000, 平均耗時=7.5ms, 最大耗時=51.7ms, 指令數=515
2025-07-20 14:33:54 [INFO] GripperOptimized:fast_loop:484 - 性能統計: 循環=3985000, 平均耗時=7.5ms, 最大耗時=51.7ms, 指令數=515
2025-07-20 14:34:15 [INFO] GripperOptimized:fast_loop:484 - 性能統計: 循環=3986000, 平均耗時=7.5ms, 最大耗時=51.7ms, 指令數=515
2025-07-20 14:34:36 [INFO] GripperOptimized:fast_loop:484 - 性能統計: 循環=3987000, 平均耗時=7.3ms, 最大耗時=51.7ms, 指令數=515
2025-07-20 14:34:56 [INFO] GripperOptimized:fast_loop:484 - 性能統計: 循環=3988000, 平均耗時=7.4ms, 最大耗時=51.7ms, 指令數=515
2025-07-20 14:35:17 [INFO] GripperOptimized:fast_loop:484 - 性能統計: 循環=3989000, 平均耗時=7.6ms, 最大耗時=51.7ms, 指令數=515
2025-07-20 14:35:38 [INFO] GripperOptimized:fast_loop:484 - 性能統計: 循環=3990000, 平均耗時=7.6ms, 最大耗時=51.7ms, 指令數=515
2025-07-20 14:35:58 [INFO] GripperOptimized:fast_loop:484 - 性能統計: 循環=3991000, 平均耗時=7.4ms, 最大耗時=51.7ms, 指令數=515
2025-07-20 14:36:19 [INFO] GripperOptimized:fast_loop:484 - 性能統計: 循環=3992000, 平均耗時=7.4ms, 最大耗時=51.7ms, 指令數=515
2025-07-20 14:36:40 [INFO] GripperOptimized:fast_loop:484 - 性能統計: 循環=3993000, 平均耗時=7.6ms, 最大耗時=51.7ms, 指令數=515
2025-07-20 14:37:00 [INFO] GripperOptimized:fast_loop:484 - 性能統計: 循環=3994000, 平均耗時=7.7ms, 最大耗時=51.7ms, 指令數=515
2025-07-20 14:37:21 [INFO] GripperOptimized:fast_loop:484 - 性能統計: 循環=3995000, 平均耗時=7.5ms, 最大耗時=51.7ms, 指令數=515
2025-07-20 14:37:41 [INFO] GripperOptimized:fast_loop:484 - 性能統計: 循環=3996000, 平均耗時=7.5ms, 最大耗時=51.7ms, 指令數=515
2025-07-20 14:38:02 [INFO] GripperOptimized:fast_loop:484 - 性能統計: 循環=3997000, 平均耗時=7.7ms, 最大耗時=51.7ms, 指令數=515
2025-07-20 14:38:23 [INFO] GripperOptimized:fast_loop:484 - 性能統計: 循環=3998000, 平均耗時=7.6ms, 最大耗時=51.7ms, 指令數=515
2025-07-20 14:38:43 [INFO] GripperOptimized:fast_loop:484 - 性能統計: 循環=3999000, 平均耗時=7.5ms, 最大耗時=51.7ms, 指令數=515
2025-07-20 14:39:04 [INFO] GripperOptimized:fast_loop:484 - 性能統計: 循環=4000000, 平均耗時=7.5ms, 最大耗時=51.7ms, 指令數=515
2025-07-20 14:39:25 [INFO] GripperOptimized:fast_loop:484 - 性能統計: 循環=4001000, 平均耗時=7.4ms, 最大耗時=51.7ms, 指令數=515
2025-07-20 14:39:45 [INFO] GripperOptimized:fast_loop:484 - 性能統計: 循環=4002000, 平均耗時=7.6ms, 最大耗時=51.7ms, 指令數=515
2025-07-20 14:40:06 [INFO] GripperOptimized:fast_loop:484 - 性能統計: 循環=4003000, 平均耗時=7.6ms, 最大耗時=51.7ms, 指令數=515
2025-07-20 14:40:26 [INFO] GripperOptimized:fast_loop:484 - 性能統計: 循環=4004000, 平均耗時=7.4ms, 最大耗時=51.7ms, 指令數=515
2025-07-20 14:40:47 [INFO] GripperOptimized:fast_loop:484 - 性能統計: 循環=4005000, 平均耗時=7.4ms, 最大耗時=51.7ms, 指令數=515
2025-07-20 14:41:08 [INFO] GripperOptimized:fast_loop:484 - 性能統計: 循環=4006000, 平均耗時=7.6ms, 最大耗時=51.7ms, 指令數=515
2025-07-20 14:41:28 [INFO] GripperOptimized:fast_loop:484 - 性能統計: 循環=4007000, 平均耗時=7.7ms, 最大耗時=51.7ms, 指令數=515
2025-07-20 14:41:49 [INFO] GripperOptimized:fast_loop:484 - 性能統計: 循環=4008000, 平均耗時=7.5ms, 最大耗時=51.7ms, 指令數=515
2025-07-20 14:42:10 [INFO] GripperOptimized:fast_loop:484 - 性能統計: 循環=4009000, 平均耗時=7.5ms, 最大耗時=51.7ms, 指令數=515
2025-07-20 14:42:30 [INFO] GripperOptimized:fast_loop:484 - 性能統計: 循環=4010000, 平均耗時=7.4ms, 最大耗時=51.7ms, 指令數=515
2025-07-20 14:42:51 [INFO] GripperOptimized:fast_loop:484 - 性能統計: 循環=4011000, 平均耗時=7.6ms, 最大耗時=51.7ms, 指令數=515
2025-07-20 14:43:11 [INFO] GripperOptimized:fast_loop:484 - 性能統計: 循環=4012000, 平均耗時=7.5ms, 最大耗時=51.7ms, 指令數=515
2025-07-20 14:43:32 [INFO] GripperOptimized:fast_loop:484 - 性能統計: 循環=4013000, 平均耗時=7.5ms, 最大耗時=51.7ms, 指令數=515
2025-07-20 14:43:53 [INFO] GripperOptimized:fast_loop:484 - 性能統計: 循環=4014000, 平均耗時=7.8ms, 最大耗時=51.7ms, 指令數=515
2025-07-20 14:44:13 [INFO] GripperOptimized:fast_loop:484 - 性能統計: 循環=4015000, 平均耗時=7.5ms, 最大耗時=51.7ms, 指令數=515
2025-07-20 14:44:34 [INFO] GripperOptimized:fast_loop:484 - 性能統計: 循環=4016000, 平均耗時=7.4ms, 最大耗時=51.7ms, 指令數=515
2025-07-20 14:44:55 [INFO] GripperOptimized:fast_loop:484 - 性能統計: 循環=4017000, 平均耗時=7.5ms, 最大耗時=51.7ms, 指令數=515
2025-07-20 14:45:15 [INFO] GripperOptimized:fast_loop:484 - 性能統計: 循環=4018000, 平均耗時=7.3ms, 最大耗時=51.7ms, 指令數=515
2025-07-20 14:45:36 [INFO] GripperOptimized:fast_loop:484 - 性能統計: 循環=4019000, 平均耗時=7.5ms, 最大耗時=51.7ms, 指令數=515
2025-07-20 14:45:57 [INFO] GripperOptimized:fast_loop:484 - 性能統計: 循環=4020000, 平均耗時=7.6ms, 最大耗時=51.7ms, 指令數=515
2025-07-20 14:46:17 [INFO] GripperOptimized:fast_loop:484 - 性能統計: 循環=4021000, 平均耗時=7.7ms, 最大耗時=51.7ms, 指令數=515
2025-07-20 14:46:38 [INFO] GripperOptimized:fast_loop:484 - 性能統計: 循環=4022000, 平均耗時=7.6ms, 最大耗時=51.7ms, 指令數=515
2025-07-20 14:46:58 [INFO] GripperOptimized:fast_loop:484 - 性能統計: 循環=4023000, 平均耗時=7.6ms, 最大耗時=51.7ms, 指令數=515
2025-07-20 14:47:19 [INFO] GripperOptimized:fast_loop:484 - 性能統計: 循環=4024000, 平均耗時=7.5ms, 最大耗時=51.7ms, 指令數=515
2025-07-20 14:47:40 [INFO] GripperOptimized:fast_loop:484 - 性能統計: 循環=4025000, 平均耗時=7.4ms, 最大耗時=51.7ms, 指令數=515
2025-07-20 14:48:00 [INFO] GripperOptimized:fast_loop:484 - 性能統計: 循環=4026000, 平均耗時=7.4ms, 最大耗時=51.7ms, 指令數=515
2025-07-20 14:48:21 [INFO] GripperOptimized:fast_loop:484 - 性能統計: 循環=4027000, 平均耗時=7.6ms, 最大耗時=51.7ms, 指令數=515
2025-07-20 14:48:42 [INFO] GripperOptimized:fast_loop:484 - 性能統計: 循環=4028000, 平均耗時=7.5ms, 最大耗時=51.7ms, 指令數=515
2025-07-20 14:49:02 [INFO] GripperOptimized:fast_loop:484 - 性能統計: 循環=4029000, 平均耗時=7.6ms, 最大耗時=51.7ms, 指令數=515
2025-07-20 14:49:23 [INFO] GripperOptimized:fast_loop:484 - 性能統計: 循環=4030000, 平均耗時=7.5ms, 最大耗時=51.7ms, 指令數=515
2025-07-20 14:49:43 [INFO] GripperOptimized:fast_loop:484 - 性能統計: 循環=4031000, 平均耗時=7.4ms, 最大耗時=51.7ms, 指令數=515
2025-07-20 14:50:04 [INFO] GripperOptimized:fast_loop:484 - 性能統計: 循環=4032000, 平均耗時=7.5ms, 最大耗時=51.7ms, 指令數=515
2025-07-20 14:50:25 [INFO] GripperOptimized:fast_loop:484 - 性能統計: 循環=4033000, 平均耗時=7.6ms, 最大耗時=51.7ms, 指令數=515
2025-07-20 14:50:45 [INFO] GripperOptimized:fast_loop:484 - 性能統計: 循環=4034000, 平均耗時=7.6ms, 最大耗時=51.7ms, 指令數=515
2025-07-20 14:51:06 [INFO] GripperOptimized:fast_loop:484 - 性能統計: 循環=4035000, 平均耗時=7.5ms, 最大耗時=51.7ms, 指令數=515
2025-07-20 14:51:27 [INFO] GripperOptimized:fast_loop:484 - 性能統計: 循環=4036000, 平均耗時=7.5ms, 最大耗時=51.7ms, 指令數=515
2025-07-20 14:51:47 [INFO] GripperOptimized:fast_loop:484 - 性能統計: 循環=4037000, 平均耗時=7.4ms, 最大耗時=51.7ms, 指令數=515
2025-07-20 14:52:08 [INFO] GripperOptimized:fast_loop:484 - 性能統計: 循環=4038000, 平均耗時=7.4ms, 最大耗時=51.7ms, 指令數=515
2025-07-20 14:52:28 [INFO] GripperOptimized:fast_loop:484 - 性能統計: 循環=4039000, 平均耗時=7.6ms, 最大耗時=51.7ms, 指令數=515
2025-07-20 14:52:49 [INFO] GripperOptimized:fast_loop:484 - 性能統計: 循環=4040000, 平均耗時=7.6ms, 最大耗時=51.7ms, 指令數=515
2025-07-20 14:53:10 [INFO] GripperOptimized:fast_loop:484 - 性能統計: 循環=4041000, 平均耗時=7.5ms, 最大耗時=51.7ms, 指令數=515
2025-07-20 14:53:30 [INFO] GripperOptimized:fast_loop:484 - 性能統計: 循環=4042000, 平均耗時=7.5ms, 最大耗時=51.7ms, 指令數=515
2025-07-20 14:53:51 [INFO] GripperOptimized:fast_loop:484 - 性能統計: 循環=4043000, 平均耗時=7.7ms, 最大耗時=51.7ms, 指令數=515
2025-07-20 14:54:12 [INFO] GripperOptimized:fast_loop:484 - 性能統計: 循環=4044000, 平均耗時=7.5ms, 最大耗時=51.7ms, 指令數=515
2025-07-20 14:54:32 [INFO] GripperOptimized:fast_loop:484 - 性能統計: 循環=4045000, 平均耗時=7.5ms, 最大耗時=51.7ms, 指令數=515
2025-07-20 14:54:53 [INFO] GripperOptimized:fast_loop:484 - 性能統計: 循環=4046000, 平均耗時=7.5ms, 最大耗時=51.7ms, 指令數=515
2025-07-20 14:55:14 [INFO] GripperOptimized:fast_loop:484 - 性能統計: 循環=4047000, 平均耗時=7.6ms, 最大耗時=51.7ms, 指令數=515
2025-07-20 14:55:34 [INFO] GripperOptimized:fast_loop:484 - 性能統計: 循環=4048000, 平均耗時=7.2ms, 最大耗時=51.7ms, 指令數=515
2025-07-20 14:55:55 [INFO] GripperOptimized:fast_loop:484 - 性能統計: 循環=4049000, 平均耗時=7.3ms, 最大耗時=51.7ms, 指令數=515
2025-07-20 14:56:15 [INFO] GripperOptimized:fast_loop:484 - 性能統計: 循環=4050000, 平均耗時=7.8ms, 最大耗時=51.7ms, 指令數=515
2025-07-20 14:56:36 [INFO] GripperOptimized:fast_loop:484 - 性能統計: 循環=4051000, 平均耗時=7.5ms, 最大耗時=51.7ms, 指令數=515
2025-07-20 14:56:57 [INFO] GripperOptimized:fast_loop:484 - 性能統計: 循環=4052000, 平均耗時=7.5ms, 最大耗時=51.7ms, 指令數=515
2025-07-20 14:57:17 [INFO] GripperOptimized:fast_loop:484 - 性能統計: 循環=4053000, 平均耗時=7.4ms, 最大耗時=51.7ms, 指令數=515
2025-07-20 14:57:38 [INFO] GripperOptimized:fast_loop:484 - 性能統計: 循環=4054000, 平均耗時=7.2ms, 最大耗時=51.7ms, 指令數=515
2025-07-20 14:57:59 [INFO] GripperOptimized:fast_loop:484 - 性能統計: 循環=4055000, 平均耗時=7.4ms, 最大耗時=51.7ms, 指令數=515
2025-07-20 14:58:19 [INFO] GripperOptimized:fast_loop:484 - 性能統計: 循環=4056000, 平均耗時=7.5ms, 最大耗時=51.7ms, 指令數=515
2025-07-20 14:58:40 [INFO] GripperOptimized:fast_loop:484 - 性能統計: 循環=4057000, 平均耗時=7.5ms, 最大耗時=51.7ms, 指令數=515
2025-07-20 14:59:00 [INFO] GripperOptimized:fast_loop:484 - 性能統計: 循環=4058000, 平均耗時=7.5ms, 最大耗時=51.7ms, 指令數=515
2025-07-20 14:59:21 [INFO] GripperOptimized:fast_loop:484 - 性能統計: 循環=4059000, 平均耗時=7.3ms, 最大耗時=51.7ms, 指令數=515
2025-07-20 14:59:42 [INFO] GripperOptimized:fast_loop:484 - 性能統計: 循環=4060000, 平均耗時=7.4ms, 最大耗時=51.7ms, 指令數=515
2025-07-20 15:00:02 [INFO] GripperOptimized:fast_loop:484 - 性能統計: 循環=4061000, 平均耗時=7.6ms, 最大耗時=51.7ms, 指令數=515
2025-07-20 15:00:23 [INFO] GripperOptimized:fast_loop:484 - 性能統計: 循環=4062000, 平均耗時=7.6ms, 最大耗時=51.7ms, 指令數=515
2025-07-20 15:00:44 [INFO] GripperOptimized:fast_loop:484 - 性能統計: 循環=4063000, 平均耗時=7.6ms, 最大耗時=51.7ms, 指令數=515
2025-07-20 15:01:04 [INFO] GripperOptimized:fast_loop:484 - 性能統計: 循環=4064000, 平均耗時=7.3ms, 最大耗時=51.7ms, 指令數=515
2025-07-20 15:01:25 [INFO] GripperOptimized:fast_loop:484 - 性能統計: 循環=4065000, 平均耗時=7.5ms, 最大耗時=51.7ms, 指令數=515
2025-07-20 15:01:45 [INFO] GripperOptimized:fast_loop:484 - 性能統計: 循環=4066000, 平均耗時=7.5ms, 最大耗時=51.7ms, 指令數=515
2025-07-20 15:02:06 [INFO] GripperOptimized:fast_loop:484 - 性能統計: 循環=4067000, 平均耗時=7.6ms, 最大耗時=51.7ms, 指令數=515
2025-07-20 15:02:27 [INFO] GripperOptimized:fast_loop:484 - 性能統計: 循環=4068000, 平均耗時=7.6ms, 最大耗時=51.7ms, 指令數=515
2025-07-20 15:02:47 [INFO] GripperOptimized:fast_loop:484 - 性能統計: 循環=4069000, 平均耗時=7.7ms, 最大耗時=51.7ms, 指令數=515
2025-07-20 15:03:08 [INFO] GripperOptimized:fast_loop:484 - 性能統計: 循環=4070000, 平均耗時=7.5ms, 最大耗時=51.7ms, 指令數=515
2025-07-20 15:03:29 [INFO] GripperOptimized:fast_loop:484 - 性能統計: 循環=4071000, 平均耗時=7.1ms, 最大耗時=51.7ms, 指令數=515
2025-07-20 15:03:49 [INFO] GripperOptimized:fast_loop:484 - 性能統計: 循環=4072000, 平均耗時=7.7ms, 最大耗時=51.7ms, 指令數=515
2025-07-20 15:04:10 [INFO] GripperOptimized:fast_loop:484 - 性能統計: 循環=4073000, 平均耗時=7.7ms, 最大耗時=51.7ms, 指令數=515
2025-07-20 15:04:30 [INFO] GripperOptimized:fast_loop:484 - 性能統計: 循環=4074000, 平均耗時=7.3ms, 最大耗時=51.7ms, 指令數=515
2025-07-20 15:04:51 [INFO] GripperOptimized:fast_loop:484 - 性能統計: 循環=4075000, 平均耗時=7.6ms, 最大耗時=51.7ms, 指令數=515
2025-07-20 15:05:12 [INFO] GripperOptimized:fast_loop:484 - 性能統計: 循環=4076000, 平均耗時=7.5ms, 最大耗時=51.7ms, 指令數=515
2025-07-20 15:05:32 [INFO] GripperOptimized:fast_loop:484 - 性能統計: 循環=4077000, 平均耗時=7.5ms, 最大耗時=51.7ms, 指令數=515
2025-07-20 15:05:53 [INFO] GripperOptimized:fast_loop:484 - 性能統計: 循環=4078000, 平均耗時=7.2ms, 最大耗時=51.7ms, 指令數=515
2025-07-20 15:06:14 [INFO] GripperOptimized:fast_loop:484 - 性能統計: 循環=4079000, 平均耗時=7.4ms, 最大耗時=51.7ms, 指令數=515
2025-07-20 15:06:34 [INFO] GripperOptimized:fast_loop:484 - 性能統計: 循環=4080000, 平均耗時=7.5ms, 最大耗時=51.7ms, 指令數=515
2025-07-20 15:06:55 [INFO] GripperOptimized:fast_loop:484 - 性能統計: 循環=4081000, 平均耗時=7.6ms, 最大耗時=51.7ms, 指令數=515
2025-07-20 15:07:16 [INFO] GripperOptimized:fast_loop:484 - 性能統計: 循環=4082000, 平均耗時=7.5ms, 最大耗時=51.7ms, 指令數=515
2025-07-20 15:07:36 [INFO] GripperOptimized:fast_loop:484 - 性能統計: 循環=4083000, 平均耗時=7.7ms, 最大耗時=51.7ms, 指令數=515
2025-07-20 15:07:57 [INFO] GripperOptimized:fast_loop:484 - 性能統計: 循環=4084000, 平均耗時=7.3ms, 最大耗時=51.7ms, 指令數=515
2025-07-20 15:08:17 [INFO] GripperOptimized:fast_loop:484 - 性能統計: 循環=4085000, 平均耗時=7.5ms, 最大耗時=51.7ms, 指令數=515
2025-07-20 15:08:38 [INFO] GripperOptimized:fast_loop:484 - 性能統計: 循環=4086000, 平均耗時=7.5ms, 最大耗時=51.7ms, 指令數=515
2025-07-20 15:08:59 [INFO] GripperOptimized:fast_loop:484 - 性能統計: 循環=4087000, 平均耗時=7.7ms, 最大耗時=51.7ms, 指令數=515
2025-07-20 15:09:19 [INFO] GripperOptimized:fast_loop:484 - 性能統計: 循環=4088000, 平均耗時=7.3ms, 最大耗時=51.7ms, 指令數=515
2025-07-20 15:09:40 [INFO] GripperOptimized:fast_loop:484 - 性能統計: 循環=4089000, 平均耗時=7.5ms, 最大耗時=51.7ms, 指令數=515
2025-07-20 15:10:01 [INFO] GripperOptimized:fast_loop:484 - 性能統計: 循環=4090000, 平均耗時=7.8ms, 最大耗時=51.7ms, 指令數=515
2025-07-20 15:10:21 [INFO] GripperOptimized:fast_loop:484 - 性能統計: 循環=4091000, 平均耗時=7.5ms, 最大耗時=51.7ms, 指令數=515
2025-07-20 15:10:42 [INFO] GripperOptimized:fast_loop:484 - 性能統計: 循環=4092000, 平均耗時=7.5ms, 最大耗時=51.7ms, 指令數=515
2025-07-20 15:11:02 [INFO] GripperOptimized:fast_loop:484 - 性能統計: 循環=4093000, 平均耗時=7.7ms, 最大耗時=51.7ms, 指令數=515
2025-07-20 15:11:23 [INFO] GripperOptimized:fast_loop:484 - 性能統計: 循環=4094000, 平均耗時=7.6ms, 最大耗時=51.7ms, 指令數=515
2025-07-20 15:11:44 [INFO] GripperOptimized:fast_loop:484 - 性能統計: 循環=4095000, 平均耗時=7.5ms, 最大耗時=51.7ms, 指令數=515
2025-07-20 15:12:04 [INFO] GripperOptimized:fast_loop:484 - 性能統計: 循環=4096000, 平均耗時=7.4ms, 最大耗時=51.7ms, 指令數=515
2025-07-20 15:12:25 [INFO] GripperOptimized:fast_loop:484 - 性能統計: 循環=4097000, 平均耗時=7.6ms, 最大耗時=51.7ms, 指令數=515
2025-07-20 15:12:46 [INFO] GripperOptimized:fast_loop:484 - 性能統計: 循環=4098000, 平均耗時=7.3ms, 最大耗時=51.7ms, 指令數=515
2025-07-20 15:13:06 [INFO] GripperOptimized:fast_loop:484 - 性能統計: 循環=4099000, 平均耗時=7.3ms, 最大耗時=51.7ms, 指令數=515
2025-07-20 15:13:27 [INFO] GripperOptimized:fast_loop:484 - 性能統計: 循環=4100000, 平均耗時=7.4ms, 最大耗時=51.7ms, 指令數=515
2025-07-20 15:13:47 [INFO] GripperOptimized:fast_loop:484 - 性能統計: 循環=4101000, 平均耗時=7.3ms, 最大耗時=51.7ms, 指令數=515
2025-07-20 15:14:08 [INFO] GripperOptimized:fast_loop:484 - 性能統計: 循環=4102000, 平均耗時=7.6ms, 最大耗時=51.7ms, 指令數=515
2025-07-20 15:14:29 [INFO] GripperOptimized:fast_loop:484 - 性能統計: 循環=4103000, 平均耗時=7.5ms, 最大耗時=51.7ms, 指令數=515
2025-07-20 15:14:49 [INFO] GripperOptimized:fast_loop:484 - 性能統計: 循環=4104000, 平均耗時=7.5ms, 最大耗時=51.7ms, 指令數=515
2025-07-20 15:15:10 [INFO] GripperOptimized:fast_loop:484 - 性能統計: 循環=4105000, 平均耗時=7.6ms, 最大耗時=51.7ms, 指令數=515
2025-07-20 15:15:31 [INFO] GripperOptimized:fast_loop:484 - 性能統計: 循環=4106000, 平均耗時=7.4ms, 最大耗時=51.7ms, 指令數=515
2025-07-20 15:15:51 [INFO] GripperOptimized:fast_loop:484 - 性能統計: 循環=4107000, 平均耗時=7.6ms, 最大耗時=51.7ms, 指令數=515
2025-07-20 15:16:12 [INFO] GripperOptimized:fast_loop:484 - 性能統計: 循環=4108000, 平均耗時=7.6ms, 最大耗時=51.7ms, 指令數=515
2025-07-20 15:16:33 [INFO] GripperOptimized:fast_loop:484 - 性能統計: 循環=4109000, 平均耗時=7.4ms, 最大耗時=51.7ms, 指令數=515
2025-07-20 15:16:53 [INFO] GripperOptimized:fast_loop:484 - 性能統計: 循環=4110000, 平均耗時=7.5ms, 最大耗時=51.7ms, 指令數=515
2025-07-20 15:17:14 [INFO] GripperOptimized:fast_loop:484 - 性能統計: 循環=4111000, 平均耗時=7.6ms, 最大耗時=51.7ms, 指令數=515
2025-07-20 15:17:34 [INFO] GripperOptimized:fast_loop:484 - 性能統計: 循環=4112000, 平均耗時=7.6ms, 最大耗時=51.7ms, 指令數=515
2025-07-20 15:17:55 [INFO] GripperOptimized:fast_loop:484 - 性能統計: 循環=4113000, 平均耗時=7.8ms, 最大耗時=51.7ms, 指令數=515
2025-07-20 15:18:16 [INFO] GripperOptimized:fast_loop:484 - 性能統計: 循環=4114000, 平均耗時=7.6ms, 最大耗時=51.7ms, 指令數=515
2025-07-20 15:18:36 [INFO] GripperOptimized:fast_loop:484 - 性能統計: 循環=4115000, 平均耗時=7.5ms, 最大耗時=51.7ms, 指令數=515
2025-07-20 15:18:57 [INFO] GripperOptimized:fast_loop:484 - 性能統計: 循環=4116000, 平均耗時=7.3ms, 最大耗時=51.7ms, 指令數=515
2025-07-20 15:19:18 [INFO] GripperOptimized:fast_loop:484 - 性能統計: 循環=4117000, 平均耗時=7.5ms, 最大耗時=51.7ms, 指令數=515
2025-07-20 15:19:38 [INFO] GripperOptimized:fast_loop:484 - 性能統計: 循環=4118000, 平均耗時=7.5ms, 最大耗時=51.7ms, 指令數=515
2025-07-20 15:19:59 [INFO] GripperOptimized:fast_loop:484 - 性能統計: 循環=4119000, 平均耗時=7.4ms, 最大耗時=51.7ms, 指令數=515
2025-07-20 15:20:19 [INFO] GripperOptimized:fast_loop:484 - 性能統計: 循環=4120000, 平均耗時=7.6ms, 最大耗時=51.7ms, 指令數=515
2025-07-20 15:20:40 [INFO] GripperOptimized:fast_loop:484 - 性能統計: 循環=4121000, 平均耗時=7.7ms, 最大耗時=51.7ms, 指令數=515
2025-07-20 15:21:01 [INFO] GripperOptimized:fast_loop:484 - 性能統計: 循環=4122000, 平均耗時=7.4ms, 最大耗時=51.7ms, 指令數=515
2025-07-20 15:21:21 [INFO] GripperOptimized:fast_loop:484 - 性能統計: 循環=4123000, 平均耗時=7.5ms, 最大耗時=51.7ms, 指令數=515
2025-07-20 15:21:42 [INFO] GripperOptimized:fast_loop:484 - 性能統計: 循環=4124000, 平均耗時=7.4ms, 最大耗時=51.7ms, 指令數=515
2025-07-20 15:22:03 [INFO] GripperOptimized:fast_loop:484 - 性能統計: 循環=4125000, 平均耗時=7.4ms, 最大耗時=51.7ms, 指令數=515
2025-07-20 15:22:23 [INFO] GripperOptimized:fast_loop:484 - 性能統計: 循環=4126000, 平均耗時=7.3ms, 最大耗時=51.7ms, 指令數=515
2025-07-20 15:22:44 [INFO] GripperOptimized:fast_loop:484 - 性能統計: 循環=4127000, 平均耗時=7.5ms, 最大耗時=51.7ms, 指令數=515
2025-07-20 15:23:05 [INFO] GripperOptimized:fast_loop:484 - 性能統計: 循環=4128000, 平均耗時=7.4ms, 最大耗時=51.7ms, 指令數=515
2025-07-20 15:23:25 [INFO] GripperOptimized:fast_loop:484 - 性能統計: 循環=4129000, 平均耗時=7.7ms, 最大耗時=51.7ms, 指令數=515
2025-07-20 15:23:46 [INFO] GripperOptimized:fast_loop:484 - 性能統計: 循環=4130000, 平均耗時=7.4ms, 最大耗時=51.7ms, 指令數=515
2025-07-20 15:24:06 [INFO] GripperOptimized:fast_loop:484 - 性能統計: 循環=4131000, 平均耗時=7.4ms, 最大耗時=51.7ms, 指令數=515
2025-07-20 15:24:27 [INFO] GripperOptimized:fast_loop:484 - 性能統計: 循環=4132000, 平均耗時=7.7ms, 最大耗時=51.7ms, 指令數=515
2025-07-20 15:24:48 [INFO] GripperOptimized:fast_loop:484 - 性能統計: 循環=4133000, 平均耗時=7.6ms, 最大耗時=51.7ms, 指令數=515
2025-07-20 15:25:08 [INFO] GripperOptimized:fast_loop:484 - 性能統計: 循環=4134000, 平均耗時=7.3ms, 最大耗時=51.7ms, 指令數=515
2025-07-20 15:25:29 [INFO] GripperOptimized:fast_loop:484 - 性能統計: 循環=4135000, 平均耗時=7.5ms, 最大耗時=51.7ms, 指令數=515
2025-07-20 15:25:50 [INFO] GripperOptimized:fast_loop:484 - 性能統計: 循環=4136000, 平均耗時=7.7ms, 最大耗時=51.7ms, 指令數=515
2025-07-20 15:26:10 [INFO] GripperOptimized:fast_loop:484 - 性能統計: 循環=4137000, 平均耗時=7.4ms, 最大耗時=51.7ms, 指令數=515
2025-07-20 15:26:31 [INFO] GripperOptimized:fast_loop:484 - 性能統計: 循環=4138000, 平均耗時=7.5ms, 最大耗時=51.7ms, 指令數=515
2025-07-20 15:26:51 [INFO] GripperOptimized:fast_loop:484 - 性能統計: 循環=4139000, 平均耗時=7.4ms, 最大耗時=51.7ms, 指令數=515
2025-07-20 15:27:12 [INFO] GripperOptimized:fast_loop:484 - 性能統計: 循環=4140000, 平均耗時=7.4ms, 最大耗時=51.7ms, 指令數=515
2025-07-20 15:27:33 [INFO] GripperOptimized:fast_loop:484 - 性能統計: 循環=4141000, 平均耗時=7.5ms, 最大耗時=51.7ms, 指令數=515
2025-07-20 15:27:53 [INFO] GripperOptimized:fast_loop:484 - 性能統計: 循環=4142000, 平均耗時=7.5ms, 最大耗時=51.7ms, 指令數=515
2025-07-20 15:28:14 [INFO] GripperOptimized:fast_loop:484 - 性能統計: 循環=4143000, 平均耗時=7.4ms, 最大耗時=51.7ms, 指令數=515
2025-07-20 15:28:35 [INFO] GripperOptimized:fast_loop:484 - 性能統計: 循環=4144000, 平均耗時=7.7ms, 最大耗時=51.7ms, 指令數=515
2025-07-20 15:28:55 [INFO] GripperOptimized:fast_loop:484 - 性能統計: 循環=4145000, 平均耗時=7.6ms, 最大耗時=51.7ms, 指令數=515
2025-07-20 15:29:16 [INFO] GripperOptimized:fast_loop:484 - 性能統計: 循環=4146000, 平均耗時=7.5ms, 最大耗時=51.7ms, 指令數=515
2025-07-20 15:29:37 [INFO] GripperOptimized:fast_loop:484 - 性能統計: 循環=4147000, 平均耗時=7.5ms, 最大耗時=51.7ms, 指令數=515
2025-07-20 15:29:57 [INFO] GripperOptimized:fast_loop:484 - 性能統計: 循環=4148000, 平均耗時=7.4ms, 最大耗時=51.7ms, 指令數=515
2025-07-20 15:30:18 [INFO] GripperOptimized:fast_loop:484 - 性能統計: 循環=4149000, 平均耗時=7.5ms, 最大耗時=51.7ms, 指令數=515
2025-07-20 15:30:38 [INFO] GripperOptimized:fast_loop:484 - 性能統計: 循環=4150000, 平均耗時=7.5ms, 最大耗時=51.7ms, 指令數=515
2025-07-20 15:30:59 [INFO] GripperOptimized:fast_loop:484 - 性能統計: 循環=4151000, 平均耗時=7.4ms, 最大耗時=51.7ms, 指令數=515
2025-07-20 15:31:20 [INFO] GripperOptimized:fast_loop:484 - 性能統計: 循環=4152000, 平均耗時=7.5ms, 最大耗時=51.7ms, 指令數=515
2025-07-20 15:31:40 [INFO] GripperOptimized:fast_loop:484 - 性能統計: 循環=4153000, 平均耗時=7.4ms, 最大耗時=51.7ms, 指令數=515
2025-07-20 15:32:01 [INFO] GripperOptimized:fast_loop:484 - 性能統計: 循環=4154000, 平均耗時=7.3ms, 最大耗時=51.7ms, 指令數=515
2025-07-20 15:32:22 [INFO] GripperOptimized:fast_loop:484 - 性能統計: 循環=4155000, 平均耗時=7.6ms, 最大耗時=51.7ms, 指令數=515
2025-07-20 15:32:42 [INFO] GripperOptimized:fast_loop:484 - 性能統計: 循環=4156000, 平均耗時=7.5ms, 最大耗時=51.7ms, 指令數=515
2025-07-20 15:33:03 [INFO] GripperOptimized:fast_loop:484 - 性能統計: 循環=4157000, 平均耗時=7.6ms, 最大耗時=51.7ms, 指令數=515
2025-07-20 15:33:23 [INFO] GripperOptimized:fast_loop:484 - 性能統計: 循環=4158000, 平均耗時=7.5ms, 最大耗時=51.7ms, 指令數=515
2025-07-20 15:33:44 [INFO] GripperOptimized:fast_loop:484 - 性能統計: 循環=4159000, 平均耗時=7.5ms, 最大耗時=51.7ms, 指令數=515
2025-07-20 15:34:05 [INFO] GripperOptimized:fast_loop:484 - 性能統計: 循環=4160000, 平均耗時=7.6ms, 最大耗時=51.7ms, 指令數=515
2025-07-20 15:34:25 [INFO] GripperOptimized:fast_loop:484 - 性能統計: 循環=4161000, 平均耗時=7.4ms, 最大耗時=51.7ms, 指令數=515
2025-07-20 15:34:46 [INFO] GripperOptimized:fast_loop:484 - 性能統計: 循環=4162000, 平均耗時=7.6ms, 最大耗時=51.7ms, 指令數=515
2025-07-20 15:35:07 [INFO] GripperOptimized:fast_loop:484 - 性能統計: 循環=4163000, 平均耗時=7.5ms, 最大耗時=51.7ms, 指令數=515
2025-07-20 15:35:27 [INFO] GripperOptimized:fast_loop:484 - 性能統計: 循環=4164000, 平均耗時=7.4ms, 最大耗時=51.7ms, 指令數=515
2025-07-20 15:35:48 [INFO] GripperOptimized:fast_loop:484 - 性能統計: 循環=4165000, 平均耗時=7.4ms, 最大耗時=51.7ms, 指令數=515
2025-07-20 15:36:09 [INFO] GripperOptimized:fast_loop:484 - 性能統計: 循環=4166000, 平均耗時=7.6ms, 最大耗時=51.7ms, 指令數=515
2025-07-20 15:36:29 [INFO] GripperOptimized:fast_loop:484 - 性能統計: 循環=4167000, 平均耗時=7.4ms, 最大耗時=51.7ms, 指令數=515
2025-07-20 15:36:50 [INFO] GripperOptimized:fast_loop:484 - 性能統計: 循環=4168000, 平均耗時=7.6ms, 最大耗時=51.7ms, 指令數=515
2025-07-20 15:37:10 [INFO] GripperOptimized:fast_loop:484 - 性能統計: 循環=4169000, 平均耗時=7.5ms, 最大耗時=51.7ms, 指令數=515
2025-07-20 15:37:31 [INFO] GripperOptimized:fast_loop:484 - 性能統計: 循環=4170000, 平均耗時=7.4ms, 最大耗時=51.7ms, 指令數=515
2025-07-20 15:37:52 [INFO] GripperOptimized:fast_loop:484 - 性能統計: 循環=4171000, 平均耗時=7.5ms, 最大耗時=51.7ms, 指令數=515
2025-07-20 15:38:12 [INFO] GripperOptimized:fast_loop:484 - 性能統計: 循環=4172000, 平均耗時=7.4ms, 最大耗時=51.7ms, 指令數=515
2025-07-20 15:38:33 [INFO] GripperOptimized:fast_loop:484 - 性能統計: 循環=4173000, 平均耗時=7.5ms, 最大耗時=51.7ms, 指令數=515
2025-07-20 15:38:54 [INFO] GripperOptimized:fast_loop:484 - 性能統計: 循環=4174000, 平均耗時=7.5ms, 最大耗時=51.7ms, 指令數=515
2025-07-20 15:39:14 [INFO] GripperOptimized:fast_loop:484 - 性能統計: 循環=4175000, 平均耗時=7.7ms, 最大耗時=51.7ms, 指令數=515
2025-07-20 15:39:35 [INFO] GripperOptimized:fast_loop:484 - 性能統計: 循環=4176000, 平均耗時=7.4ms, 最大耗時=51.7ms, 指令數=515
2025-07-20 15:39:56 [INFO] GripperOptimized:fast_loop:484 - 性能統計: 循環=4177000, 平均耗時=7.7ms, 最大耗時=51.7ms, 指令數=515
2025-07-20 15:40:16 [INFO] GripperOptimized:fast_loop:484 - 性能統計: 循環=4178000, 平均耗時=7.7ms, 最大耗時=51.7ms, 指令數=515
2025-07-20 15:40:37 [INFO] GripperOptimized:fast_loop:484 - 性能統計: 循環=4179000, 平均耗時=7.7ms, 最大耗時=51.7ms, 指令數=515
2025-07-20 15:40:57 [INFO] GripperOptimized:fast_loop:484 - 性能統計: 循環=4180000, 平均耗時=7.7ms, 最大耗時=51.7ms, 指令數=515
2025-07-20 15:41:18 [INFO] GripperOptimized:fast_loop:484 - 性能統計: 循環=4181000, 平均耗時=7.9ms, 最大耗時=51.7ms, 指令數=515
2025-07-20 15:41:39 [INFO] GripperOptimized:fast_loop:484 - 性能統計: 循環=4182000, 平均耗時=7.4ms, 最大耗時=51.7ms, 指令數=515
2025-07-20 15:41:59 [INFO] GripperOptimized:fast_loop:484 - 性能統計: 循環=4183000, 平均耗時=7.6ms, 最大耗時=51.7ms, 指令數=515
2025-07-20 15:42:20 [INFO] GripperOptimized:fast_loop:484 - 性能統計: 循環=4184000, 平均耗時=7.5ms, 最大耗時=51.7ms, 指令數=515
2025-07-20 15:42:41 [INFO] GripperOptimized:fast_loop:484 - 性能統計: 循環=4185000, 平均耗時=7.6ms, 最大耗時=51.7ms, 指令數=515
2025-07-20 15:43:01 [INFO] GripperOptimized:fast_loop:484 - 性能統計: 循環=4186000, 平均耗時=7.5ms, 最大耗時=51.7ms, 指令數=515
2025-07-20 15:43:22 [INFO] GripperOptimized:fast_loop:484 - 性能統計: 循環=4187000, 平均耗時=7.5ms, 最大耗時=51.7ms, 指令數=515
2025-07-20 15:43:43 [INFO] GripperOptimized:fast_loop:484 - 性能統計: 循環=4188000, 平均耗時=7.5ms, 最大耗時=51.7ms, 指令數=515
2025-07-20 15:44:03 [INFO] GripperOptimized:fast_loop:484 - 性能統計: 循環=4189000, 平均耗時=7.5ms, 最大耗時=51.7ms, 指令數=515
2025-07-20 15:44:24 [INFO] GripperOptimized:fast_loop:484 - 性能統計: 循環=4190000, 平均耗時=7.6ms, 最大耗時=51.7ms, 指令數=515
2025-07-20 15:44:44 [INFO] GripperOptimized:fast_loop:484 - 性能統計: 循環=4191000, 平均耗時=7.6ms, 最大耗時=51.7ms, 指令數=515
2025-07-20 15:45:05 [INFO] GripperOptimized:fast_loop:484 - 性能統計: 循環=4192000, 平均耗時=7.5ms, 最大耗時=51.7ms, 指令數=515
2025-07-20 15:45:26 [INFO] GripperOptimized:fast_loop:484 - 性能統計: 循環=4193000, 平均耗時=7.8ms, 最大耗時=51.7ms, 指令數=515
2025-07-20 15:45:46 [INFO] GripperOptimized:fast_loop:484 - 性能統計: 循環=4194000, 平均耗時=7.4ms, 最大耗時=51.7ms, 指令數=515
2025-07-20 15:46:07 [INFO] GripperOptimized:fast_loop:484 - 性能統計: 循環=4195000, 平均耗時=7.5ms, 最大耗時=51.7ms, 指令數=515
2025-07-20 15:46:28 [INFO] GripperOptimized:fast_loop:484 - 性能統計: 循環=4196000, 平均耗時=7.6ms, 最大耗時=51.7ms, 指令數=515
2025-07-20 15:46:48 [INFO] GripperOptimized:fast_loop:484 - 性能統計: 循環=4197000, 平均耗時=7.5ms, 最大耗時=51.7ms, 指令數=515
2025-07-20 15:47:09 [INFO] GripperOptimized:fast_loop:484 - 性能統計: 循環=4198000, 平均耗時=7.8ms, 最大耗時=51.7ms, 指令數=515
2025-07-20 15:47:29 [INFO] GripperOptimized:fast_loop:484 - 性能統計: 循環=4199000, 平均耗時=7.4ms, 最大耗時=51.7ms, 指令數=515
2025-07-20 15:47:50 [INFO] GripperOptimized:fast_loop:484 - 性能統計: 循環=4200000, 平均耗時=7.5ms, 最大耗時=51.7ms, 指令數=515
2025-07-20 15:48:11 [INFO] GripperOptimized:fast_loop:484 - 性能統計: 循環=4201000, 平均耗時=7.5ms, 最大耗時=51.7ms, 指令數=515
2025-07-20 15:48:31 [INFO] GripperOptimized:fast_loop:484 - 性能統計: 循環=4202000, 平均耗時=7.5ms, 最大耗時=51.7ms, 指令數=515
2025-07-20 15:48:52 [INFO] GripperOptimized:fast_loop:484 - 性能統計: 循環=4203000, 平均耗時=7.5ms, 最大耗時=51.7ms, 指令數=515
2025-07-20 15:49:13 [INFO] GripperOptimized:fast_loop:484 - 性能統計: 循環=4204000, 平均耗時=7.5ms, 最大耗時=51.7ms, 指令數=515
2025-07-20 15:49:33 [INFO] GripperOptimized:fast_loop:484 - 性能統計: 循環=4205000, 平均耗時=7.7ms, 最大耗時=51.7ms, 指令數=515
2025-07-20 15:49:54 [INFO] GripperOptimized:fast_loop:484 - 性能統計: 循環=4206000, 平均耗時=7.6ms, 最大耗時=51.7ms, 指令數=515
2025-07-20 15:50:15 [INFO] GripperOptimized:fast_loop:484 - 性能統計: 循環=4207000, 平均耗時=7.7ms, 最大耗時=51.7ms, 指令數=515
2025-07-20 15:50:35 [INFO] GripperOptimized:fast_loop:484 - 性能統計: 循環=4208000, 平均耗時=7.6ms, 最大耗時=51.7ms, 指令數=515
2025-07-20 15:50:56 [INFO] GripperOptimized:fast_loop:484 - 性能統計: 循環=4209000, 平均耗時=7.7ms, 最大耗時=51.7ms, 指令數=515
2025-07-20 15:51:16 [INFO] GripperOptimized:fast_loop:484 - 性能統計: 循環=4210000, 平均耗時=7.5ms, 最大耗時=51.7ms, 指令數=515
2025-07-20 15:51:37 [INFO] GripperOptimized:fast_loop:484 - 性能統計: 循環=4211000, 平均耗時=7.7ms, 最大耗時=51.7ms, 指令數=515
2025-07-20 15:51:58 [INFO] GripperOptimized:fast_loop:484 - 性能統計: 循環=4212000, 平均耗時=7.6ms, 最大耗時=51.7ms, 指令數=515
2025-07-20 15:52:18 [INFO] GripperOptimized:fast_loop:484 - 性能統計: 循環=4213000, 平均耗時=7.8ms, 最大耗時=51.7ms, 指令數=515
2025-07-20 15:52:39 [INFO] GripperOptimized:fast_loop:484 - 性能統計: 循環=4214000, 平均耗時=7.7ms, 最大耗時=51.7ms, 指令數=515
2025-07-20 15:52:59 [INFO] GripperOptimized:fast_loop:484 - 性能統計: 循環=4215000, 平均耗時=7.7ms, 最大耗時=51.7ms, 指令數=515
2025-07-20 15:53:20 [INFO] GripperOptimized:fast_loop:484 - 性能統計: 循環=4216000, 平均耗時=7.5ms, 最大耗時=51.7ms, 指令數=515
2025-07-20 15:53:41 [INFO] GripperOptimized:fast_loop:484 - 性能統計: 循環=4217000, 平均耗時=7.6ms, 最大耗時=51.7ms, 指令數=515
2025-07-20 15:54:01 [INFO] GripperOptimized:fast_loop:484 - 性能統計: 循環=4218000, 平均耗時=7.4ms, 最大耗時=51.7ms, 指令數=515
2025-07-20 15:54:22 [INFO] GripperOptimized:fast_loop:484 - 性能統計: 循環=4219000, 平均耗時=7.7ms, 最大耗時=51.7ms, 指令數=515
2025-07-20 15:54:42 [INFO] GripperOptimized:fast_loop:484 - 性能統計: 循環=4220000, 平均耗時=7.7ms, 最大耗時=51.7ms, 指令數=515
2025-07-20 15:55:03 [INFO] GripperOptimized:fast_loop:484 - 性能統計: 循環=4221000, 平均耗時=7.7ms, 最大耗時=51.7ms, 指令數=515
2025-07-20 15:55:24 [INFO] GripperOptimized:fast_loop:484 - 性能統計: 循環=4222000, 平均耗時=7.4ms, 最大耗時=51.7ms, 指令數=515
2025-07-20 15:55:44 [INFO] GripperOptimized:fast_loop:484 - 性能統計: 循環=4223000, 平均耗時=7.6ms, 最大耗時=51.7ms, 指令數=515
2025-07-20 15:56:05 [INFO] GripperOptimized:fast_loop:484 - 性能統計: 循環=4224000, 平均耗時=7.6ms, 最大耗時=51.7ms, 指令數=515
2025-07-20 15:56:26 [INFO] GripperOptimized:fast_loop:484 - 性能統計: 循環=4225000, 平均耗時=7.5ms, 最大耗時=51.7ms, 指令數=515
2025-07-20 15:56:46 [INFO] GripperOptimized:fast_loop:484 - 性能統計: 循環=4226000, 平均耗時=7.5ms, 最大耗時=51.7ms, 指令數=515
2025-07-20 15:57:07 [INFO] GripperOptimized:fast_loop:484 - 性能統計: 循環=4227000, 平均耗時=7.7ms, 最大耗時=51.7ms, 指令數=515
2025-07-20 15:57:27 [INFO] GripperOptimized:fast_loop:484 - 性能統計: 循環=4228000, 平均耗時=7.5ms, 最大耗時=51.7ms, 指令數=515
2025-07-20 15:57:48 [INFO] GripperOptimized:fast_loop:484 - 性能統計: 循環=4229000, 平均耗時=7.6ms, 最大耗時=51.7ms, 指令數=515
2025-07-20 15:58:08 [INFO] GripperOptimized:fast_loop:484 - 性能統計: 循環=4230000, 平均耗時=7.6ms, 最大耗時=51.7ms, 指令數=515
2025-07-20 15:58:29 [INFO] GripperOptimized:fast_loop:484 - 性能統計: 循環=4231000, 平均耗時=7.6ms, 最大耗時=51.7ms, 指令數=515
2025-07-20 15:58:50 [INFO] GripperOptimized:fast_loop:484 - 性能統計: 循環=4232000, 平均耗時=7.6ms, 最大耗時=51.7ms, 指令數=515
2025-07-20 15:59:10 [INFO] GripperOptimized:fast_loop:484 - 性能統計: 循環=4233000, 平均耗時=7.6ms, 最大耗時=51.7ms, 指令數=515
2025-07-20 15:59:31 [INFO] GripperOptimized:fast_loop:484 - 性能統計: 循環=4234000, 平均耗時=7.6ms, 最大耗時=51.7ms, 指令數=515
2025-07-20 15:59:51 [INFO] GripperOptimized:fast_loop:484 - 性能統計: 循環=4235000, 平均耗時=7.5ms, 最大耗時=51.7ms, 指令數=515
2025-07-20 16:00:12 [INFO] GripperOptimized:fast_loop:484 - 性能統計: 循環=4236000, 平均耗時=7.8ms, 最大耗時=51.7ms, 指令數=515
2025-07-20 16:00:33 [INFO] GripperOptimized:fast_loop:484 - 性能統計: 循環=4237000, 平均耗時=7.6ms, 最大耗時=51.7ms, 指令數=515
2025-07-20 16:00:53 [INFO] GripperOptimized:fast_loop:484 - 性能統計: 循環=4238000, 平均耗時=7.7ms, 最大耗時=51.7ms, 指令數=515
2025-07-20 16:01:14 [INFO] GripperOptimized:fast_loop:484 - 性能統計: 循環=4239000, 平均耗時=7.6ms, 最大耗時=51.7ms, 指令數=515
2025-07-20 16:01:34 [INFO] GripperOptimized:fast_loop:484 - 性能統計: 循環=4240000, 平均耗時=7.8ms, 最大耗時=51.7ms, 指令數=515
2025-07-20 16:01:55 [INFO] GripperOptimized:fast_loop:484 - 性能統計: 循環=4241000, 平均耗時=7.5ms, 最大耗時=51.7ms, 指令數=515
2025-07-20 16:02:16 [INFO] GripperOptimized:fast_loop:484 - 性能統計: 循環=4242000, 平均耗時=7.9ms, 最大耗時=51.7ms, 指令數=515
2025-07-20 16:02:36 [INFO] GripperOptimized:fast_loop:484 - 性能統計: 循環=4243000, 平均耗時=7.6ms, 最大耗時=51.7ms, 指令數=515
2025-07-20 16:02:57 [INFO] GripperOptimized:fast_loop:484 - 性能統計: 循環=4244000, 平均耗時=7.6ms, 最大耗時=51.7ms, 指令數=515
2025-07-20 16:03:18 [INFO] GripperOptimized:fast_loop:484 - 性能統計: 循環=4245000, 平均耗時=7.6ms, 最大耗時=51.7ms, 指令數=515
2025-07-20 16:03:38 [INFO] GripperOptimized:fast_loop:484 - 性能統計: 循環=4246000, 平均耗時=7.5ms, 最大耗時=51.7ms, 指令數=515
2025-07-20 16:03:59 [INFO] GripperOptimized:fast_loop:484 - 性能統計: 循環=4247000, 平均耗時=7.8ms, 最大耗時=51.7ms, 指令數=515
2025-07-20 16:04:19 [INFO] GripperOptimized:fast_loop:484 - 性能統計: 循環=4248000, 平均耗時=7.4ms, 最大耗時=51.7ms, 指令數=515
2025-07-20 16:04:40 [INFO] GripperOptimized:fast_loop:484 - 性能統計: 循環=4249000, 平均耗時=7.6ms, 最大耗時=51.7ms, 指令數=515
2025-07-20 16:05:01 [INFO] GripperOptimized:fast_loop:484 - 性能統計: 循環=4250000, 平均耗時=7.4ms, 最大耗時=51.7ms, 指令數=515
2025-07-20 16:05:21 [INFO] GripperOptimized:fast_loop:484 - 性能統計: 循環=4251000, 平均耗時=7.9ms, 最大耗時=51.7ms, 指令數=515
2025-07-20 16:05:42 [INFO] GripperOptimized:fast_loop:484 - 性能統計: 循環=4252000, 平均耗時=7.6ms, 最大耗時=51.7ms, 指令數=515
2025-07-20 16:06:02 [INFO] GripperOptimized:fast_loop:484 - 性能統計: 循環=4253000, 平均耗時=7.6ms, 最大耗時=51.7ms, 指令數=515
2025-07-20 16:06:23 [INFO] GripperOptimized:fast_loop:484 - 性能統計: 循環=4254000, 平均耗時=7.5ms, 最大耗時=51.7ms, 指令數=515
2025-07-20 16:06:44 [INFO] GripperOptimized:fast_loop:484 - 性能統計: 循環=4255000, 平均耗時=7.5ms, 最大耗時=51.7ms, 指令數=515
2025-07-20 16:07:04 [INFO] GripperOptimized:fast_loop:484 - 性能統計: 循環=4256000, 平均耗時=7.5ms, 最大耗時=51.7ms, 指令數=515
2025-07-20 16:07:25 [INFO] GripperOptimized:fast_loop:484 - 性能統計: 循環=4257000, 平均耗時=7.4ms, 最大耗時=51.7ms, 指令數=515
2025-07-20 16:07:45 [INFO] GripperOptimized:fast_loop:484 - 性能統計: 循環=4258000, 平均耗時=7.5ms, 最大耗時=51.7ms, 指令數=515
2025-07-20 16:08:06 [INFO] GripperOptimized:fast_loop:484 - 性能統計: 循環=4259000, 平均耗時=7.5ms, 最大耗時=51.7ms, 指令數=515
2025-07-20 16:08:27 [INFO] GripperOptimized:fast_loop:484 - 性能統計: 循環=4260000, 平均耗時=7.6ms, 最大耗時=51.7ms, 指令數=515
2025-07-20 16:08:47 [INFO] GripperOptimized:fast_loop:484 - 性能統計: 循環=4261000, 平均耗時=7.6ms, 最大耗時=51.7ms, 指令數=515
2025-07-20 16:09:08 [INFO] GripperOptimized:fast_loop:484 - 性能統計: 循環=4262000, 平均耗時=7.5ms, 最大耗時=51.7ms, 指令數=515
2025-07-20 16:09:28 [INFO] GripperOptimized:fast_loop:484 - 性能統計: 循環=4263000, 平均耗時=7.6ms, 最大耗時=51.7ms, 指令數=515
2025-07-20 16:09:49 [INFO] GripperOptimized:fast_loop:484 - 性能統計: 循環=4264000, 平均耗時=7.5ms, 最大耗時=51.7ms, 指令數=515
2025-07-20 16:10:10 [INFO] GripperOptimized:fast_loop:484 - 性能統計: 循環=4265000, 平均耗時=7.9ms, 最大耗時=51.7ms, 指令數=515
2025-07-20 16:10:30 [INFO] GripperOptimized:fast_loop:484 - 性能統計: 循環=4266000, 平均耗時=7.7ms, 最大耗時=51.7ms, 指令數=515
2025-07-20 16:10:51 [INFO] GripperOptimized:fast_loop:484 - 性能統計: 循環=4267000, 平均耗時=7.7ms, 最大耗時=51.7ms, 指令數=515
2025-07-20 16:11:11 [INFO] GripperOptimized:fast_loop:484 - 性能統計: 循環=4268000, 平均耗時=7.5ms, 最大耗時=51.7ms, 指令數=515
2025-07-20 16:11:32 [INFO] GripperOptimized:fast_loop:484 - 性能統計: 循環=4269000, 平均耗時=7.6ms, 最大耗時=51.7ms, 指令數=515
2025-07-20 16:11:53 [INFO] GripperOptimized:fast_loop:484 - 性能統計: 循環=4270000, 平均耗時=7.4ms, 最大耗時=51.7ms, 指令數=515
2025-07-20 16:12:13 [INFO] GripperOptimized:fast_loop:484 - 性能統計: 循環=4271000, 平均耗時=7.6ms, 最大耗時=51.7ms, 指令數=515
2025-07-20 16:12:34 [INFO] GripperOptimized:fast_loop:484 - 性能統計: 循環=4272000, 平均耗時=7.6ms, 最大耗時=51.7ms, 指令數=515
2025-07-20 16:12:54 [INFO] GripperOptimized:fast_loop:484 - 性能統計: 循環=4273000, 平均耗時=7.6ms, 最大耗時=51.7ms, 指令數=515
2025-07-20 16:13:15 [INFO] GripperOptimized:fast_loop:484 - 性能統計: 循環=4274000, 平均耗時=7.8ms, 最大耗時=51.7ms, 指令數=515
2025-07-20 16:13:36 [INFO] GripperOptimized:fast_loop:484 - 性能統計: 循環=4275000, 平均耗時=7.6ms, 最大耗時=51.7ms, 指令數=515
2025-07-20 16:13:56 [INFO] GripperOptimized:fast_loop:484 - 性能統計: 循環=4276000, 平均耗時=7.7ms, 最大耗時=51.7ms, 指令數=515
2025-07-20 16:14:17 [INFO] GripperOptimized:fast_loop:484 - 性能統計: 循環=4277000, 平均耗時=7.6ms, 最大耗時=51.7ms, 指令數=515
2025-07-20 16:14:37 [INFO] GripperOptimized:fast_loop:484 - 性能統計: 循環=4278000, 平均耗時=7.6ms, 最大耗時=51.7ms, 指令數=515
2025-07-20 16:14:58 [INFO] GripperOptimized:fast_loop:484 - 性能統計: 循環=4279000, 平均耗時=7.5ms, 最大耗時=51.7ms, 指令數=515
2025-07-20 16:15:19 [INFO] GripperOptimized:fast_loop:484 - 性能統計: 循環=4280000, 平均耗時=7.7ms, 最大耗時=51.7ms, 指令數=515
2025-07-20 16:15:39 [INFO] GripperOptimized:fast_loop:484 - 性能統計: 循環=4281000, 平均耗時=7.6ms, 最大耗時=51.7ms, 指令數=515
2025-07-20 16:16:00 [INFO] GripperOptimized:fast_loop:484 - 性能統計: 循環=4282000, 平均耗時=7.6ms, 最大耗時=51.7ms, 指令數=515
2025-07-20 16:16:20 [INFO] GripperOptimized:fast_loop:484 - 性能統計: 循環=4283000, 平均耗時=7.6ms, 最大耗時=51.7ms, 指令數=515
2025-07-20 16:16:41 [INFO] GripperOptimized:fast_loop:484 - 性能統計: 循環=4284000, 平均耗時=7.8ms, 最大耗時=51.7ms, 指令數=515
2025-07-20 16:17:02 [INFO] GripperOptimized:fast_loop:484 - 性能統計: 循環=4285000, 平均耗時=7.6ms, 最大耗時=51.7ms, 指令數=515
2025-07-20 16:17:22 [INFO] GripperOptimized:fast_loop:484 - 性能統計: 循環=4286000, 平均耗時=7.6ms, 最大耗時=51.7ms, 指令數=515
2025-07-20 16:17:43 [INFO] GripperOptimized:fast_loop:484 - 性能統計: 循環=4287000, 平均耗時=7.6ms, 最大耗時=51.7ms, 指令數=515
2025-07-20 16:18:03 [INFO] GripperOptimized:fast_loop:484 - 性能統計: 循環=4288000, 平均耗時=7.6ms, 最大耗時=51.7ms, 指令數=515
2025-07-20 16:18:24 [INFO] GripperOptimized:fast_loop:484 - 性能統計: 循環=4289000, 平均耗時=7.5ms, 最大耗時=51.7ms, 指令數=515
2025-07-20 16:18:45 [INFO] GripperOptimized:fast_loop:484 - 性能統計: 循環=4290000, 平均耗時=7.8ms, 最大耗時=51.7ms, 指令數=515
2025-07-20 16:19:05 [INFO] GripperOptimized:fast_loop:484 - 性能統計: 循環=4291000, 平均耗時=7.6ms, 最大耗時=51.7ms, 指令數=515
2025-07-20 16:19:26 [INFO] GripperOptimized:fast_loop:484 - 性能統計: 循環=4292000, 平均耗時=7.6ms, 最大耗時=51.7ms, 指令數=515
2025-07-20 16:19:46 [INFO] GripperOptimized:fast_loop:484 - 性能統計: 循環=4293000, 平均耗時=7.3ms, 最大耗時=51.7ms, 指令數=515
2025-07-20 16:20:07 [INFO] GripperOptimized:fast_loop:484 - 性能統計: 循環=4294000, 平均耗時=7.7ms, 最大耗時=51.7ms, 指令數=515
2025-07-20 16:20:28 [INFO] GripperOptimized:fast_loop:484 - 性能統計: 循環=4295000, 平均耗時=7.6ms, 最大耗時=51.7ms, 指令數=515
2025-07-20 16:20:48 [INFO] GripperOptimized:fast_loop:484 - 性能統計: 循環=4296000, 平均耗時=7.7ms, 最大耗時=51.7ms, 指令數=515
2025-07-20 16:21:09 [INFO] GripperOptimized:fast_loop:484 - 性能統計: 循環=4297000, 平均耗時=7.5ms, 最大耗時=51.7ms, 指令數=515
2025-07-20 16:21:29 [INFO] GripperOptimized:fast_loop:484 - 性能統計: 循環=4298000, 平均耗時=7.6ms, 最大耗時=51.7ms, 指令數=515
2025-07-20 16:21:50 [INFO] GripperOptimized:fast_loop:484 - 性能統計: 循環=4299000, 平均耗時=7.4ms, 最大耗時=51.7ms, 指令數=515
2025-07-20 16:22:11 [INFO] GripperOptimized:fast_loop:484 - 性能統計: 循環=4300000, 平均耗時=7.4ms, 最大耗時=51.7ms, 指令數=515
2025-07-20 16:22:31 [INFO] GripperOptimized:fast_loop:484 - 性能統計: 循環=4301000, 平均耗時=7.8ms, 最大耗時=51.7ms, 指令數=515
2025-07-20 16:22:52 [INFO] GripperOptimized:fast_loop:484 - 性能統計: 循環=4302000, 平均耗時=7.6ms, 最大耗時=51.7ms, 指令數=515
2025-07-20 16:23:12 [INFO] GripperOptimized:fast_loop:484 - 性能統計: 循環=4303000, 平均耗時=7.6ms, 最大耗時=51.7ms, 指令數=515
2025-07-20 16:23:33 [INFO] GripperOptimized:fast_loop:484 - 性能統計: 循環=4304000, 平均耗時=7.5ms, 最大耗時=51.7ms, 指令數=515
2025-07-20 16:23:54 [INFO] GripperOptimized:fast_loop:484 - 性能統計: 循環=4305000, 平均耗時=7.4ms, 最大耗時=51.7ms, 指令數=515
2025-07-20 16:24:14 [INFO] GripperOptimized:fast_loop:484 - 性能統計: 循環=4306000, 平均耗時=7.6ms, 最大耗時=51.7ms, 指令數=515
2025-07-20 16:24:35 [INFO] GripperOptimized:fast_loop:484 - 性能統計: 循環=4307000, 平均耗時=7.7ms, 最大耗時=51.7ms, 指令數=515
2025-07-20 16:24:55 [INFO] GripperOptimized:fast_loop:484 - 性能統計: 循環=4308000, 平均耗時=7.7ms, 最大耗時=51.7ms, 指令數=515
2025-07-20 16:25:16 [INFO] GripperOptimized:fast_loop:484 - 性能統計: 循環=4309000, 平均耗時=7.5ms, 最大耗時=51.7ms, 指令數=515
2025-07-20 16:25:37 [INFO] GripperOptimized:fast_loop:484 - 性能統計: 循環=4310000, 平均耗時=7.8ms, 最大耗時=51.7ms, 指令數=515
2025-07-20 16:25:57 [INFO] GripperOptimized:fast_loop:484 - 性能統計: 循環=4311000, 平均耗時=7.8ms, 最大耗時=51.7ms, 指令數=515
2025-07-20 16:26:18 [INFO] GripperOptimized:fast_loop:484 - 性能統計: 循環=4312000, 平均耗時=7.6ms, 最大耗時=51.7ms, 指令數=515
2025-07-20 16:26:38 [INFO] GripperOptimized:fast_loop:484 - 性能統計: 循環=4313000, 平均耗時=7.5ms, 最大耗時=51.7ms, 指令數=515
2025-07-20 16:26:59 [INFO] GripperOptimized:fast_loop:484 - 性能統計: 循環=4314000, 平均耗時=7.7ms, 最大耗時=51.7ms, 指令數=515
2025-07-20 16:27:20 [INFO] GripperOptimized:fast_loop:484 - 性能統計: 循環=4315000, 平均耗時=7.8ms, 最大耗時=51.7ms, 指令數=515
2025-07-20 16:27:40 [INFO] GripperOptimized:fast_loop:484 - 性能統計: 循環=4316000, 平均耗時=7.7ms, 最大耗時=51.7ms, 指令數=515
2025-07-20 16:28:01 [INFO] GripperOptimized:fast_loop:484 - 性能統計: 循環=4317000, 平均耗時=7.6ms, 最大耗時=51.7ms, 指令數=515
2025-07-20 16:28:22 [INFO] GripperOptimized:fast_loop:484 - 性能統計: 循環=4318000, 平均耗時=7.7ms, 最大耗時=51.7ms, 指令數=515
2025-07-20 16:28:42 [INFO] GripperOptimized:fast_loop:484 - 性能統計: 循環=4319000, 平均耗時=7.5ms, 最大耗時=51.7ms, 指令數=515
2025-07-20 16:29:03 [INFO] GripperOptimized:fast_loop:484 - 性能統計: 循環=4320000, 平均耗時=7.6ms, 最大耗時=51.7ms, 指令數=515
2025-07-20 16:29:23 [INFO] GripperOptimized:fast_loop:484 - 性能統計: 循環=4321000, 平均耗時=7.3ms, 最大耗時=51.7ms, 指令數=515
2025-07-20 16:29:44 [INFO] GripperOptimized:fast_loop:484 - 性能統計: 循環=4322000, 平均耗時=7.7ms, 最大耗時=51.7ms, 指令數=515
2025-07-20 16:30:05 [INFO] GripperOptimized:fast_loop:484 - 性能統計: 循環=4323000, 平均耗時=7.7ms, 最大耗時=51.7ms, 指令數=515
2025-07-20 16:30:25 [INFO] GripperOptimized:fast_loop:484 - 性能統計: 循環=4324000, 平均耗時=7.7ms, 最大耗時=51.7ms, 指令數=515
2025-07-20 16:30:46 [INFO] GripperOptimized:fast_loop:484 - 性能統計: 循環=4325000, 平均耗時=7.5ms, 最大耗時=51.7ms, 指令數=515
2025-07-20 16:31:06 [INFO] GripperOptimized:fast_loop:484 - 性能統計: 循環=4326000, 平均耗時=7.4ms, 最大耗時=51.7ms, 指令數=515
2025-07-20 16:31:27 [INFO] GripperOptimized:fast_loop:484 - 性能統計: 循環=4327000, 平均耗時=7.6ms, 最大耗時=51.7ms, 指令數=515
2025-07-20 16:31:48 [INFO] GripperOptimized:fast_loop:484 - 性能統計: 循環=4328000, 平均耗時=7.6ms, 最大耗時=51.7ms, 指令數=515
2025-07-20 16:32:08 [INFO] GripperOptimized:fast_loop:484 - 性能統計: 循環=4329000, 平均耗時=7.6ms, 最大耗時=51.7ms, 指令數=515
2025-07-20 16:32:29 [INFO] GripperOptimized:fast_loop:484 - 性能統計: 循環=4330000, 平均耗時=7.4ms, 最大耗時=51.7ms, 指令數=515
2025-07-20 16:32:49 [INFO] GripperOptimized:fast_loop:484 - 性能統計: 循環=4331000, 平均耗時=7.5ms, 最大耗時=51.7ms, 指令數=515
2025-07-20 16:33:10 [INFO] GripperOptimized:fast_loop:484 - 性能統計: 循環=4332000, 平均耗時=7.5ms, 最大耗時=51.7ms, 指令數=515
2025-07-20 16:33:30 [INFO] GripperOptimized:fast_loop:484 - 性能統計: 循環=4333000, 平均耗時=7.8ms, 最大耗時=51.7ms, 指令數=515
2025-07-20 16:33:51 [INFO] GripperOptimized:fast_loop:484 - 性能統計: 循環=4334000, 平均耗時=7.3ms, 最大耗時=51.7ms, 指令數=515
2025-07-20 16:34:12 [INFO] GripperOptimized:fast_loop:484 - 性能統計: 循環=4335000, 平均耗時=7.6ms, 最大耗時=51.7ms, 指令數=515
2025-07-20 16:34:32 [INFO] GripperOptimized:fast_loop:484 - 性能統計: 循環=4336000, 平均耗時=7.5ms, 最大耗時=51.7ms, 指令數=515
2025-07-20 16:34:53 [INFO] GripperOptimized:fast_loop:484 - 性能統計: 循環=4337000, 平均耗時=7.5ms, 最大耗時=51.7ms, 指令數=515
2025-07-20 16:35:13 [INFO] GripperOptimized:fast_loop:484 - 性能統計: 循環=4338000, 平均耗時=7.7ms, 最大耗時=51.7ms, 指令數=515
2025-07-20 16:35:34 [INFO] GripperOptimized:fast_loop:484 - 性能統計: 循環=4339000, 平均耗時=7.4ms, 最大耗時=51.7ms, 指令數=515
2025-07-20 16:35:55 [INFO] GripperOptimized:fast_loop:484 - 性能統計: 循環=4340000, 平均耗時=7.5ms, 最大耗時=51.7ms, 指令數=515
2025-07-20 16:36:15 [INFO] GripperOptimized:fast_loop:484 - 性能統計: 循環=4341000, 平均耗時=7.8ms, 最大耗時=51.7ms, 指令數=515
2025-07-20 16:36:36 [INFO] GripperOptimized:fast_loop:484 - 性能統計: 循環=4342000, 平均耗時=7.6ms, 最大耗時=51.7ms, 指令數=515
2025-07-20 16:36:56 [INFO] GripperOptimized:fast_loop:484 - 性能統計: 循環=4343000, 平均耗時=7.4ms, 最大耗時=51.7ms, 指令數=515
2025-07-20 16:37:17 [INFO] GripperOptimized:fast_loop:484 - 性能統計: 循環=4344000, 平均耗時=7.8ms, 最大耗時=51.7ms, 指令數=515
2025-07-20 16:37:38 [INFO] GripperOptimized:fast_loop:484 - 性能統計: 循環=4345000, 平均耗時=7.7ms, 最大耗時=51.7ms, 指令數=515
2025-07-20 16:37:58 [INFO] GripperOptimized:fast_loop:484 - 性能統計: 循環=4346000, 平均耗時=7.7ms, 最大耗時=51.7ms, 指令數=515
2025-07-20 16:38:19 [INFO] GripperOptimized:fast_loop:484 - 性能統計: 循環=4347000, 平均耗時=7.6ms, 最大耗時=51.7ms, 指令數=515
2025-07-20 16:38:39 [INFO] GripperOptimized:fast_loop:484 - 性能統計: 循環=4348000, 平均耗時=7.3ms, 最大耗時=51.7ms, 指令數=515
2025-07-20 16:39:00 [INFO] GripperOptimized:fast_loop:484 - 性能統計: 循環=4349000, 平均耗時=7.5ms, 最大耗時=51.7ms, 指令數=515
2025-07-20 16:39:21 [INFO] GripperOptimized:fast_loop:484 - 性能統計: 循環=4350000, 平均耗時=7.5ms, 最大耗時=51.7ms, 指令數=515
2025-07-20 16:39:41 [INFO] GripperOptimized:fast_loop:484 - 性能統計: 循環=4351000, 平均耗時=7.7ms, 最大耗時=51.7ms, 指令數=515
2025-07-20 16:40:02 [INFO] GripperOptimized:fast_loop:484 - 性能統計: 循環=4352000, 平均耗時=7.4ms, 最大耗時=51.7ms, 指令數=515
2025-07-20 16:40:22 [INFO] GripperOptimized:fast_loop:484 - 性能統計: 循環=4353000, 平均耗時=7.4ms, 最大耗時=51.7ms, 指令數=515
2025-07-20 16:40:43 [INFO] GripperOptimized:fast_loop:484 - 性能統計: 循環=4354000, 平均耗時=7.8ms, 最大耗時=51.7ms, 指令數=515
2025-07-20 16:41:04 [INFO] GripperOptimized:fast_loop:484 - 性能統計: 循環=4355000, 平均耗時=7.7ms, 最大耗時=51.7ms, 指令數=515
2025-07-20 16:41:24 [INFO] GripperOptimized:fast_loop:484 - 性能統計: 循環=4356000, 平均耗時=7.4ms, 最大耗時=51.7ms, 指令數=515
2025-07-20 16:41:45 [INFO] GripperOptimized:fast_loop:484 - 性能統計: 循環=4357000, 平均耗時=7.2ms, 最大耗時=51.7ms, 指令數=515
2025-07-20 16:42:05 [INFO] GripperOptimized:fast_loop:484 - 性能統計: 循環=4358000, 平均耗時=7.5ms, 最大耗時=51.7ms, 指令數=515
2025-07-20 16:42:26 [INFO] GripperOptimized:fast_loop:484 - 性能統計: 循環=4359000, 平均耗時=7.5ms, 最大耗時=51.7ms, 指令數=515
2025-07-20 16:42:47 [INFO] GripperOptimized:fast_loop:484 - 性能統計: 循環=4360000, 平均耗時=7.6ms, 最大耗時=51.7ms, 指令數=515
2025-07-20 16:43:07 [INFO] GripperOptimized:fast_loop:484 - 性能統計: 循環=4361000, 平均耗時=7.7ms, 最大耗時=51.7ms, 指令數=515
2025-07-20 16:43:28 [INFO] GripperOptimized:fast_loop:484 - 性能統計: 循環=4362000, 平均耗時=7.6ms, 最大耗時=51.7ms, 指令數=515
2025-07-20 16:43:49 [INFO] GripperOptimized:fast_loop:484 - 性能統計: 循環=4363000, 平均耗時=7.6ms, 最大耗時=51.7ms, 指令數=515
2025-07-20 16:44:09 [INFO] GripperOptimized:fast_loop:484 - 性能統計: 循環=4364000, 平均耗時=7.4ms, 最大耗時=51.7ms, 指令數=515
2025-07-20 16:44:30 [INFO] GripperOptimized:fast_loop:484 - 性能統計: 循環=4365000, 平均耗時=7.7ms, 最大耗時=51.7ms, 指令數=515
2025-07-20 16:44:50 [INFO] GripperOptimized:fast_loop:484 - 性能統計: 循環=4366000, 平均耗時=7.5ms, 最大耗時=51.7ms, 指令數=515
2025-07-20 16:45:11 [INFO] GripperOptimized:fast_loop:484 - 性能統計: 循環=4367000, 平均耗時=7.7ms, 最大耗時=51.7ms, 指令數=515
2025-07-20 16:45:32 [INFO] GripperOptimized:fast_loop:484 - 性能統計: 循環=4368000, 平均耗時=7.3ms, 最大耗時=51.7ms, 指令數=515
2025-07-20 16:45:52 [INFO] GripperOptimized:fast_loop:484 - 性能統計: 循環=4369000, 平均耗時=7.6ms, 最大耗時=51.7ms, 指令數=515
2025-07-20 16:46:13 [INFO] GripperOptimized:fast_loop:484 - 性能統計: 循環=4370000, 平均耗時=7.5ms, 最大耗時=51.7ms, 指令數=515
2025-07-20 16:46:33 [INFO] GripperOptimized:fast_loop:484 - 性能統計: 循環=4371000, 平均耗時=7.5ms, 最大耗時=51.7ms, 指令數=515
2025-07-20 16:46:54 [INFO] GripperOptimized:fast_loop:484 - 性能統計: 循環=4372000, 平均耗時=7.6ms, 最大耗時=51.7ms, 指令數=515
2025-07-20 16:47:15 [INFO] GripperOptimized:fast_loop:484 - 性能統計: 循環=4373000, 平均耗時=7.5ms, 最大耗時=51.7ms, 指令數=515
2025-07-20 16:47:35 [INFO] GripperOptimized:fast_loop:484 - 性能統計: 循環=4374000, 平均耗時=7.8ms, 最大耗時=51.7ms, 指令數=515
2025-07-20 16:47:56 [INFO] GripperOptimized:fast_loop:484 - 性能統計: 循環=4375000, 平均耗時=7.6ms, 最大耗時=51.7ms, 指令數=515
2025-07-20 16:48:16 [INFO] GripperOptimized:fast_loop:484 - 性能統計: 循環=4376000, 平均耗時=7.7ms, 最大耗時=51.7ms, 指令數=515
2025-07-20 16:48:37 [INFO] GripperOptimized:fast_loop:484 - 性能統計: 循環=4377000, 平均耗時=7.4ms, 最大耗時=51.7ms, 指令數=515
2025-07-20 16:48:58 [INFO] GripperOptimized:fast_loop:484 - 性能統計: 循環=4378000, 平均耗時=7.5ms, 最大耗時=51.7ms, 指令數=515
2025-07-20 16:49:18 [INFO] GripperOptimized:fast_loop:484 - 性能統計: 循環=4379000, 平均耗時=7.6ms, 最大耗時=51.7ms, 指令數=515
2025-07-20 16:49:39 [INFO] GripperOptimized:fast_loop:484 - 性能統計: 循環=4380000, 平均耗時=7.8ms, 最大耗時=51.7ms, 指令數=515
2025-07-20 16:49:59 [INFO] GripperOptimized:fast_loop:484 - 性能統計: 循環=4381000, 平均耗時=7.4ms, 最大耗時=51.7ms, 指令數=515
2025-07-20 16:50:20 [INFO] GripperOptimized:fast_loop:484 - 性能統計: 循環=4382000, 平均耗時=7.5ms, 最大耗時=51.7ms, 指令數=515
2025-07-20 16:50:40 [INFO] GripperOptimized:fast_loop:484 - 性能統計: 循環=4383000, 平均耗時=7.5ms, 最大耗時=51.7ms, 指令數=515
2025-07-20 16:51:01 [INFO] GripperOptimized:fast_loop:484 - 性能統計: 循環=4384000, 平均耗時=7.5ms, 最大耗時=51.7ms, 指令數=515
2025-07-20 16:51:22 [INFO] GripperOptimized:fast_loop:484 - 性能統計: 循環=4385000, 平均耗時=7.5ms, 最大耗時=51.7ms, 指令數=515
2025-07-20 16:51:42 [INFO] GripperOptimized:fast_loop:484 - 性能統計: 循環=4386000, 平均耗時=7.8ms, 最大耗時=51.7ms, 指令數=515
2025-07-20 16:52:03 [INFO] GripperOptimized:fast_loop:484 - 性能統計: 循環=4387000, 平均耗時=7.5ms, 最大耗時=51.7ms, 指令數=515
2025-07-20 16:52:23 [INFO] GripperOptimized:fast_loop:484 - 性能統計: 循環=4388000, 平均耗時=7.7ms, 最大耗時=51.7ms, 指令數=515
2025-07-20 16:52:44 [INFO] GripperOptimized:fast_loop:484 - 性能統計: 循環=4389000, 平均耗時=7.5ms, 最大耗時=51.7ms, 指令數=515
2025-07-20 16:53:05 [INFO] GripperOptimized:fast_loop:484 - 性能統計: 循環=4390000, 平均耗時=7.6ms, 最大耗時=51.7ms, 指令數=515
2025-07-20 16:53:25 [INFO] GripperOptimized:fast_loop:484 - 性能統計: 循環=4391000, 平均耗時=7.6ms, 最大耗時=51.7ms, 指令數=515
2025-07-20 16:53:46 [INFO] GripperOptimized:fast_loop:484 - 性能統計: 循環=4392000, 平均耗時=7.7ms, 最大耗時=51.7ms, 指令數=515
2025-07-20 16:54:06 [INFO] GripperOptimized:fast_loop:484 - 性能統計: 循環=4393000, 平均耗時=7.5ms, 最大耗時=51.7ms, 指令數=515
2025-07-20 16:54:27 [INFO] GripperOptimized:fast_loop:484 - 性能統計: 循環=4394000, 平均耗時=7.4ms, 最大耗時=51.7ms, 指令數=515
2025-07-20 16:54:48 [INFO] GripperOptimized:fast_loop:484 - 性能統計: 循環=4395000, 平均耗時=7.7ms, 最大耗時=51.7ms, 指令數=515
2025-07-20 16:55:08 [INFO] GripperOptimized:fast_loop:484 - 性能統計: 循環=4396000, 平均耗時=7.5ms, 最大耗時=51.7ms, 指令數=515
2025-07-20 16:55:29 [INFO] GripperOptimized:fast_loop:484 - 性能統計: 循環=4397000, 平均耗時=7.6ms, 最大耗時=51.7ms, 指令數=515
2025-07-20 16:55:49 [INFO] GripperOptimized:fast_loop:484 - 性能統計: 循環=4398000, 平均耗時=7.4ms, 最大耗時=51.7ms, 指令數=515
2025-07-20 16:56:10 [INFO] GripperOptimized:fast_loop:484 - 性能統計: 循環=4399000, 平均耗時=7.6ms, 最大耗時=51.7ms, 指令數=515
2025-07-20 16:56:31 [INFO] GripperOptimized:fast_loop:484 - 性能統計: 循環=4400000, 平均耗時=7.7ms, 最大耗時=51.7ms, 指令數=515
2025-07-20 16:56:51 [INFO] GripperOptimized:fast_loop:484 - 性能統計: 循環=4401000, 平均耗時=7.6ms, 最大耗時=51.7ms, 指令數=515
2025-07-20 16:57:12 [INFO] GripperOptimized:fast_loop:484 - 性能統計: 循環=4402000, 平均耗時=7.3ms, 最大耗時=51.7ms, 指令數=515
2025-07-20 16:57:32 [INFO] GripperOptimized:fast_loop:484 - 性能統計: 循環=4403000, 平均耗時=7.5ms, 最大耗時=51.7ms, 指令數=515
2025-07-20 16:57:53 [INFO] GripperOptimized:fast_loop:484 - 性能統計: 循環=4404000, 平均耗時=7.5ms, 最大耗時=51.7ms, 指令數=515
2025-07-20 16:58:14 [INFO] GripperOptimized:fast_loop:484 - 性能統計: 循環=4405000, 平均耗時=7.5ms, 最大耗時=51.7ms, 指令數=515
2025-07-20 16:58:34 [INFO] GripperOptimized:fast_loop:484 - 性能統計: 循環=4406000, 平均耗時=7.1ms, 最大耗時=51.7ms, 指令數=515
2025-07-20 16:58:55 [INFO] GripperOptimized:fast_loop:484 - 性能統計: 循環=4407000, 平均耗時=7.6ms, 最大耗時=51.7ms, 指令數=515
2025-07-20 16:59:16 [INFO] GripperOptimized:fast_loop:484 - 性能統計: 循環=4408000, 平均耗時=7.5ms, 最大耗時=51.7ms, 指令數=515
2025-07-20 16:59:36 [INFO] GripperOptimized:fast_loop:484 - 性能統計: 循環=4409000, 平均耗時=7.6ms, 最大耗時=51.7ms, 指令數=515
2025-07-20 16:59:57 [INFO] GripperOptimized:fast_loop:484 - 性能統計: 循環=4410000, 平均耗時=7.6ms, 最大耗時=51.7ms, 指令數=515
2025-07-20 17:00:17 [INFO] GripperOptimized:fast_loop:484 - 性能統計: 循環=4411000, 平均耗時=7.5ms, 最大耗時=51.7ms, 指令數=515
2025-07-20 17:00:38 [INFO] GripperOptimized:fast_loop:484 - 性能統計: 循環=4412000, 平均耗時=7.5ms, 最大耗時=51.7ms, 指令數=515
2025-07-20 17:00:58 [INFO] GripperOptimized:fast_loop:484 - 性能統計: 循環=4413000, 平均耗時=7.5ms, 最大耗時=51.7ms, 指令數=515
2025-07-20 17:01:19 [INFO] GripperOptimized:fast_loop:484 - 性能統計: 循環=4414000, 平均耗時=7.8ms, 最大耗時=51.7ms, 指令數=515
2025-07-20 17:01:40 [INFO] GripperOptimized:fast_loop:484 - 性能統計: 循環=4415000, 平均耗時=7.3ms, 最大耗時=51.7ms, 指令數=515
2025-07-20 17:02:00 [INFO] GripperOptimized:fast_loop:484 - 性能統計: 循環=4416000, 平均耗時=7.7ms, 最大耗時=51.7ms, 指令數=515
2025-07-20 17:02:21 [INFO] GripperOptimized:fast_loop:484 - 性能統計: 循環=4417000, 平均耗時=7.5ms, 最大耗時=51.7ms, 指令數=515
2025-07-20 17:02:41 [INFO] GripperOptimized:fast_loop:484 - 性能統計: 循環=4418000, 平均耗時=7.5ms, 最大耗時=51.7ms, 指令數=515
2025-07-20 17:03:02 [INFO] GripperOptimized:fast_loop:484 - 性能統計: 循環=4419000, 平均耗時=7.5ms, 最大耗時=51.7ms, 指令數=515
2025-07-20 17:03:23 [INFO] GripperOptimized:fast_loop:484 - 性能統計: 循環=4420000, 平均耗時=7.6ms, 最大耗時=51.7ms, 指令數=515
2025-07-20 17:03:43 [INFO] GripperOptimized:fast_loop:484 - 性能統計: 循環=4421000, 平均耗時=7.5ms, 最大耗時=51.7ms, 指令數=515
2025-07-20 17:04:04 [INFO] GripperOptimized:fast_loop:484 - 性能統計: 循環=4422000, 平均耗時=7.6ms, 最大耗時=51.7ms, 指令數=515
2025-07-20 17:04:24 [INFO] GripperOptimized:fast_loop:484 - 性能統計: 循環=4423000, 平均耗時=7.5ms, 最大耗時=51.7ms, 指令數=515
2025-07-20 17:04:45 [INFO] GripperOptimized:fast_loop:484 - 性能統計: 循環=4424000, 平均耗時=7.6ms, 最大耗時=51.7ms, 指令數=515
2025-07-20 17:05:06 [INFO] GripperOptimized:fast_loop:484 - 性能統計: 循環=4425000, 平均耗時=7.6ms, 最大耗時=51.7ms, 指令數=515
2025-07-20 17:05:26 [INFO] GripperOptimized:fast_loop:484 - 性能統計: 循環=4426000, 平均耗時=7.8ms, 最大耗時=51.7ms, 指令數=515
2025-07-20 17:05:47 [INFO] GripperOptimized:fast_loop:484 - 性能統計: 循環=4427000, 平均耗時=7.6ms, 最大耗時=51.7ms, 指令數=515
2025-07-20 17:06:07 [INFO] GripperOptimized:fast_loop:484 - 性能統計: 循環=4428000, 平均耗時=7.8ms, 最大耗時=51.7ms, 指令數=515
2025-07-20 17:06:28 [INFO] GripperOptimized:fast_loop:484 - 性能統計: 循環=4429000, 平均耗時=7.6ms, 最大耗時=51.7ms, 指令數=515
2025-07-20 17:06:49 [INFO] GripperOptimized:fast_loop:484 - 性能統計: 循環=4430000, 平均耗時=7.6ms, 最大耗時=51.7ms, 指令數=515
2025-07-20 17:07:09 [INFO] GripperOptimized:fast_loop:484 - 性能統計: 循環=4431000, 平均耗時=7.4ms, 最大耗時=51.7ms, 指令數=515
2025-07-20 17:07:30 [INFO] GripperOptimized:fast_loop:484 - 性能統計: 循環=4432000, 平均耗時=7.4ms, 最大耗時=51.7ms, 指令數=515
2025-07-20 17:07:50 [INFO] GripperOptimized:fast_loop:484 - 性能統計: 循環=4433000, 平均耗時=7.7ms, 最大耗時=51.7ms, 指令數=515
2025-07-20 17:08:11 [INFO] GripperOptimized:fast_loop:484 - 性能統計: 循環=4434000, 平均耗時=7.7ms, 最大耗時=51.7ms, 指令數=515
2025-07-20 17:08:32 [INFO] GripperOptimized:fast_loop:484 - 性能統計: 循環=4435000, 平均耗時=7.4ms, 最大耗時=51.7ms, 指令數=515
2025-07-20 17:08:52 [INFO] GripperOptimized:fast_loop:484 - 性能統計: 循環=4436000, 平均耗時=7.4ms, 最大耗時=51.7ms, 指令數=515
2025-07-20 17:09:13 [INFO] GripperOptimized:fast_loop:484 - 性能統計: 循環=4437000, 平均耗時=7.6ms, 最大耗時=51.7ms, 指令數=515
2025-07-20 17:09:34 [INFO] GripperOptimized:fast_loop:484 - 性能統計: 循環=4438000, 平均耗時=7.5ms, 最大耗時=51.7ms, 指令數=515
2025-07-20 17:09:54 [INFO] GripperOptimized:fast_loop:484 - 性能統計: 循環=4439000, 平均耗時=7.6ms, 最大耗時=51.7ms, 指令數=515
2025-07-20 17:10:15 [INFO] GripperOptimized:fast_loop:484 - 性能統計: 循環=4440000, 平均耗時=7.7ms, 最大耗時=51.7ms, 指令數=515
2025-07-20 17:10:35 [INFO] GripperOptimized:fast_loop:484 - 性能統計: 循環=4441000, 平均耗時=7.6ms, 最大耗時=51.7ms, 指令數=515
2025-07-20 17:10:56 [INFO] GripperOptimized:fast_loop:484 - 性能統計: 循環=4442000, 平均耗時=7.5ms, 最大耗時=51.7ms, 指令數=515
2025-07-20 17:11:17 [INFO] GripperOptimized:fast_loop:484 - 性能統計: 循環=4443000, 平均耗時=7.6ms, 最大耗時=51.7ms, 指令數=515
2025-07-20 17:11:37 [INFO] GripperOptimized:fast_loop:484 - 性能統計: 循環=4444000, 平均耗時=7.7ms, 最大耗時=51.7ms, 指令數=515
2025-07-20 17:11:58 [INFO] GripperOptimized:fast_loop:484 - 性能統計: 循環=4445000, 平均耗時=7.4ms, 最大耗時=51.7ms, 指令數=515
2025-07-20 17:12:18 [INFO] GripperOptimized:fast_loop:484 - 性能統計: 循環=4446000, 平均耗時=7.7ms, 最大耗時=51.7ms, 指令數=515
2025-07-20 17:12:39 [INFO] GripperOptimized:fast_loop:484 - 性能統計: 循環=4447000, 平均耗時=7.9ms, 最大耗時=51.7ms, 指令數=515
2025-07-20 17:12:59 [INFO] GripperOptimized:fast_loop:484 - 性能統計: 循環=4448000, 平均耗時=7.6ms, 最大耗時=51.7ms, 指令數=515
2025-07-20 17:13:20 [INFO] GripperOptimized:fast_loop:484 - 性能統計: 循環=4449000, 平均耗時=8.0ms, 最大耗時=51.7ms, 指令數=515
2025-07-20 17:13:41 [INFO] GripperOptimized:fast_loop:484 - 性能統計: 循環=4450000, 平均耗時=7.6ms, 最大耗時=51.7ms, 指令數=515
2025-07-20 17:14:01 [INFO] GripperOptimized:fast_loop:484 - 性能統計: 循環=4451000, 平均耗時=7.7ms, 最大耗時=51.7ms, 指令數=515
2025-07-20 17:14:22 [INFO] GripperOptimized:fast_loop:484 - 性能統計: 循環=4452000, 平均耗時=7.6ms, 最大耗時=51.7ms, 指令數=515
2025-07-20 17:14:42 [INFO] GripperOptimized:fast_loop:484 - 性能統計: 循環=4453000, 平均耗時=7.7ms, 最大耗時=51.7ms, 指令數=515
2025-07-20 17:15:03 [INFO] GripperOptimized:fast_loop:484 - 性能統計: 循環=4454000, 平均耗時=7.7ms, 最大耗時=51.7ms, 指令數=515
2025-07-20 17:15:24 [INFO] GripperOptimized:fast_loop:484 - 性能統計: 循環=4455000, 平均耗時=7.4ms, 最大耗時=51.7ms, 指令數=515
2025-07-20 17:15:44 [INFO] GripperOptimized:fast_loop:484 - 性能統計: 循環=4456000, 平均耗時=7.7ms, 最大耗時=51.7ms, 指令數=515
2025-07-20 17:16:05 [INFO] GripperOptimized:fast_loop:484 - 性能統計: 循環=4457000, 平均耗時=7.7ms, 最大耗時=51.7ms, 指令數=515
2025-07-20 17:16:26 [INFO] GripperOptimized:fast_loop:484 - 性能統計: 循環=4458000, 平均耗時=7.6ms, 最大耗時=51.7ms, 指令數=515
2025-07-20 17:16:46 [INFO] GripperOptimized:fast_loop:484 - 性能統計: 循環=4459000, 平均耗時=7.7ms, 最大耗時=51.7ms, 指令數=515
2025-07-20 17:17:07 [INFO] GripperOptimized:fast_loop:484 - 性能統計: 循環=4460000, 平均耗時=7.7ms, 最大耗時=51.7ms, 指令數=515
2025-07-20 17:17:27 [INFO] GripperOptimized:fast_loop:484 - 性能統計: 循環=4461000, 平均耗時=7.6ms, 最大耗時=51.7ms, 指令數=515
2025-07-20 17:17:48 [INFO] GripperOptimized:fast_loop:484 - 性能統計: 循環=4462000, 平均耗時=7.7ms, 最大耗時=51.7ms, 指令數=515
2025-07-20 17:18:09 [INFO] GripperOptimized:fast_loop:484 - 性能統計: 循環=4463000, 平均耗時=7.5ms, 最大耗時=51.7ms, 指令數=515
2025-07-20 17:18:29 [INFO] GripperOptimized:fast_loop:484 - 性能統計: 循環=4464000, 平均耗時=7.6ms, 最大耗時=51.7ms, 指令數=515
2025-07-20 17:18:50 [INFO] GripperOptimized:fast_loop:484 - 性能統計: 循環=4465000, 平均耗時=7.3ms, 最大耗時=51.7ms, 指令數=515
2025-07-20 17:19:10 [INFO] GripperOptimized:fast_loop:484 - 性能統計: 循環=4466000, 平均耗時=7.6ms, 最大耗時=51.7ms, 指令數=515
2025-07-20 17:19:31 [INFO] GripperOptimized:fast_loop:484 - 性能統計: 循環=4467000, 平均耗時=7.5ms, 最大耗時=51.7ms, 指令數=515
2025-07-20 17:19:52 [INFO] GripperOptimized:fast_loop:484 - 性能統計: 循環=4468000, 平均耗時=7.3ms, 最大耗時=51.7ms, 指令數=515
2025-07-20 17:20:12 [INFO] GripperOptimized:fast_loop:484 - 性能統計: 循環=4469000, 平均耗時=7.5ms, 最大耗時=51.7ms, 指令數=515
2025-07-20 17:20:33 [INFO] GripperOptimized:fast_loop:484 - 性能統計: 循環=4470000, 平均耗時=7.4ms, 最大耗時=51.7ms, 指令數=515
2025-07-20 17:20:53 [INFO] GripperOptimized:fast_loop:484 - 性能統計: 循環=4471000, 平均耗時=7.5ms, 最大耗時=51.7ms, 指令數=515
2025-07-20 17:21:14 [INFO] GripperOptimized:fast_loop:484 - 性能統計: 循環=4472000, 平均耗時=7.5ms, 最大耗時=51.7ms, 指令數=515
2025-07-20 17:21:35 [INFO] GripperOptimized:fast_loop:484 - 性能統計: 循環=4473000, 平均耗時=7.7ms, 最大耗時=51.7ms, 指令數=515
2025-07-20 17:21:55 [INFO] GripperOptimized:fast_loop:484 - 性能統計: 循環=4474000, 平均耗時=7.5ms, 最大耗時=51.7ms, 指令數=515
2025-07-20 17:22:16 [INFO] GripperOptimized:fast_loop:484 - 性能統計: 循環=4475000, 平均耗時=7.6ms, 最大耗時=51.7ms, 指令數=515
2025-07-20 17:22:36 [INFO] GripperOptimized:fast_loop:484 - 性能統計: 循環=4476000, 平均耗時=7.7ms, 最大耗時=51.7ms, 指令數=515
2025-07-20 17:22:57 [INFO] GripperOptimized:fast_loop:484 - 性能統計: 循環=4477000, 平均耗時=7.8ms, 最大耗時=51.7ms, 指令數=515
2025-07-20 17:23:18 [INFO] GripperOptimized:fast_loop:484 - 性能統計: 循環=4478000, 平均耗時=7.5ms, 最大耗時=51.7ms, 指令數=515
2025-07-20 17:23:38 [INFO] GripperOptimized:fast_loop:484 - 性能統計: 循環=4479000, 平均耗時=7.6ms, 最大耗時=51.7ms, 指令數=515
2025-07-20 17:23:59 [INFO] GripperOptimized:fast_loop:484 - 性能統計: 循環=4480000, 平均耗時=7.5ms, 最大耗時=51.7ms, 指令數=515
2025-07-20 17:24:19 [INFO] GripperOptimized:fast_loop:484 - 性能統計: 循環=4481000, 平均耗時=7.5ms, 最大耗時=51.7ms, 指令數=515
2025-07-20 17:24:40 [INFO] GripperOptimized:fast_loop:484 - 性能統計: 循環=4482000, 平均耗時=7.5ms, 最大耗時=51.7ms, 指令數=515
2025-07-20 17:25:01 [INFO] GripperOptimized:fast_loop:484 - 性能統計: 循環=4483000, 平均耗時=7.7ms, 最大耗時=51.7ms, 指令數=515
2025-07-20 17:25:21 [INFO] GripperOptimized:fast_loop:484 - 性能統計: 循環=4484000, 平均耗時=7.6ms, 最大耗時=51.7ms, 指令數=515
2025-07-20 17:25:42 [INFO] GripperOptimized:fast_loop:484 - 性能統計: 循環=4485000, 平均耗時=7.6ms, 最大耗時=51.7ms, 指令數=515
2025-07-20 17:26:02 [INFO] GripperOptimized:fast_loop:484 - 性能統計: 循環=4486000, 平均耗時=7.8ms, 最大耗時=51.7ms, 指令數=515
2025-07-20 17:26:23 [INFO] GripperOptimized:fast_loop:484 - 性能統計: 循環=4487000, 平均耗時=7.7ms, 最大耗時=51.7ms, 指令數=515
2025-07-20 17:26:44 [INFO] GripperOptimized:fast_loop:484 - 性能統計: 循環=4488000, 平均耗時=7.8ms, 最大耗時=51.7ms, 指令數=515
2025-07-20 17:27:04 [INFO] GripperOptimized:fast_loop:484 - 性能統計: 循環=4489000, 平均耗時=7.6ms, 最大耗時=51.7ms, 指令數=515
2025-07-20 17:27:25 [INFO] GripperOptimized:fast_loop:484 - 性能統計: 循環=4490000, 平均耗時=7.4ms, 最大耗時=51.7ms, 指令數=515
2025-07-20 17:27:45 [INFO] GripperOptimized:fast_loop:484 - 性能統計: 循環=4491000, 平均耗時=7.8ms, 最大耗時=51.7ms, 指令數=515
2025-07-20 17:28:06 [INFO] GripperOptimized:fast_loop:484 - 性能統計: 循環=4492000, 平均耗時=7.5ms, 最大耗時=51.7ms, 指令數=515
2025-07-20 17:28:27 [INFO] GripperOptimized:fast_loop:484 - 性能統計: 循環=4493000, 平均耗時=7.6ms, 最大耗時=51.7ms, 指令數=515
2025-07-20 17:28:47 [INFO] GripperOptimized:fast_loop:484 - 性能統計: 循環=4494000, 平均耗時=7.6ms, 最大耗時=51.7ms, 指令數=515
2025-07-20 17:29:08 [INFO] GripperOptimized:fast_loop:484 - 性能統計: 循環=4495000, 平均耗時=7.6ms, 最大耗時=51.7ms, 指令數=515
2025-07-20 17:29:28 [INFO] GripperOptimized:fast_loop:484 - 性能統計: 循環=4496000, 平均耗時=7.5ms, 最大耗時=51.7ms, 指令數=515
2025-07-20 17:29:49 [INFO] GripperOptimized:fast_loop:484 - 性能統計: 循環=4497000, 平均耗時=7.3ms, 最大耗時=51.7ms, 指令數=515
2025-07-20 17:30:10 [INFO] GripperOptimized:fast_loop:484 - 性能統計: 循環=4498000, 平均耗時=7.4ms, 最大耗時=51.7ms, 指令數=515
2025-07-20 17:30:30 [INFO] GripperOptimized:fast_loop:484 - 性能統計: 循環=4499000, 平均耗時=7.6ms, 最大耗時=51.7ms, 指令數=515
2025-07-20 17:30:51 [INFO] GripperOptimized:fast_loop:484 - 性能統計: 循環=4500000, 平均耗時=7.6ms, 最大耗時=51.7ms, 指令數=515
2025-07-20 17:31:11 [INFO] GripperOptimized:fast_loop:484 - 性能統計: 循環=4501000, 平均耗時=7.6ms, 最大耗時=51.7ms, 指令數=515
2025-07-20 17:31:32 [INFO] GripperOptimized:fast_loop:484 - 性能統計: 循環=4502000, 平均耗時=7.7ms, 最大耗時=51.7ms, 指令數=515
2025-07-20 17:31:53 [INFO] GripperOptimized:fast_loop:484 - 性能統計: 循環=4503000, 平均耗時=7.4ms, 最大耗時=51.7ms, 指令數=515
2025-07-20 17:32:13 [INFO] GripperOptimized:fast_loop:484 - 性能統計: 循環=4504000, 平均耗時=7.7ms, 最大耗時=51.7ms, 指令數=515
2025-07-20 17:32:34 [INFO] GripperOptimized:fast_loop:484 - 性能統計: 循環=4505000, 平均耗時=7.6ms, 最大耗時=51.7ms, 指令數=515
2025-07-20 17:32:54 [INFO] GripperOptimized:fast_loop:484 - 性能統計: 循環=4506000, 平均耗時=7.5ms, 最大耗時=51.7ms, 指令數=515
2025-07-20 17:33:15 [INFO] GripperOptimized:fast_loop:484 - 性能統計: 循環=4507000, 平均耗時=7.6ms, 最大耗時=51.7ms, 指令數=515
2025-07-20 17:33:36 [INFO] GripperOptimized:fast_loop:484 - 性能統計: 循環=4508000, 平均耗時=7.5ms, 最大耗時=51.7ms, 指令數=515
2025-07-20 17:33:56 [INFO] GripperOptimized:fast_loop:484 - 性能統計: 循環=4509000, 平均耗時=7.8ms, 最大耗時=51.7ms, 指令數=515
2025-07-20 17:34:17 [INFO] GripperOptimized:fast_loop:484 - 性能統計: 循環=4510000, 平均耗時=7.7ms, 最大耗時=51.7ms, 指令數=515
2025-07-20 17:34:37 [INFO] GripperOptimized:fast_loop:484 - 性能統計: 循環=4511000, 平均耗時=7.5ms, 最大耗時=51.7ms, 指令數=515
2025-07-20 17:34:58 [INFO] GripperOptimized:fast_loop:484 - 性能統計: 循環=4512000, 平均耗時=7.6ms, 最大耗時=51.7ms, 指令數=515
2025-07-20 17:35:19 [INFO] GripperOptimized:fast_loop:484 - 性能統計: 循環=4513000, 平均耗時=7.3ms, 最大耗時=51.7ms, 指令數=515
2025-07-20 17:35:39 [INFO] GripperOptimized:fast_loop:484 - 性能統計: 循環=4514000, 平均耗時=7.5ms, 最大耗時=51.7ms, 指令數=515
2025-07-20 17:36:00 [INFO] GripperOptimized:fast_loop:484 - 性能統計: 循環=4515000, 平均耗時=7.6ms, 最大耗時=51.7ms, 指令數=515
2025-07-20 17:36:20 [INFO] GripperOptimized:fast_loop:484 - 性能統計: 循環=4516000, 平均耗時=7.9ms, 最大耗時=51.7ms, 指令數=515
2025-07-20 17:36:41 [INFO] GripperOptimized:fast_loop:484 - 性能統計: 循環=4517000, 平均耗時=7.6ms, 最大耗時=51.7ms, 指令數=515
2025-07-20 17:37:02 [INFO] GripperOptimized:fast_loop:484 - 性能統計: 循環=4518000, 平均耗時=7.6ms, 最大耗時=51.7ms, 指令數=515
2025-07-20 17:37:22 [INFO] GripperOptimized:fast_loop:484 - 性能統計: 循環=4519000, 平均耗時=7.6ms, 最大耗時=51.7ms, 指令數=515
2025-07-20 17:37:43 [INFO] GripperOptimized:fast_loop:484 - 性能統計: 循環=4520000, 平均耗時=7.6ms, 最大耗時=51.7ms, 指令數=515
2025-07-20 17:38:03 [INFO] GripperOptimized:fast_loop:484 - 性能統計: 循環=4521000, 平均耗時=7.9ms, 最大耗時=51.7ms, 指令數=515
2025-07-20 17:38:24 [INFO] GripperOptimized:fast_loop:484 - 性能統計: 循環=4522000, 平均耗時=7.7ms, 最大耗時=51.7ms, 指令數=515
2025-07-20 17:38:45 [INFO] GripperOptimized:fast_loop:484 - 性能統計: 循環=4523000, 平均耗時=7.7ms, 最大耗時=51.7ms, 指令數=515
2025-07-20 17:39:05 [INFO] GripperOptimized:fast_loop:484 - 性能統計: 循環=4524000, 平均耗時=7.7ms, 最大耗時=51.7ms, 指令數=515
2025-07-20 17:39:26 [INFO] GripperOptimized:fast_loop:484 - 性能統計: 循環=4525000, 平均耗時=7.6ms, 最大耗時=51.7ms, 指令數=515
2025-07-20 17:39:46 [INFO] GripperOptimized:fast_loop:484 - 性能統計: 循環=4526000, 平均耗時=7.6ms, 最大耗時=51.7ms, 指令數=515
2025-07-20 17:40:07 [INFO] GripperOptimized:fast_loop:484 - 性能統計: 循環=4527000, 平均耗時=7.7ms, 最大耗時=51.7ms, 指令數=515
2025-07-20 17:40:28 [INFO] GripperOptimized:fast_loop:484 - 性能統計: 循環=4528000, 平均耗時=7.6ms, 最大耗時=51.7ms, 指令數=515
2025-07-20 17:40:48 [INFO] GripperOptimized:fast_loop:484 - 性能統計: 循環=4529000, 平均耗時=7.7ms, 最大耗時=51.7ms, 指令數=515
2025-07-20 17:41:09 [INFO] GripperOptimized:fast_loop:484 - 性能統計: 循環=4530000, 平均耗時=7.6ms, 最大耗時=51.7ms, 指令數=515
2025-07-20 17:41:29 [INFO] GripperOptimized:fast_loop:484 - 性能統計: 循環=4531000, 平均耗時=7.7ms, 最大耗時=51.7ms, 指令數=515
2025-07-20 17:41:50 [INFO] GripperOptimized:fast_loop:484 - 性能統計: 循環=4532000, 平均耗時=7.6ms, 最大耗時=51.7ms, 指令數=515
2025-07-20 17:42:11 [INFO] GripperOptimized:fast_loop:484 - 性能統計: 循環=4533000, 平均耗時=7.6ms, 最大耗時=51.7ms, 指令數=515
2025-07-20 17:42:31 [INFO] GripperOptimized:fast_loop:484 - 性能統計: 循環=4534000, 平均耗時=7.5ms, 最大耗時=51.7ms, 指令數=515
2025-07-20 17:42:52 [INFO] GripperOptimized:fast_loop:484 - 性能統計: 循環=4535000, 平均耗時=7.4ms, 最大耗時=51.7ms, 指令數=515
2025-07-20 17:43:12 [INFO] GripperOptimized:fast_loop:484 - 性能統計: 循環=4536000, 平均耗時=7.7ms, 最大耗時=51.7ms, 指令數=515
2025-07-20 17:43:33 [INFO] GripperOptimized:fast_loop:484 - 性能統計: 循環=4537000, 平均耗時=7.4ms, 最大耗時=51.7ms, 指令數=515
2025-07-20 17:43:54 [INFO] GripperOptimized:fast_loop:484 - 性能統計: 循環=4538000, 平均耗時=7.5ms, 最大耗時=51.7ms, 指令數=515
2025-07-20 17:44:14 [INFO] GripperOptimized:fast_loop:484 - 性能統計: 循環=4539000, 平均耗時=7.5ms, 最大耗時=51.7ms, 指令數=515
2025-07-20 17:44:35 [INFO] GripperOptimized:fast_loop:484 - 性能統計: 循環=4540000, 平均耗時=7.7ms, 最大耗時=51.7ms, 指令數=515
2025-07-20 17:44:55 [INFO] GripperOptimized:fast_loop:484 - 性能統計: 循環=4541000, 平均耗時=7.5ms, 最大耗時=51.7ms, 指令數=515
2025-07-20 17:45:16 [INFO] GripperOptimized:fast_loop:484 - 性能統計: 循環=4542000, 平均耗時=7.5ms, 最大耗時=51.7ms, 指令數=515
2025-07-20 17:45:37 [INFO] GripperOptimized:fast_loop:484 - 性能統計: 循環=4543000, 平均耗時=7.8ms, 最大耗時=51.7ms, 指令數=515
2025-07-20 17:45:57 [INFO] GripperOptimized:fast_loop:484 - 性能統計: 循環=4544000, 平均耗時=7.6ms, 最大耗時=51.7ms, 指令數=515
2025-07-20 17:46:18 [INFO] GripperOptimized:fast_loop:484 - 性能統計: 循環=4545000, 平均耗時=7.7ms, 最大耗時=51.7ms, 指令數=515
2025-07-20 17:46:38 [INFO] GripperOptimized:fast_loop:484 - 性能統計: 循環=4546000, 平均耗時=7.6ms, 最大耗時=51.7ms, 指令數=515
2025-07-20 17:46:59 [INFO] GripperOptimized:fast_loop:484 - 性能統計: 循環=4547000, 平均耗時=7.7ms, 最大耗時=51.7ms, 指令數=515
2025-07-20 17:47:20 [INFO] GripperOptimized:fast_loop:484 - 性能統計: 循環=4548000, 平均耗時=7.7ms, 最大耗時=51.7ms, 指令數=515
2025-07-20 17:47:40 [INFO] GripperOptimized:fast_loop:484 - 性能統計: 循環=4549000, 平均耗時=7.2ms, 最大耗時=51.7ms, 指令數=515
2025-07-20 17:48:01 [INFO] GripperOptimized:fast_loop:484 - 性能統計: 循環=4550000, 平均耗時=7.5ms, 最大耗時=51.7ms, 指令數=515
2025-07-20 17:48:21 [INFO] GripperOptimized:fast_loop:484 - 性能統計: 循環=4551000, 平均耗時=7.7ms, 最大耗時=51.7ms, 指令數=515
2025-07-20 17:48:42 [INFO] GripperOptimized:fast_loop:484 - 性能統計: 循環=4552000, 平均耗時=7.6ms, 最大耗時=51.7ms, 指令數=515
2025-07-20 17:49:03 [INFO] GripperOptimized:fast_loop:484 - 性能統計: 循環=4553000, 平均耗時=7.7ms, 最大耗時=51.7ms, 指令數=515
2025-07-20 17:49:23 [INFO] GripperOptimized:fast_loop:484 - 性能統計: 循環=4554000, 平均耗時=7.8ms, 最大耗時=51.7ms, 指令數=515
2025-07-20 17:49:44 [INFO] GripperOptimized:fast_loop:484 - 性能統計: 循環=4555000, 平均耗時=7.7ms, 最大耗時=51.7ms, 指令數=515
2025-07-20 17:50:04 [INFO] GripperOptimized:fast_loop:484 - 性能統計: 循環=4556000, 平均耗時=7.6ms, 最大耗時=51.7ms, 指令數=515
2025-07-20 17:50:25 [INFO] GripperOptimized:fast_loop:484 - 性能統計: 循環=4557000, 平均耗時=7.5ms, 最大耗時=51.7ms, 指令數=515
2025-07-20 17:50:46 [INFO] GripperOptimized:fast_loop:484 - 性能統計: 循環=4558000, 平均耗時=7.5ms, 最大耗時=51.7ms, 指令數=515
2025-07-20 17:51:06 [INFO] GripperOptimized:fast_loop:484 - 性能統計: 循環=4559000, 平均耗時=7.6ms, 最大耗時=51.7ms, 指令數=515
2025-07-20 17:51:27 [INFO] GripperOptimized:fast_loop:484 - 性能統計: 循環=4560000, 平均耗時=7.6ms, 最大耗時=51.7ms, 指令數=515
2025-07-20 17:51:47 [INFO] GripperOptimized:fast_loop:484 - 性能統計: 循環=4561000, 平均耗時=7.6ms, 最大耗時=51.7ms, 指令數=515
2025-07-20 17:52:08 [INFO] GripperOptimized:fast_loop:484 - 性能統計: 循環=4562000, 平均耗時=7.8ms, 最大耗時=51.7ms, 指令數=515
2025-07-20 17:52:29 [INFO] GripperOptimized:fast_loop:484 - 性能統計: 循環=4563000, 平均耗時=7.7ms, 最大耗時=51.7ms, 指令數=515
2025-07-20 17:52:49 [INFO] GripperOptimized:fast_loop:484 - 性能統計: 循環=4564000, 平均耗時=7.7ms, 最大耗時=51.7ms, 指令數=515
2025-07-20 17:53:10 [INFO] GripperOptimized:fast_loop:484 - 性能統計: 循環=4565000, 平均耗時=7.7ms, 最大耗時=51.7ms, 指令數=515
2025-07-20 17:53:30 [INFO] GripperOptimized:fast_loop:484 - 性能統計: 循環=4566000, 平均耗時=7.7ms, 最大耗時=51.7ms, 指令數=515
2025-07-20 17:53:51 [INFO] GripperOptimized:fast_loop:484 - 性能統計: 循環=4567000, 平均耗時=7.5ms, 最大耗時=51.7ms, 指令數=515
2025-07-20 17:54:12 [INFO] GripperOptimized:fast_loop:484 - 性能統計: 循環=4568000, 平均耗時=7.6ms, 最大耗時=51.7ms, 指令數=515
2025-07-20 17:54:32 [INFO] GripperOptimized:fast_loop:484 - 性能統計: 循環=4569000, 平均耗時=7.9ms, 最大耗時=51.7ms, 指令數=515
2025-07-20 17:54:53 [INFO] GripperOptimized:fast_loop:484 - 性能統計: 循環=4570000, 平均耗時=7.7ms, 最大耗時=51.7ms, 指令數=515
2025-07-20 17:55:13 [INFO] GripperOptimized:fast_loop:484 - 性能統計: 循環=4571000, 平均耗時=7.5ms, 最大耗時=51.7ms, 指令數=515
2025-07-20 17:55:34 [INFO] GripperOptimized:fast_loop:484 - 性能統計: 循環=4572000, 平均耗時=7.7ms, 最大耗時=51.7ms, 指令數=515
2025-07-20 17:55:55 [INFO] GripperOptimized:fast_loop:484 - 性能統計: 循環=4573000, 平均耗時=7.5ms, 最大耗時=51.7ms, 指令數=515
2025-07-20 17:56:15 [INFO] GripperOptimized:fast_loop:484 - 性能統計: 循環=4574000, 平均耗時=7.5ms, 最大耗時=51.7ms, 指令數=515
2025-07-20 17:56:36 [INFO] GripperOptimized:fast_loop:484 - 性能統計: 循環=4575000, 平均耗時=7.6ms, 最大耗時=51.7ms, 指令數=515
2025-07-20 17:56:57 [INFO] GripperOptimized:fast_loop:484 - 性能統計: 循環=4576000, 平均耗時=7.6ms, 最大耗時=51.7ms, 指令數=515
2025-07-20 17:57:17 [INFO] GripperOptimized:fast_loop:484 - 性能統計: 循環=4577000, 平均耗時=7.6ms, 最大耗時=51.7ms, 指令數=515
2025-07-20 17:57:38 [INFO] GripperOptimized:fast_loop:484 - 性能統計: 循環=4578000, 平均耗時=7.5ms, 最大耗時=51.7ms, 指令數=515
2025-07-20 17:57:58 [INFO] GripperOptimized:fast_loop:484 - 性能統計: 循環=4579000, 平均耗時=7.5ms, 最大耗時=51.7ms, 指令數=515
2025-07-20 17:58:19 [INFO] GripperOptimized:fast_loop:484 - 性能統計: 循環=4580000, 平均耗時=7.4ms, 最大耗時=51.7ms, 指令數=515
2025-07-20 17:58:40 [INFO] GripperOptimized:fast_loop:484 - 性能統計: 循環=4581000, 平均耗時=7.3ms, 最大耗時=51.7ms, 指令數=515
2025-07-20 17:59:00 [INFO] GripperOptimized:fast_loop:484 - 性能統計: 循環=4582000, 平均耗時=7.8ms, 最大耗時=51.7ms, 指令數=515
2025-07-20 17:59:21 [INFO] GripperOptimized:fast_loop:484 - 性能統計: 循環=4583000, 平均耗時=7.7ms, 最大耗時=51.7ms, 指令數=515
2025-07-20 17:59:41 [INFO] GripperOptimized:fast_loop:484 - 性能統計: 循環=4584000, 平均耗時=7.4ms, 最大耗時=51.7ms, 指令數=515
2025-07-20 18:00:02 [INFO] GripperOptimized:fast_loop:484 - 性能統計: 循環=4585000, 平均耗時=7.4ms, 最大耗時=51.7ms, 指令數=515
2025-07-20 18:00:23 [INFO] GripperOptimized:fast_loop:484 - 性能統計: 循環=4586000, 平均耗時=7.5ms, 最大耗時=51.7ms, 指令數=515
2025-07-20 18:00:43 [INFO] GripperOptimized:fast_loop:484 - 性能統計: 循環=4587000, 平均耗時=7.7ms, 最大耗時=51.7ms, 指令數=515
2025-07-20 18:01:04 [INFO] GripperOptimized:fast_loop:484 - 性能統計: 循環=4588000, 平均耗時=7.7ms, 最大耗時=51.7ms, 指令數=515
2025-07-20 18:01:24 [INFO] GripperOptimized:fast_loop:484 - 性能統計: 循環=4589000, 平均耗時=7.6ms, 最大耗時=51.7ms, 指令數=515
2025-07-20 18:01:45 [INFO] GripperOptimized:fast_loop:484 - 性能統計: 循環=4590000, 平均耗時=7.6ms, 最大耗時=51.7ms, 指令數=515
2025-07-20 18:02:06 [INFO] GripperOptimized:fast_loop:484 - 性能統計: 循環=4591000, 平均耗時=7.5ms, 最大耗時=51.7ms, 指令數=515
2025-07-20 18:02:26 [INFO] GripperOptimized:fast_loop:484 - 性能統計: 循環=4592000, 平均耗時=7.7ms, 最大耗時=51.7ms, 指令數=515
2025-07-20 18:02:47 [INFO] GripperOptimized:fast_loop:484 - 性能統計: 循環=4593000, 平均耗時=7.5ms, 最大耗時=51.7ms, 指令數=515
2025-07-20 18:03:07 [INFO] GripperOptimized:fast_loop:484 - 性能統計: 循環=4594000, 平均耗時=7.6ms, 最大耗時=51.7ms, 指令數=515
2025-07-20 18:03:28 [INFO] GripperOptimized:fast_loop:484 - 性能統計: 循環=4595000, 平均耗時=7.8ms, 最大耗時=51.7ms, 指令數=515
2025-07-20 18:03:49 [INFO] GripperOptimized:fast_loop:484 - 性能統計: 循環=4596000, 平均耗時=7.6ms, 最大耗時=51.7ms, 指令數=515
2025-07-20 18:04:09 [INFO] GripperOptimized:fast_loop:484 - 性能統計: 循環=4597000, 平均耗時=7.6ms, 最大耗時=51.7ms, 指令數=515
2025-07-20 18:04:30 [INFO] GripperOptimized:fast_loop:484 - 性能統計: 循環=4598000, 平均耗時=7.5ms, 最大耗時=51.7ms, 指令數=515
2025-07-20 18:04:50 [INFO] GripperOptimized:fast_loop:484 - 性能統計: 循環=4599000, 平均耗時=7.5ms, 最大耗時=51.7ms, 指令數=515
2025-07-20 18:05:11 [INFO] GripperOptimized:fast_loop:484 - 性能統計: 循環=4600000, 平均耗時=7.4ms, 最大耗時=51.7ms, 指令數=515
2025-07-20 18:05:32 [INFO] GripperOptimized:fast_loop:484 - 性能統計: 循環=4601000, 平均耗時=7.6ms, 最大耗時=51.7ms, 指令數=515
2025-07-20 18:05:52 [INFO] GripperOptimized:fast_loop:484 - 性能統計: 循環=4602000, 平均耗時=7.4ms, 最大耗時=51.7ms, 指令數=515
2025-07-20 18:06:13 [INFO] GripperOptimized:fast_loop:484 - 性能統計: 循環=4603000, 平均耗時=7.5ms, 最大耗時=51.7ms, 指令數=515
2025-07-20 18:06:33 [INFO] GripperOptimized:fast_loop:484 - 性能統計: 循環=4604000, 平均耗時=7.3ms, 最大耗時=51.7ms, 指令數=515
2025-07-20 18:06:54 [INFO] GripperOptimized:fast_loop:484 - 性能統計: 循環=4605000, 平均耗時=7.8ms, 最大耗時=51.7ms, 指令數=515
2025-07-20 18:07:15 [INFO] GripperOptimized:fast_loop:484 - 性能統計: 循環=4606000, 平均耗時=7.5ms, 最大耗時=51.7ms, 指令數=515
2025-07-20 18:07:35 [INFO] GripperOptimized:fast_loop:484 - 性能統計: 循環=4607000, 平均耗時=7.7ms, 最大耗時=51.7ms, 指令數=515
2025-07-20 18:07:56 [INFO] GripperOptimized:fast_loop:484 - 性能統計: 循環=4608000, 平均耗時=7.5ms, 最大耗時=51.7ms, 指令數=515
2025-07-20 18:08:16 [INFO] GripperOptimized:fast_loop:484 - 性能統計: 循環=4609000, 平均耗時=7.6ms, 最大耗時=51.7ms, 指令數=515
2025-07-20 18:08:37 [INFO] GripperOptimized:fast_loop:484 - 性能統計: 循環=4610000, 平均耗時=7.6ms, 最大耗時=51.7ms, 指令數=515
2025-07-20 18:08:58 [INFO] GripperOptimized:fast_loop:484 - 性能統計: 循環=4611000, 平均耗時=7.8ms, 最大耗時=51.7ms, 指令數=515
2025-07-20 18:09:18 [INFO] GripperOptimized:fast_loop:484 - 性能統計: 循環=4612000, 平均耗時=7.5ms, 最大耗時=51.7ms, 指令數=515
2025-07-20 18:09:39 [INFO] GripperOptimized:fast_loop:484 - 性能統計: 循環=4613000, 平均耗時=7.6ms, 最大耗時=51.7ms, 指令數=515
2025-07-20 18:09:59 [INFO] GripperOptimized:fast_loop:484 - 性能統計: 循環=4614000, 平均耗時=7.7ms, 最大耗時=51.7ms, 指令數=515
2025-07-20 18:10:20 [INFO] GripperOptimized:fast_loop:484 - 性能統計: 循環=4615000, 平均耗時=7.7ms, 最大耗時=51.7ms, 指令數=515
2025-07-20 18:10:41 [INFO] GripperOptimized:fast_loop:484 - 性能統計: 循環=4616000, 平均耗時=7.7ms, 最大耗時=51.7ms, 指令數=515
2025-07-20 18:11:01 [INFO] GripperOptimized:fast_loop:484 - 性能統計: 循環=4617000, 平均耗時=7.6ms, 最大耗時=51.7ms, 指令數=515
2025-07-20 18:11:22 [INFO] GripperOptimized:fast_loop:484 - 性能統計: 循環=4618000, 平均耗時=7.8ms, 最大耗時=51.7ms, 指令數=515
2025-07-20 18:11:42 [INFO] GripperOptimized:fast_loop:484 - 性能統計: 循環=4619000, 平均耗時=7.9ms, 最大耗時=51.7ms, 指令數=515
2025-07-20 18:12:03 [INFO] GripperOptimized:fast_loop:484 - 性能統計: 循環=4620000, 平均耗時=7.5ms, 最大耗時=51.7ms, 指令數=515
2025-07-20 18:12:24 [INFO] GripperOptimized:fast_loop:484 - 性能統計: 循環=4621000, 平均耗時=7.4ms, 最大耗時=51.7ms, 指令數=515
2025-07-20 18:12:44 [INFO] GripperOptimized:fast_loop:484 - 性能統計: 循環=4622000, 平均耗時=7.8ms, 最大耗時=51.7ms, 指令數=515
2025-07-20 18:13:05 [INFO] GripperOptimized:fast_loop:484 - 性能統計: 循環=4623000, 平均耗時=7.6ms, 最大耗時=51.7ms, 指令數=515
2025-07-20 18:13:25 [INFO] GripperOptimized:fast_loop:484 - 性能統計: 循環=4624000, 平均耗時=7.5ms, 最大耗時=51.7ms, 指令數=515
2025-07-20 18:13:46 [INFO] GripperOptimized:fast_loop:484 - 性能統計: 循環=4625000, 平均耗時=7.5ms, 最大耗時=51.7ms, 指令數=515
2025-07-20 18:14:06 [INFO] GripperOptimized:fast_loop:484 - 性能統計: 循環=4626000, 平均耗時=7.7ms, 最大耗時=51.7ms, 指令數=515
2025-07-20 18:14:27 [INFO] GripperOptimized:fast_loop:484 - 性能統計: 循環=4627000, 平均耗時=7.5ms, 最大耗時=51.7ms, 指令數=515
2025-07-20 18:14:48 [INFO] GripperOptimized:fast_loop:484 - 性能統計: 循環=4628000, 平均耗時=7.8ms, 最大耗時=51.7ms, 指令數=515
2025-07-20 18:15:08 [INFO] GripperOptimized:fast_loop:484 - 性能統計: 循環=4629000, 平均耗時=7.7ms, 最大耗時=51.7ms, 指令數=515
2025-07-20 18:15:29 [INFO] GripperOptimized:fast_loop:484 - 性能統計: 循環=4630000, 平均耗時=7.6ms, 最大耗時=51.7ms, 指令數=515
2025-07-20 18:15:50 [INFO] GripperOptimized:fast_loop:484 - 性能統計: 循環=4631000, 平均耗時=7.6ms, 最大耗時=51.7ms, 指令數=515
2025-07-20 18:16:10 [INFO] GripperOptimized:fast_loop:484 - 性能統計: 循環=4632000, 平均耗時=7.7ms, 最大耗時=51.7ms, 指令數=515
2025-07-20 18:16:31 [INFO] GripperOptimized:fast_loop:484 - 性能統計: 循環=4633000, 平均耗時=7.5ms, 最大耗時=51.7ms, 指令數=515
2025-07-20 18:16:51 [INFO] GripperOptimized:fast_loop:484 - 性能統計: 循環=4634000, 平均耗時=7.6ms, 最大耗時=51.7ms, 指令數=515
2025-07-20 18:17:12 [INFO] GripperOptimized:fast_loop:484 - 性能統計: 循環=4635000, 平均耗時=7.5ms, 最大耗時=51.7ms, 指令數=515
2025-07-20 18:17:33 [INFO] GripperOptimized:fast_loop:484 - 性能統計: 循環=4636000, 平均耗時=7.6ms, 最大耗時=51.7ms, 指令數=515
2025-07-20 18:17:53 [INFO] GripperOptimized:fast_loop:484 - 性能統計: 循環=4637000, 平均耗時=7.7ms, 最大耗時=51.7ms, 指令數=515
2025-07-20 18:18:14 [INFO] GripperOptimized:fast_loop:484 - 性能統計: 循環=4638000, 平均耗時=7.8ms, 最大耗時=51.7ms, 指令數=515
2025-07-20 18:18:34 [INFO] GripperOptimized:fast_loop:484 - 性能統計: 循環=4639000, 平均耗時=7.4ms, 最大耗時=51.7ms, 指令數=515
2025-07-20 18:18:55 [INFO] GripperOptimized:fast_loop:484 - 性能統計: 循環=4640000, 平均耗時=7.3ms, 最大耗時=51.7ms, 指令數=515
2025-07-20 18:19:16 [INFO] GripperOptimized:fast_loop:484 - 性能統計: 循環=4641000, 平均耗時=7.4ms, 最大耗時=51.7ms, 指令數=515
2025-07-20 18:19:36 [INFO] GripperOptimized:fast_loop:484 - 性能統計: 循環=4642000, 平均耗時=7.4ms, 最大耗時=51.7ms, 指令數=515
2025-07-20 18:19:57 [INFO] GripperOptimized:fast_loop:484 - 性能統計: 循環=4643000, 平均耗時=7.7ms, 最大耗時=51.7ms, 指令數=515
2025-07-20 18:20:17 [INFO] GripperOptimized:fast_loop:484 - 性能統計: 循環=4644000, 平均耗時=7.4ms, 最大耗時=51.7ms, 指令數=515
2025-07-20 18:20:38 [INFO] GripperOptimized:fast_loop:484 - 性能統計: 循環=4645000, 平均耗時=7.6ms, 最大耗時=51.7ms, 指令數=515
2025-07-20 18:20:59 [INFO] GripperOptimized:fast_loop:484 - 性能統計: 循環=4646000, 平均耗時=7.7ms, 最大耗時=51.7ms, 指令數=515
2025-07-20 18:21:19 [INFO] GripperOptimized:fast_loop:484 - 性能統計: 循環=4647000, 平均耗時=7.9ms, 最大耗時=51.7ms, 指令數=515
2025-07-20 18:21:40 [INFO] GripperOptimized:fast_loop:484 - 性能統計: 循環=4648000, 平均耗時=7.6ms, 最大耗時=51.7ms, 指令數=515
2025-07-20 18:22:00 [INFO] GripperOptimized:fast_loop:484 - 性能統計: 循環=4649000, 平均耗時=7.8ms, 最大耗時=51.7ms, 指令數=515
2025-07-20 18:22:21 [INFO] GripperOptimized:fast_loop:484 - 性能統計: 循環=4650000, 平均耗時=7.7ms, 最大耗時=51.7ms, 指令數=515
2025-07-20 18:22:42 [INFO] GripperOptimized:fast_loop:484 - 性能統計: 循環=4651000, 平均耗時=7.7ms, 最大耗時=51.7ms, 指令數=515
2025-07-20 18:23:02 [INFO] GripperOptimized:fast_loop:484 - 性能統計: 循環=4652000, 平均耗時=7.7ms, 最大耗時=51.7ms, 指令數=515
2025-07-20 18:23:23 [INFO] GripperOptimized:fast_loop:484 - 性能統計: 循環=4653000, 平均耗時=7.7ms, 最大耗時=51.7ms, 指令數=515
2025-07-20 18:23:43 [INFO] GripperOptimized:fast_loop:484 - 性能統計: 循環=4654000, 平均耗時=7.7ms, 最大耗時=51.7ms, 指令數=515
2025-07-20 18:24:04 [INFO] GripperOptimized:fast_loop:484 - 性能統計: 循環=4655000, 平均耗時=7.7ms, 最大耗時=51.7ms, 指令數=515
2025-07-20 18:24:24 [INFO] GripperOptimized:fast_loop:484 - 性能統計: 循環=4656000, 平均耗時=7.7ms, 最大耗時=51.7ms, 指令數=515
2025-07-20 18:24:45 [INFO] GripperOptimized:fast_loop:484 - 性能統計: 循環=4657000, 平均耗時=7.6ms, 最大耗時=51.7ms, 指令數=515
2025-07-20 18:25:06 [INFO] GripperOptimized:fast_loop:484 - 性能統計: 循環=4658000, 平均耗時=7.8ms, 最大耗時=51.7ms, 指令數=515
2025-07-20 18:25:26 [INFO] GripperOptimized:fast_loop:484 - 性能統計: 循環=4659000, 平均耗時=7.7ms, 最大耗時=51.7ms, 指令數=515
2025-07-20 18:25:47 [INFO] GripperOptimized:fast_loop:484 - 性能統計: 循環=4660000, 平均耗時=7.6ms, 最大耗時=51.7ms, 指令數=515
2025-07-20 18:26:08 [INFO] GripperOptimized:fast_loop:484 - 性能統計: 循環=4661000, 平均耗時=7.4ms, 最大耗時=51.7ms, 指令數=515
2025-07-20 18:26:28 [INFO] GripperOptimized:fast_loop:484 - 性能統計: 循環=4662000, 平均耗時=7.7ms, 最大耗時=51.7ms, 指令數=515
2025-07-20 18:26:49 [INFO] GripperOptimized:fast_loop:484 - 性能統計: 循環=4663000, 平均耗時=7.6ms, 最大耗時=51.7ms, 指令數=515
2025-07-20 18:27:09 [INFO] GripperOptimized:fast_loop:484 - 性能統計: 循環=4664000, 平均耗時=7.4ms, 最大耗時=51.7ms, 指令數=515
2025-07-20 18:27:30 [INFO] GripperOptimized:fast_loop:484 - 性能統計: 循環=4665000, 平均耗時=7.6ms, 最大耗時=51.7ms, 指令數=515
2025-07-20 18:27:51 [INFO] GripperOptimized:fast_loop:484 - 性能統計: 循環=4666000, 平均耗時=7.6ms, 最大耗時=51.7ms, 指令數=515
2025-07-20 18:28:11 [INFO] GripperOptimized:fast_loop:484 - 性能統計: 循環=4667000, 平均耗時=7.7ms, 最大耗時=51.7ms, 指令數=515
2025-07-20 18:28:32 [INFO] GripperOptimized:fast_loop:484 - 性能統計: 循環=4668000, 平均耗時=7.6ms, 最大耗時=51.7ms, 指令數=515
2025-07-20 18:28:52 [INFO] GripperOptimized:fast_loop:484 - 性能統計: 循環=4669000, 平均耗時=7.4ms, 最大耗時=51.7ms, 指令數=515
2025-07-20 18:29:13 [INFO] GripperOptimized:fast_loop:484 - 性能統計: 循環=4670000, 平均耗時=7.7ms, 最大耗時=51.7ms, 指令數=515
2025-07-20 18:29:34 [INFO] GripperOptimized:fast_loop:484 - 性能統計: 循環=4671000, 平均耗時=7.6ms, 最大耗時=51.7ms, 指令數=515
2025-07-20 18:29:54 [INFO] GripperOptimized:fast_loop:484 - 性能統計: 循環=4672000, 平均耗時=7.6ms, 最大耗時=51.7ms, 指令數=515
2025-07-20 18:30:15 [INFO] GripperOptimized:fast_loop:484 - 性能統計: 循環=4673000, 平均耗時=7.5ms, 最大耗時=51.7ms, 指令數=515
2025-07-20 18:30:35 [INFO] GripperOptimized:fast_loop:484 - 性能統計: 循環=4674000, 平均耗時=7.7ms, 最大耗時=51.7ms, 指令數=515
2025-07-20 18:30:56 [INFO] GripperOptimized:fast_loop:484 - 性能統計: 循環=4675000, 平均耗時=7.7ms, 最大耗時=51.7ms, 指令數=515
2025-07-20 18:31:17 [INFO] GripperOptimized:fast_loop:484 - 性能統計: 循環=4676000, 平均耗時=7.6ms, 最大耗時=51.7ms, 指令數=515
2025-07-20 18:31:37 [INFO] GripperOptimized:fast_loop:484 - 性能統計: 循環=4677000, 平均耗時=7.7ms, 最大耗時=51.7ms, 指令數=515
2025-07-20 18:31:58 [INFO] GripperOptimized:fast_loop:484 - 性能統計: 循環=4678000, 平均耗時=7.6ms, 最大耗時=51.7ms, 指令數=515
2025-07-20 18:32:18 [INFO] GripperOptimized:fast_loop:484 - 性能統計: 循環=4679000, 平均耗時=7.6ms, 最大耗時=51.7ms, 指令數=515
2025-07-20 18:32:39 [INFO] GripperOptimized:fast_loop:484 - 性能統計: 循環=4680000, 平均耗時=7.4ms, 最大耗時=51.7ms, 指令數=515
2025-07-20 18:33:00 [INFO] GripperOptimized:fast_loop:484 - 性能統計: 循環=4681000, 平均耗時=7.8ms, 最大耗時=51.7ms, 指令數=515
2025-07-20 18:33:20 [INFO] GripperOptimized:fast_loop:484 - 性能統計: 循環=4682000, 平均耗時=7.5ms, 最大耗時=51.7ms, 指令數=515
2025-07-20 18:33:41 [INFO] GripperOptimized:fast_loop:484 - 性能統計: 循環=4683000, 平均耗時=7.6ms, 最大耗時=51.7ms, 指令數=515
2025-07-20 18:34:01 [INFO] GripperOptimized:fast_loop:484 - 性能統計: 循環=4684000, 平均耗時=7.8ms, 最大耗時=51.7ms, 指令數=515
2025-07-20 18:34:22 [INFO] GripperOptimized:fast_loop:484 - 性能統計: 循環=4685000, 平均耗時=7.5ms, 最大耗時=51.7ms, 指令數=515
2025-07-20 18:34:43 [INFO] GripperOptimized:fast_loop:484 - 性能統計: 循環=4686000, 平均耗時=7.7ms, 最大耗時=51.7ms, 指令數=515
2025-07-20 18:35:03 [INFO] GripperOptimized:fast_loop:484 - 性能統計: 循環=4687000, 平均耗時=7.5ms, 最大耗時=51.7ms, 指令數=515
2025-07-20 18:35:24 [INFO] GripperOptimized:fast_loop:484 - 性能統計: 循環=4688000, 平均耗時=7.4ms, 最大耗時=51.7ms, 指令數=515
2025-07-20 18:35:44 [INFO] GripperOptimized:fast_loop:484 - 性能統計: 循環=4689000, 平均耗時=7.7ms, 最大耗時=51.7ms, 指令數=515
2025-07-20 18:36:05 [INFO] GripperOptimized:fast_loop:484 - 性能統計: 循環=4690000, 平均耗時=7.6ms, 最大耗時=51.7ms, 指令數=515
2025-07-20 18:36:26 [INFO] GripperOptimized:fast_loop:484 - 性能統計: 循環=4691000, 平均耗時=7.4ms, 最大耗時=51.7ms, 指令數=515
2025-07-20 18:36:46 [INFO] GripperOptimized:fast_loop:484 - 性能統計: 循環=4692000, 平均耗時=7.7ms, 最大耗時=51.7ms, 指令數=515
2025-07-20 18:37:07 [INFO] GripperOptimized:fast_loop:484 - 性能統計: 循環=4693000, 平均耗時=7.7ms, 最大耗時=51.7ms, 指令數=515
2025-07-20 18:37:27 [INFO] GripperOptimized:fast_loop:484 - 性能統計: 循環=4694000, 平均耗時=7.4ms, 最大耗時=51.7ms, 指令數=515
2025-07-20 18:37:48 [INFO] GripperOptimized:fast_loop:484 - 性能統計: 循環=4695000, 平均耗時=7.6ms, 最大耗時=51.7ms, 指令數=515
2025-07-20 18:38:09 [INFO] GripperOptimized:fast_loop:484 - 性能統計: 循環=4696000, 平均耗時=7.5ms, 最大耗時=51.7ms, 指令數=515
2025-07-20 18:38:29 [INFO] GripperOptimized:fast_loop:484 - 性能統計: 循環=4697000, 平均耗時=7.7ms, 最大耗時=51.7ms, 指令數=515
2025-07-20 18:38:50 [INFO] GripperOptimized:fast_loop:484 - 性能統計: 循環=4698000, 平均耗時=7.5ms, 最大耗時=51.7ms, 指令數=515
2025-07-20 18:39:10 [INFO] GripperOptimized:fast_loop:484 - 性能統計: 循環=4699000, 平均耗時=7.5ms, 最大耗時=51.7ms, 指令數=515
2025-07-20 18:39:31 [INFO] GripperOptimized:fast_loop:484 - 性能統計: 循環=4700000, 平均耗時=7.7ms, 最大耗時=51.7ms, 指令數=515
2025-07-20 18:39:52 [INFO] GripperOptimized:fast_loop:484 - 性能統計: 循環=4701000, 平均耗時=7.6ms, 最大耗時=51.7ms, 指令數=515
2025-07-20 18:40:12 [INFO] GripperOptimized:fast_loop:484 - 性能統計: 循環=4702000, 平均耗時=7.5ms, 最大耗時=51.7ms, 指令數=515
2025-07-20 18:40:33 [INFO] GripperOptimized:fast_loop:484 - 性能統計: 循環=4703000, 平均耗時=7.5ms, 最大耗時=51.7ms, 指令數=515
2025-07-20 18:40:53 [INFO] GripperOptimized:fast_loop:484 - 性能統計: 循環=4704000, 平均耗時=7.5ms, 最大耗時=51.7ms, 指令數=515
2025-07-20 18:41:14 [INFO] GripperOptimized:fast_loop:484 - 性能統計: 循環=4705000, 平均耗時=7.7ms, 最大耗時=51.7ms, 指令數=515
2025-07-20 18:41:35 [INFO] GripperOptimized:fast_loop:484 - 性能統計: 循環=4706000, 平均耗時=7.8ms, 最大耗時=51.7ms, 指令數=515
2025-07-20 18:41:55 [INFO] GripperOptimized:fast_loop:484 - 性能統計: 循環=4707000, 平均耗時=7.2ms, 最大耗時=51.7ms, 指令數=515
2025-07-20 18:42:16 [INFO] GripperOptimized:fast_loop:484 - 性能統計: 循環=4708000, 平均耗時=7.7ms, 最大耗時=51.7ms, 指令數=515
2025-07-20 18:42:36 [INFO] GripperOptimized:fast_loop:484 - 性能統計: 循環=4709000, 平均耗時=7.8ms, 最大耗時=51.7ms, 指令數=515
2025-07-20 18:42:57 [INFO] GripperOptimized:fast_loop:484 - 性能統計: 循環=4710000, 平均耗時=7.6ms, 最大耗時=51.7ms, 指令數=515
2025-07-20 18:43:18 [INFO] GripperOptimized:fast_loop:484 - 性能統計: 循環=4711000, 平均耗時=7.5ms, 最大耗時=51.7ms, 指令數=515
2025-07-20 18:43:38 [INFO] GripperOptimized:fast_loop:484 - 性能統計: 循環=4712000, 平均耗時=7.7ms, 最大耗時=51.7ms, 指令數=515
2025-07-20 18:43:59 [INFO] GripperOptimized:fast_loop:484 - 性能統計: 循環=4713000, 平均耗時=7.7ms, 最大耗時=51.7ms, 指令數=515
2025-07-20 18:44:19 [INFO] GripperOptimized:fast_loop:484 - 性能統計: 循環=4714000, 平均耗時=7.8ms, 最大耗時=51.7ms, 指令數=515
2025-07-20 18:44:40 [INFO] GripperOptimized:fast_loop:484 - 性能統計: 循環=4715000, 平均耗時=7.7ms, 最大耗時=51.7ms, 指令數=515
2025-07-20 18:45:01 [INFO] GripperOptimized:fast_loop:484 - 性能統計: 循環=4716000, 平均耗時=7.6ms, 最大耗時=51.7ms, 指令數=515
2025-07-20 18:45:21 [INFO] GripperOptimized:fast_loop:484 - 性能統計: 循環=4717000, 平均耗時=7.8ms, 最大耗時=51.7ms, 指令數=515
2025-07-20 18:45:42 [INFO] GripperOptimized:fast_loop:484 - 性能統計: 循環=4718000, 平均耗時=7.7ms, 最大耗時=51.7ms, 指令數=515
2025-07-20 18:46:02 [INFO] GripperOptimized:fast_loop:484 - 性能統計: 循環=4719000, 平均耗時=7.7ms, 最大耗時=51.7ms, 指令數=515
2025-07-20 18:46:23 [INFO] GripperOptimized:fast_loop:484 - 性能統計: 循環=4720000, 平均耗時=7.7ms, 最大耗時=51.7ms, 指令數=515
2025-07-20 18:46:44 [INFO] GripperOptimized:fast_loop:484 - 性能統計: 循環=4721000, 平均耗時=7.6ms, 最大耗時=51.7ms, 指令數=515
2025-07-20 18:47:04 [INFO] GripperOptimized:fast_loop:484 - 性能統計: 循環=4722000, 平均耗時=7.7ms, 最大耗時=51.7ms, 指令數=515
2025-07-20 18:47:25 [INFO] GripperOptimized:fast_loop:484 - 性能統計: 循環=4723000, 平均耗時=7.4ms, 最大耗時=51.7ms, 指令數=515
2025-07-20 18:47:45 [INFO] GripperOptimized:fast_loop:484 - 性能統計: 循環=4724000, 平均耗時=7.7ms, 最大耗時=51.7ms, 指令數=515
2025-07-20 18:48:06 [INFO] GripperOptimized:fast_loop:484 - 性能統計: 循環=4725000, 平均耗時=7.5ms, 最大耗時=51.7ms, 指令數=515
2025-07-20 18:48:27 [INFO] GripperOptimized:fast_loop:484 - 性能統計: 循環=4726000, 平均耗時=7.5ms, 最大耗時=51.7ms, 指令數=515
2025-07-20 18:48:47 [INFO] GripperOptimized:fast_loop:484 - 性能統計: 循環=4727000, 平均耗時=7.8ms, 最大耗時=51.7ms, 指令數=515
2025-07-20 18:49:08 [INFO] GripperOptimized:fast_loop:484 - 性能統計: 循環=4728000, 平均耗時=7.6ms, 最大耗時=51.7ms, 指令數=515
2025-07-20 18:49:28 [INFO] GripperOptimized:fast_loop:484 - 性能統計: 循環=4729000, 平均耗時=7.9ms, 最大耗時=51.7ms, 指令數=515
2025-07-20 18:49:49 [INFO] GripperOptimized:fast_loop:484 - 性能統計: 循環=4730000, 平均耗時=7.6ms, 最大耗時=51.7ms, 指令數=515
2025-07-20 18:50:10 [INFO] GripperOptimized:fast_loop:484 - 性能統計: 循環=4731000, 平均耗時=7.5ms, 最大耗時=51.7ms, 指令數=515
2025-07-20 18:50:30 [INFO] GripperOptimized:fast_loop:484 - 性能統計: 循環=4732000, 平均耗時=7.7ms, 最大耗時=51.7ms, 指令數=515
2025-07-20 18:50:51 [INFO] GripperOptimized:fast_loop:484 - 性能統計: 循環=4733000, 平均耗時=7.6ms, 最大耗時=51.7ms, 指令數=515
2025-07-20 18:51:11 [INFO] GripperOptimized:fast_loop:484 - 性能統計: 循環=4734000, 平均耗時=7.5ms, 最大耗時=51.7ms, 指令數=515
2025-07-20 18:51:32 [INFO] GripperOptimized:fast_loop:484 - 性能統計: 循環=4735000, 平均耗時=7.6ms, 最大耗時=51.7ms, 指令數=515
2025-07-20 18:51:53 [INFO] GripperOptimized:fast_loop:484 - 性能統計: 循環=4736000, 平均耗時=7.6ms, 最大耗時=51.7ms, 指令數=515
2025-07-20 18:52:13 [INFO] GripperOptimized:fast_loop:484 - 性能統計: 循環=4737000, 平均耗時=7.8ms, 最大耗時=51.7ms, 指令數=515
2025-07-20 18:52:34 [INFO] GripperOptimized:fast_loop:484 - 性能統計: 循環=4738000, 平均耗時=7.7ms, 最大耗時=51.7ms, 指令數=515
2025-07-20 18:52:55 [INFO] GripperOptimized:fast_loop:484 - 性能統計: 循環=4739000, 平均耗時=7.6ms, 最大耗時=51.7ms, 指令數=515
2025-07-20 18:53:15 [INFO] GripperOptimized:fast_loop:484 - 性能統計: 循環=4740000, 平均耗時=7.6ms, 最大耗時=51.7ms, 指令數=515
2025-07-20 18:53:36 [INFO] GripperOptimized:fast_loop:484 - 性能統計: 循環=4741000, 平均耗時=7.4ms, 最大耗時=51.7ms, 指令數=515
2025-07-20 18:53:56 [INFO] GripperOptimized:fast_loop:484 - 性能統計: 循環=4742000, 平均耗時=7.6ms, 最大耗時=51.7ms, 指令數=515
2025-07-20 18:54:17 [INFO] GripperOptimized:fast_loop:484 - 性能統計: 循環=4743000, 平均耗時=7.5ms, 最大耗時=51.7ms, 指令數=515
2025-07-20 18:54:37 [INFO] GripperOptimized:fast_loop:484 - 性能統計: 循環=4744000, 平均耗時=7.5ms, 最大耗時=51.7ms, 指令數=515
2025-07-20 18:54:58 [INFO] GripperOptimized:fast_loop:484 - 性能統計: 循環=4745000, 平均耗時=7.5ms, 最大耗時=51.7ms, 指令數=515
2025-07-20 18:55:19 [INFO] GripperOptimized:fast_loop:484 - 性能統計: 循環=4746000, 平均耗時=7.4ms, 最大耗時=51.7ms, 指令數=515
2025-07-20 18:55:39 [INFO] GripperOptimized:fast_loop:484 - 性能統計: 循環=4747000, 平均耗時=7.6ms, 最大耗時=51.7ms, 指令數=515
2025-07-20 18:56:00 [INFO] GripperOptimized:fast_loop:484 - 性能統計: 循環=4748000, 平均耗時=7.7ms, 最大耗時=51.7ms, 指令數=515
2025-07-20 18:56:20 [INFO] GripperOptimized:fast_loop:484 - 性能統計: 循環=4749000, 平均耗時=7.6ms, 最大耗時=51.7ms, 指令數=515
2025-07-20 18:56:41 [INFO] GripperOptimized:fast_loop:484 - 性能統計: 循環=4750000, 平均耗時=7.5ms, 最大耗時=51.7ms, 指令數=515
2025-07-20 18:57:02 [INFO] GripperOptimized:fast_loop:484 - 性能統計: 循環=4751000, 平均耗時=7.5ms, 最大耗時=51.7ms, 指令數=515
2025-07-20 18:57:22 [INFO] GripperOptimized:fast_loop:484 - 性能統計: 循環=4752000, 平均耗時=7.8ms, 最大耗時=51.7ms, 指令數=515
2025-07-20 18:57:43 [INFO] GripperOptimized:fast_loop:484 - 性能統計: 循環=4753000, 平均耗時=7.7ms, 最大耗時=51.7ms, 指令數=515
2025-07-20 18:58:04 [INFO] GripperOptimized:fast_loop:484 - 性能統計: 循環=4754000, 平均耗時=7.6ms, 最大耗時=51.7ms, 指令數=515
2025-07-20 18:58:24 [INFO] GripperOptimized:fast_loop:484 - 性能統計: 循環=4755000, 平均耗時=7.5ms, 最大耗時=51.7ms, 指令數=515
2025-07-20 18:58:45 [INFO] GripperOptimized:fast_loop:484 - 性能統計: 循環=4756000, 平均耗時=7.5ms, 最大耗時=51.7ms, 指令數=515
2025-07-20 18:59:05 [INFO] GripperOptimized:fast_loop:484 - 性能統計: 循環=4757000, 平均耗時=7.5ms, 最大耗時=51.7ms, 指令數=515
2025-07-20 18:59:26 [INFO] GripperOptimized:fast_loop:484 - 性能統計: 循環=4758000, 平均耗時=7.5ms, 最大耗時=51.7ms, 指令數=515
2025-07-20 18:59:47 [INFO] GripperOptimized:fast_loop:484 - 性能統計: 循環=4759000, 平均耗時=7.8ms, 最大耗時=51.7ms, 指令數=515
2025-07-20 19:00:07 [INFO] GripperOptimized:fast_loop:484 - 性能統計: 循環=4760000, 平均耗時=7.6ms, 最大耗時=51.7ms, 指令數=515
2025-07-20 19:00:28 [INFO] GripperOptimized:fast_loop:484 - 性能統計: 循環=4761000, 平均耗時=7.6ms, 最大耗時=51.7ms, 指令數=515
2025-07-20 19:00:48 [INFO] GripperOptimized:fast_loop:484 - 性能統計: 循環=4762000, 平均耗時=7.5ms, 最大耗時=51.7ms, 指令數=515
2025-07-20 19:01:09 [INFO] GripperOptimized:fast_loop:484 - 性能統計: 循環=4763000, 平均耗時=7.6ms, 最大耗時=51.7ms, 指令數=515
2025-07-20 19:01:30 [INFO] GripperOptimized:fast_loop:484 - 性能統計: 循環=4764000, 平均耗時=7.6ms, 最大耗時=51.7ms, 指令數=515
2025-07-20 19:01:50 [INFO] GripperOptimized:fast_loop:484 - 性能統計: 循環=4765000, 平均耗時=7.5ms, 最大耗時=51.7ms, 指令數=515
2025-07-20 19:02:11 [INFO] GripperOptimized:fast_loop:484 - 性能統計: 循環=4766000, 平均耗時=7.5ms, 最大耗時=51.7ms, 指令數=515
2025-07-20 19:02:31 [INFO] GripperOptimized:fast_loop:484 - 性能統計: 循環=4767000, 平均耗時=7.4ms, 最大耗時=51.7ms, 指令數=515
2025-07-20 19:02:52 [INFO] GripperOptimized:fast_loop:484 - 性能統計: 循環=4768000, 平均耗時=7.6ms, 最大耗時=51.7ms, 指令數=515
2025-07-20 19:03:13 [INFO] GripperOptimized:fast_loop:484 - 性能統計: 循環=4769000, 平均耗時=7.6ms, 最大耗時=51.7ms, 指令數=515
2025-07-20 19:03:33 [INFO] GripperOptimized:fast_loop:484 - 性能統計: 循環=4770000, 平均耗時=7.3ms, 最大耗時=51.7ms, 指令數=515
2025-07-20 19:03:54 [INFO] GripperOptimized:fast_loop:484 - 性能統計: 循環=4771000, 平均耗時=7.6ms, 最大耗時=51.7ms, 指令數=515
2025-07-20 19:04:14 [INFO] GripperOptimized:fast_loop:484 - 性能統計: 循環=4772000, 平均耗時=7.6ms, 最大耗時=51.7ms, 指令數=515
2025-07-20 19:04:35 [INFO] GripperOptimized:fast_loop:484 - 性能統計: 循環=4773000, 平均耗時=7.6ms, 最大耗時=51.7ms, 指令數=515
2025-07-20 19:04:56 [INFO] GripperOptimized:fast_loop:484 - 性能統計: 循環=4774000, 平均耗時=7.5ms, 最大耗時=51.7ms, 指令數=515
2025-07-20 19:05:16 [INFO] GripperOptimized:fast_loop:484 - 性能統計: 循環=4775000, 平均耗時=7.5ms, 最大耗時=51.7ms, 指令數=515
2025-07-20 19:05:37 [INFO] GripperOptimized:fast_loop:484 - 性能統計: 循環=4776000, 平均耗時=7.5ms, 最大耗時=51.7ms, 指令數=515
2025-07-20 19:05:57 [INFO] GripperOptimized:fast_loop:484 - 性能統計: 循環=4777000, 平均耗時=7.7ms, 最大耗時=51.7ms, 指令數=515
2025-07-20 19:06:18 [INFO] GripperOptimized:fast_loop:484 - 性能統計: 循環=4778000, 平均耗時=7.5ms, 最大耗時=51.7ms, 指令數=515
2025-07-20 19:06:39 [INFO] GripperOptimized:fast_loop:484 - 性能統計: 循環=4779000, 平均耗時=7.6ms, 最大耗時=51.7ms, 指令數=515
2025-07-20 19:06:59 [INFO] GripperOptimized:fast_loop:484 - 性能統計: 循環=4780000, 平均耗時=7.6ms, 最大耗時=51.7ms, 指令數=515
2025-07-20 19:07:20 [INFO] GripperOptimized:fast_loop:484 - 性能統計: 循環=4781000, 平均耗時=7.6ms, 最大耗時=51.7ms, 指令數=515
2025-07-20 19:07:40 [INFO] GripperOptimized:fast_loop:484 - 性能統計: 循環=4782000, 平均耗時=7.6ms, 最大耗時=51.7ms, 指令數=515
2025-07-20 19:08:01 [INFO] GripperOptimized:fast_loop:484 - 性能統計: 循環=4783000, 平均耗時=7.6ms, 最大耗時=51.7ms, 指令數=515
2025-07-20 19:08:22 [INFO] GripperOptimized:fast_loop:484 - 性能統計: 循環=4784000, 平均耗時=7.4ms, 最大耗時=51.7ms, 指令數=515
2025-07-20 19:08:42 [INFO] GripperOptimized:fast_loop:484 - 性能統計: 循環=4785000, 平均耗時=7.7ms, 最大耗時=51.7ms, 指令數=515
2025-07-20 19:09:03 [INFO] GripperOptimized:fast_loop:484 - 性能統計: 循環=4786000, 平均耗時=7.7ms, 最大耗時=51.7ms, 指令數=515
2025-07-20 19:09:23 [INFO] GripperOptimized:fast_loop:484 - 性能統計: 循環=4787000, 平均耗時=7.5ms, 最大耗時=51.7ms, 指令數=515
2025-07-20 19:09:44 [INFO] GripperOptimized:fast_loop:484 - 性能統計: 循環=4788000, 平均耗時=7.6ms, 最大耗時=51.7ms, 指令數=515
2025-07-20 19:10:05 [INFO] GripperOptimized:fast_loop:484 - 性能統計: 循環=4789000, 平均耗時=7.6ms, 最大耗時=51.7ms, 指令數=515
2025-07-20 19:10:25 [INFO] GripperOptimized:fast_loop:484 - 性能統計: 循環=4790000, 平均耗時=7.7ms, 最大耗時=51.7ms, 指令數=515
2025-07-20 19:10:46 [INFO] GripperOptimized:fast_loop:484 - 性能統計: 循環=4791000, 平均耗時=7.7ms, 最大耗時=51.7ms, 指令數=515
2025-07-20 19:11:06 [INFO] GripperOptimized:fast_loop:484 - 性能統計: 循環=4792000, 平均耗時=7.5ms, 最大耗時=51.7ms, 指令數=515
2025-07-20 19:11:27 [INFO] GripperOptimized:fast_loop:484 - 性能統計: 循環=4793000, 平均耗時=7.4ms, 最大耗時=51.7ms, 指令數=515
2025-07-20 19:11:48 [INFO] GripperOptimized:fast_loop:484 - 性能統計: 循環=4794000, 平均耗時=7.7ms, 最大耗時=51.7ms, 指令數=515
2025-07-20 19:12:08 [INFO] GripperOptimized:fast_loop:484 - 性能統計: 循環=4795000, 平均耗時=7.4ms, 最大耗時=51.7ms, 指令數=515
2025-07-20 19:12:29 [INFO] GripperOptimized:fast_loop:484 - 性能統計: 循環=4796000, 平均耗時=7.5ms, 最大耗時=51.7ms, 指令數=515
2025-07-20 19:12:49 [INFO] GripperOptimized:fast_loop:484 - 性能統計: 循環=4797000, 平均耗時=7.6ms, 最大耗時=51.7ms, 指令數=515
2025-07-20 19:13:10 [INFO] GripperOptimized:fast_loop:484 - 性能統計: 循環=4798000, 平均耗時=7.5ms, 最大耗時=51.7ms, 指令數=515
2025-07-20 19:13:31 [INFO] GripperOptimized:fast_loop:484 - 性能統計: 循環=4799000, 平均耗時=7.8ms, 最大耗時=51.7ms, 指令數=515
2025-07-20 19:13:51 [INFO] GripperOptimized:fast_loop:484 - 性能統計: 循環=4800000, 平均耗時=7.4ms, 最大耗時=51.7ms, 指令數=515
2025-07-20 19:14:12 [INFO] GripperOptimized:fast_loop:484 - 性能統計: 循環=4801000, 平均耗時=7.4ms, 最大耗時=51.7ms, 指令數=515
2025-07-20 19:14:32 [INFO] GripperOptimized:fast_loop:484 - 性能統計: 循環=4802000, 平均耗時=7.7ms, 最大耗時=51.7ms, 指令數=515
2025-07-20 19:14:53 [INFO] GripperOptimized:fast_loop:484 - 性能統計: 循環=4803000, 平均耗時=7.7ms, 最大耗時=51.7ms, 指令數=515
2025-07-20 19:15:14 [INFO] GripperOptimized:fast_loop:484 - 性能統計: 循環=4804000, 平均耗時=7.6ms, 最大耗時=51.7ms, 指令數=515
2025-07-20 19:15:34 [INFO] GripperOptimized:fast_loop:484 - 性能統計: 循環=4805000, 平均耗時=7.7ms, 最大耗時=51.7ms, 指令數=515
2025-07-20 19:15:55 [INFO] GripperOptimized:fast_loop:484 - 性能統計: 循環=4806000, 平均耗時=7.7ms, 最大耗時=51.7ms, 指令數=515
2025-07-20 19:16:15 [INFO] GripperOptimized:fast_loop:484 - 性能統計: 循環=4807000, 平均耗時=7.5ms, 最大耗時=51.7ms, 指令數=515
2025-07-20 19:16:36 [INFO] GripperOptimized:fast_loop:484 - 性能統計: 循環=4808000, 平均耗時=7.7ms, 最大耗時=51.7ms, 指令數=515
2025-07-20 19:16:57 [INFO] GripperOptimized:fast_loop:484 - 性能統計: 循環=4809000, 平均耗時=7.5ms, 最大耗時=51.7ms, 指令數=515
2025-07-20 19:17:17 [INFO] GripperOptimized:fast_loop:484 - 性能統計: 循環=4810000, 平均耗時=7.5ms, 最大耗時=51.7ms, 指令數=515
2025-07-20 19:17:38 [INFO] GripperOptimized:fast_loop:484 - 性能統計: 循環=4811000, 平均耗時=7.8ms, 最大耗時=51.7ms, 指令數=515
2025-07-20 19:17:58 [INFO] GripperOptimized:fast_loop:484 - 性能統計: 循環=4812000, 平均耗時=7.6ms, 最大耗時=51.7ms, 指令數=515
2025-07-20 19:18:19 [INFO] GripperOptimized:fast_loop:484 - 性能統計: 循環=4813000, 平均耗時=7.6ms, 最大耗時=51.7ms, 指令數=515
2025-07-20 19:18:40 [INFO] GripperOptimized:fast_loop:484 - 性能統計: 循環=4814000, 平均耗時=7.3ms, 最大耗時=51.7ms, 指令數=515
2025-07-20 19:19:00 [INFO] GripperOptimized:fast_loop:484 - 性能統計: 循環=4815000, 平均耗時=7.7ms, 最大耗時=51.7ms, 指令數=515
2025-07-20 19:19:21 [INFO] GripperOptimized:fast_loop:484 - 性能統計: 循環=4816000, 平均耗時=7.5ms, 最大耗時=51.7ms, 指令數=515
2025-07-20 19:19:41 [INFO] GripperOptimized:fast_loop:484 - 性能統計: 循環=4817000, 平均耗時=7.7ms, 最大耗時=51.7ms, 指令數=515
2025-07-20 19:20:02 [INFO] GripperOptimized:fast_loop:484 - 性能統計: 循環=4818000, 平均耗時=7.5ms, 最大耗時=51.7ms, 指令數=515
2025-07-20 19:20:23 [INFO] GripperOptimized:fast_loop:484 - 性能統計: 循環=4819000, 平均耗時=7.8ms, 最大耗時=51.7ms, 指令數=515
2025-07-20 19:20:43 [INFO] GripperOptimized:fast_loop:484 - 性能統計: 循環=4820000, 平均耗時=7.6ms, 最大耗時=51.7ms, 指令數=515
2025-07-20 19:21:04 [INFO] GripperOptimized:fast_loop:484 - 性能統計: 循環=4821000, 平均耗時=7.5ms, 最大耗時=51.7ms, 指令數=515
2025-07-20 19:21:24 [INFO] GripperOptimized:fast_loop:484 - 性能統計: 循環=4822000, 平均耗時=7.7ms, 最大耗時=51.7ms, 指令數=515
2025-07-20 19:21:45 [INFO] GripperOptimized:fast_loop:484 - 性能統計: 循環=4823000, 平均耗時=7.8ms, 最大耗時=51.7ms, 指令數=515
2025-07-20 19:22:06 [INFO] GripperOptimized:fast_loop:484 - 性能統計: 循環=4824000, 平均耗時=7.7ms, 最大耗時=51.7ms, 指令數=515
2025-07-20 19:22:26 [INFO] GripperOptimized:fast_loop:484 - 性能統計: 循環=4825000, 平均耗時=7.6ms, 最大耗時=51.7ms, 指令數=515
2025-07-20 19:22:47 [INFO] GripperOptimized:fast_loop:484 - 性能統計: 循環=4826000, 平均耗時=7.6ms, 最大耗時=51.7ms, 指令數=515
2025-07-20 19:23:07 [INFO] GripperOptimized:fast_loop:484 - 性能統計: 循環=4827000, 平均耗時=7.6ms, 最大耗時=51.7ms, 指令數=515
2025-07-20 19:23:28 [INFO] GripperOptimized:fast_loop:484 - 性能統計: 循環=4828000, 平均耗時=7.6ms, 最大耗時=51.7ms, 指令數=515
2025-07-20 19:23:49 [INFO] GripperOptimized:fast_loop:484 - 性能統計: 循環=4829000, 平均耗時=7.6ms, 最大耗時=51.7ms, 指令數=515
2025-07-20 19:24:09 [INFO] GripperOptimized:fast_loop:484 - 性能統計: 循環=4830000, 平均耗時=7.7ms, 最大耗時=51.7ms, 指令數=515
2025-07-20 19:24:30 [INFO] GripperOptimized:fast_loop:484 - 性能統計: 循環=4831000, 平均耗時=7.6ms, 最大耗時=51.7ms, 指令數=515
2025-07-20 19:24:50 [INFO] GripperOptimized:fast_loop:484 - 性能統計: 循環=4832000, 平均耗時=7.7ms, 最大耗時=51.7ms, 指令數=515
2025-07-20 19:25:11 [INFO] GripperOptimized:fast_loop:484 - 性能統計: 循環=4833000, 平均耗時=7.6ms, 最大耗時=51.7ms, 指令數=515
2025-07-20 19:25:32 [INFO] GripperOptimized:fast_loop:484 - 性能統計: 循環=4834000, 平均耗時=7.7ms, 最大耗時=51.7ms, 指令數=515
2025-07-20 19:25:52 [INFO] GripperOptimized:fast_loop:484 - 性能統計: 循環=4835000, 平均耗時=7.5ms, 最大耗時=51.7ms, 指令數=515
2025-07-20 19:26:13 [INFO] GripperOptimized:fast_loop:484 - 性能統計: 循環=4836000, 平均耗時=7.7ms, 最大耗時=51.7ms, 指令數=515
2025-07-20 19:26:34 [INFO] GripperOptimized:fast_loop:484 - 性能統計: 循環=4837000, 平均耗時=7.7ms, 最大耗時=51.7ms, 指令數=515
2025-07-20 19:26:54 [INFO] GripperOptimized:fast_loop:484 - 性能統計: 循環=4838000, 平均耗時=7.7ms, 最大耗時=51.7ms, 指令數=515
2025-07-20 19:27:15 [INFO] GripperOptimized:fast_loop:484 - 性能統計: 循環=4839000, 平均耗時=7.7ms, 最大耗時=51.7ms, 指令數=515
2025-07-20 19:27:35 [INFO] GripperOptimized:fast_loop:484 - 性能統計: 循環=4840000, 平均耗時=7.5ms, 最大耗時=51.7ms, 指令數=515
2025-07-20 19:27:56 [INFO] GripperOptimized:fast_loop:484 - 性能統計: 循環=4841000, 平均耗時=7.6ms, 最大耗時=51.7ms, 指令數=515
2025-07-20 19:28:17 [INFO] GripperOptimized:fast_loop:484 - 性能統計: 循環=4842000, 平均耗時=7.7ms, 最大耗時=51.7ms, 指令數=515
2025-07-20 19:28:37 [INFO] GripperOptimized:fast_loop:484 - 性能統計: 循環=4843000, 平均耗時=7.5ms, 最大耗時=51.7ms, 指令數=515
2025-07-20 19:28:58 [INFO] GripperOptimized:fast_loop:484 - 性能統計: 循環=4844000, 平均耗時=7.3ms, 最大耗時=51.7ms, 指令數=515
2025-07-20 19:29:18 [INFO] GripperOptimized:fast_loop:484 - 性能統計: 循環=4845000, 平均耗時=7.6ms, 最大耗時=51.7ms, 指令數=515
2025-07-20 19:29:39 [INFO] GripperOptimized:fast_loop:484 - 性能統計: 循環=4846000, 平均耗時=7.5ms, 最大耗時=51.7ms, 指令數=515
2025-07-20 19:30:00 [INFO] GripperOptimized:fast_loop:484 - 性能統計: 循環=4847000, 平均耗時=7.7ms, 最大耗時=51.7ms, 指令數=515
2025-07-20 19:30:20 [INFO] GripperOptimized:fast_loop:484 - 性能統計: 循環=4848000, 平均耗時=7.5ms, 最大耗時=51.7ms, 指令數=515
2025-07-20 19:30:41 [INFO] GripperOptimized:fast_loop:484 - 性能統計: 循環=4849000, 平均耗時=7.8ms, 最大耗時=51.7ms, 指令數=515
2025-07-20 19:31:01 [INFO] GripperOptimized:fast_loop:484 - 性能統計: 循環=4850000, 平均耗時=7.5ms, 最大耗時=51.7ms, 指令數=515
2025-07-20 19:31:22 [INFO] GripperOptimized:fast_loop:484 - 性能統計: 循環=4851000, 平均耗時=7.8ms, 最大耗時=51.7ms, 指令數=515
2025-07-20 19:31:43 [INFO] GripperOptimized:fast_loop:484 - 性能統計: 循環=4852000, 平均耗時=7.7ms, 最大耗時=51.7ms, 指令數=515
2025-07-20 19:32:03 [INFO] GripperOptimized:fast_loop:484 - 性能統計: 循環=4853000, 平均耗時=7.7ms, 最大耗時=51.7ms, 指令數=515
2025-07-20 19:32:24 [INFO] GripperOptimized:fast_loop:484 - 性能統計: 循環=4854000, 平均耗時=7.4ms, 最大耗時=51.7ms, 指令數=515
2025-07-20 19:32:44 [INFO] GripperOptimized:fast_loop:484 - 性能統計: 循環=4855000, 平均耗時=7.7ms, 最大耗時=51.7ms, 指令數=515
2025-07-20 19:33:05 [INFO] GripperOptimized:fast_loop:484 - 性能統計: 循環=4856000, 平均耗時=7.7ms, 最大耗時=51.7ms, 指令數=515
2025-07-20 19:33:26 [INFO] GripperOptimized:fast_loop:484 - 性能統計: 循環=4857000, 平均耗時=7.8ms, 最大耗時=51.7ms, 指令數=515
2025-07-20 19:33:46 [INFO] GripperOptimized:fast_loop:484 - 性能統計: 循環=4858000, 平均耗時=7.5ms, 最大耗時=51.7ms, 指令數=515
2025-07-20 19:34:07 [INFO] GripperOptimized:fast_loop:484 - 性能統計: 循環=4859000, 平均耗時=7.6ms, 最大耗時=51.7ms, 指令數=515
2025-07-20 19:34:27 [INFO] GripperOptimized:fast_loop:484 - 性能統計: 循環=4860000, 平均耗時=8.0ms, 最大耗時=51.7ms, 指令數=515
2025-07-20 19:34:48 [INFO] GripperOptimized:fast_loop:484 - 性能統計: 循環=4861000, 平均耗時=7.6ms, 最大耗時=51.7ms, 指令數=515
2025-07-20 19:35:09 [INFO] GripperOptimized:fast_loop:484 - 性能統計: 循環=4862000, 平均耗時=7.8ms, 最大耗時=51.7ms, 指令數=515
2025-07-20 19:35:29 [INFO] GripperOptimized:fast_loop:484 - 性能統計: 循環=4863000, 平均耗時=7.6ms, 最大耗時=51.7ms, 指令數=515
2025-07-20 19:35:50 [INFO] GripperOptimized:fast_loop:484 - 性能統計: 循環=4864000, 平均耗時=7.6ms, 最大耗時=51.7ms, 指令數=515
2025-07-20 19:36:10 [INFO] GripperOptimized:fast_loop:484 - 性能統計: 循環=4865000, 平均耗時=7.6ms, 最大耗時=51.7ms, 指令數=515
2025-07-20 19:36:31 [INFO] GripperOptimized:fast_loop:484 - 性能統計: 循環=4866000, 平均耗時=7.6ms, 最大耗時=51.7ms, 指令數=515
2025-07-20 19:36:52 [INFO] GripperOptimized:fast_loop:484 - 性能統計: 循環=4867000, 平均耗時=7.4ms, 最大耗時=51.7ms, 指令數=515
2025-07-20 19:37:12 [INFO] GripperOptimized:fast_loop:484 - 性能統計: 循環=4868000, 平均耗時=7.5ms, 最大耗時=51.7ms, 指令數=515
2025-07-20 19:37:33 [INFO] GripperOptimized:fast_loop:484 - 性能統計: 循環=4869000, 平均耗時=7.5ms, 最大耗時=51.7ms, 指令數=515
2025-07-20 19:37:53 [INFO] GripperOptimized:fast_loop:484 - 性能統計: 循環=4870000, 平均耗時=7.5ms, 最大耗時=51.7ms, 指令數=515
2025-07-20 19:38:14 [INFO] GripperOptimized:fast_loop:484 - 性能統計: 循環=4871000, 平均耗時=7.8ms, 最大耗時=51.7ms, 指令數=515
2025-07-20 19:38:35 [INFO] GripperOptimized:fast_loop:484 - 性能統計: 循環=4872000, 平均耗時=7.7ms, 最大耗時=51.7ms, 指令數=515
2025-07-20 19:38:55 [INFO] GripperOptimized:fast_loop:484 - 性能統計: 循環=4873000, 平均耗時=7.8ms, 最大耗時=51.7ms, 指令數=515
2025-07-20 19:39:16 [INFO] GripperOptimized:fast_loop:484 - 性能統計: 循環=4874000, 平均耗時=7.4ms, 最大耗時=51.7ms, 指令數=515
2025-07-20 19:39:36 [INFO] GripperOptimized:fast_loop:484 - 性能統計: 循環=4875000, 平均耗時=7.8ms, 最大耗時=51.7ms, 指令數=515
2025-07-20 19:39:57 [INFO] GripperOptimized:fast_loop:484 - 性能統計: 循環=4876000, 平均耗時=7.4ms, 最大耗時=51.7ms, 指令數=515
2025-07-20 19:40:18 [INFO] GripperOptimized:fast_loop:484 - 性能統計: 循環=4877000, 平均耗時=7.6ms, 最大耗時=51.7ms, 指令數=515
2025-07-20 19:40:38 [INFO] GripperOptimized:fast_loop:484 - 性能統計: 循環=4878000, 平均耗時=7.5ms, 最大耗時=51.7ms, 指令數=515
2025-07-20 19:40:59 [INFO] GripperOptimized:fast_loop:484 - 性能統計: 循環=4879000, 平均耗時=7.9ms, 最大耗時=51.7ms, 指令數=515
2025-07-20 19:41:19 [INFO] GripperOptimized:fast_loop:484 - 性能統計: 循環=4880000, 平均耗時=7.7ms, 最大耗時=51.7ms, 指令數=515
2025-07-20 19:41:40 [INFO] GripperOptimized:fast_loop:484 - 性能統計: 循環=4881000, 平均耗時=7.7ms, 最大耗時=51.7ms, 指令數=515
2025-07-20 19:42:01 [INFO] GripperOptimized:fast_loop:484 - 性能統計: 循環=4882000, 平均耗時=7.6ms, 最大耗時=51.7ms, 指令數=515
2025-07-20 19:42:21 [INFO] GripperOptimized:fast_loop:484 - 性能統計: 循環=4883000, 平均耗時=7.6ms, 最大耗時=51.7ms, 指令數=515
2025-07-20 19:42:42 [INFO] GripperOptimized:fast_loop:484 - 性能統計: 循環=4884000, 平均耗時=7.7ms, 最大耗時=51.7ms, 指令數=515
2025-07-20 19:43:02 [INFO] GripperOptimized:fast_loop:484 - 性能統計: 循環=4885000, 平均耗時=7.6ms, 最大耗時=51.7ms, 指令數=515
2025-07-20 19:43:23 [INFO] GripperOptimized:fast_loop:484 - 性能統計: 循環=4886000, 平均耗時=7.5ms, 最大耗時=51.7ms, 指令數=515
2025-07-20 19:43:44 [INFO] GripperOptimized:fast_loop:484 - 性能統計: 循環=4887000, 平均耗時=7.4ms, 最大耗時=51.7ms, 指令數=515
2025-07-20 19:44:04 [INFO] GripperOptimized:fast_loop:484 - 性能統計: 循環=4888000, 平均耗時=7.4ms, 最大耗時=51.7ms, 指令數=515
2025-07-20 19:44:25 [INFO] GripperOptimized:fast_loop:484 - 性能統計: 循環=4889000, 平均耗時=7.4ms, 最大耗時=51.7ms, 指令數=515
2025-07-20 19:44:45 [INFO] GripperOptimized:fast_loop:484 - 性能統計: 循環=4890000, 平均耗時=7.5ms, 最大耗時=51.7ms, 指令數=515
2025-07-20 19:45:06 [INFO] GripperOptimized:fast_loop:484 - 性能統計: 循環=4891000, 平均耗時=7.3ms, 最大耗時=51.7ms, 指令數=515
2025-07-20 19:45:27 [INFO] GripperOptimized:fast_loop:484 - 性能統計: 循環=4892000, 平均耗時=7.5ms, 最大耗時=51.7ms, 指令數=515
2025-07-20 19:45:47 [INFO] GripperOptimized:fast_loop:484 - 性能統計: 循環=4893000, 平均耗時=7.6ms, 最大耗時=51.7ms, 指令數=515
2025-07-20 19:46:08 [INFO] GripperOptimized:fast_loop:484 - 性能統計: 循環=4894000, 平均耗時=7.7ms, 最大耗時=51.7ms, 指令數=515
2025-07-20 19:46:28 [INFO] GripperOptimized:fast_loop:484 - 性能統計: 循環=4895000, 平均耗時=7.7ms, 最大耗時=51.7ms, 指令數=515
2025-07-20 19:46:49 [INFO] GripperOptimized:fast_loop:484 - 性能統計: 循環=4896000, 平均耗時=7.6ms, 最大耗時=51.7ms, 指令數=515
2025-07-20 19:47:10 [INFO] GripperOptimized:fast_loop:484 - 性能統計: 循環=4897000, 平均耗時=7.4ms, 最大耗時=51.7ms, 指令數=515
2025-07-20 19:47:30 [INFO] GripperOptimized:fast_loop:484 - 性能統計: 循環=4898000, 平均耗時=7.5ms, 最大耗時=51.7ms, 指令數=515
2025-07-20 19:47:51 [INFO] GripperOptimized:fast_loop:484 - 性能統計: 循環=4899000, 平均耗時=7.8ms, 最大耗時=51.7ms, 指令數=515
2025-07-20 19:48:12 [INFO] GripperOptimized:fast_loop:484 - 性能統計: 循環=4900000, 平均耗時=7.6ms, 最大耗時=51.7ms, 指令數=515
2025-07-20 19:48:32 [INFO] GripperOptimized:fast_loop:484 - 性能統計: 循環=4901000, 平均耗時=7.5ms, 最大耗時=51.7ms, 指令數=515
2025-07-20 19:48:53 [INFO] GripperOptimized:fast_loop:484 - 性能統計: 循環=4902000, 平均耗時=7.7ms, 最大耗時=51.7ms, 指令數=515
2025-07-20 19:49:13 [INFO] GripperOptimized:fast_loop:484 - 性能統計: 循環=4903000, 平均耗時=7.4ms, 最大耗時=51.7ms, 指令數=515
2025-07-20 19:49:34 [INFO] GripperOptimized:fast_loop:484 - 性能統計: 循環=4904000, 平均耗時=7.6ms, 最大耗時=51.7ms, 指令數=515
2025-07-20 19:49:54 [INFO] GripperOptimized:fast_loop:484 - 性能統計: 循環=4905000, 平均耗時=7.7ms, 最大耗時=51.7ms, 指令數=515
2025-07-20 19:50:15 [INFO] GripperOptimized:fast_loop:484 - 性能統計: 循環=4906000, 平均耗時=7.5ms, 最大耗時=51.7ms, 指令數=515
2025-07-20 19:50:36 [INFO] GripperOptimized:fast_loop:484 - 性能統計: 循環=4907000, 平均耗時=7.5ms, 最大耗時=51.7ms, 指令數=515
2025-07-20 19:50:56 [INFO] GripperOptimized:fast_loop:484 - 性能統計: 循環=4908000, 平均耗時=7.7ms, 最大耗時=51.7ms, 指令數=515
2025-07-20 19:51:17 [INFO] GripperOptimized:fast_loop:484 - 性能統計: 循環=4909000, 平均耗時=7.6ms, 最大耗時=51.7ms, 指令數=515
2025-07-20 19:51:37 [INFO] GripperOptimized:fast_loop:484 - 性能統計: 循環=4910000, 平均耗時=7.5ms, 最大耗時=51.7ms, 指令數=515
2025-07-20 19:51:58 [INFO] GripperOptimized:fast_loop:484 - 性能統計: 循環=4911000, 平均耗時=7.5ms, 最大耗時=51.7ms, 指令數=515
2025-07-20 19:52:19 [INFO] GripperOptimized:fast_loop:484 - 性能統計: 循環=4912000, 平均耗時=7.5ms, 最大耗時=51.7ms, 指令數=515
2025-07-20 19:52:39 [INFO] GripperOptimized:fast_loop:484 - 性能統計: 循環=4913000, 平均耗時=7.7ms, 最大耗時=51.7ms, 指令數=515
2025-07-20 19:53:00 [INFO] GripperOptimized:fast_loop:484 - 性能統計: 循環=4914000, 平均耗時=7.5ms, 最大耗時=51.7ms, 指令數=515
2025-07-20 19:53:21 [INFO] GripperOptimized:fast_loop:484 - 性能統計: 循環=4915000, 平均耗時=7.6ms, 最大耗時=51.7ms, 指令數=515
2025-07-20 19:53:41 [INFO] GripperOptimized:fast_loop:484 - 性能統計: 循環=4916000, 平均耗時=7.3ms, 最大耗時=51.7ms, 指令數=515
2025-07-20 19:54:02 [INFO] GripperOptimized:fast_loop:484 - 性能統計: 循環=4917000, 平均耗時=7.8ms, 最大耗時=51.7ms, 指令數=515
2025-07-20 19:54:22 [INFO] GripperOptimized:fast_loop:484 - 性能統計: 循環=4918000, 平均耗時=7.6ms, 最大耗時=51.7ms, 指令數=515
2025-07-20 19:54:43 [INFO] GripperOptimized:fast_loop:484 - 性能統計: 循環=4919000, 平均耗時=7.8ms, 最大耗時=51.7ms, 指令數=515
2025-07-20 20:00:34 [INFO] GripperOptimized:__init__:66 - 夾爪模組啟動 - 優化版本 - 基地址: 500-539
2025-07-20 20:00:34 [INFO] GripperOptimized:__init__:67 - 性能參數: 主循環=20.0ms, 狀態更新=10.0ms
2025-07-20 20:00:34 [INFO] GripperOptimized:fast_loop:438 - 夾爪主循環啟動 - 高性能模式
2025-07-20 20:00:34 [INFO] GripperOptimized:start:509 - 夾爪模組已啟動 - 高性能模式
2025-07-20 20:00:34 [INFO] GripperOptimized:connect_main_server:158 - 主服務器連接成功: 127.0.0.1:502
2025-07-20 20:00:34 [INFO] GripperOptimized:connect_rtu_devices:183 - RTU設備連接成功: COM11
2025-07-20 20:00:38 [INFO] GripperOptimized:process_commands:412 - 收到PGC指令: 代碼=1, 參數1=0, 參數2=0, ID=1
2025-07-20 20:00:38 [INFO] GripperOptimized:process_commands:418 - PGC指令執行成功
2025-07-20 20:00:38 [WARNING] GripperOptimized:fast_loop:492 - 主循環執行時間過長: 36.3ms
2025-07-20 20:00:55 [INFO] GripperOptimized:fast_loop:484 - 性能統計: 循環=1000, 平均耗時=7.2ms, 最大耗時=36.3ms, 指令數=1
2025-07-20 20:01:16 [INFO] GripperOptimized:fast_loop:484 - 性能統計: 循環=2000, 平均耗時=7.1ms, 最大耗時=36.3ms, 指令數=1
2025-07-20 20:01:37 [INFO] GripperOptimized:fast_loop:484 - 性能統計: 循環=3000, 平均耗時=7.0ms, 最大耗時=36.3ms, 指令數=1
2025-07-20 20:01:57 [INFO] GripperOptimized:fast_loop:484 - 性能統計: 循環=4000, 平均耗時=7.1ms, 最大耗時=36.3ms, 指令數=1
2025-07-20 20:02:18 [INFO] GripperOptimized:fast_loop:484 - 性能統計: 循環=5000, 平均耗時=6.9ms, 最大耗時=36.3ms, 指令數=1
2025-07-20 20:02:39 [INFO] GripperOptimized:fast_loop:484 - 性能統計: 循環=6000, 平均耗時=7.1ms, 最大耗時=36.3ms, 指令數=1
2025-07-20 20:03:00 [INFO] GripperOptimized:fast_loop:484 - 性能統計: 循環=7000, 平均耗時=7.3ms, 最大耗時=36.3ms, 指令數=1
2025-07-20 20:03:20 [INFO] GripperOptimized:fast_loop:484 - 性能統計: 循環=8000, 平均耗時=7.5ms, 最大耗時=36.3ms, 指令數=1
2025-07-20 20:03:41 [INFO] GripperOptimized:fast_loop:484 - 性能統計: 循環=9000, 平均耗時=7.3ms, 最大耗時=36.3ms, 指令數=1
2025-07-20 20:04:02 [INFO] GripperOptimized:fast_loop:484 - 性能統計: 循環=10000, 平均耗時=7.2ms, 最大耗時=36.3ms, 指令數=1
2025-07-20 20:04:23 [INFO] GripperOptimized:fast_loop:484 - 性能統計: 循環=11000, 平均耗時=7.2ms, 最大耗時=36.3ms, 指令數=1
2025-07-20 20:04:43 [INFO] GripperOptimized:fast_loop:484 - 性能統計: 循環=12000, 平均耗時=7.3ms, 最大耗時=36.3ms, 指令數=1
2025-07-20 20:05:04 [INFO] GripperOptimized:fast_loop:484 - 性能統計: 循環=13000, 平均耗時=7.2ms, 最大耗時=36.3ms, 指令數=1
2025-07-20 20:05:25 [INFO] GripperOptimized:fast_loop:484 - 性能統計: 循環=14000, 平均耗時=7.3ms, 最大耗時=36.3ms, 指令數=1
2025-07-20 20:05:45 [INFO] GripperOptimized:fast_loop:484 - 性能統計: 循環=15000, 平均耗時=7.1ms, 最大耗時=36.3ms, 指令數=1
2025-07-20 20:06:06 [INFO] GripperOptimized:fast_loop:484 - 性能統計: 循環=16000, 平均耗時=7.2ms, 最大耗時=36.3ms, 指令數=1
2025-07-20 20:06:27 [INFO] GripperOptimized:fast_loop:484 - 性能統計: 循環=17000, 平均耗時=7.5ms, 最大耗時=36.3ms, 指令數=1
2025-07-20 20:06:47 [INFO] GripperOptimized:fast_loop:484 - 性能統計: 循環=18000, 平均耗時=7.4ms, 最大耗時=36.3ms, 指令數=1
2025-07-20 20:07:08 [INFO] GripperOptimized:fast_loop:484 - 性能統計: 循環=19000, 平均耗時=7.3ms, 最大耗時=36.3ms, 指令數=1
2025-07-20 20:07:29 [INFO] GripperOptimized:fast_loop:484 - 性能統計: 循環=20000, 平均耗時=7.4ms, 最大耗時=36.3ms, 指令數=1
2025-07-20 20:07:49 [INFO] GripperOptimized:fast_loop:484 - 性能統計: 循環=21000, 平均耗時=7.3ms, 最大耗時=36.3ms, 指令數=1
2025-07-20 20:08:10 [INFO] GripperOptimized:fast_loop:484 - 性能統計: 循環=22000, 平均耗時=7.2ms, 最大耗時=36.3ms, 指令數=1
2025-07-20 20:08:31 [INFO] GripperOptimized:fast_loop:484 - 性能統計: 循環=23000, 平均耗時=7.3ms, 最大耗時=36.3ms, 指令數=1
2025-07-20 20:08:52 [INFO] GripperOptimized:fast_loop:484 - 性能統計: 循環=24000, 平均耗時=7.6ms, 最大耗時=36.3ms, 指令數=1
2025-07-20 20:09:12 [INFO] GripperOptimized:fast_loop:484 - 性能統計: 循環=25000, 平均耗時=7.4ms, 最大耗時=36.3ms, 指令數=1
2025-07-20 20:09:33 [INFO] GripperOptimized:fast_loop:484 - 性能統計: 循環=26000, 平均耗時=7.0ms, 最大耗時=36.3ms, 指令數=1
2025-07-20 20:09:53 [INFO] GripperOptimized:fast_loop:484 - 性能統計: 循環=27000, 平均耗時=7.2ms, 最大耗時=36.3ms, 指令數=1
2025-07-20 20:10:14 [INFO] GripperOptimized:fast_loop:484 - 性能統計: 循環=28000, 平均耗時=7.2ms, 最大耗時=36.3ms, 指令數=1
2025-07-20 20:10:35 [INFO] GripperOptimized:fast_loop:484 - 性能統計: 循環=29000, 平均耗時=7.2ms, 最大耗時=36.3ms, 指令數=1
2025-07-20 20:10:55 [INFO] GripperOptimized:fast_loop:484 - 性能統計: 循環=30000, 平均耗時=7.3ms, 最大耗時=36.3ms, 指令數=1
2025-07-20 20:11:16 [INFO] GripperOptimized:fast_loop:484 - 性能統計: 循環=31000, 平均耗時=7.4ms, 最大耗時=36.3ms, 指令數=1
2025-07-20 20:11:36 [INFO] GripperOptimized:fast_loop:484 - 性能統計: 循環=32000, 平均耗時=7.3ms, 最大耗時=36.3ms, 指令數=1
2025-07-20 20:11:57 [INFO] GripperOptimized:fast_loop:484 - 性能統計: 循環=33000, 平均耗時=7.2ms, 最大耗時=36.3ms, 指令數=1
2025-07-20 20:12:18 [INFO] GripperOptimized:fast_loop:484 - 性能統計: 循環=34000, 平均耗時=7.5ms, 最大耗時=36.3ms, 指令數=1
2025-07-20 20:12:38 [INFO] GripperOptimized:fast_loop:484 - 性能統計: 循環=35000, 平均耗時=7.5ms, 最大耗時=36.3ms, 指令數=1
2025-07-20 20:12:59 [INFO] GripperOptimized:fast_loop:484 - 性能統計: 循環=36000, 平均耗時=7.3ms, 最大耗時=36.3ms, 指令數=1
2025-07-20 20:13:20 [INFO] GripperOptimized:fast_loop:484 - 性能統計: 循環=37000, 平均耗時=7.2ms, 最大耗時=36.3ms, 指令數=1
2025-07-20 20:13:41 [INFO] GripperOptimized:fast_loop:484 - 性能統計: 循環=38000, 平均耗時=7.7ms, 最大耗時=36.3ms, 指令數=1
2025-07-20 20:14:01 [INFO] GripperOptimized:fast_loop:484 - 性能統計: 循環=39000, 平均耗時=7.3ms, 最大耗時=36.3ms, 指令數=1
2025-07-20 20:14:22 [INFO] GripperOptimized:fast_loop:484 - 性能統計: 循環=40000, 平均耗時=7.1ms, 最大耗時=36.3ms, 指令數=1
2025-07-20 20:14:43 [INFO] GripperOptimized:fast_loop:484 - 性能統計: 循環=41000, 平均耗時=7.5ms, 最大耗時=36.3ms, 指令數=1
2025-07-20 20:15:03 [INFO] GripperOptimized:fast_loop:484 - 性能統計: 循環=42000, 平均耗時=7.1ms, 最大耗時=36.3ms, 指令數=1
2025-07-20 20:15:24 [INFO] GripperOptimized:fast_loop:484 - 性能統計: 循環=43000, 平均耗時=7.4ms, 最大耗時=36.3ms, 指令數=1
2025-07-20 20:15:45 [INFO] GripperOptimized:fast_loop:484 - 性能統計: 循環=44000, 平均耗時=7.2ms, 最大耗時=36.3ms, 指令數=1
2025-07-20 20:16:05 [INFO] GripperOptimized:fast_loop:484 - 性能統計: 循環=45000, 平均耗時=7.3ms, 最大耗時=36.3ms, 指令數=1
2025-07-20 20:16:26 [INFO] GripperOptimized:fast_loop:484 - 性能統計: 循環=46000, 平均耗時=7.4ms, 最大耗時=36.3ms, 指令數=1
2025-07-20 20:16:47 [INFO] GripperOptimized:fast_loop:484 - 性能統計: 循環=47000, 平均耗時=7.6ms, 最大耗時=36.3ms, 指令數=1
2025-07-20 20:17:07 [INFO] GripperOptimized:fast_loop:484 - 性能統計: 循環=48000, 平均耗時=7.3ms, 最大耗時=36.3ms, 指令數=1
2025-07-20 20:17:28 [INFO] GripperOptimized:fast_loop:484 - 性能統計: 循環=49000, 平均耗時=7.3ms, 最大耗時=36.3ms, 指令數=1
2025-07-20 20:17:49 [INFO] GripperOptimized:fast_loop:484 - 性能統計: 循環=50000, 平均耗時=7.2ms, 最大耗時=36.3ms, 指令數=1
2025-07-20 20:18:10 [INFO] GripperOptimized:fast_loop:484 - 性能統計: 循環=51000, 平均耗時=7.3ms, 最大耗時=36.3ms, 指令數=1
2025-07-20 20:18:30 [INFO] GripperOptimized:fast_loop:484 - 性能統計: 循環=52000, 平均耗時=7.4ms, 最大耗時=36.3ms, 指令數=1
2025-07-20 20:18:51 [INFO] GripperOptimized:fast_loop:484 - 性能統計: 循環=53000, 平均耗時=7.4ms, 最大耗時=36.3ms, 指令數=1
2025-07-20 20:19:11 [INFO] GripperOptimized:fast_loop:484 - 性能統計: 循環=54000, 平均耗時=7.4ms, 最大耗時=36.3ms, 指令數=1
2025-07-20 20:19:32 [INFO] GripperOptimized:fast_loop:484 - 性能統計: 循環=55000, 平均耗時=7.2ms, 最大耗時=36.3ms, 指令數=1
2025-07-20 20:19:53 [INFO] GripperOptimized:fast_loop:484 - 性能統計: 循環=56000, 平均耗時=7.3ms, 最大耗時=36.3ms, 指令數=1
2025-07-20 20:20:14 [INFO] GripperOptimized:fast_loop:484 - 性能統計: 循環=57000, 平均耗時=7.1ms, 最大耗時=36.3ms, 指令數=1
2025-07-20 20:20:34 [INFO] GripperOptimized:fast_loop:484 - 性能統計: 循環=58000, 平均耗時=7.3ms, 最大耗時=36.3ms, 指令數=1
2025-07-20 20:20:55 [INFO] GripperOptimized:fast_loop:484 - 性能統計: 循環=59000, 平均耗時=7.4ms, 最大耗時=36.3ms, 指令數=1
2025-07-20 20:21:16 [INFO] GripperOptimized:fast_loop:484 - 性能統計: 循環=60000, 平均耗時=7.4ms, 最大耗時=36.3ms, 指令數=1
2025-07-20 20:21:36 [INFO] GripperOptimized:fast_loop:484 - 性能統計: 循環=61000, 平均耗時=7.3ms, 最大耗時=36.3ms, 指令數=1
2025-07-20 20:21:57 [INFO] GripperOptimized:fast_loop:484 - 性能統計: 循環=62000, 平均耗時=7.2ms, 最大耗時=36.3ms, 指令數=1
2025-07-20 20:22:18 [INFO] GripperOptimized:fast_loop:484 - 性能統計: 循環=63000, 平均耗時=7.3ms, 最大耗時=36.3ms, 指令數=1
2025-07-20 20:22:38 [INFO] GripperOptimized:fast_loop:484 - 性能統計: 循環=64000, 平均耗時=7.5ms, 最大耗時=36.3ms, 指令數=1
2025-07-20 20:22:59 [INFO] GripperOptimized:fast_loop:484 - 性能統計: 循環=65000, 平均耗時=7.4ms, 最大耗時=36.3ms, 指令數=1
2025-07-20 20:23:20 [INFO] GripperOptimized:fast_loop:484 - 性能統計: 循環=66000, 平均耗時=7.4ms, 最大耗時=36.3ms, 指令數=1
2025-07-20 20:23:40 [INFO] GripperOptimized:fast_loop:484 - 性能統計: 循環=67000, 平均耗時=7.4ms, 最大耗時=36.3ms, 指令數=1
2025-07-20 20:24:01 [INFO] GripperOptimized:fast_loop:484 - 性能統計: 循環=68000, 平均耗時=7.3ms, 最大耗時=36.3ms, 指令數=1
2025-07-20 20:24:22 [INFO] GripperOptimized:fast_loop:484 - 性能統計: 循環=69000, 平均耗時=7.4ms, 最大耗時=36.3ms, 指令數=1
2025-07-20 20:24:42 [INFO] GripperOptimized:fast_loop:484 - 性能統計: 循環=70000, 平均耗時=7.5ms, 最大耗時=36.3ms, 指令數=1
2025-07-20 20:25:03 [INFO] GripperOptimized:fast_loop:484 - 性能統計: 循環=71000, 平均耗時=7.4ms, 最大耗時=36.3ms, 指令數=1
2025-07-20 20:25:24 [INFO] GripperOptimized:fast_loop:484 - 性能統計: 循環=72000, 平均耗時=7.6ms, 最大耗時=36.3ms, 指令數=1
2025-07-20 20:25:44 [INFO] GripperOptimized:fast_loop:484 - 性能統計: 循環=73000, 平均耗時=7.3ms, 最大耗時=36.3ms, 指令數=1
2025-07-20 20:26:05 [INFO] GripperOptimized:fast_loop:484 - 性能統計: 循環=74000, 平均耗時=7.6ms, 最大耗時=36.3ms, 指令數=1
2025-07-20 20:26:26 [INFO] GripperOptimized:fast_loop:484 - 性能統計: 循環=75000, 平均耗時=7.3ms, 最大耗時=36.3ms, 指令數=1
2025-07-20 20:26:46 [INFO] GripperOptimized:fast_loop:484 - 性能統計: 循環=76000, 平均耗時=7.4ms, 最大耗時=36.3ms, 指令數=1
2025-07-20 20:27:07 [INFO] GripperOptimized:fast_loop:484 - 性能統計: 循環=77000, 平均耗時=7.3ms, 最大耗時=36.3ms, 指令數=1
2025-07-20 20:27:28 [INFO] GripperOptimized:fast_loop:484 - 性能統計: 循環=78000, 平均耗時=7.3ms, 最大耗時=36.3ms, 指令數=1
2025-07-20 20:27:48 [INFO] GripperOptimized:fast_loop:484 - 性能統計: 循環=79000, 平均耗時=7.5ms, 最大耗時=36.3ms, 指令數=1
2025-07-20 20:28:09 [INFO] GripperOptimized:fast_loop:484 - 性能統計: 循環=80000, 平均耗時=7.4ms, 最大耗時=36.3ms, 指令數=1
2025-07-20 20:28:30 [INFO] GripperOptimized:fast_loop:484 - 性能統計: 循環=81000, 平均耗時=7.3ms, 最大耗時=36.3ms, 指令數=1
2025-07-20 20:28:50 [INFO] GripperOptimized:fast_loop:484 - 性能統計: 循環=82000, 平均耗時=7.5ms, 最大耗時=36.3ms, 指令數=1
2025-07-20 20:29:11 [INFO] GripperOptimized:fast_loop:484 - 性能統計: 循環=83000, 平均耗時=7.3ms, 最大耗時=36.3ms, 指令數=1
2025-07-20 20:29:32 [INFO] GripperOptimized:fast_loop:484 - 性能統計: 循環=84000, 平均耗時=7.3ms, 最大耗時=36.3ms, 指令數=1
2025-07-20 20:29:53 [INFO] GripperOptimized:fast_loop:484 - 性能統計: 循環=85000, 平均耗時=7.3ms, 最大耗時=36.3ms, 指令數=1
2025-07-20 20:30:13 [INFO] GripperOptimized:fast_loop:484 - 性能統計: 循環=86000, 平均耗時=7.5ms, 最大耗時=36.3ms, 指令數=1
2025-07-20 20:30:34 [INFO] GripperOptimized:fast_loop:484 - 性能統計: 循環=87000, 平均耗時=7.4ms, 最大耗時=36.3ms, 指令數=1
2025-07-20 20:30:54 [INFO] GripperOptimized:fast_loop:484 - 性能統計: 循環=88000, 平均耗時=7.5ms, 最大耗時=36.3ms, 指令數=1
2025-07-20 20:31:15 [INFO] GripperOptimized:fast_loop:484 - 性能統計: 循環=89000, 平均耗時=7.4ms, 最大耗時=36.3ms, 指令數=1
2025-07-20 20:31:36 [INFO] GripperOptimized:fast_loop:484 - 性能統計: 循環=90000, 平均耗時=7.4ms, 最大耗時=36.3ms, 指令數=1
2025-07-20 20:31:56 [INFO] GripperOptimized:fast_loop:484 - 性能統計: 循環=91000, 平均耗時=7.2ms, 最大耗時=36.3ms, 指令數=1
2025-07-20 20:32:17 [INFO] GripperOptimized:fast_loop:484 - 性能統計: 循環=92000, 平均耗時=7.2ms, 最大耗時=36.3ms, 指令數=1
2025-07-20 20:32:38 [INFO] GripperOptimized:fast_loop:484 - 性能統計: 循環=93000, 平均耗時=7.5ms, 最大耗時=36.3ms, 指令數=1
2025-07-20 20:32:59 [INFO] GripperOptimized:fast_loop:484 - 性能統計: 循環=94000, 平均耗時=7.5ms, 最大耗時=36.3ms, 指令數=1
2025-07-20 20:33:19 [INFO] GripperOptimized:fast_loop:484 - 性能統計: 循環=95000, 平均耗時=7.5ms, 最大耗時=36.3ms, 指令數=1
2025-07-20 20:33:40 [INFO] GripperOptimized:fast_loop:484 - 性能統計: 循環=96000, 平均耗時=7.3ms, 最大耗時=36.3ms, 指令數=1
2025-07-20 20:34:01 [INFO] GripperOptimized:fast_loop:484 - 性能統計: 循環=97000, 平均耗時=7.1ms, 最大耗時=36.3ms, 指令數=1
2025-07-20 20:34:21 [INFO] GripperOptimized:fast_loop:484 - 性能統計: 循環=98000, 平均耗時=7.2ms, 最大耗時=36.3ms, 指令數=1
2025-07-20 20:34:42 [INFO] GripperOptimized:fast_loop:484 - 性能統計: 循環=99000, 平均耗時=7.5ms, 最大耗時=36.3ms, 指令數=1
2025-07-20 20:35:03 [INFO] GripperOptimized:fast_loop:484 - 性能統計: 循環=100000, 平均耗時=7.5ms, 最大耗時=36.3ms, 指令數=1
2025-07-20 20:35:23 [INFO] GripperOptimized:fast_loop:484 - 性能統計: 循環=101000, 平均耗時=7.0ms, 最大耗時=36.3ms, 指令數=1
2025-07-20 20:35:44 [INFO] GripperOptimized:fast_loop:484 - 性能統計: 循環=102000, 平均耗時=7.4ms, 最大耗時=36.3ms, 指令數=1
2025-07-20 20:36:05 [INFO] GripperOptimized:fast_loop:484 - 性能統計: 循環=103000, 平均耗時=7.4ms, 最大耗時=36.3ms, 指令數=1
2025-07-20 20:36:25 [INFO] GripperOptimized:fast_loop:484 - 性能統計: 循環=104000, 平均耗時=7.5ms, 最大耗時=36.3ms, 指令數=1
2025-07-20 20:36:46 [INFO] GripperOptimized:fast_loop:484 - 性能統計: 循環=105000, 平均耗時=7.1ms, 最大耗時=36.3ms, 指令數=1
2025-07-20 20:37:07 [INFO] GripperOptimized:fast_loop:484 - 性能統計: 循環=106000, 平均耗時=7.0ms, 最大耗時=36.3ms, 指令數=1
2025-07-20 20:37:27 [INFO] GripperOptimized:fast_loop:484 - 性能統計: 循環=107000, 平均耗時=7.3ms, 最大耗時=36.3ms, 指令數=1
2025-07-20 20:37:48 [INFO] GripperOptimized:fast_loop:484 - 性能統計: 循環=108000, 平均耗時=7.3ms, 最大耗時=36.3ms, 指令數=1
2025-07-20 20:38:09 [INFO] GripperOptimized:fast_loop:484 - 性能統計: 循環=109000, 平均耗時=7.5ms, 最大耗時=36.3ms, 指令數=1
2025-07-20 20:38:29 [INFO] GripperOptimized:fast_loop:484 - 性能統計: 循環=110000, 平均耗時=7.3ms, 最大耗時=36.3ms, 指令數=1
2025-07-20 20:38:50 [INFO] GripperOptimized:fast_loop:484 - 性能統計: 循環=111000, 平均耗時=7.3ms, 最大耗時=36.3ms, 指令數=1
2025-07-20 20:39:11 [INFO] GripperOptimized:fast_loop:484 - 性能統計: 循環=112000, 平均耗時=7.4ms, 最大耗時=36.3ms, 指令數=1
2025-07-20 20:39:31 [INFO] GripperOptimized:fast_loop:484 - 性能統計: 循環=113000, 平均耗時=7.4ms, 最大耗時=36.3ms, 指令數=1
2025-07-20 20:39:52 [INFO] GripperOptimized:fast_loop:484 - 性能統計: 循環=114000, 平均耗時=7.4ms, 最大耗時=36.3ms, 指令數=1
2025-07-20 20:40:13 [INFO] GripperOptimized:fast_loop:484 - 性能統計: 循環=115000, 平均耗時=7.4ms, 最大耗時=36.3ms, 指令數=1
2025-07-20 20:40:33 [INFO] GripperOptimized:fast_loop:484 - 性能統計: 循環=116000, 平均耗時=7.3ms, 最大耗時=36.3ms, 指令數=1
2025-07-20 20:40:54 [INFO] GripperOptimized:fast_loop:484 - 性能統計: 循環=117000, 平均耗時=7.3ms, 最大耗時=36.3ms, 指令數=1
2025-07-20 20:41:15 [INFO] GripperOptimized:fast_loop:484 - 性能統計: 循環=118000, 平均耗時=7.3ms, 最大耗時=36.3ms, 指令數=1
2025-07-20 20:41:35 [INFO] GripperOptimized:fast_loop:484 - 性能統計: 循環=119000, 平均耗時=7.4ms, 最大耗時=36.3ms, 指令數=1
2025-07-20 20:41:56 [INFO] GripperOptimized:fast_loop:484 - 性能統計: 循環=120000, 平均耗時=7.0ms, 最大耗時=36.3ms, 指令數=1
2025-07-20 20:42:17 [INFO] GripperOptimized:fast_loop:484 - 性能統計: 循環=121000, 平均耗時=7.4ms, 最大耗時=36.3ms, 指令數=1
2025-07-20 20:42:37 [INFO] GripperOptimized:fast_loop:484 - 性能統計: 循環=122000, 平均耗時=7.2ms, 最大耗時=36.3ms, 指令數=1
2025-07-20 20:42:58 [INFO] GripperOptimized:fast_loop:484 - 性能統計: 循環=123000, 平均耗時=7.5ms, 最大耗時=36.3ms, 指令數=1
2025-07-20 20:43:19 [INFO] GripperOptimized:fast_loop:484 - 性能統計: 循環=124000, 平均耗時=7.2ms, 最大耗時=36.3ms, 指令數=1
2025-07-20 20:43:39 [INFO] GripperOptimized:fast_loop:484 - 性能統計: 循環=125000, 平均耗時=7.6ms, 最大耗時=36.3ms, 指令數=1
2025-07-20 20:44:00 [INFO] GripperOptimized:fast_loop:484 - 性能統計: 循環=126000, 平均耗時=7.5ms, 最大耗時=36.3ms, 指令數=1
2025-07-20 20:44:21 [INFO] GripperOptimized:fast_loop:484 - 性能統計: 循環=127000, 平均耗時=7.4ms, 最大耗時=36.3ms, 指令數=1
2025-07-20 20:44:41 [INFO] GripperOptimized:fast_loop:484 - 性能統計: 循環=128000, 平均耗時=7.5ms, 最大耗時=36.3ms, 指令數=1
2025-07-20 20:45:02 [INFO] GripperOptimized:fast_loop:484 - 性能統計: 循環=129000, 平均耗時=7.5ms, 最大耗時=36.3ms, 指令數=1
2025-07-20 20:45:23 [INFO] GripperOptimized:fast_loop:484 - 性能統計: 循環=130000, 平均耗時=7.4ms, 最大耗時=36.3ms, 指令數=1
2025-07-20 20:45:43 [INFO] GripperOptimized:fast_loop:484 - 性能統計: 循環=131000, 平均耗時=7.5ms, 最大耗時=36.3ms, 指令數=1
2025-07-20 20:46:04 [INFO] GripperOptimized:fast_loop:484 - 性能統計: 循環=132000, 平均耗時=7.1ms, 最大耗時=36.3ms, 指令數=1
2025-07-20 20:46:25 [INFO] GripperOptimized:fast_loop:484 - 性能統計: 循環=133000, 平均耗時=7.3ms, 最大耗時=36.3ms, 指令數=1
2025-07-20 20:46:45 [INFO] GripperOptimized:fast_loop:484 - 性能統計: 循環=134000, 平均耗時=7.2ms, 最大耗時=36.3ms, 指令數=1
2025-07-20 20:47:06 [INFO] GripperOptimized:fast_loop:484 - 性能統計: 循環=135000, 平均耗時=7.3ms, 最大耗時=36.3ms, 指令數=1
2025-07-20 20:47:27 [INFO] GripperOptimized:fast_loop:484 - 性能統計: 循環=136000, 平均耗時=7.0ms, 最大耗時=36.3ms, 指令數=1
2025-07-20 20:47:47 [INFO] GripperOptimized:fast_loop:484 - 性能統計: 循環=137000, 平均耗時=7.3ms, 最大耗時=36.3ms, 指令數=1
2025-07-20 20:48:08 [INFO] GripperOptimized:fast_loop:484 - 性能統計: 循環=138000, 平均耗時=7.5ms, 最大耗時=36.3ms, 指令數=1
2025-07-20 20:48:29 [INFO] GripperOptimized:fast_loop:484 - 性能統計: 循環=139000, 平均耗時=7.3ms, 最大耗時=36.3ms, 指令數=1
2025-07-20 20:48:49 [INFO] GripperOptimized:fast_loop:484 - 性能統計: 循環=140000, 平均耗時=7.6ms, 最大耗時=36.3ms, 指令數=1
2025-07-20 20:49:10 [INFO] GripperOptimized:fast_loop:484 - 性能統計: 循環=141000, 平均耗時=7.3ms, 最大耗時=36.3ms, 指令數=1
2025-07-20 20:49:31 [INFO] GripperOptimized:fast_loop:484 - 性能統計: 循環=142000, 平均耗時=7.4ms, 最大耗時=36.3ms, 指令數=1
2025-07-20 20:49:51 [INFO] GripperOptimized:fast_loop:484 - 性能統計: 循環=143000, 平均耗時=7.5ms, 最大耗時=36.3ms, 指令數=1
2025-07-20 20:50:12 [INFO] GripperOptimized:fast_loop:484 - 性能統計: 循環=144000, 平均耗時=7.2ms, 最大耗時=36.3ms, 指令數=1
2025-07-20 20:50:33 [INFO] GripperOptimized:fast_loop:484 - 性能統計: 循環=145000, 平均耗時=7.3ms, 最大耗時=36.3ms, 指令數=1
2025-07-20 20:50:54 [INFO] GripperOptimized:fast_loop:484 - 性能統計: 循環=146000, 平均耗時=7.3ms, 最大耗時=36.3ms, 指令數=1
2025-07-20 20:51:14 [INFO] GripperOptimized:fast_loop:484 - 性能統計: 循環=147000, 平均耗時=7.2ms, 最大耗時=36.3ms, 指令數=1
2025-07-20 20:51:35 [INFO] GripperOptimized:fast_loop:484 - 性能統計: 循環=148000, 平均耗時=7.2ms, 最大耗時=36.3ms, 指令數=1
2025-07-20 20:51:56 [INFO] GripperOptimized:fast_loop:484 - 性能統計: 循環=149000, 平均耗時=7.5ms, 最大耗時=36.3ms, 指令數=1
2025-07-20 20:52:16 [INFO] GripperOptimized:fast_loop:484 - 性能統計: 循環=150000, 平均耗時=7.3ms, 最大耗時=36.3ms, 指令數=1
2025-07-20 20:52:37 [INFO] GripperOptimized:fast_loop:484 - 性能統計: 循環=151000, 平均耗時=7.3ms, 最大耗時=36.3ms, 指令數=1
2025-07-20 20:52:58 [INFO] GripperOptimized:fast_loop:484 - 性能統計: 循環=152000, 平均耗時=7.3ms, 最大耗時=36.3ms, 指令數=1
2025-07-20 20:53:18 [INFO] GripperOptimized:fast_loop:484 - 性能統計: 循環=153000, 平均耗時=7.5ms, 最大耗時=36.3ms, 指令數=1
2025-07-20 20:53:39 [INFO] GripperOptimized:fast_loop:484 - 性能統計: 循環=154000, 平均耗時=7.3ms, 最大耗時=36.3ms, 指令數=1
2025-07-20 20:54:00 [INFO] GripperOptimized:fast_loop:484 - 性能統計: 循環=155000, 平均耗時=7.0ms, 最大耗時=36.3ms, 指令數=1
2025-07-20 20:54:20 [INFO] GripperOptimized:fast_loop:484 - 性能統計: 循環=156000, 平均耗時=7.5ms, 最大耗時=36.3ms, 指令數=1
2025-07-20 20:54:41 [INFO] GripperOptimized:fast_loop:484 - 性能統計: 循環=157000, 平均耗時=7.4ms, 最大耗時=36.3ms, 指令數=1
2025-07-20 20:55:01 [INFO] GripperOptimized:fast_loop:484 - 性能統計: 循環=158000, 平均耗時=7.2ms, 最大耗時=36.3ms, 指令數=1
2025-07-20 20:55:22 [INFO] GripperOptimized:fast_loop:484 - 性能統計: 循環=159000, 平均耗時=7.3ms, 最大耗時=36.3ms, 指令數=1
2025-07-20 20:55:43 [INFO] GripperOptimized:fast_loop:484 - 性能統計: 循環=160000, 平均耗時=7.5ms, 最大耗時=36.3ms, 指令數=1
2025-07-20 20:56:03 [INFO] GripperOptimized:fast_loop:484 - 性能統計: 循環=161000, 平均耗時=7.0ms, 最大耗時=36.3ms, 指令數=1
2025-07-20 20:56:24 [INFO] GripperOptimized:fast_loop:484 - 性能統計: 循環=162000, 平均耗時=7.2ms, 最大耗時=36.3ms, 指令數=1
2025-07-20 20:56:44 [INFO] GripperOptimized:fast_loop:484 - 性能統計: 循環=163000, 平均耗時=7.3ms, 最大耗時=36.3ms, 指令數=1
2025-07-20 20:57:05 [INFO] GripperOptimized:fast_loop:484 - 性能統計: 循環=164000, 平均耗時=7.3ms, 最大耗時=36.3ms, 指令數=1
2025-07-20 20:57:26 [INFO] GripperOptimized:fast_loop:484 - 性能統計: 循環=165000, 平均耗時=7.1ms, 最大耗時=36.3ms, 指令數=1
2025-07-20 20:57:46 [INFO] GripperOptimized:fast_loop:484 - 性能統計: 循環=166000, 平均耗時=7.2ms, 最大耗時=36.3ms, 指令數=1
2025-07-20 20:58:07 [INFO] GripperOptimized:fast_loop:484 - 性能統計: 循環=167000, 平均耗時=7.3ms, 最大耗時=36.3ms, 指令數=1
2025-07-20 20:58:27 [INFO] GripperOptimized:fast_loop:484 - 性能統計: 循環=168000, 平均耗時=7.3ms, 最大耗時=36.3ms, 指令數=1
2025-07-20 20:58:48 [INFO] GripperOptimized:fast_loop:484 - 性能統計: 循環=169000, 平均耗時=7.2ms, 最大耗時=36.3ms, 指令數=1
2025-07-20 20:59:09 [INFO] GripperOptimized:fast_loop:484 - 性能統計: 循環=170000, 平均耗時=7.3ms, 最大耗時=36.3ms, 指令數=1
2025-07-20 20:59:29 [INFO] GripperOptimized:fast_loop:484 - 性能統計: 循環=171000, 平均耗時=7.6ms, 最大耗時=36.3ms, 指令數=1
2025-07-20 20:59:50 [INFO] GripperOptimized:fast_loop:484 - 性能統計: 循環=172000, 平均耗時=7.3ms, 最大耗時=36.3ms, 指令數=1
2025-07-20 21:00:10 [INFO] GripperOptimized:fast_loop:484 - 性能統計: 循環=173000, 平均耗時=7.3ms, 最大耗時=36.3ms, 指令數=1
2025-07-20 21:00:31 [INFO] GripperOptimized:fast_loop:484 - 性能統計: 循環=174000, 平均耗時=7.3ms, 最大耗時=36.3ms, 指令數=1
2025-07-20 21:00:52 [INFO] GripperOptimized:fast_loop:484 - 性能統計: 循環=175000, 平均耗時=7.3ms, 最大耗時=36.3ms, 指令數=1
2025-07-20 21:01:12 [INFO] GripperOptimized:fast_loop:484 - 性能統計: 循環=176000, 平均耗時=7.1ms, 最大耗時=36.3ms, 指令數=1
2025-07-20 21:01:33 [INFO] GripperOptimized:fast_loop:484 - 性能統計: 循環=177000, 平均耗時=7.2ms, 最大耗時=36.3ms, 指令數=1
2025-07-20 21:01:53 [INFO] GripperOptimized:fast_loop:484 - 性能統計: 循環=178000, 平均耗時=7.4ms, 最大耗時=36.3ms, 指令數=1
2025-07-20 21:02:14 [INFO] GripperOptimized:fast_loop:484 - 性能統計: 循環=179000, 平均耗時=7.5ms, 最大耗時=36.3ms, 指令數=1
2025-07-20 21:02:35 [INFO] GripperOptimized:fast_loop:484 - 性能統計: 循環=180000, 平均耗時=7.3ms, 最大耗時=36.3ms, 指令數=1
2025-07-21 08:22:29 [INFO] GripperOptimized:__init__:66 - 夾爪模組啟動 - 優化版本 - 基地址: 500-539
2025-07-21 08:22:29 [INFO] GripperOptimized:__init__:67 - 性能參數: 主循環=20.0ms, 狀態更新=10.0ms
2025-07-21 08:22:29 [INFO] GripperOptimized:fast_loop:438 - 夾爪主循環啟動 - 高性能模式
2025-07-21 08:22:29 [INFO] GripperOptimized:start:509 - 夾爪模組已啟動 - 高性能模式
2025-07-21 08:22:29 [INFO] GripperOptimized:connect_main_server:158 - 主服務器連接成功: 127.0.0.1:502
2025-07-21 08:22:29 [INFO] GripperOptimized:connect_rtu_devices:183 - RTU設備連接成功: COM11
2025-07-21 08:22:32 [INFO] GripperOptimized:process_commands:412 - 收到PGC指令: 代碼=1, 參數1=0, 參數2=0, ID=1
2025-07-21 08:22:32 [INFO] GripperOptimized:process_commands:418 - PGC指令執行成功
2025-07-21 08:22:32 [WARNING] GripperOptimized:fast_loop:492 - 主循環執行時間過長: 35.7ms
2025-07-21 08:22:49 [INFO] GripperOptimized:fast_loop:484 - 性能統計: 循環=1000, 平均耗時=7.6ms, 最大耗時=35.7ms, 指令數=1
2025-07-21 08:23:10 [INFO] GripperOptimized:fast_loop:484 - 性能統計: 循環=2000, 平均耗時=7.3ms, 最大耗時=35.7ms, 指令數=1
2025-07-21 08:23:17 [INFO] GripperOptimized:process_commands:412 - 收到PGC指令: 代碼=3, 參數1=460, 參數2=0, ID=2
2025-07-21 08:23:17 [INFO] GripperOptimized:process_commands:418 - PGC指令執行成功
2025-07-21 08:23:17 [WARNING] GripperOptimized:fast_loop:492 - 主循環執行時間過長: 34.7ms
2025-07-21 08:23:19 [INFO] GripperOptimized:process_commands:412 - 收到PGC指令: 代碼=3, 參數1=300, 參數2=0, ID=3
2025-07-21 08:23:19 [INFO] GripperOptimized:process_commands:418 - PGC指令執行成功
2025-07-21 08:23:19 [WARNING] GripperOptimized:fast_loop:492 - 主循環執行時間過長: 35.1ms
2025-07-21 08:23:20 [INFO] GripperOptimized:process_commands:412 - 收到PGC指令: 代碼=3, 參數1=460, 參數2=0, ID=4
2025-07-21 08:23:20 [INFO] GripperOptimized:process_commands:418 - PGC指令執行成功
2025-07-21 08:23:21 [WARNING] GripperOptimized:fast_loop:492 - 主循環執行時間過長: 35.7ms
2025-07-21 08:23:31 [INFO] GripperOptimized:fast_loop:484 - 性能統計: 循環=3000, 平均耗時=7.4ms, 最大耗時=35.7ms, 指令數=4
2025-07-21 08:23:51 [INFO] GripperOptimized:fast_loop:484 - 性能統計: 循環=4000, 平均耗時=7.3ms, 最大耗時=35.7ms, 指令數=4
2025-07-21 08:24:12 [INFO] GripperOptimized:fast_loop:484 - 性能統計: 循環=5000, 平均耗時=7.4ms, 最大耗時=35.7ms, 指令數=4
2025-07-21 08:24:13 [INFO] GripperOptimized:process_commands:412 - 收到PGC指令: 代碼=3, 參數1=300, 參數2=0, ID=5
2025-07-21 08:24:13 [INFO] GripperOptimized:process_commands:418 - PGC指令執行成功
2025-07-21 08:24:13 [WARNING] GripperOptimized:fast_loop:492 - 主循環執行時間過長: 33.7ms
2025-07-21 08:24:16 [INFO] GripperOptimized:process_commands:412 - 收到PGC指令: 代碼=3, 參數1=460, 參數2=0, ID=6
2025-07-21 08:24:16 [INFO] GripperOptimized:process_commands:418 - PGC指令執行成功
2025-07-21 08:24:16 [WARNING] GripperOptimized:fast_loop:492 - 主循環執行時間過長: 35.2ms
2025-07-21 08:24:19 [INFO] GripperOptimized:process_commands:412 - 收到PGC指令: 代碼=3, 參數1=300, 參數2=0, ID=7
2025-07-21 08:24:19 [INFO] GripperOptimized:process_commands:418 - PGC指令執行成功
2025-07-21 08:24:19 [WARNING] GripperOptimized:fast_loop:492 - 主循環執行時間過長: 35.9ms
2025-07-21 08:24:20 [INFO] GripperOptimized:process_commands:412 - 收到PGC指令: 代碼=3, 參數1=460, 參數2=0, ID=8
2025-07-21 08:24:20 [INFO] GripperOptimized:process_commands:418 - PGC指令執行成功
2025-07-21 08:24:20 [WARNING] GripperOptimized:fast_loop:492 - 主循環執行時間過長: 34.4ms
2025-07-21 08:24:27 [INFO] GripperOptimized:process_commands:412 - 收到PGC指令: 代碼=3, 參數1=300, 參數2=0, ID=9
2025-07-21 08:24:27 [INFO] GripperOptimized:process_commands:418 - PGC指令執行成功
2025-07-21 08:24:27 [WARNING] GripperOptimized:fast_loop:492 - 主循環執行時間過長: 35.5ms
2025-07-21 08:24:31 [INFO] GripperOptimized:process_commands:412 - 收到PGC指令: 代碼=3, 參數1=460, 參數2=0, ID=10
2025-07-21 08:24:31 [INFO] GripperOptimized:process_commands:418 - PGC指令執行成功
2025-07-21 08:24:31 [WARNING] GripperOptimized:fast_loop:492 - 主循環執行時間過長: 36.7ms
2025-07-21 08:24:33 [INFO] GripperOptimized:fast_loop:484 - 性能統計: 循環=6000, 平均耗時=7.4ms, 最大耗時=36.7ms, 指令數=10
2025-07-21 08:24:34 [INFO] GripperOptimized:process_commands:412 - 收到PGC指令: 代碼=3, 參數1=300, 參數2=0, ID=11
2025-07-21 08:24:34 [INFO] GripperOptimized:process_commands:418 - PGC指令執行成功
2025-07-21 08:24:34 [WARNING] GripperOptimized:fast_loop:492 - 主循環執行時間過長: 36.4ms
2025-07-21 08:24:35 [INFO] GripperOptimized:process_commands:412 - 收到PGC指令: 代碼=3, 參數1=460, 參數2=0, ID=12
2025-07-21 08:24:35 [INFO] GripperOptimized:process_commands:418 - PGC指令執行成功
2025-07-21 08:24:35 [WARNING] GripperOptimized:fast_loop:492 - 主循環執行時間過長: 33.9ms
2025-07-21 08:24:53 [INFO] GripperOptimized:fast_loop:484 - 性能統計: 循環=7000, 平均耗時=7.3ms, 最大耗時=36.7ms, 指令數=12
2025-07-21 08:25:07 [INFO] GripperOptimized:process_commands:412 - 收到PGC指令: 代碼=3, 參數1=300, 參數2=0, ID=13
2025-07-21 08:25:07 [INFO] GripperOptimized:process_commands:418 - PGC指令執行成功
2025-07-21 08:25:07 [WARNING] GripperOptimized:fast_loop:492 - 主循環執行時間過長: 35.3ms
2025-07-21 08:25:10 [INFO] GripperOptimized:process_commands:412 - 收到PGC指令: 代碼=3, 參數1=460, 參數2=0, ID=14
2025-07-21 08:25:10 [INFO] GripperOptimized:process_commands:418 - PGC指令執行成功
2025-07-21 08:25:10 [WARNING] GripperOptimized:fast_loop:492 - 主循環執行時間過長: 35.8ms
2025-07-21 08:25:13 [INFO] GripperOptimized:process_commands:412 - 收到PGC指令: 代碼=3, 參數1=300, 參數2=0, ID=15
2025-07-21 08:25:13 [INFO] GripperOptimized:process_commands:418 - PGC指令執行成功
2025-07-21 08:25:13 [WARNING] GripperOptimized:fast_loop:492 - 主循環執行時間過長: 35.6ms
2025-07-21 08:25:14 [INFO] GripperOptimized:process_commands:412 - 收到PGC指令: 代碼=3, 參數1=460, 參數2=0, ID=16
2025-07-21 08:25:14 [INFO] GripperOptimized:process_commands:418 - PGC指令執行成功
2025-07-21 08:25:14 [WARNING] GripperOptimized:fast_loop:492 - 主循環執行時間過長: 36.2ms
2025-07-21 08:25:14 [INFO] GripperOptimized:fast_loop:484 - 性能統計: 循環=8000, 平均耗時=9.0ms, 最大耗時=36.7ms, 指令數=16
2025-07-21 08:25:35 [INFO] GripperOptimized:fast_loop:484 - 性能統計: 循環=9000, 平均耗時=7.1ms, 最大耗時=36.7ms, 指令數=16
2025-07-21 08:25:55 [INFO] GripperOptimized:fast_loop:484 - 性能統計: 循環=10000, 平均耗時=7.5ms, 最大耗時=36.7ms, 指令數=16
2025-07-21 08:26:16 [INFO] GripperOptimized:fast_loop:484 - 性能統計: 循環=11000, 平均耗時=7.1ms, 最大耗時=36.7ms, 指令數=16
2025-07-21 08:26:37 [INFO] GripperOptimized:fast_loop:484 - 性能統計: 循環=12000, 平均耗時=7.4ms, 最大耗時=36.7ms, 指令數=16
2025-07-21 08:26:57 [INFO] GripperOptimized:fast_loop:484 - 性能統計: 循環=13000, 平均耗時=7.3ms, 最大耗時=36.7ms, 指令數=16
2025-07-21 08:27:18 [INFO] GripperOptimized:fast_loop:484 - 性能統計: 循環=14000, 平均耗時=7.3ms, 最大耗時=36.7ms, 指令數=16
2025-07-21 08:27:21 [INFO] GripperOptimized:process_commands:412 - 收到PGC指令: 代碼=3, 參數1=300, 參數2=0, ID=17
2025-07-21 08:27:21 [INFO] GripperOptimized:process_commands:418 - PGC指令執行成功
2025-07-21 08:27:21 [WARNING] GripperOptimized:fast_loop:492 - 主循環執行時間過長: 35.9ms
2025-07-21 08:27:25 [INFO] GripperOptimized:process_commands:412 - 收到PGC指令: 代碼=3, 參數1=460, 參數2=0, ID=18
2025-07-21 08:27:25 [INFO] GripperOptimized:process_commands:418 - PGC指令執行成功
2025-07-21 08:27:25 [WARNING] GripperOptimized:fast_loop:492 - 主循環執行時間過長: 35.8ms
2025-07-21 08:27:27 [INFO] GripperOptimized:process_commands:412 - 收到PGC指令: 代碼=3, 參數1=300, 參數2=0, ID=19
2025-07-21 08:27:27 [INFO] GripperOptimized:process_commands:418 - PGC指令執行成功
2025-07-21 08:27:27 [WARNING] GripperOptimized:fast_loop:492 - 主循環執行時間過長: 36.3ms
2025-07-21 08:27:29 [INFO] GripperOptimized:process_commands:412 - 收到PGC指令: 代碼=3, 參數1=460, 參數2=0, ID=20
2025-07-21 08:27:29 [INFO] GripperOptimized:process_commands:418 - PGC指令執行成功
2025-07-21 08:27:29 [WARNING] GripperOptimized:fast_loop:492 - 主循環執行時間過長: 35.1ms
2025-07-21 08:27:39 [INFO] GripperOptimized:fast_loop:484 - 性能統計: 循環=15000, 平均耗時=7.2ms, 最大耗時=36.7ms, 指令數=20
2025-07-21 08:27:59 [INFO] GripperOptimized:fast_loop:484 - 性能統計: 循環=16000, 平均耗時=7.2ms, 最大耗時=36.7ms, 指令數=20
2025-07-21 08:28:04 [INFO] GripperOptimized:process_commands:412 - 收到PGC指令: 代碼=3, 參數1=300, 參數2=0, ID=21
2025-07-21 08:28:04 [INFO] GripperOptimized:process_commands:418 - PGC指令執行成功
2025-07-21 08:28:04 [WARNING] GripperOptimized:fast_loop:492 - 主循環執行時間過長: 35.5ms
2025-07-21 08:28:07 [INFO] GripperOptimized:process_commands:412 - 收到PGC指令: 代碼=3, 參數1=460, 參數2=0, ID=22
2025-07-21 08:28:07 [INFO] GripperOptimized:process_commands:418 - PGC指令執行成功
2025-07-21 08:28:07 [WARNING] GripperOptimized:fast_loop:492 - 主循環執行時間過長: 35.2ms
2025-07-21 08:28:10 [INFO] GripperOptimized:process_commands:412 - 收到PGC指令: 代碼=3, 參數1=300, 參數2=0, ID=23
2025-07-21 08:28:10 [INFO] GripperOptimized:process_commands:418 - PGC指令執行成功
2025-07-21 08:28:10 [WARNING] GripperOptimized:fast_loop:492 - 主循環執行時間過長: 35.1ms
2025-07-21 08:28:11 [INFO] GripperOptimized:process_commands:412 - 收到PGC指令: 代碼=3, 參數1=460, 參數2=0, ID=24
2025-07-21 08:28:11 [INFO] GripperOptimized:process_commands:418 - PGC指令執行成功
2025-07-21 08:28:11 [WARNING] GripperOptimized:fast_loop:492 - 主循環執行時間過長: 35.7ms
2025-07-21 08:28:17 [INFO] GripperOptimized:process_commands:412 - 收到PGC指令: 代碼=3, 參數1=300, 參數2=0, ID=25
2025-07-21 08:28:17 [INFO] GripperOptimized:process_commands:418 - PGC指令執行成功
2025-07-21 08:28:17 [WARNING] GripperOptimized:fast_loop:492 - 主循環執行時間過長: 34.6ms
2025-07-21 08:28:20 [INFO] GripperOptimized:fast_loop:484 - 性能統計: 循環=17000, 平均耗時=7.5ms, 最大耗時=36.7ms, 指令數=25
2025-07-21 10:17:20 [INFO] GripperOptimized:__init__:66 - 夾爪模組啟動 - 優化版本 - 基地址: 500-539
2025-07-21 10:17:20 [INFO] GripperOptimized:__init__:67 - 性能參數: 主循環=20.0ms, 狀態更新=10.0ms
2025-07-21 10:17:20 [INFO] GripperOptimized:fast_loop:438 - 夾爪主循環啟動 - 高性能模式
2025-07-21 10:17:20 [INFO] GripperOptimized:start:509 - 夾爪模組已啟動 - 高性能模式
2025-07-21 10:17:20 [INFO] GripperOptimized:connect_main_server:158 - 主服務器連接成功: 127.0.0.1:502
2025-07-21 10:17:20 [INFO] GripperOptimized:connect_rtu_devices:183 - RTU設備連接成功: COM11
2025-07-21 10:17:23 [INFO] GripperOptimized:process_commands:412 - 收到PGC指令: 代碼=1, 參數1=0, 參數2=0, ID=1
2025-07-21 10:17:23 [INFO] GripperOptimized:process_commands:418 - PGC指令執行成功
2025-07-21 10:17:23 [WARNING] GripperOptimized:fast_loop:492 - 主循環執行時間過長: 36.0ms
2025-07-21 10:17:40 [INFO] GripperOptimized:fast_loop:484 - 性能統計: 循環=1000, 平均耗時=7.6ms, 最大耗時=36.0ms, 指令數=1
2025-07-21 10:39:30 [INFO] GripperOptimized:__init__:66 - 夾爪模組啟動 - 優化版本 - 基地址: 500-539
2025-07-21 10:39:30 [INFO] GripperOptimized:__init__:67 - 性能參數: 主循環=20.0ms, 狀態更新=10.0ms
2025-07-21 10:39:30 [INFO] GripperOptimized:fast_loop:438 - 夾爪主循環啟動 - 高性能模式
2025-07-21 10:39:30 [INFO] GripperOptimized:start:509 - 夾爪模組已啟動 - 高性能模式
2025-07-21 10:39:30 [INFO] GripperOptimized:connect_main_server:158 - 主服務器連接成功: 127.0.0.1:502
2025-07-21 10:39:30 [INFO] GripperOptimized:connect_rtu_devices:183 - RTU設備連接成功: COM11
2025-07-21 10:39:34 [INFO] GripperOptimized:process_commands:412 - 收到PGC指令: 代碼=1, 參數1=0, 參數2=0, ID=1
2025-07-21 10:39:34 [INFO] GripperOptimized:process_commands:418 - PGC指令執行成功
2025-07-21 10:39:34 [WARNING] GripperOptimized:fast_loop:492 - 主循環執行時間過長: 32.7ms
2025-07-21 10:59:11 [INFO] GripperOptimized:__init__:66 - 夾爪模組啟動 - 優化版本 - 基地址: 500-539
2025-07-21 10:59:11 [INFO] GripperOptimized:__init__:67 - 性能參數: 主循環=20.0ms, 狀態更新=10.0ms
2025-07-21 10:59:11 [INFO] GripperOptimized:fast_loop:438 - 夾爪主循環啟動 - 高性能模式
2025-07-21 10:59:11 [INFO] GripperOptimized:start:509 - 夾爪模組已啟動 - 高性能模式
2025-07-21 10:59:12 [WARNING] GripperOptimized:connect_main_server:161 - 主服務器連接失敗，將在主循環中重試
2025-07-21 10:59:14 [WARNING] GripperOptimized:connect_main_server:161 - 主服務器連接失敗，將在主循環中重試
2025-07-21 10:59:15 [WARNING] GripperOptimized:connect_main_server:161 - 主服務器連接失敗，將在主循環中重試
2025-07-21 10:59:17 [WARNING] GripperOptimized:connect_main_server:161 - 主服務器連接失敗，將在主循環中重試
2025-07-21 10:59:18 [WARNING] GripperOptimized:connect_main_server:161 - 主服務器連接失敗，將在主循環中重試
2025-07-21 10:59:20 [WARNING] GripperOptimized:connect_main_server:161 - 主服務器連接失敗，將在主循環中重試
2025-07-21 10:59:21 [WARNING] GripperOptimized:connect_main_server:161 - 主服務器連接失敗，將在主循環中重試
2025-07-21 10:59:23 [WARNING] GripperOptimized:connect_main_server:161 - 主服務器連接失敗，將在主循環中重試
2025-07-21 10:59:24 [WARNING] GripperOptimized:connect_main_server:161 - 主服務器連接失敗，將在主循環中重試
2025-07-21 10:59:26 [WARNING] GripperOptimized:connect_main_server:161 - 主服務器連接失敗，將在主循環中重試
2025-07-21 10:59:27 [WARNING] GripperOptimized:connect_main_server:161 - 主服務器連接失敗，將在主循環中重試
2025-07-21 10:59:29 [WARNING] GripperOptimized:connect_main_server:161 - 主服務器連接失敗，將在主循環中重試
2025-07-21 10:59:30 [WARNING] GripperOptimized:connect_main_server:161 - 主服務器連接失敗，將在主循環中重試
2025-07-21 10:59:32 [WARNING] GripperOptimized:connect_main_server:161 - 主服務器連接失敗，將在主循環中重試
2025-07-21 10:59:33 [WARNING] GripperOptimized:connect_main_server:161 - 主服務器連接失敗，將在主循環中重試
2025-07-21 10:59:35 [WARNING] GripperOptimized:connect_main_server:161 - 主服務器連接失敗，將在主循環中重試
2025-07-21 10:59:36 [WARNING] GripperOptimized:connect_main_server:161 - 主服務器連接失敗，將在主循環中重試
2025-07-21 10:59:38 [WARNING] GripperOptimized:connect_main_server:161 - 主服務器連接失敗，將在主循環中重試
2025-07-21 10:59:39 [WARNING] GripperOptimized:connect_main_server:161 - 主服務器連接失敗，將在主循環中重試
2025-07-21 10:59:41 [WARNING] GripperOptimized:connect_main_server:161 - 主服務器連接失敗，將在主循環中重試
2025-07-21 10:59:42 [WARNING] GripperOptimized:connect_main_server:161 - 主服務器連接失敗，將在主循環中重試
2025-07-21 10:59:44 [WARNING] GripperOptimized:connect_main_server:161 - 主服務器連接失敗，將在主循環中重試
2025-07-21 10:59:45 [WARNING] GripperOptimized:connect_main_server:161 - 主服務器連接失敗，將在主循環中重試
2025-07-21 10:59:47 [WARNING] GripperOptimized:connect_main_server:161 - 主服務器連接失敗，將在主循環中重試
2025-07-21 10:59:48 [WARNING] GripperOptimized:connect_main_server:161 - 主服務器連接失敗，將在主循環中重試
2025-07-21 10:59:50 [WARNING] GripperOptimized:connect_main_server:161 - 主服務器連接失敗，將在主循環中重試
2025-07-21 10:59:52 [WARNING] GripperOptimized:connect_main_server:161 - 主服務器連接失敗，將在主循環中重試
2025-07-21 10:59:53 [WARNING] GripperOptimized:connect_main_server:161 - 主服務器連接失敗，將在主循環中重試
2025-07-21 10:59:55 [WARNING] GripperOptimized:connect_main_server:161 - 主服務器連接失敗，將在主循環中重試
2025-07-21 10:59:56 [WARNING] GripperOptimized:connect_main_server:161 - 主服務器連接失敗，將在主循環中重試
2025-07-21 10:59:58 [WARNING] GripperOptimized:connect_main_server:161 - 主服務器連接失敗，將在主循環中重試
2025-07-21 10:59:59 [WARNING] GripperOptimized:connect_main_server:161 - 主服務器連接失敗，將在主循環中重試
2025-07-21 11:00:01 [WARNING] GripperOptimized:connect_main_server:161 - 主服務器連接失敗，將在主循環中重試
2025-07-21 11:00:02 [WARNING] GripperOptimized:connect_main_server:161 - 主服務器連接失敗，將在主循環中重試
2025-07-21 11:00:04 [WARNING] GripperOptimized:connect_main_server:161 - 主服務器連接失敗，將在主循環中重試
2025-07-21 11:00:05 [WARNING] GripperOptimized:connect_main_server:161 - 主服務器連接失敗，將在主循環中重試
2025-07-21 11:00:07 [WARNING] GripperOptimized:connect_main_server:161 - 主服務器連接失敗，將在主循環中重試
2025-07-21 11:00:08 [WARNING] GripperOptimized:connect_main_server:161 - 主服務器連接失敗，將在主循環中重試
2025-07-21 11:00:10 [WARNING] GripperOptimized:connect_main_server:161 - 主服務器連接失敗，將在主循環中重試
2025-07-21 11:00:11 [WARNING] GripperOptimized:connect_main_server:161 - 主服務器連接失敗，將在主循環中重試
2025-07-21 11:00:13 [WARNING] GripperOptimized:connect_main_server:161 - 主服務器連接失敗，將在主循環中重試
2025-07-21 11:00:14 [WARNING] GripperOptimized:connect_main_server:161 - 主服務器連接失敗，將在主循環中重試
2025-07-21 11:00:16 [WARNING] GripperOptimized:connect_main_server:161 - 主服務器連接失敗，將在主循環中重試
2025-07-21 11:00:17 [WARNING] GripperOptimized:connect_main_server:161 - 主服務器連接失敗，將在主循環中重試
2025-07-21 11:00:19 [WARNING] GripperOptimized:connect_main_server:161 - 主服務器連接失敗，將在主循環中重試
2025-07-21 11:00:20 [WARNING] GripperOptimized:connect_main_server:161 - 主服務器連接失敗，將在主循環中重試
2025-07-21 11:00:22 [WARNING] GripperOptimized:connect_main_server:161 - 主服務器連接失敗，將在主循環中重試
2025-07-21 11:00:23 [WARNING] GripperOptimized:connect_main_server:161 - 主服務器連接失敗，將在主循環中重試
2025-07-21 11:00:25 [WARNING] GripperOptimized:connect_main_server:161 - 主服務器連接失敗，將在主循環中重試
2025-07-21 11:00:26 [WARNING] GripperOptimized:connect_main_server:161 - 主服務器連接失敗，將在主循環中重試
2025-07-21 11:00:28 [WARNING] GripperOptimized:connect_main_server:161 - 主服務器連接失敗，將在主循環中重試
2025-07-21 11:00:29 [WARNING] GripperOptimized:connect_main_server:161 - 主服務器連接失敗，將在主循環中重試
2025-07-21 11:00:31 [WARNING] GripperOptimized:connect_main_server:161 - 主服務器連接失敗，將在主循環中重試
2025-07-21 11:00:32 [WARNING] GripperOptimized:connect_main_server:161 - 主服務器連接失敗，將在主循環中重試
2025-07-21 11:00:34 [WARNING] GripperOptimized:connect_main_server:161 - 主服務器連接失敗，將在主循環中重試
2025-07-21 11:00:35 [WARNING] GripperOptimized:connect_main_server:161 - 主服務器連接失敗，將在主循環中重試
2025-07-21 11:00:37 [WARNING] GripperOptimized:connect_main_server:161 - 主服務器連接失敗，將在主循環中重試
2025-07-21 11:00:38 [WARNING] GripperOptimized:connect_main_server:161 - 主服務器連接失敗，將在主循環中重試
2025-07-21 11:00:40 [WARNING] GripperOptimized:connect_main_server:161 - 主服務器連接失敗，將在主循環中重試
2025-07-21 11:00:41 [WARNING] GripperOptimized:connect_main_server:161 - 主服務器連接失敗，將在主循環中重試
2025-07-21 11:00:43 [WARNING] GripperOptimized:connect_main_server:161 - 主服務器連接失敗，將在主循環中重試
2025-07-21 11:00:44 [WARNING] GripperOptimized:connect_main_server:161 - 主服務器連接失敗，將在主循環中重試
2025-07-21 11:00:46 [WARNING] GripperOptimized:connect_main_server:161 - 主服務器連接失敗，將在主循環中重試
2025-07-21 11:00:47 [WARNING] GripperOptimized:connect_main_server:161 - 主服務器連接失敗，將在主循環中重試
2025-07-21 11:00:49 [WARNING] GripperOptimized:connect_main_server:161 - 主服務器連接失敗，將在主循環中重試
2025-07-21 11:00:50 [WARNING] GripperOptimized:connect_main_server:161 - 主服務器連接失敗，將在主循環中重試
2025-07-21 11:00:52 [WARNING] GripperOptimized:connect_main_server:161 - 主服務器連接失敗，將在主循環中重試
2025-07-21 11:00:53 [WARNING] GripperOptimized:connect_main_server:161 - 主服務器連接失敗，將在主循環中重試
2025-07-21 11:00:55 [WARNING] GripperOptimized:connect_main_server:161 - 主服務器連接失敗，將在主循環中重試
2025-07-21 11:00:56 [WARNING] GripperOptimized:connect_main_server:161 - 主服務器連接失敗，將在主循環中重試
2025-07-21 11:00:58 [WARNING] GripperOptimized:connect_main_server:161 - 主服務器連接失敗，將在主循環中重試
2025-07-21 11:00:59 [WARNING] GripperOptimized:connect_main_server:161 - 主服務器連接失敗，將在主循環中重試
2025-07-21 11:01:01 [WARNING] GripperOptimized:connect_main_server:161 - 主服務器連接失敗，將在主循環中重試
2025-07-21 11:01:02 [WARNING] GripperOptimized:connect_main_server:161 - 主服務器連接失敗，將在主循環中重試
2025-07-21 11:01:04 [WARNING] GripperOptimized:connect_main_server:161 - 主服務器連接失敗，將在主循環中重試
2025-07-21 11:01:05 [WARNING] GripperOptimized:connect_main_server:161 - 主服務器連接失敗，將在主循環中重試
2025-07-21 11:01:07 [WARNING] GripperOptimized:connect_main_server:161 - 主服務器連接失敗，將在主循環中重試
2025-07-21 11:01:08 [WARNING] GripperOptimized:connect_main_server:161 - 主服務器連接失敗，將在主循環中重試
2025-07-21 11:01:10 [WARNING] GripperOptimized:connect_main_server:161 - 主服務器連接失敗，將在主循環中重試
2025-07-21 11:01:12 [WARNING] GripperOptimized:connect_main_server:161 - 主服務器連接失敗，將在主循環中重試
2025-07-21 11:01:13 [WARNING] GripperOptimized:connect_main_server:161 - 主服務器連接失敗，將在主循環中重試
2025-07-21 11:01:15 [WARNING] GripperOptimized:connect_main_server:161 - 主服務器連接失敗，將在主循環中重試
2025-07-21 11:01:16 [WARNING] GripperOptimized:connect_main_server:161 - 主服務器連接失敗，將在主循環中重試
2025-07-21 11:01:18 [WARNING] GripperOptimized:connect_main_server:161 - 主服務器連接失敗，將在主循環中重試
2025-07-21 11:01:19 [WARNING] GripperOptimized:connect_main_server:161 - 主服務器連接失敗，將在主循環中重試
2025-07-21 11:01:21 [WARNING] GripperOptimized:connect_main_server:161 - 主服務器連接失敗，將在主循環中重試
2025-07-21 11:01:22 [WARNING] GripperOptimized:connect_main_server:161 - 主服務器連接失敗，將在主循環中重試
2025-07-21 11:01:24 [WARNING] GripperOptimized:connect_main_server:161 - 主服務器連接失敗，將在主循環中重試
2025-07-21 11:01:25 [WARNING] GripperOptimized:connect_main_server:161 - 主服務器連接失敗，將在主循環中重試
2025-07-21 11:01:27 [WARNING] GripperOptimized:connect_main_server:161 - 主服務器連接失敗，將在主循環中重試
2025-07-21 11:01:28 [WARNING] GripperOptimized:connect_main_server:161 - 主服務器連接失敗，將在主循環中重試
2025-07-21 11:01:30 [WARNING] GripperOptimized:connect_main_server:161 - 主服務器連接失敗，將在主循環中重試
2025-07-21 11:01:31 [WARNING] GripperOptimized:connect_main_server:161 - 主服務器連接失敗，將在主循環中重試
2025-07-21 11:01:33 [WARNING] GripperOptimized:connect_main_server:161 - 主服務器連接失敗，將在主循環中重試
2025-07-21 11:01:34 [WARNING] GripperOptimized:connect_main_server:161 - 主服務器連接失敗，將在主循環中重試
2025-07-21 11:01:36 [WARNING] GripperOptimized:connect_main_server:161 - 主服務器連接失敗，將在主循環中重試
2025-07-21 11:01:37 [WARNING] GripperOptimized:connect_main_server:161 - 主服務器連接失敗，將在主循環中重試
2025-07-21 11:01:39 [WARNING] GripperOptimized:connect_main_server:161 - 主服務器連接失敗，將在主循環中重試
2025-07-21 11:01:40 [WARNING] GripperOptimized:connect_main_server:161 - 主服務器連接失敗，將在主循環中重試
2025-07-21 11:01:42 [WARNING] GripperOptimized:connect_main_server:161 - 主服務器連接失敗，將在主循環中重試
2025-07-21 11:01:55 [INFO] GripperOptimized:__init__:66 - 夾爪模組啟動 - 優化版本 - 基地址: 500-539
2025-07-21 11:01:55 [INFO] GripperOptimized:__init__:67 - 性能參數: 主循環=20.0ms, 狀態更新=10.0ms
2025-07-21 11:01:55 [INFO] GripperOptimized:fast_loop:438 - 夾爪主循環啟動 - 高性能模式
2025-07-21 11:01:55 [INFO] GripperOptimized:start:509 - 夾爪模組已啟動 - 高性能模式
2025-07-21 11:01:55 [INFO] GripperOptimized:connect_main_server:158 - 主服務器連接成功: 127.0.0.1:502
2025-07-21 11:01:55 [INFO] GripperOptimized:connect_rtu_devices:183 - RTU設備連接成功: COM11
2025-07-21 11:01:59 [INFO] GripperOptimized:process_commands:412 - 收到PGC指令: 代碼=1, 參數1=0, 參數2=0, ID=1
2025-07-21 11:01:59 [INFO] GripperOptimized:process_commands:418 - PGC指令執行成功
2025-07-21 11:01:59 [WARNING] GripperOptimized:fast_loop:492 - 主循環執行時間過長: 32.9ms
2025-07-21 11:02:05 [INFO] GripperOptimized:process_commands:412 - 收到PGC指令: 代碼=8, 參數1=0, 參數2=0, ID=39920
2025-07-21 11:02:05 [INFO] GripperOptimized:process_commands:418 - PGC指令執行成功
2025-07-21 11:02:05 [WARNING] GripperOptimized:fast_loop:492 - 主循環執行時間過長: 33.7ms
2025-07-21 11:02:08 [INFO] GripperOptimized:process_commands:412 - 收到PGC指令: 代碼=7, 參數1=0, 參數2=0, ID=42216
2025-07-21 11:02:08 [INFO] GripperOptimized:process_commands:418 - PGC指令執行成功
2025-07-21 11:02:08 [WARNING] GripperOptimized:fast_loop:492 - 主循環執行時間過長: 32.9ms
2025-07-21 11:02:10 [INFO] GripperOptimized:process_commands:412 - 收到PGC指令: 代碼=8, 參數1=0, 參數2=0, ID=44103
2025-07-21 11:02:10 [INFO] GripperOptimized:process_commands:418 - PGC指令執行成功
2025-07-21 11:02:10 [WARNING] GripperOptimized:fast_loop:492 - 主循環執行時間過長: 33.2ms
2025-07-21 11:02:16 [INFO] GripperOptimized:fast_loop:484 - 性能統計: 循環=1000, 平均耗時=6.1ms, 最大耗時=33.7ms, 指令數=4
2025-07-21 11:02:37 [INFO] GripperOptimized:fast_loop:484 - 性能統計: 循環=2000, 平均耗時=6.0ms, 最大耗時=33.7ms, 指令數=4
2025-07-21 11:02:57 [INFO] GripperOptimized:fast_loop:484 - 性能統計: 循環=3000, 平均耗時=6.6ms, 最大耗時=33.7ms, 指令數=4
2025-07-21 11:03:18 [INFO] GripperOptimized:fast_loop:484 - 性能統計: 循環=4000, 平均耗時=6.9ms, 最大耗時=33.7ms, 指令數=4
2025-07-21 11:03:38 [INFO] GripperOptimized:fast_loop:484 - 性能統計: 循環=5000, 平均耗時=6.6ms, 最大耗時=33.7ms, 指令數=4
2025-07-21 11:03:59 [INFO] GripperOptimized:fast_loop:484 - 性能統計: 循環=6000, 平均耗時=6.4ms, 最大耗時=33.7ms, 指令數=4
2025-07-21 11:04:20 [INFO] GripperOptimized:fast_loop:484 - 性能統計: 循環=7000, 平均耗時=6.2ms, 最大耗時=33.7ms, 指令數=4
2025-07-21 11:04:40 [INFO] GripperOptimized:fast_loop:484 - 性能統計: 循環=8000, 平均耗時=6.9ms, 最大耗時=33.7ms, 指令數=4
2025-07-21 11:05:01 [INFO] GripperOptimized:fast_loop:484 - 性能統計: 循環=9000, 平均耗時=6.3ms, 最大耗時=33.7ms, 指令數=4
2025-07-21 11:05:21 [INFO] GripperOptimized:fast_loop:484 - 性能統計: 循環=10000, 平均耗時=6.4ms, 最大耗時=33.7ms, 指令數=4
2025-07-21 11:05:42 [INFO] GripperOptimized:fast_loop:484 - 性能統計: 循環=11000, 平均耗時=6.1ms, 最大耗時=33.7ms, 指令數=4
2025-07-21 11:06:03 [INFO] GripperOptimized:fast_loop:484 - 性能統計: 循環=12000, 平均耗時=6.2ms, 最大耗時=33.7ms, 指令數=4
2025-07-21 11:06:23 [INFO] GripperOptimized:fast_loop:484 - 性能統計: 循環=13000, 平均耗時=6.3ms, 最大耗時=33.7ms, 指令數=4
2025-07-21 11:06:44 [INFO] GripperOptimized:fast_loop:484 - 性能統計: 循環=14000, 平均耗時=6.3ms, 最大耗時=33.7ms, 指令數=4
2025-07-21 11:07:04 [INFO] GripperOptimized:fast_loop:484 - 性能統計: 循環=15000, 平均耗時=6.8ms, 最大耗時=33.7ms, 指令數=4
2025-07-21 11:07:25 [INFO] GripperOptimized:fast_loop:484 - 性能統計: 循環=16000, 平均耗時=6.3ms, 最大耗時=33.7ms, 指令數=4
2025-07-21 11:07:45 [INFO] GripperOptimized:fast_loop:484 - 性能統計: 循環=17000, 平均耗時=6.5ms, 最大耗時=33.7ms, 指令數=4
2025-07-21 11:08:06 [INFO] GripperOptimized:fast_loop:484 - 性能統計: 循環=18000, 平均耗時=6.4ms, 最大耗時=33.7ms, 指令數=4
2025-07-21 11:08:27 [INFO] GripperOptimized:fast_loop:484 - 性能統計: 循環=19000, 平均耗時=6.1ms, 最大耗時=33.7ms, 指令數=4
2025-07-21 11:08:47 [INFO] GripperOptimized:fast_loop:484 - 性能統計: 循環=20000, 平均耗時=6.1ms, 最大耗時=33.7ms, 指令數=4
2025-07-21 11:09:08 [INFO] GripperOptimized:fast_loop:484 - 性能統計: 循環=21000, 平均耗時=6.4ms, 最大耗時=33.7ms, 指令數=4
2025-07-21 11:09:28 [INFO] GripperOptimized:fast_loop:484 - 性能統計: 循環=22000, 平均耗時=6.2ms, 最大耗時=33.7ms, 指令數=4
2025-07-21 11:09:49 [INFO] GripperOptimized:fast_loop:484 - 性能統計: 循環=23000, 平均耗時=6.1ms, 最大耗時=33.7ms, 指令數=4
2025-07-21 11:10:10 [INFO] GripperOptimized:fast_loop:484 - 性能統計: 循環=24000, 平均耗時=6.3ms, 最大耗時=33.7ms, 指令數=4
2025-07-21 11:10:30 [INFO] GripperOptimized:fast_loop:484 - 性能統計: 循環=25000, 平均耗時=7.1ms, 最大耗時=33.7ms, 指令數=4
2025-07-21 11:10:51 [INFO] GripperOptimized:fast_loop:484 - 性能統計: 循環=26000, 平均耗時=6.3ms, 最大耗時=33.7ms, 指令數=4
2025-07-21 11:11:11 [INFO] GripperOptimized:fast_loop:484 - 性能統計: 循環=27000, 平均耗時=6.4ms, 最大耗時=33.7ms, 指令數=4
2025-07-21 11:11:32 [INFO] GripperOptimized:fast_loop:484 - 性能統計: 循環=28000, 平均耗時=6.2ms, 最大耗時=33.7ms, 指令數=4
2025-07-21 11:11:52 [INFO] GripperOptimized:fast_loop:484 - 性能統計: 循環=29000, 平均耗時=6.1ms, 最大耗時=33.7ms, 指令數=4
2025-07-21 11:12:13 [INFO] GripperOptimized:fast_loop:484 - 性能統計: 循環=30000, 平均耗時=6.2ms, 最大耗時=33.7ms, 指令數=4
2025-07-21 11:12:34 [INFO] GripperOptimized:fast_loop:484 - 性能統計: 循環=31000, 平均耗時=6.2ms, 最大耗時=33.7ms, 指令數=4
2025-07-21 11:12:54 [INFO] GripperOptimized:fast_loop:484 - 性能統計: 循環=32000, 平均耗時=6.1ms, 最大耗時=33.7ms, 指令數=4
2025-07-21 11:13:15 [INFO] GripperOptimized:fast_loop:484 - 性能統計: 循環=33000, 平均耗時=6.1ms, 最大耗時=33.7ms, 指令數=4
2025-07-21 11:13:35 [INFO] GripperOptimized:fast_loop:484 - 性能統計: 循環=34000, 平均耗時=6.4ms, 最大耗時=33.7ms, 指令數=4
2025-07-21 11:13:56 [INFO] GripperOptimized:fast_loop:484 - 性能統計: 循環=35000, 平均耗時=6.1ms, 最大耗時=33.7ms, 指令數=4
2025-07-21 11:14:16 [INFO] GripperOptimized:fast_loop:484 - 性能統計: 循環=36000, 平均耗時=6.2ms, 最大耗時=33.7ms, 指令數=4
2025-07-21 11:14:37 [INFO] GripperOptimized:fast_loop:484 - 性能統計: 循環=37000, 平均耗時=6.2ms, 最大耗時=33.7ms, 指令數=4
2025-07-21 11:15:14 [INFO] GripperOptimized:fast_loop:484 - 性能統計: 循環=38000, 平均耗時=6.5ms, 最大耗時=33.7ms, 指令數=4
2025-07-21 11:15:35 [INFO] GripperOptimized:fast_loop:484 - 性能統計: 循環=39000, 平均耗時=6.2ms, 最大耗時=33.7ms, 指令數=4
2025-07-21 11:15:55 [INFO] GripperOptimized:fast_loop:484 - 性能統計: 循環=40000, 平均耗時=6.0ms, 最大耗時=33.7ms, 指令數=4
2025-07-21 11:16:16 [INFO] GripperOptimized:fast_loop:484 - 性能統計: 循環=41000, 平均耗時=6.0ms, 最大耗時=33.7ms, 指令數=4
2025-07-21 11:16:37 [INFO] GripperOptimized:fast_loop:484 - 性能統計: 循環=42000, 平均耗時=6.3ms, 最大耗時=33.7ms, 指令數=4
2025-07-21 11:16:57 [INFO] GripperOptimized:fast_loop:484 - 性能統計: 循環=43000, 平均耗時=6.3ms, 最大耗時=33.7ms, 指令數=4
2025-07-21 11:17:18 [INFO] GripperOptimized:fast_loop:484 - 性能統計: 循環=44000, 平均耗時=6.2ms, 最大耗時=33.7ms, 指令數=4
2025-07-21 11:17:38 [INFO] GripperOptimized:fast_loop:484 - 性能統計: 循環=45000, 平均耗時=6.2ms, 最大耗時=33.7ms, 指令數=4
2025-07-21 11:17:59 [INFO] GripperOptimized:fast_loop:484 - 性能統計: 循環=46000, 平均耗時=6.2ms, 最大耗時=33.7ms, 指令數=4
2025-07-21 11:18:19 [INFO] GripperOptimized:fast_loop:484 - 性能統計: 循環=47000, 平均耗時=6.3ms, 最大耗時=33.7ms, 指令數=4
2025-07-21 11:18:40 [INFO] GripperOptimized:fast_loop:484 - 性能統計: 循環=48000, 平均耗時=6.5ms, 最大耗時=33.7ms, 指令數=4
2025-07-21 11:19:01 [INFO] GripperOptimized:fast_loop:484 - 性能統計: 循環=49000, 平均耗時=6.1ms, 最大耗時=33.7ms, 指令數=4
2025-07-21 11:19:21 [INFO] GripperOptimized:fast_loop:484 - 性能統計: 循環=50000, 平均耗時=6.4ms, 最大耗時=33.7ms, 指令數=4
2025-07-21 11:19:42 [INFO] GripperOptimized:fast_loop:484 - 性能統計: 循環=51000, 平均耗時=5.9ms, 最大耗時=33.7ms, 指令數=4
2025-07-21 11:20:02 [INFO] GripperOptimized:fast_loop:484 - 性能統計: 循環=52000, 平均耗時=6.4ms, 最大耗時=33.7ms, 指令數=4
2025-07-21 11:20:23 [INFO] GripperOptimized:fast_loop:484 - 性能統計: 循環=53000, 平均耗時=6.4ms, 最大耗時=33.7ms, 指令數=4
2025-07-21 11:20:44 [INFO] GripperOptimized:fast_loop:484 - 性能統計: 循環=54000, 平均耗時=6.3ms, 最大耗時=33.7ms, 指令數=4
2025-07-21 11:21:04 [INFO] GripperOptimized:fast_loop:484 - 性能統計: 循環=55000, 平均耗時=6.4ms, 最大耗時=33.7ms, 指令數=4
2025-07-21 11:21:25 [INFO] GripperOptimized:fast_loop:484 - 性能統計: 循環=56000, 平均耗時=6.4ms, 最大耗時=33.7ms, 指令數=4
2025-07-21 11:21:45 [INFO] GripperOptimized:fast_loop:484 - 性能統計: 循環=57000, 平均耗時=6.3ms, 最大耗時=33.7ms, 指令數=4
2025-07-21 11:22:06 [INFO] GripperOptimized:fast_loop:484 - 性能統計: 循環=58000, 平均耗時=6.2ms, 最大耗時=33.7ms, 指令數=4
2025-07-21 11:22:26 [INFO] GripperOptimized:fast_loop:484 - 性能統計: 循環=59000, 平均耗時=6.3ms, 最大耗時=33.7ms, 指令數=4
2025-07-21 11:22:47 [INFO] GripperOptimized:fast_loop:484 - 性能統計: 循環=60000, 平均耗時=6.1ms, 最大耗時=33.7ms, 指令數=4
2025-07-21 11:23:08 [INFO] GripperOptimized:fast_loop:484 - 性能統計: 循環=61000, 平均耗時=6.2ms, 最大耗時=33.7ms, 指令數=4
2025-07-21 11:23:28 [INFO] GripperOptimized:fast_loop:484 - 性能統計: 循環=62000, 平均耗時=6.5ms, 最大耗時=33.7ms, 指令數=4
2025-07-21 11:23:49 [INFO] GripperOptimized:fast_loop:484 - 性能統計: 循環=63000, 平均耗時=6.2ms, 最大耗時=33.7ms, 指令數=4
2025-07-21 11:24:09 [INFO] GripperOptimized:fast_loop:484 - 性能統計: 循環=64000, 平均耗時=6.4ms, 最大耗時=33.7ms, 指令數=4
2025-07-21 11:24:30 [INFO] GripperOptimized:fast_loop:484 - 性能統計: 循環=65000, 平均耗時=6.2ms, 最大耗時=33.7ms, 指令數=4
2025-07-21 11:24:51 [INFO] GripperOptimized:fast_loop:484 - 性能統計: 循環=66000, 平均耗時=6.1ms, 最大耗時=33.7ms, 指令數=4
2025-07-21 11:25:11 [INFO] GripperOptimized:fast_loop:484 - 性能統計: 循環=67000, 平均耗時=6.3ms, 最大耗時=33.7ms, 指令數=4
2025-07-21 11:25:32 [INFO] GripperOptimized:fast_loop:484 - 性能統計: 循環=68000, 平均耗時=6.1ms, 最大耗時=33.7ms, 指令數=4
2025-07-21 11:25:52 [INFO] GripperOptimized:fast_loop:484 - 性能統計: 循環=69000, 平均耗時=6.4ms, 最大耗時=33.7ms, 指令數=4
2025-07-21 11:26:13 [INFO] GripperOptimized:fast_loop:484 - 性能統計: 循環=70000, 平均耗時=6.5ms, 最大耗時=33.7ms, 指令數=4
2025-07-21 11:26:34 [INFO] GripperOptimized:fast_loop:484 - 性能統計: 循環=71000, 平均耗時=6.5ms, 最大耗時=33.7ms, 指令數=4
2025-07-21 11:26:54 [INFO] GripperOptimized:fast_loop:484 - 性能統計: 循環=72000, 平均耗時=6.0ms, 最大耗時=33.7ms, 指令數=4
2025-07-21 11:27:15 [INFO] GripperOptimized:fast_loop:484 - 性能統計: 循環=73000, 平均耗時=6.3ms, 最大耗時=33.7ms, 指令數=4
2025-07-21 11:27:35 [INFO] GripperOptimized:fast_loop:484 - 性能統計: 循環=74000, 平均耗時=6.0ms, 最大耗時=33.7ms, 指令數=4
2025-07-21 11:27:56 [INFO] GripperOptimized:fast_loop:484 - 性能統計: 循環=75000, 平均耗時=6.2ms, 最大耗時=33.7ms, 指令數=4
2025-07-21 11:28:17 [INFO] GripperOptimized:fast_loop:484 - 性能統計: 循環=76000, 平均耗時=6.3ms, 最大耗時=33.7ms, 指令數=4
2025-07-21 11:28:37 [INFO] GripperOptimized:fast_loop:484 - 性能統計: 循環=77000, 平均耗時=6.2ms, 最大耗時=33.7ms, 指令數=4
2025-07-21 11:28:58 [INFO] GripperOptimized:fast_loop:484 - 性能統計: 循環=78000, 平均耗時=6.5ms, 最大耗時=33.7ms, 指令數=4
2025-07-21 11:29:18 [INFO] GripperOptimized:fast_loop:484 - 性能統計: 循環=79000, 平均耗時=6.3ms, 最大耗時=33.7ms, 指令數=4
2025-07-21 11:29:39 [INFO] GripperOptimized:fast_loop:484 - 性能統計: 循環=80000, 平均耗時=6.3ms, 最大耗時=33.7ms, 指令數=4
2025-07-21 11:30:00 [INFO] GripperOptimized:fast_loop:484 - 性能統計: 循環=81000, 平均耗時=6.6ms, 最大耗時=33.7ms, 指令數=4
2025-07-21 11:30:20 [INFO] GripperOptimized:fast_loop:484 - 性能統計: 循環=82000, 平均耗時=6.2ms, 最大耗時=33.7ms, 指令數=4
2025-07-21 11:30:41 [INFO] GripperOptimized:fast_loop:484 - 性能統計: 循環=83000, 平均耗時=6.3ms, 最大耗時=33.7ms, 指令數=4
2025-07-21 11:31:01 [INFO] GripperOptimized:fast_loop:484 - 性能統計: 循環=84000, 平均耗時=6.0ms, 最大耗時=33.7ms, 指令數=4
2025-07-21 11:31:22 [INFO] GripperOptimized:fast_loop:484 - 性能統計: 循環=85000, 平均耗時=7.7ms, 最大耗時=33.7ms, 指令數=4
2025-07-21 11:31:42 [INFO] GripperOptimized:fast_loop:484 - 性能統計: 循環=86000, 平均耗時=7.5ms, 最大耗時=33.7ms, 指令數=4
2025-07-21 11:32:03 [INFO] GripperOptimized:fast_loop:484 - 性能統計: 循環=87000, 平均耗時=7.5ms, 最大耗時=33.7ms, 指令數=4
2025-07-21 11:32:24 [INFO] GripperOptimized:fast_loop:484 - 性能統計: 循環=88000, 平均耗時=7.6ms, 最大耗時=33.7ms, 指令數=4
2025-07-21 11:32:44 [INFO] GripperOptimized:fast_loop:484 - 性能統計: 循環=89000, 平均耗時=7.7ms, 最大耗時=33.7ms, 指令數=4
2025-07-21 11:33:05 [INFO] GripperOptimized:fast_loop:484 - 性能統計: 循環=90000, 平均耗時=7.6ms, 最大耗時=33.7ms, 指令數=4
2025-07-21 11:33:25 [INFO] GripperOptimized:fast_loop:484 - 性能統計: 循環=91000, 平均耗時=7.5ms, 最大耗時=33.7ms, 指令數=4
2025-07-21 11:33:46 [INFO] GripperOptimized:fast_loop:484 - 性能統計: 循環=92000, 平均耗時=7.3ms, 最大耗時=33.7ms, 指令數=4
2025-07-21 11:34:06 [INFO] GripperOptimized:fast_loop:484 - 性能統計: 循環=93000, 平均耗時=7.4ms, 最大耗時=33.7ms, 指令數=4
2025-07-21 11:34:27 [INFO] GripperOptimized:fast_loop:484 - 性能統計: 循環=94000, 平均耗時=7.5ms, 最大耗時=33.7ms, 指令數=4
2025-07-21 11:34:48 [INFO] GripperOptimized:fast_loop:484 - 性能統計: 循環=95000, 平均耗時=7.4ms, 最大耗時=33.7ms, 指令數=4
2025-07-21 11:35:08 [INFO] GripperOptimized:fast_loop:484 - 性能統計: 循環=96000, 平均耗時=7.2ms, 最大耗時=33.7ms, 指令數=4
2025-07-21 11:35:29 [INFO] GripperOptimized:fast_loop:484 - 性能統計: 循環=97000, 平均耗時=7.1ms, 最大耗時=33.7ms, 指令數=4
2025-07-21 11:35:50 [INFO] GripperOptimized:fast_loop:484 - 性能統計: 循環=98000, 平均耗時=7.5ms, 最大耗時=33.7ms, 指令數=4
2025-07-21 11:36:10 [INFO] GripperOptimized:fast_loop:484 - 性能統計: 循環=99000, 平均耗時=7.4ms, 最大耗時=33.7ms, 指令數=4
2025-07-21 11:36:31 [INFO] GripperOptimized:fast_loop:484 - 性能統計: 循環=100000, 平均耗時=7.3ms, 最大耗時=33.7ms, 指令數=4
2025-07-21 11:36:51 [INFO] GripperOptimized:fast_loop:484 - 性能統計: 循環=101000, 平均耗時=7.0ms, 最大耗時=33.7ms, 指令數=4
2025-07-21 11:37:12 [INFO] GripperOptimized:fast_loop:484 - 性能統計: 循環=102000, 平均耗時=7.1ms, 最大耗時=33.7ms, 指令數=4
2025-07-21 11:37:33 [INFO] GripperOptimized:fast_loop:484 - 性能統計: 循環=103000, 平均耗時=7.4ms, 最大耗時=33.7ms, 指令數=4
2025-07-21 11:37:53 [INFO] GripperOptimized:fast_loop:484 - 性能統計: 循環=104000, 平均耗時=7.4ms, 最大耗時=33.7ms, 指令數=4
2025-07-21 11:38:14 [INFO] GripperOptimized:fast_loop:484 - 性能統計: 循環=105000, 平均耗時=7.4ms, 最大耗時=33.7ms, 指令數=4
2025-07-21 11:38:34 [INFO] GripperOptimized:fast_loop:484 - 性能統計: 循環=106000, 平均耗時=7.2ms, 最大耗時=33.7ms, 指令數=4
2025-07-21 11:38:55 [INFO] GripperOptimized:fast_loop:484 - 性能統計: 循環=107000, 平均耗時=7.4ms, 最大耗時=33.7ms, 指令數=4
2025-07-21 11:39:16 [INFO] GripperOptimized:fast_loop:484 - 性能統計: 循環=108000, 平均耗時=7.4ms, 最大耗時=33.7ms, 指令數=4
2025-07-21 11:39:36 [INFO] GripperOptimized:fast_loop:484 - 性能統計: 循環=109000, 平均耗時=7.0ms, 最大耗時=33.7ms, 指令數=4
2025-07-21 11:39:57 [INFO] GripperOptimized:fast_loop:484 - 性能統計: 循環=110000, 平均耗時=7.5ms, 最大耗時=33.7ms, 指令數=4
2025-07-21 11:40:18 [INFO] GripperOptimized:fast_loop:484 - 性能統計: 循環=111000, 平均耗時=7.4ms, 最大耗時=33.7ms, 指令數=4
2025-07-21 11:40:38 [INFO] GripperOptimized:fast_loop:484 - 性能統計: 循環=112000, 平均耗時=7.3ms, 最大耗時=33.7ms, 指令數=4
2025-07-21 11:40:59 [INFO] GripperOptimized:fast_loop:484 - 性能統計: 循環=113000, 平均耗時=7.2ms, 最大耗時=33.7ms, 指令數=4
2025-07-21 11:41:19 [INFO] GripperOptimized:fast_loop:484 - 性能統計: 循環=114000, 平均耗時=7.3ms, 最大耗時=33.7ms, 指令數=4
2025-07-21 11:41:40 [INFO] GripperOptimized:fast_loop:484 - 性能統計: 循環=115000, 平均耗時=7.3ms, 最大耗時=33.7ms, 指令數=4
2025-07-21 11:42:01 [INFO] GripperOptimized:fast_loop:484 - 性能統計: 循環=116000, 平均耗時=7.5ms, 最大耗時=33.7ms, 指令數=4
2025-07-21 11:42:21 [INFO] GripperOptimized:fast_loop:484 - 性能統計: 循環=117000, 平均耗時=7.6ms, 最大耗時=33.7ms, 指令數=4
2025-07-21 11:42:42 [INFO] GripperOptimized:fast_loop:484 - 性能統計: 循環=118000, 平均耗時=7.3ms, 最大耗時=33.7ms, 指令數=4
2025-07-21 11:43:02 [INFO] GripperOptimized:fast_loop:484 - 性能統計: 循環=119000, 平均耗時=7.4ms, 最大耗時=33.7ms, 指令數=4
2025-07-21 11:43:23 [INFO] GripperOptimized:fast_loop:484 - 性能統計: 循環=120000, 平均耗時=7.3ms, 最大耗時=33.7ms, 指令數=4
2025-07-21 11:43:44 [INFO] GripperOptimized:fast_loop:484 - 性能統計: 循環=121000, 平均耗時=7.6ms, 最大耗時=33.7ms, 指令數=4
2025-07-21 11:44:04 [INFO] GripperOptimized:fast_loop:484 - 性能統計: 循環=122000, 平均耗時=7.0ms, 最大耗時=33.7ms, 指令數=4
2025-07-21 11:44:25 [INFO] GripperOptimized:fast_loop:484 - 性能統計: 循環=123000, 平均耗時=7.5ms, 最大耗時=33.7ms, 指令數=4
2025-07-21 11:44:46 [INFO] GripperOptimized:fast_loop:484 - 性能統計: 循環=124000, 平均耗時=7.2ms, 最大耗時=33.7ms, 指令數=4
2025-07-21 11:45:06 [INFO] GripperOptimized:fast_loop:484 - 性能統計: 循環=125000, 平均耗時=7.4ms, 最大耗時=33.7ms, 指令數=4
2025-07-21 11:45:27 [INFO] GripperOptimized:fast_loop:484 - 性能統計: 循環=126000, 平均耗時=7.0ms, 最大耗時=33.7ms, 指令數=4
2025-07-21 11:45:47 [INFO] GripperOptimized:fast_loop:484 - 性能統計: 循環=127000, 平均耗時=7.2ms, 最大耗時=33.7ms, 指令數=4
2025-07-21 11:46:08 [INFO] GripperOptimized:fast_loop:484 - 性能統計: 循環=128000, 平均耗時=7.1ms, 最大耗時=33.7ms, 指令數=4
2025-07-21 11:46:29 [INFO] GripperOptimized:fast_loop:484 - 性能統計: 循環=129000, 平均耗時=7.1ms, 最大耗時=33.7ms, 指令數=4
2025-07-21 11:46:49 [INFO] GripperOptimized:fast_loop:484 - 性能統計: 循環=130000, 平均耗時=7.5ms, 最大耗時=33.7ms, 指令數=4
2025-07-21 11:47:10 [INFO] GripperOptimized:fast_loop:484 - 性能統計: 循環=131000, 平均耗時=7.2ms, 最大耗時=33.7ms, 指令數=4
2025-07-21 11:47:31 [INFO] GripperOptimized:fast_loop:484 - 性能統計: 循環=132000, 平均耗時=7.1ms, 最大耗時=33.7ms, 指令數=4
2025-07-21 11:47:51 [INFO] GripperOptimized:fast_loop:484 - 性能統計: 循環=133000, 平均耗時=7.1ms, 最大耗時=33.7ms, 指令數=4
2025-07-21 11:48:12 [INFO] GripperOptimized:fast_loop:484 - 性能統計: 循環=134000, 平均耗時=7.3ms, 最大耗時=33.7ms, 指令數=4
2025-07-21 11:48:32 [INFO] GripperOptimized:fast_loop:484 - 性能統計: 循環=135000, 平均耗時=7.4ms, 最大耗時=33.7ms, 指令數=4
2025-07-21 11:48:53 [INFO] GripperOptimized:fast_loop:484 - 性能統計: 循環=136000, 平均耗時=7.4ms, 最大耗時=33.7ms, 指令數=4
2025-07-21 11:49:14 [INFO] GripperOptimized:fast_loop:484 - 性能統計: 循環=137000, 平均耗時=7.6ms, 最大耗時=33.7ms, 指令數=4
2025-07-21 11:49:34 [INFO] GripperOptimized:fast_loop:484 - 性能統計: 循環=138000, 平均耗時=7.7ms, 最大耗時=33.7ms, 指令數=4
2025-07-21 11:49:55 [INFO] GripperOptimized:fast_loop:484 - 性能統計: 循環=139000, 平均耗時=7.4ms, 最大耗時=33.7ms, 指令數=4
2025-07-21 11:50:15 [INFO] GripperOptimized:fast_loop:484 - 性能統計: 循環=140000, 平均耗時=7.3ms, 最大耗時=33.7ms, 指令數=4
2025-07-21 11:50:36 [INFO] GripperOptimized:fast_loop:484 - 性能統計: 循環=141000, 平均耗時=7.2ms, 最大耗時=33.7ms, 指令數=4
2025-07-21 11:50:57 [INFO] GripperOptimized:fast_loop:484 - 性能統計: 循環=142000, 平均耗時=7.3ms, 最大耗時=33.7ms, 指令數=4
2025-07-21 11:51:17 [INFO] GripperOptimized:fast_loop:484 - 性能統計: 循環=143000, 平均耗時=7.4ms, 最大耗時=33.7ms, 指令數=4
2025-07-21 11:51:38 [INFO] GripperOptimized:fast_loop:484 - 性能統計: 循環=144000, 平均耗時=7.4ms, 最大耗時=33.7ms, 指令數=4
2025-07-21 11:51:59 [INFO] GripperOptimized:fast_loop:484 - 性能統計: 循環=145000, 平均耗時=7.1ms, 最大耗時=33.7ms, 指令數=4
2025-07-21 11:52:19 [INFO] GripperOptimized:fast_loop:484 - 性能統計: 循環=146000, 平均耗時=7.3ms, 最大耗時=33.7ms, 指令數=4
2025-07-21 11:52:40 [INFO] GripperOptimized:fast_loop:484 - 性能統計: 循環=147000, 平均耗時=7.4ms, 最大耗時=33.7ms, 指令數=4
2025-07-21 11:53:00 [INFO] GripperOptimized:fast_loop:484 - 性能統計: 循環=148000, 平均耗時=7.3ms, 最大耗時=33.7ms, 指令數=4
2025-07-21 11:53:21 [INFO] GripperOptimized:fast_loop:484 - 性能統計: 循環=149000, 平均耗時=7.6ms, 最大耗時=33.7ms, 指令數=4
2025-07-21 11:53:42 [INFO] GripperOptimized:fast_loop:484 - 性能統計: 循環=150000, 平均耗時=6.9ms, 最大耗時=33.7ms, 指令數=4
2025-07-21 11:54:02 [INFO] GripperOptimized:fast_loop:484 - 性能統計: 循環=151000, 平均耗時=7.4ms, 最大耗時=33.7ms, 指令數=4
2025-07-21 11:54:23 [INFO] GripperOptimized:fast_loop:484 - 性能統計: 循環=152000, 平均耗時=7.3ms, 最大耗時=33.7ms, 指令數=4
2025-07-21 11:54:44 [INFO] GripperOptimized:fast_loop:484 - 性能統計: 循環=153000, 平均耗時=7.1ms, 最大耗時=33.7ms, 指令數=4
2025-07-21 11:55:04 [INFO] GripperOptimized:fast_loop:484 - 性能統計: 循環=154000, 平均耗時=7.3ms, 最大耗時=33.7ms, 指令數=4
2025-07-21 11:55:25 [INFO] GripperOptimized:fast_loop:484 - 性能統計: 循環=155000, 平均耗時=7.4ms, 最大耗時=33.7ms, 指令數=4
2025-07-21 11:55:45 [INFO] GripperOptimized:fast_loop:484 - 性能統計: 循環=156000, 平均耗時=7.4ms, 最大耗時=33.7ms, 指令數=4
2025-07-21 11:56:06 [INFO] GripperOptimized:fast_loop:484 - 性能統計: 循環=157000, 平均耗時=6.1ms, 最大耗時=33.7ms, 指令數=4
2025-07-21 17:01:12 [INFO] GripperOptimized:__init__:66 - 夾爪模組啟動 - 優化版本 - 基地址: 500-539
2025-07-21 17:01:12 [INFO] GripperOptimized:__init__:67 - 性能參數: 主循環=20.0ms, 狀態更新=10.0ms
2025-07-21 17:01:12 [INFO] GripperOptimized:fast_loop:438 - 夾爪主循環啟動 - 高性能模式
2025-07-21 17:01:12 [INFO] GripperOptimized:start:509 - 夾爪模組已啟動 - 高性能模式
2025-07-21 17:01:12 [INFO] GripperOptimized:connect_main_server:158 - 主服務器連接成功: 127.0.0.1:502
2025-07-21 17:01:12 [INFO] GripperOptimized:connect_rtu_devices:183 - RTU設備連接成功: COM11
2025-07-21 17:01:12 [INFO] GripperOptimized:process_commands:412 - 收到PGC指令: 代碼=1, 參數1=0, 參數2=0, ID=1
2025-07-21 17:01:12 [INFO] GripperOptimized:process_commands:418 - PGC指令執行成功
2025-07-21 17:01:13 [WARNING] GripperOptimized:fast_loop:492 - 主循環執行時間過長: 49.0ms
2025-07-21 17:01:33 [INFO] GripperOptimized:fast_loop:484 - 性能統計: 循環=1000, 平均耗時=7.3ms, 最大耗時=49.0ms, 指令數=1
2025-07-21 17:01:51 [INFO] GripperOptimized:process_commands:412 - 收到PGC指令: 代碼=3, 參數1=250, 參數2=0, ID=64095
2025-07-21 17:01:51 [INFO] GripperOptimized:process_commands:418 - PGC指令執行成功
2025-07-21 17:01:51 [WARNING] GripperOptimized:fast_loop:492 - 主循環執行時間過長: 34.9ms
2025-07-21 17:01:54 [INFO] GripperOptimized:fast_loop:484 - 性能統計: 循環=2000, 平均耗時=7.5ms, 最大耗時=49.0ms, 指令數=2
2025-07-21 17:01:56 [INFO] GripperOptimized:process_commands:412 - 收到PGC指令: 代碼=3, 參數1=460, 參數2=0, ID=2
2025-07-21 17:01:56 [INFO] GripperOptimized:process_commands:418 - PGC指令執行成功
2025-07-21 17:01:56 [WARNING] GripperOptimized:fast_loop:492 - 主循環執行時間過長: 36.1ms
2025-07-21 17:01:59 [INFO] GripperOptimized:process_commands:412 - 收到PGC指令: 代碼=3, 參數1=300, 參數2=0, ID=3
2025-07-21 17:01:59 [INFO] GripperOptimized:process_commands:418 - PGC指令執行成功
2025-07-21 17:01:59 [WARNING] GripperOptimized:fast_loop:492 - 主循環執行時間過長: 36.8ms
2025-07-21 17:02:10 [INFO] GripperOptimized:process_commands:412 - 收到PGC指令: 代碼=3, 參數1=460, 參數2=0, ID=4
2025-07-21 17:02:10 [INFO] GripperOptimized:process_commands:418 - PGC指令執行成功
2025-07-21 17:02:10 [WARNING] GripperOptimized:fast_loop:492 - 主循環執行時間過長: 36.2ms
2025-07-21 17:02:15 [INFO] GripperOptimized:fast_loop:484 - 性能統計: 循環=3000, 平均耗時=7.4ms, 最大耗時=49.0ms, 指令數=5
2025-07-21 17:02:36 [INFO] GripperOptimized:fast_loop:484 - 性能統計: 循環=4000, 平均耗時=7.4ms, 最大耗時=49.0ms, 指令數=5
2025-07-21 17:02:56 [INFO] GripperOptimized:fast_loop:484 - 性能統計: 循環=5000, 平均耗時=7.2ms, 最大耗時=49.0ms, 指令數=5
2025-07-21 17:03:17 [INFO] GripperOptimized:fast_loop:484 - 性能統計: 循環=6000, 平均耗時=7.2ms, 最大耗時=49.0ms, 指令數=5
2025-07-21 17:03:38 [INFO] GripperOptimized:fast_loop:484 - 性能統計: 循環=7000, 平均耗時=7.1ms, 最大耗時=49.0ms, 指令數=5
2025-07-21 17:03:59 [INFO] GripperOptimized:fast_loop:484 - 性能統計: 循環=8000, 平均耗時=7.1ms, 最大耗時=49.0ms, 指令數=5
2025-07-21 17:04:19 [INFO] GripperOptimized:fast_loop:484 - 性能統計: 循環=9000, 平均耗時=7.4ms, 最大耗時=49.0ms, 指令數=5
2025-07-21 17:04:38 [INFO] GripperOptimized:process_commands:412 - 收到PGC指令: 代碼=3, 參數1=300, 參數2=0, ID=5
2025-07-21 17:04:38 [INFO] GripperOptimized:process_commands:418 - PGC指令執行成功
2025-07-21 17:04:38 [WARNING] GripperOptimized:fast_loop:492 - 主循環執行時間過長: 36.1ms
2025-07-21 17:04:40 [INFO] GripperOptimized:fast_loop:484 - 性能統計: 循環=10000, 平均耗時=7.8ms, 最大耗時=49.0ms, 指令數=6
2025-07-21 17:04:41 [INFO] GripperOptimized:process_commands:412 - 收到PGC指令: 代碼=3, 參數1=460, 參數2=0, ID=6
2025-07-21 17:04:41 [INFO] GripperOptimized:process_commands:418 - PGC指令執行成功
2025-07-21 17:04:41 [WARNING] GripperOptimized:fast_loop:492 - 主循環執行時間過長: 36.0ms
2025-07-21 17:04:44 [INFO] GripperOptimized:process_commands:412 - 收到PGC指令: 代碼=3, 參數1=300, 參數2=0, ID=7
2025-07-21 17:04:44 [INFO] GripperOptimized:process_commands:418 - PGC指令執行成功
2025-07-21 17:04:44 [WARNING] GripperOptimized:fast_loop:492 - 主循環執行時間過長: 36.2ms
2025-07-21 17:04:55 [INFO] GripperOptimized:process_commands:412 - 收到PGC指令: 代碼=3, 參數1=460, 參數2=0, ID=8
2025-07-21 17:04:55 [INFO] GripperOptimized:process_commands:418 - PGC指令執行成功
2025-07-21 17:04:55 [WARNING] GripperOptimized:fast_loop:492 - 主循環執行時間過長: 37.6ms
2025-07-21 17:05:01 [INFO] GripperOptimized:fast_loop:484 - 性能統計: 循環=11000, 平均耗時=7.1ms, 最大耗時=49.0ms, 指令數=9
2025-07-21 17:05:22 [INFO] GripperOptimized:fast_loop:484 - 性能統計: 循環=12000, 平均耗時=7.3ms, 最大耗時=49.0ms, 指令數=9
2025-07-21 17:05:42 [INFO] GripperOptimized:fast_loop:484 - 性能統計: 循環=13000, 平均耗時=7.1ms, 最大耗時=49.0ms, 指令數=9
2025-07-21 17:06:03 [INFO] GripperOptimized:fast_loop:484 - 性能統計: 循環=14000, 平均耗時=7.6ms, 最大耗時=49.0ms, 指令數=9
2025-07-21 17:06:24 [INFO] GripperOptimized:fast_loop:484 - 性能統計: 循環=15000, 平均耗時=7.5ms, 最大耗時=49.0ms, 指令數=9
2025-07-21 17:06:45 [INFO] GripperOptimized:fast_loop:484 - 性能統計: 循環=16000, 平均耗時=7.3ms, 最大耗時=49.0ms, 指令數=9
2025-07-21 17:07:06 [INFO] GripperOptimized:fast_loop:484 - 性能統計: 循環=17000, 平均耗時=7.6ms, 最大耗時=49.0ms, 指令數=9
2025-07-21 17:07:26 [INFO] GripperOptimized:fast_loop:484 - 性能統計: 循環=18000, 平均耗時=7.4ms, 最大耗時=49.0ms, 指令數=9
2025-07-21 17:07:47 [INFO] GripperOptimized:fast_loop:484 - 性能統計: 循環=19000, 平均耗時=7.3ms, 最大耗時=49.0ms, 指令數=9
2025-07-21 17:08:08 [INFO] GripperOptimized:fast_loop:484 - 性能統計: 循環=20000, 平均耗時=7.4ms, 最大耗時=49.0ms, 指令數=9
2025-07-21 17:08:29 [INFO] GripperOptimized:fast_loop:484 - 性能統計: 循環=21000, 平均耗時=7.6ms, 最大耗時=49.0ms, 指令數=9
2025-07-21 17:08:49 [INFO] GripperOptimized:fast_loop:484 - 性能統計: 循環=22000, 平均耗時=7.8ms, 最大耗時=49.0ms, 指令數=9
2025-07-21 17:09:10 [INFO] GripperOptimized:fast_loop:484 - 性能統計: 循環=23000, 平均耗時=7.5ms, 最大耗時=49.0ms, 指令數=9
2025-07-21 17:09:31 [INFO] GripperOptimized:fast_loop:484 - 性能統計: 循環=24000, 平均耗時=7.6ms, 最大耗時=49.0ms, 指令數=9
2025-07-21 17:09:51 [INFO] GripperOptimized:fast_loop:484 - 性能統計: 循環=25000, 平均耗時=7.7ms, 最大耗時=49.0ms, 指令數=9
2025-07-21 17:10:12 [INFO] GripperOptimized:fast_loop:484 - 性能統計: 循環=26000, 平均耗時=7.4ms, 最大耗時=49.0ms, 指令數=9
2025-07-21 17:10:33 [INFO] GripperOptimized:fast_loop:484 - 性能統計: 循環=27000, 平均耗時=7.5ms, 最大耗時=49.0ms, 指令數=9
2025-07-21 17:10:54 [INFO] GripperOptimized:fast_loop:484 - 性能統計: 循環=28000, 平均耗時=7.5ms, 最大耗時=49.0ms, 指令數=9
2025-07-21 17:11:14 [INFO] GripperOptimized:fast_loop:484 - 性能統計: 循環=29000, 平均耗時=7.3ms, 最大耗時=49.0ms, 指令數=9
2025-07-21 17:11:35 [INFO] GripperOptimized:fast_loop:484 - 性能統計: 循環=30000, 平均耗時=7.4ms, 最大耗時=49.0ms, 指令數=9
2025-07-21 17:11:56 [INFO] GripperOptimized:fast_loop:484 - 性能統計: 循環=31000, 平均耗時=7.5ms, 最大耗時=49.0ms, 指令數=9
2025-07-21 17:12:17 [INFO] GripperOptimized:fast_loop:484 - 性能統計: 循環=32000, 平均耗時=7.6ms, 最大耗時=49.0ms, 指令數=9
2025-07-21 17:12:37 [INFO] GripperOptimized:fast_loop:484 - 性能統計: 循環=33000, 平均耗時=7.4ms, 最大耗時=49.0ms, 指令數=9
2025-07-21 17:12:58 [INFO] GripperOptimized:fast_loop:484 - 性能統計: 循環=34000, 平均耗時=7.0ms, 最大耗時=49.0ms, 指令數=9
2025-07-21 17:13:19 [INFO] GripperOptimized:fast_loop:484 - 性能統計: 循環=35000, 平均耗時=7.7ms, 最大耗時=49.0ms, 指令數=9
2025-07-21 17:13:40 [INFO] GripperOptimized:fast_loop:484 - 性能統計: 循環=36000, 平均耗時=7.6ms, 最大耗時=49.0ms, 指令數=9
2025-07-21 17:14:00 [INFO] GripperOptimized:fast_loop:484 - 性能統計: 循環=37000, 平均耗時=7.6ms, 最大耗時=49.0ms, 指令數=9
2025-07-21 17:14:21 [INFO] GripperOptimized:fast_loop:484 - 性能統計: 循環=38000, 平均耗時=7.4ms, 最大耗時=49.0ms, 指令數=9
2025-07-21 17:14:42 [INFO] GripperOptimized:fast_loop:484 - 性能統計: 循環=39000, 平均耗時=7.4ms, 最大耗時=49.0ms, 指令數=9
2025-07-21 17:15:02 [INFO] GripperOptimized:fast_loop:484 - 性能統計: 循環=40000, 平均耗時=7.3ms, 最大耗時=49.0ms, 指令數=9
2025-07-21 17:15:23 [INFO] GripperOptimized:fast_loop:484 - 性能統計: 循環=41000, 平均耗時=7.3ms, 最大耗時=49.0ms, 指令數=9
2025-07-21 17:15:44 [INFO] GripperOptimized:fast_loop:484 - 性能統計: 循環=42000, 平均耗時=7.4ms, 最大耗時=49.0ms, 指令數=9
2025-07-21 17:16:05 [INFO] GripperOptimized:fast_loop:484 - 性能統計: 循環=43000, 平均耗時=7.6ms, 最大耗時=49.0ms, 指令數=9
2025-07-21 17:16:26 [INFO] GripperOptimized:fast_loop:484 - 性能統計: 循環=44000, 平均耗時=7.3ms, 最大耗時=49.0ms, 指令數=9
2025-07-21 17:16:46 [INFO] GripperOptimized:fast_loop:484 - 性能統計: 循環=45000, 平均耗時=7.6ms, 最大耗時=49.0ms, 指令數=9
2025-07-21 17:17:07 [INFO] GripperOptimized:fast_loop:484 - 性能統計: 循環=46000, 平均耗時=7.5ms, 最大耗時=49.0ms, 指令數=9
2025-07-21 17:17:28 [INFO] GripperOptimized:fast_loop:484 - 性能統計: 循環=47000, 平均耗時=7.7ms, 最大耗時=49.0ms, 指令數=9
2025-07-21 17:17:49 [INFO] GripperOptimized:fast_loop:484 - 性能統計: 循環=48000, 平均耗時=7.5ms, 最大耗時=49.0ms, 指令數=9
2025-07-21 17:18:09 [INFO] GripperOptimized:fast_loop:484 - 性能統計: 循環=49000, 平均耗時=7.5ms, 最大耗時=49.0ms, 指令數=9
2025-07-21 17:18:30 [INFO] GripperOptimized:fast_loop:484 - 性能統計: 循環=50000, 平均耗時=7.1ms, 最大耗時=49.0ms, 指令數=9
2025-07-21 17:18:51 [INFO] GripperOptimized:fast_loop:484 - 性能統計: 循環=51000, 平均耗時=7.4ms, 最大耗時=49.0ms, 指令數=9
2025-07-21 17:19:12 [INFO] GripperOptimized:fast_loop:484 - 性能統計: 循環=52000, 平均耗時=7.3ms, 最大耗時=49.0ms, 指令數=9
2025-07-21 17:19:32 [INFO] GripperOptimized:fast_loop:484 - 性能統計: 循環=53000, 平均耗時=7.5ms, 最大耗時=49.0ms, 指令數=9
2025-07-21 17:19:53 [INFO] GripperOptimized:fast_loop:484 - 性能統計: 循環=54000, 平均耗時=7.7ms, 最大耗時=49.0ms, 指令數=9
2025-07-21 17:20:14 [INFO] GripperOptimized:fast_loop:484 - 性能統計: 循環=55000, 平均耗時=7.6ms, 最大耗時=49.0ms, 指令數=9
2025-07-21 17:20:35 [INFO] GripperOptimized:fast_loop:484 - 性能統計: 循環=56000, 平均耗時=7.6ms, 最大耗時=49.0ms, 指令數=9
2025-07-21 17:20:55 [INFO] GripperOptimized:fast_loop:484 - 性能統計: 循環=57000, 平均耗時=7.5ms, 最大耗時=49.0ms, 指令數=9
2025-07-21 17:21:16 [INFO] GripperOptimized:fast_loop:484 - 性能統計: 循環=58000, 平均耗時=7.5ms, 最大耗時=49.0ms, 指令數=9
2025-07-21 17:21:37 [INFO] GripperOptimized:fast_loop:484 - 性能統計: 循環=59000, 平均耗時=7.3ms, 最大耗時=49.0ms, 指令數=9
2025-07-21 17:21:58 [INFO] GripperOptimized:fast_loop:484 - 性能統計: 循環=60000, 平均耗時=7.3ms, 最大耗時=49.0ms, 指令數=9
2025-07-21 17:22:18 [INFO] GripperOptimized:fast_loop:484 - 性能統計: 循環=61000, 平均耗時=7.1ms, 最大耗時=49.0ms, 指令數=9
2025-07-21 17:22:39 [INFO] GripperOptimized:fast_loop:484 - 性能統計: 循環=62000, 平均耗時=7.5ms, 最大耗時=49.0ms, 指令數=9
2025-07-21 17:23:00 [INFO] GripperOptimized:fast_loop:484 - 性能統計: 循環=63000, 平均耗時=7.6ms, 最大耗時=49.0ms, 指令數=9
2025-07-21 17:23:21 [INFO] GripperOptimized:fast_loop:484 - 性能統計: 循環=64000, 平均耗時=7.6ms, 最大耗時=49.0ms, 指令數=9
2025-07-21 17:23:41 [INFO] GripperOptimized:fast_loop:484 - 性能統計: 循環=65000, 平均耗時=7.6ms, 最大耗時=49.0ms, 指令數=9
2025-07-21 17:24:02 [INFO] GripperOptimized:fast_loop:484 - 性能統計: 循環=66000, 平均耗時=7.3ms, 最大耗時=49.0ms, 指令數=9
2025-07-21 17:24:23 [INFO] GripperOptimized:fast_loop:484 - 性能統計: 循環=67000, 平均耗時=7.4ms, 最大耗時=49.0ms, 指令數=9
2025-07-21 17:24:44 [INFO] GripperOptimized:fast_loop:484 - 性能統計: 循環=68000, 平均耗時=7.5ms, 最大耗時=49.0ms, 指令數=9
2025-07-21 17:25:04 [INFO] GripperOptimized:fast_loop:484 - 性能統計: 循環=69000, 平均耗時=7.5ms, 最大耗時=49.0ms, 指令數=9
2025-07-21 17:25:25 [INFO] GripperOptimized:fast_loop:484 - 性能統計: 循環=70000, 平均耗時=7.2ms, 最大耗時=49.0ms, 指令數=9
2025-07-21 17:25:46 [INFO] GripperOptimized:fast_loop:484 - 性能統計: 循環=71000, 平均耗時=7.6ms, 最大耗時=49.0ms, 指令數=9
2025-07-21 17:26:07 [INFO] GripperOptimized:fast_loop:484 - 性能統計: 循環=72000, 平均耗時=7.5ms, 最大耗時=49.0ms, 指令數=9
2025-07-21 17:26:27 [INFO] GripperOptimized:fast_loop:484 - 性能統計: 循環=73000, 平均耗時=7.5ms, 最大耗時=49.0ms, 指令數=9
2025-07-21 17:26:43 [INFO] GripperOptimized:process_commands:412 - 收到PGC指令: 代碼=3, 參數1=300, 參數2=0, ID=9
2025-07-21 17:26:43 [INFO] GripperOptimized:process_commands:418 - PGC指令執行成功
2025-07-21 17:26:43 [WARNING] GripperOptimized:fast_loop:492 - 主循環執行時間過長: 44.8ms
2025-07-21 17:26:46 [INFO] GripperOptimized:process_commands:412 - 收到PGC指令: 代碼=3, 參數1=460, 參數2=0, ID=10
2025-07-21 17:26:46 [INFO] GripperOptimized:process_commands:418 - PGC指令執行成功
2025-07-21 17:26:47 [WARNING] GripperOptimized:fast_loop:492 - 主循環執行時間過長: 36.2ms
2025-07-21 17:26:48 [INFO] GripperOptimized:fast_loop:484 - 性能統計: 循環=74000, 平均耗時=7.2ms, 最大耗時=49.0ms, 指令數=11
2025-07-21 17:26:49 [INFO] GripperOptimized:process_commands:412 - 收到PGC指令: 代碼=3, 參數1=300, 參數2=0, ID=11
2025-07-21 17:26:49 [INFO] GripperOptimized:process_commands:418 - PGC指令執行成功
2025-07-21 17:26:49 [WARNING] GripperOptimized:fast_loop:492 - 主循環執行時間過長: 35.9ms
2025-07-21 17:26:51 [INFO] GripperOptimized:process_commands:412 - 收到PGC指令: 代碼=3, 參數1=460, 參數2=0, ID=12
2025-07-21 17:26:51 [INFO] GripperOptimized:process_commands:418 - PGC指令執行成功
2025-07-21 17:26:51 [WARNING] GripperOptimized:fast_loop:492 - 主循環執行時間過長: 34.8ms
2025-07-21 17:27:08 [INFO] GripperOptimized:process_commands:412 - 收到PGC指令: 代碼=3, 參數1=300, 參數2=0, ID=13
2025-07-21 17:27:08 [INFO] GripperOptimized:process_commands:418 - PGC指令執行成功
2025-07-21 17:27:08 [WARNING] GripperOptimized:fast_loop:492 - 主循環執行時間過長: 35.2ms
2025-07-21 17:27:09 [INFO] GripperOptimized:fast_loop:484 - 性能統計: 循環=75000, 平均耗時=7.7ms, 最大耗時=49.0ms, 指令數=14
2025-07-21 17:27:12 [INFO] GripperOptimized:process_commands:412 - 收到PGC指令: 代碼=3, 參數1=460, 參數2=0, ID=14
2025-07-21 17:27:12 [INFO] GripperOptimized:process_commands:418 - PGC指令執行成功
2025-07-21 17:27:12 [WARNING] GripperOptimized:fast_loop:492 - 主循環執行時間過長: 35.9ms
2025-07-21 17:27:14 [INFO] GripperOptimized:process_commands:412 - 收到PGC指令: 代碼=3, 參數1=300, 參數2=0, ID=15
2025-07-21 17:27:14 [INFO] GripperOptimized:process_commands:418 - PGC指令執行成功
2025-07-21 17:27:14 [WARNING] GripperOptimized:fast_loop:492 - 主循環執行時間過長: 35.8ms
2025-07-21 17:27:16 [INFO] GripperOptimized:process_commands:412 - 收到PGC指令: 代碼=3, 參數1=460, 參數2=0, ID=16
2025-07-21 17:27:16 [INFO] GripperOptimized:process_commands:418 - PGC指令執行成功
2025-07-21 17:27:16 [WARNING] GripperOptimized:fast_loop:492 - 主循環執行時間過長: 34.8ms
2025-07-21 17:27:30 [INFO] GripperOptimized:fast_loop:484 - 性能統計: 循環=76000, 平均耗時=7.3ms, 最大耗時=49.0ms, 指令數=17
2025-07-21 17:27:33 [INFO] GripperOptimized:process_commands:412 - 收到PGC指令: 代碼=3, 參數1=300, 參數2=0, ID=17
2025-07-21 17:27:33 [INFO] GripperOptimized:process_commands:418 - PGC指令執行成功
2025-07-21 17:27:33 [WARNING] GripperOptimized:fast_loop:492 - 主循環執行時間過長: 36.7ms
2025-07-21 17:27:37 [INFO] GripperOptimized:process_commands:412 - 收到PGC指令: 代碼=3, 參數1=460, 參數2=0, ID=18
2025-07-21 17:27:37 [INFO] GripperOptimized:process_commands:418 - PGC指令執行成功
2025-07-21 17:27:37 [WARNING] GripperOptimized:fast_loop:492 - 主循環執行時間過長: 36.7ms
2025-07-21 17:27:39 [INFO] GripperOptimized:process_commands:412 - 收到PGC指令: 代碼=3, 參數1=300, 參數2=0, ID=19
2025-07-21 17:27:39 [INFO] GripperOptimized:process_commands:418 - PGC指令執行成功
2025-07-21 17:27:39 [WARNING] GripperOptimized:fast_loop:492 - 主循環執行時間過長: 34.7ms
2025-07-21 17:27:41 [INFO] GripperOptimized:process_commands:412 - 收到PGC指令: 代碼=3, 參數1=460, 參數2=0, ID=20
2025-07-21 17:27:41 [INFO] GripperOptimized:process_commands:418 - PGC指令執行成功
2025-07-21 17:27:41 [WARNING] GripperOptimized:fast_loop:492 - 主循環執行時間過長: 36.4ms
2025-07-21 17:27:51 [INFO] GripperOptimized:fast_loop:484 - 性能統計: 循環=77000, 平均耗時=7.5ms, 最大耗時=49.0ms, 指令數=21
2025-07-21 17:28:11 [INFO] GripperOptimized:fast_loop:484 - 性能統計: 循環=78000, 平均耗時=7.3ms, 最大耗時=49.0ms, 指令數=21
2025-07-21 17:28:32 [INFO] GripperOptimized:fast_loop:484 - 性能統計: 循環=79000, 平均耗時=7.5ms, 最大耗時=49.0ms, 指令數=21
2025-07-21 17:28:53 [INFO] GripperOptimized:fast_loop:484 - 性能統計: 循環=80000, 平均耗時=7.6ms, 最大耗時=49.0ms, 指令數=21
2025-07-21 17:29:14 [INFO] GripperOptimized:fast_loop:484 - 性能統計: 循環=81000, 平均耗時=7.7ms, 最大耗時=49.0ms, 指令數=21
2025-07-21 17:29:34 [INFO] GripperOptimized:fast_loop:484 - 性能統計: 循環=82000, 平均耗時=7.2ms, 最大耗時=49.0ms, 指令數=21
2025-07-21 17:29:55 [INFO] GripperOptimized:fast_loop:484 - 性能統計: 循環=83000, 平均耗時=7.4ms, 最大耗時=49.0ms, 指令數=21
2025-07-21 17:30:16 [INFO] GripperOptimized:fast_loop:484 - 性能統計: 循環=84000, 平均耗時=7.2ms, 最大耗時=49.0ms, 指令數=21
2025-07-21 17:30:37 [INFO] GripperOptimized:fast_loop:484 - 性能統計: 循環=85000, 平均耗時=7.6ms, 最大耗時=49.0ms, 指令數=21
2025-07-21 17:30:57 [INFO] GripperOptimized:fast_loop:484 - 性能統計: 循環=86000, 平均耗時=7.6ms, 最大耗時=49.0ms, 指令數=21
2025-07-21 17:31:18 [INFO] GripperOptimized:fast_loop:484 - 性能統計: 循環=87000, 平均耗時=7.2ms, 最大耗時=49.0ms, 指令數=21
2025-07-21 17:31:39 [INFO] GripperOptimized:fast_loop:484 - 性能統計: 循環=88000, 平均耗時=7.7ms, 最大耗時=49.0ms, 指令數=21
2025-07-21 17:32:00 [INFO] GripperOptimized:fast_loop:484 - 性能統計: 循環=89000, 平均耗時=7.3ms, 最大耗時=49.0ms, 指令數=21
2025-07-21 17:32:21 [INFO] GripperOptimized:fast_loop:484 - 性能統計: 循環=90000, 平均耗時=7.5ms, 最大耗時=49.0ms, 指令數=21
2025-07-21 17:32:41 [INFO] GripperOptimized:fast_loop:484 - 性能統計: 循環=91000, 平均耗時=7.6ms, 最大耗時=49.0ms, 指令數=21
2025-07-21 17:33:02 [INFO] GripperOptimized:fast_loop:484 - 性能統計: 循環=92000, 平均耗時=7.7ms, 最大耗時=49.0ms, 指令數=21
2025-07-21 17:33:23 [INFO] GripperOptimized:fast_loop:484 - 性能統計: 循環=93000, 平均耗時=7.3ms, 最大耗時=49.0ms, 指令數=21
2025-07-21 17:33:44 [INFO] GripperOptimized:fast_loop:484 - 性能統計: 循環=94000, 平均耗時=7.2ms, 最大耗時=49.0ms, 指令數=21
2025-07-21 17:34:04 [INFO] GripperOptimized:fast_loop:484 - 性能統計: 循環=95000, 平均耗時=6.9ms, 最大耗時=49.0ms, 指令數=21
2025-07-21 17:34:25 [INFO] GripperOptimized:fast_loop:484 - 性能統計: 循環=96000, 平均耗時=7.5ms, 最大耗時=49.0ms, 指令數=21
2025-07-21 17:34:46 [INFO] GripperOptimized:fast_loop:484 - 性能統計: 循環=97000, 平均耗時=7.4ms, 最大耗時=49.0ms, 指令數=21
2025-07-21 17:35:07 [INFO] GripperOptimized:fast_loop:484 - 性能統計: 循環=98000, 平均耗時=7.5ms, 最大耗時=49.0ms, 指令數=21
2025-07-21 17:35:27 [INFO] GripperOptimized:fast_loop:484 - 性能統計: 循環=99000, 平均耗時=7.2ms, 最大耗時=49.0ms, 指令數=21
2025-07-21 17:35:48 [INFO] GripperOptimized:fast_loop:484 - 性能統計: 循環=100000, 平均耗時=7.4ms, 最大耗時=49.0ms, 指令數=21
2025-07-21 17:36:09 [INFO] GripperOptimized:fast_loop:484 - 性能統計: 循環=101000, 平均耗時=7.3ms, 最大耗時=49.0ms, 指令數=21
2025-07-21 17:36:30 [INFO] GripperOptimized:fast_loop:484 - 性能統計: 循環=102000, 平均耗時=7.5ms, 最大耗時=49.0ms, 指令數=21
2025-07-21 17:36:50 [INFO] GripperOptimized:fast_loop:484 - 性能統計: 循環=103000, 平均耗時=7.6ms, 最大耗時=49.0ms, 指令數=21
2025-07-21 17:36:52 [INFO] GripperOptimized:process_commands:412 - 收到PGC指令: 代碼=3, 參數1=300, 參數2=0, ID=21
2025-07-21 17:36:52 [INFO] GripperOptimized:process_commands:418 - PGC指令執行成功
2025-07-21 17:36:52 [WARNING] GripperOptimized:fast_loop:492 - 主循環執行時間過長: 35.2ms
2025-07-21 17:36:55 [INFO] GripperOptimized:process_commands:412 - 收到PGC指令: 代碼=3, 參數1=460, 參數2=0, ID=22
2025-07-21 17:36:55 [INFO] GripperOptimized:process_commands:418 - PGC指令執行成功
2025-07-21 17:36:55 [WARNING] GripperOptimized:fast_loop:492 - 主循環執行時間過長: 37.0ms
2025-07-21 17:36:58 [INFO] GripperOptimized:process_commands:412 - 收到PGC指令: 代碼=3, 參數1=300, 參數2=0, ID=23
2025-07-21 17:36:58 [INFO] GripperOptimized:process_commands:418 - PGC指令執行成功
2025-07-21 17:36:58 [WARNING] GripperOptimized:fast_loop:492 - 主循環執行時間過長: 37.2ms
2025-07-21 17:37:00 [INFO] GripperOptimized:process_commands:412 - 收到PGC指令: 代碼=3, 參數1=460, 參數2=0, ID=24
2025-07-21 17:37:00 [INFO] GripperOptimized:process_commands:418 - PGC指令執行成功
2025-07-21 17:37:00 [WARNING] GripperOptimized:fast_loop:492 - 主循環執行時間過長: 36.6ms
2025-07-21 17:37:07 [INFO] GripperOptimized:process_commands:412 - 收到PGC指令: 代碼=3, 參數1=300, 參數2=0, ID=25
2025-07-21 17:37:07 [INFO] GripperOptimized:process_commands:418 - PGC指令執行成功
2025-07-21 17:37:07 [WARNING] GripperOptimized:fast_loop:492 - 主循環執行時間過長: 35.8ms
2025-07-21 17:37:11 [INFO] GripperOptimized:process_commands:412 - 收到PGC指令: 代碼=3, 參數1=460, 參數2=0, ID=26
2025-07-21 17:37:11 [INFO] GripperOptimized:process_commands:418 - PGC指令執行成功
2025-07-21 17:37:11 [WARNING] GripperOptimized:fast_loop:492 - 主循環執行時間過長: 36.2ms
2025-07-21 17:37:11 [INFO] GripperOptimized:fast_loop:484 - 性能統計: 循環=104000, 平均耗時=8.1ms, 最大耗時=49.0ms, 指令數=27
2025-07-21 17:37:13 [INFO] GripperOptimized:process_commands:412 - 收到PGC指令: 代碼=3, 參數1=300, 參數2=0, ID=27
2025-07-21 17:37:13 [INFO] GripperOptimized:process_commands:418 - PGC指令執行成功
2025-07-21 17:37:13 [WARNING] GripperOptimized:fast_loop:492 - 主循環執行時間過長: 37.0ms
2025-07-21 17:37:15 [INFO] GripperOptimized:process_commands:412 - 收到PGC指令: 代碼=3, 參數1=460, 參數2=0, ID=28
2025-07-21 17:37:15 [INFO] GripperOptimized:process_commands:418 - PGC指令執行成功
2025-07-21 17:37:15 [WARNING] GripperOptimized:fast_loop:492 - 主循環執行時間過長: 36.3ms
2025-07-21 17:37:18 [INFO] GripperOptimized:process_commands:412 - 收到PGC指令: 代碼=3, 參數1=300, 參數2=0, ID=29
2025-07-21 17:37:18 [INFO] GripperOptimized:process_commands:418 - PGC指令執行成功
2025-07-21 17:37:18 [WARNING] GripperOptimized:fast_loop:492 - 主循環執行時間過長: 37.2ms
2025-07-21 17:37:22 [INFO] GripperOptimized:process_commands:412 - 收到PGC指令: 代碼=3, 參數1=460, 參數2=0, ID=30
2025-07-21 17:37:22 [INFO] GripperOptimized:process_commands:418 - PGC指令執行成功
2025-07-21 17:37:22 [WARNING] GripperOptimized:fast_loop:492 - 主循環執行時間過長: 36.9ms
2025-07-21 17:37:24 [INFO] GripperOptimized:process_commands:412 - 收到PGC指令: 代碼=3, 參數1=300, 參數2=0, ID=31
2025-07-21 17:37:24 [INFO] GripperOptimized:process_commands:418 - PGC指令執行成功
2025-07-21 17:37:24 [WARNING] GripperOptimized:fast_loop:492 - 主循環執行時間過長: 36.8ms
2025-07-21 17:37:26 [INFO] GripperOptimized:process_commands:412 - 收到PGC指令: 代碼=3, 參數1=460, 參數2=0, ID=32
2025-07-21 17:37:26 [INFO] GripperOptimized:process_commands:418 - PGC指令執行成功
2025-07-21 17:37:26 [WARNING] GripperOptimized:fast_loop:492 - 主循環執行時間過長: 35.8ms
2025-07-21 17:37:28 [INFO] GripperOptimized:process_commands:412 - 收到PGC指令: 代碼=3, 參數1=300, 參數2=0, ID=33
2025-07-21 17:37:28 [INFO] GripperOptimized:process_commands:418 - PGC指令執行成功
2025-07-21 17:37:28 [WARNING] GripperOptimized:fast_loop:492 - 主循環執行時間過長: 35.9ms
2025-07-21 17:37:32 [INFO] GripperOptimized:fast_loop:484 - 性能統計: 循環=105000, 平均耗時=7.3ms, 最大耗時=49.0ms, 指令數=34
2025-07-21 17:37:34 [INFO] GripperOptimized:process_commands:412 - 收到PGC指令: 代碼=3, 參數1=460, 參數2=0, ID=34
2025-07-21 17:37:34 [INFO] GripperOptimized:process_commands:418 - PGC指令執行成功
2025-07-21 17:37:34 [WARNING] GripperOptimized:fast_loop:492 - 主循環執行時間過長: 37.0ms
2025-07-21 17:37:37 [INFO] GripperOptimized:process_commands:412 - 收到PGC指令: 代碼=3, 參數1=300, 參數2=0, ID=35
2025-07-21 17:37:37 [INFO] GripperOptimized:process_commands:418 - PGC指令執行成功
2025-07-21 17:37:37 [WARNING] GripperOptimized:fast_loop:492 - 主循環執行時間過長: 37.1ms
2025-07-21 17:37:38 [INFO] GripperOptimized:process_commands:412 - 收到PGC指令: 代碼=3, 參數1=460, 參數2=0, ID=36
2025-07-21 17:37:38 [INFO] GripperOptimized:process_commands:418 - PGC指令執行成功
2025-07-21 17:37:38 [WARNING] GripperOptimized:fast_loop:492 - 主循環執行時間過長: 37.0ms
2025-07-21 17:37:42 [INFO] GripperOptimized:process_commands:412 - 收到PGC指令: 代碼=3, 參數1=460, 參數2=0, ID=37
2025-07-21 17:37:42 [INFO] GripperOptimized:process_commands:418 - PGC指令執行成功
2025-07-21 17:37:42 [WARNING] GripperOptimized:fast_loop:492 - 主循環執行時間過長: 37.5ms
2025-07-21 17:37:45 [INFO] GripperOptimized:process_commands:412 - 收到PGC指令: 代碼=3, 參數1=300, 參數2=0, ID=38
2025-07-21 17:37:45 [INFO] GripperOptimized:process_commands:418 - PGC指令執行成功
2025-07-21 17:37:45 [WARNING] GripperOptimized:fast_loop:492 - 主循環執行時間過長: 35.1ms
2025-07-21 17:37:46 [INFO] GripperOptimized:process_commands:412 - 收到PGC指令: 代碼=3, 參數1=460, 參數2=0, ID=39
2025-07-21 17:37:46 [INFO] GripperOptimized:process_commands:418 - PGC指令執行成功
2025-07-21 17:37:46 [WARNING] GripperOptimized:fast_loop:492 - 主循環執行時間過長: 36.1ms
2025-07-21 17:37:53 [INFO] GripperOptimized:fast_loop:484 - 性能統計: 循環=106000, 平均耗時=7.4ms, 最大耗時=49.0ms, 指令數=40
2025-07-21 17:38:05 [INFO] GripperOptimized:process_commands:412 - 收到PGC指令: 代碼=3, 參數1=300, 參數2=0, ID=40
2025-07-21 17:38:05 [INFO] GripperOptimized:process_commands:418 - PGC指令執行成功
2025-07-21 17:38:05 [WARNING] GripperOptimized:fast_loop:492 - 主循環執行時間過長: 35.8ms
2025-07-21 17:38:14 [INFO] GripperOptimized:fast_loop:484 - 性能統計: 循環=107000, 平均耗時=7.4ms, 最大耗時=49.0ms, 指令數=41
2025-07-21 17:38:34 [INFO] GripperOptimized:fast_loop:484 - 性能統計: 循環=108000, 平均耗時=7.4ms, 最大耗時=49.0ms, 指令數=41
2025-07-21 17:38:55 [INFO] GripperOptimized:fast_loop:484 - 性能統計: 循環=109000, 平均耗時=7.2ms, 最大耗時=49.0ms, 指令數=41
2025-07-21 17:39:16 [INFO] GripperOptimized:fast_loop:484 - 性能統計: 循環=110000, 平均耗時=7.3ms, 最大耗時=49.0ms, 指令數=41
2025-07-21 17:39:28 [INFO] GripperOptimized:process_commands:412 - 收到PGC指令: 代碼=1, 參數1=0, 參數2=0, ID=1
2025-07-21 17:39:28 [INFO] GripperOptimized:process_commands:418 - PGC指令執行成功
2025-07-21 17:39:28 [WARNING] GripperOptimized:fast_loop:492 - 主循環執行時間過長: 35.5ms
2025-07-21 17:39:37 [INFO] GripperOptimized:fast_loop:484 - 性能統計: 循環=111000, 平均耗時=7.4ms, 最大耗時=49.0ms, 指令數=42
2025-07-21 17:39:39 [INFO] GripperOptimized:process_commands:412 - 收到PGC指令: 代碼=3, 參數1=460, 參數2=0, ID=2
2025-07-21 17:39:39 [INFO] GripperOptimized:process_commands:418 - PGC指令執行成功
2025-07-21 17:39:39 [WARNING] GripperOptimized:fast_loop:492 - 主循環執行時間過長: 36.4ms
2025-07-21 17:39:42 [INFO] GripperOptimized:process_commands:412 - 收到PGC指令: 代碼=3, 參數1=300, 參數2=0, ID=3
2025-07-21 17:39:42 [INFO] GripperOptimized:process_commands:418 - PGC指令執行成功
2025-07-21 17:39:42 [WARNING] GripperOptimized:fast_loop:492 - 主循環執行時間過長: 35.7ms
2025-07-21 17:39:53 [INFO] GripperOptimized:process_commands:412 - 收到PGC指令: 代碼=3, 參數1=460, 參數2=0, ID=4
2025-07-21 17:39:53 [INFO] GripperOptimized:process_commands:418 - PGC指令執行成功
2025-07-21 17:39:54 [WARNING] GripperOptimized:fast_loop:492 - 主循環執行時間過長: 37.0ms
2025-07-21 17:39:57 [INFO] GripperOptimized:process_commands:412 - 收到PGC指令: 代碼=3, 參數1=460, 參數2=0, ID=5
2025-07-21 17:39:57 [INFO] GripperOptimized:process_commands:418 - PGC指令執行成功
2025-07-21 17:39:57 [WARNING] GripperOptimized:fast_loop:492 - 主循環執行時間過長: 36.3ms
2025-07-21 17:39:57 [INFO] GripperOptimized:fast_loop:484 - 性能統計: 循環=112000, 平均耗時=7.7ms, 最大耗時=49.0ms, 指令數=46
2025-07-21 17:39:59 [INFO] GripperOptimized:process_commands:412 - 收到PGC指令: 代碼=3, 參數1=300, 參數2=0, ID=6
2025-07-21 17:39:59 [INFO] GripperOptimized:process_commands:418 - PGC指令執行成功
2025-07-21 17:40:00 [WARNING] GripperOptimized:fast_loop:492 - 主循環執行時間過長: 36.7ms
2025-07-21 17:40:11 [INFO] GripperOptimized:process_commands:412 - 收到PGC指令: 代碼=3, 參數1=460, 參數2=0, ID=7
2025-07-21 17:40:11 [INFO] GripperOptimized:process_commands:418 - PGC指令執行成功
2025-07-21 17:40:11 [WARNING] GripperOptimized:fast_loop:492 - 主循環執行時間過長: 35.9ms
2025-07-21 17:40:18 [INFO] GripperOptimized:fast_loop:484 - 性能統計: 循環=113000, 平均耗時=7.5ms, 最大耗時=49.0ms, 指令數=48
2025-07-21 17:40:38 [INFO] GripperOptimized:process_commands:412 - 收到PGC指令: 代碼=3, 參數1=1000, 參數2=0, ID=32035
2025-07-21 17:40:38 [INFO] GripperOptimized:process_commands:418 - PGC指令執行成功
2025-07-21 17:40:38 [WARNING] GripperOptimized:fast_loop:492 - 主循環執行時間過長: 35.9ms
2025-07-21 17:40:39 [INFO] GripperOptimized:fast_loop:484 - 性能統計: 循環=114000, 平均耗時=7.4ms, 最大耗時=49.0ms, 指令數=49
2025-07-21 17:40:39 [INFO] GripperOptimized:process_commands:412 - 收到PGC指令: 代碼=3, 參數1=250, 參數2=0, ID=33468
2025-07-21 17:40:39 [INFO] GripperOptimized:process_commands:418 - PGC指令執行成功
2025-07-21 17:40:39 [WARNING] GripperOptimized:fast_loop:492 - 主循環執行時間過長: 37.3ms
2025-07-21 17:40:42 [INFO] GripperOptimized:process_commands:412 - 收到PGC指令: 代碼=3, 參數1=0, 參數2=0, ID=36189
2025-07-21 17:40:42 [INFO] GripperOptimized:process_commands:418 - PGC指令執行成功
2025-07-21 17:40:42 [WARNING] GripperOptimized:fast_loop:492 - 主循環執行時間過長: 35.8ms
2025-07-21 17:40:44 [INFO] GripperOptimized:process_commands:412 - 收到PGC指令: 代碼=3, 參數1=1000, 參數2=0, ID=37706
2025-07-21 17:40:44 [INFO] GripperOptimized:process_commands:418 - PGC指令執行成功
2025-07-21 17:40:44 [WARNING] GripperOptimized:fast_loop:492 - 主循環執行時間過長: 35.0ms
2025-07-21 17:40:46 [INFO] GripperOptimized:process_commands:412 - 收到PGC指令: 代碼=3, 參數1=250, 參數2=0, ID=39939
2025-07-21 17:40:46 [INFO] GripperOptimized:process_commands:418 - PGC指令執行成功
2025-07-21 17:40:46 [WARNING] GripperOptimized:fast_loop:492 - 主循環執行時間過長: 35.4ms
2025-07-21 17:40:46 [INFO] GripperOptimized:process_commands:412 - 收到PGC指令: 代碼=3, 參數1=500, 參數2=0, ID=40223
2025-07-21 17:40:46 [INFO] GripperOptimized:process_commands:418 - PGC指令執行成功
2025-07-21 17:40:46 [WARNING] GripperOptimized:fast_loop:492 - 主循環執行時間過長: 35.9ms
2025-07-21 17:40:46 [INFO] GripperOptimized:process_commands:412 - 收到PGC指令: 代碼=3, 參數1=250, 參數2=0, ID=40556
2025-07-21 17:40:46 [INFO] GripperOptimized:process_commands:418 - PGC指令執行成功
2025-07-21 17:40:46 [WARNING] GripperOptimized:fast_loop:492 - 主循環執行時間過長: 35.2ms
2025-07-21 17:40:47 [INFO] GripperOptimized:process_commands:412 - 收到PGC指令: 代碼=3, 參數1=500, 參數2=0, ID=40778
2025-07-21 17:40:47 [INFO] GripperOptimized:process_commands:418 - PGC指令執行成功
2025-07-21 17:40:47 [WARNING] GripperOptimized:fast_loop:492 - 主循環執行時間過長: 35.8ms
2025-07-21 17:40:47 [INFO] GripperOptimized:process_commands:412 - 收到PGC指令: 代碼=3, 參數1=250, 參數2=0, ID=41038
2025-07-21 17:40:47 [INFO] GripperOptimized:process_commands:418 - PGC指令執行成功
2025-07-21 17:40:47 [WARNING] GripperOptimized:fast_loop:492 - 主循環執行時間過長: 36.6ms
2025-07-21 17:40:47 [INFO] GripperOptimized:process_commands:412 - 收到PGC指令: 代碼=3, 參數1=500, 參數2=0, ID=41289
2025-07-21 17:40:47 [INFO] GripperOptimized:process_commands:418 - PGC指令執行成功
2025-07-21 17:40:47 [WARNING] GripperOptimized:fast_loop:492 - 主循環執行時間過長: 35.3ms
2025-07-21 17:40:47 [INFO] GripperOptimized:process_commands:412 - 收到PGC指令: 代碼=3, 參數1=250, 參數2=0, ID=41535
2025-07-21 17:40:47 [INFO] GripperOptimized:process_commands:418 - PGC指令執行成功
2025-07-21 17:40:47 [WARNING] GripperOptimized:fast_loop:492 - 主循環執行時間過長: 35.4ms
2025-07-21 17:40:48 [INFO] GripperOptimized:process_commands:412 - 收到PGC指令: 代碼=3, 參數1=500, 參數2=0, ID=41747
2025-07-21 17:40:48 [INFO] GripperOptimized:process_commands:418 - PGC指令執行成功
2025-07-21 17:40:48 [WARNING] GripperOptimized:fast_loop:492 - 主循環執行時間過長: 36.9ms
2025-07-21 17:40:48 [INFO] GripperOptimized:process_commands:412 - 收到PGC指令: 代碼=3, 參數1=250, 參數2=0, ID=41987
2025-07-21 17:40:48 [INFO] GripperOptimized:process_commands:418 - PGC指令執行成功
2025-07-21 17:40:48 [WARNING] GripperOptimized:fast_loop:492 - 主循環執行時間過長: 36.2ms
2025-07-21 17:40:48 [INFO] GripperOptimized:process_commands:412 - 收到PGC指令: 代碼=3, 參數1=500, 參數2=0, ID=42221
2025-07-21 17:40:48 [INFO] GripperOptimized:process_commands:418 - PGC指令執行成功
2025-07-21 17:40:48 [WARNING] GripperOptimized:fast_loop:492 - 主循環執行時間過長: 35.2ms
2025-07-21 17:40:48 [INFO] GripperOptimized:process_commands:412 - 收到PGC指令: 代碼=3, 參數1=250, 參數2=0, ID=42488
2025-07-21 17:40:48 [INFO] GripperOptimized:process_commands:418 - PGC指令執行成功
2025-07-21 17:40:48 [WARNING] GripperOptimized:fast_loop:492 - 主循環執行時間過長: 35.4ms
2025-07-21 17:41:00 [INFO] GripperOptimized:fast_loop:484 - 性能統計: 循環=115000, 平均耗時=7.2ms, 最大耗時=49.0ms, 指令數=63
2025-07-21 17:41:04 [INFO] GripperOptimized:process_commands:412 - 收到PGC指令: 代碼=3, 參數1=300, 參數2=0, ID=8
2025-07-21 17:41:04 [INFO] GripperOptimized:process_commands:418 - PGC指令執行成功
2025-07-21 17:41:04 [WARNING] GripperOptimized:fast_loop:492 - 主循環執行時間過長: 36.1ms
2025-07-21 17:41:07 [INFO] GripperOptimized:process_commands:412 - 收到PGC指令: 代碼=3, 參數1=460, 參數2=0, ID=9
2025-07-21 17:41:07 [INFO] GripperOptimized:process_commands:418 - PGC指令執行成功
2025-07-21 17:41:07 [WARNING] GripperOptimized:fast_loop:492 - 主循環執行時間過長: 35.6ms
2025-07-21 17:41:10 [INFO] GripperOptimized:process_commands:412 - 收到PGC指令: 代碼=3, 參數1=300, 參數2=0, ID=10
2025-07-21 17:41:10 [INFO] GripperOptimized:process_commands:418 - PGC指令執行成功
2025-07-21 17:41:10 [WARNING] GripperOptimized:fast_loop:492 - 主循環執行時間過長: 36.0ms
2025-07-21 17:41:11 [INFO] GripperOptimized:process_commands:412 - 收到PGC指令: 代碼=3, 參數1=460, 參數2=0, ID=11
2025-07-21 17:41:11 [INFO] GripperOptimized:process_commands:418 - PGC指令執行成功
2025-07-21 17:41:11 [WARNING] GripperOptimized:fast_loop:492 - 主循環執行時間過長: 36.3ms
2025-07-21 17:41:15 [INFO] GripperOptimized:process_commands:412 - 收到PGC指令: 代碼=3, 參數1=460, 參數2=0, ID=12
2025-07-21 17:41:15 [INFO] GripperOptimized:process_commands:418 - PGC指令執行成功
2025-07-21 17:41:15 [WARNING] GripperOptimized:fast_loop:492 - 主循環執行時間過長: 36.3ms
2025-07-21 17:41:17 [INFO] GripperOptimized:process_commands:412 - 收到PGC指令: 代碼=3, 參數1=300, 參數2=0, ID=13
2025-07-21 17:41:17 [INFO] GripperOptimized:process_commands:418 - PGC指令執行成功
2025-07-21 17:41:17 [WARNING] GripperOptimized:fast_loop:492 - 主循環執行時間過長: 35.0ms
2025-07-21 17:41:19 [INFO] GripperOptimized:process_commands:412 - 收到PGC指令: 代碼=3, 參數1=460, 參數2=0, ID=14
2025-07-21 17:41:19 [INFO] GripperOptimized:process_commands:418 - PGC指令執行成功
2025-07-21 17:41:19 [WARNING] GripperOptimized:fast_loop:492 - 主循環執行時間過長: 35.7ms
2025-07-21 17:41:21 [INFO] GripperOptimized:fast_loop:484 - 性能統計: 循環=116000, 平均耗時=7.5ms, 最大耗時=49.0ms, 指令數=70
2025-07-21 17:41:42 [INFO] GripperOptimized:fast_loop:484 - 性能統計: 循環=117000, 平均耗時=7.6ms, 最大耗時=49.0ms, 指令數=70
2025-07-21 17:41:47 [INFO] GripperOptimized:process_commands:412 - 收到PGC指令: 代碼=3, 參數1=300, 參數2=0, ID=15
2025-07-21 17:41:47 [INFO] GripperOptimized:process_commands:418 - PGC指令執行成功
2025-07-21 17:41:47 [WARNING] GripperOptimized:fast_loop:492 - 主循環執行時間過長: 37.1ms
2025-07-21 17:41:50 [INFO] GripperOptimized:process_commands:412 - 收到PGC指令: 代碼=3, 參數1=460, 參數2=0, ID=16
2025-07-21 17:41:50 [INFO] GripperOptimized:process_commands:418 - PGC指令執行成功
2025-07-21 17:41:50 [WARNING] GripperOptimized:fast_loop:492 - 主循環執行時間過長: 35.8ms
2025-07-21 17:41:53 [INFO] GripperOptimized:process_commands:412 - 收到PGC指令: 代碼=3, 參數1=300, 參數2=0, ID=17
2025-07-21 17:41:53 [INFO] GripperOptimized:process_commands:418 - PGC指令執行成功
2025-07-21 17:41:53 [WARNING] GripperOptimized:fast_loop:492 - 主循環執行時間過長: 35.9ms
2025-07-21 17:41:55 [INFO] GripperOptimized:process_commands:412 - 收到PGC指令: 代碼=3, 參數1=460, 參數2=0, ID=18
2025-07-21 17:41:55 [INFO] GripperOptimized:process_commands:418 - PGC指令執行成功
2025-07-21 17:41:55 [WARNING] GripperOptimized:fast_loop:492 - 主循環執行時間過長: 37.3ms
2025-07-21 17:41:59 [INFO] GripperOptimized:process_commands:412 - 收到PGC指令: 代碼=3, 參數1=300, 參數2=0, ID=19
2025-07-21 17:41:59 [INFO] GripperOptimized:process_commands:418 - PGC指令執行成功
2025-07-21 17:41:59 [WARNING] GripperOptimized:fast_loop:492 - 主循環執行時間過長: 36.2ms
2025-07-21 17:42:02 [INFO] GripperOptimized:process_commands:412 - 收到PGC指令: 代碼=3, 參數1=460, 參數2=0, ID=20
2025-07-21 17:42:02 [INFO] GripperOptimized:process_commands:418 - PGC指令執行成功
2025-07-21 17:42:02 [WARNING] GripperOptimized:fast_loop:492 - 主循環執行時間過長: 35.0ms
2025-07-21 17:42:03 [INFO] GripperOptimized:fast_loop:484 - 性能統計: 循環=118000, 平均耗時=7.9ms, 最大耗時=49.0ms, 指令數=76
2025-07-21 17:42:05 [INFO] GripperOptimized:process_commands:412 - 收到PGC指令: 代碼=3, 參數1=300, 參數2=0, ID=21
2025-07-21 17:42:05 [INFO] GripperOptimized:process_commands:418 - PGC指令執行成功
2025-07-21 17:42:05 [WARNING] GripperOptimized:fast_loop:492 - 主循環執行時間過長: 35.9ms
2025-07-21 17:42:06 [INFO] GripperOptimized:process_commands:412 - 收到PGC指令: 代碼=3, 參數1=460, 參數2=0, ID=22
2025-07-21 17:42:06 [INFO] GripperOptimized:process_commands:418 - PGC指令執行成功
2025-07-21 17:42:06 [WARNING] GripperOptimized:fast_loop:492 - 主循環執行時間過長: 36.0ms
2025-07-21 17:42:09 [INFO] GripperOptimized:process_commands:412 - 收到PGC指令: 代碼=3, 參數1=300, 參數2=0, ID=23
2025-07-21 17:42:09 [INFO] GripperOptimized:process_commands:418 - PGC指令執行成功
2025-07-21 17:42:09 [WARNING] GripperOptimized:fast_loop:492 - 主循環執行時間過長: 36.1ms
2025-07-21 17:42:18 [INFO] GripperOptimized:process_commands:412 - 收到PGC指令: 代碼=3, 參數1=460, 參數2=0, ID=24
2025-07-21 17:42:18 [INFO] GripperOptimized:process_commands:418 - PGC指令執行成功
2025-07-21 17:42:18 [WARNING] GripperOptimized:fast_loop:492 - 主循環執行時間過長: 34.8ms
2025-07-21 17:42:21 [INFO] GripperOptimized:process_commands:412 - 收到PGC指令: 代碼=3, 參數1=300, 參數2=0, ID=25
2025-07-21 17:42:21 [INFO] GripperOptimized:process_commands:418 - PGC指令執行成功
2025-07-21 17:42:21 [WARNING] GripperOptimized:fast_loop:492 - 主循環執行時間過長: 35.5ms
2025-07-21 17:42:22 [INFO] GripperOptimized:process_commands:412 - 收到PGC指令: 代碼=3, 參數1=460, 參數2=0, ID=26
2025-07-21 17:42:22 [INFO] GripperOptimized:process_commands:418 - PGC指令執行成功
2025-07-21 17:42:22 [WARNING] GripperOptimized:fast_loop:492 - 主循環執行時間過長: 34.6ms
2025-07-21 17:42:23 [INFO] GripperOptimized:fast_loop:484 - 性能統計: 循環=119000, 平均耗時=7.7ms, 最大耗時=49.0ms, 指令數=82
2025-07-21 17:42:26 [INFO] GripperOptimized:process_commands:412 - 收到PGC指令: 代碼=3, 參數1=460, 參數2=0, ID=27
2025-07-21 17:42:26 [INFO] GripperOptimized:process_commands:418 - PGC指令執行成功
2025-07-21 17:42:26 [WARNING] GripperOptimized:fast_loop:492 - 主循環執行時間過長: 36.3ms
2025-07-21 17:42:29 [INFO] GripperOptimized:process_commands:412 - 收到PGC指令: 代碼=3, 參數1=300, 參數2=0, ID=28
2025-07-21 17:42:29 [INFO] GripperOptimized:process_commands:418 - PGC指令執行成功
2025-07-21 17:42:29 [WARNING] GripperOptimized:fast_loop:492 - 主循環執行時間過長: 36.5ms
2025-07-21 17:42:31 [INFO] GripperOptimized:process_commands:412 - 收到PGC指令: 代碼=3, 參數1=460, 參數2=0, ID=29
2025-07-21 17:42:31 [INFO] GripperOptimized:process_commands:418 - PGC指令執行成功
2025-07-21 17:42:31 [WARNING] GripperOptimized:fast_loop:492 - 主循環執行時間過長: 35.8ms
2025-07-21 17:42:36 [INFO] GripperOptimized:process_commands:412 - 收到PGC指令: 代碼=3, 參數1=300, 參數2=0, ID=30
2025-07-21 17:42:36 [INFO] GripperOptimized:process_commands:418 - PGC指令執行成功
2025-07-21 17:42:36 [WARNING] GripperOptimized:fast_loop:492 - 主循環執行時間過長: 37.4ms
2025-07-21 17:42:39 [INFO] GripperOptimized:process_commands:412 - 收到PGC指令: 代碼=3, 參數1=460, 參數2=0, ID=31
2025-07-21 17:42:39 [INFO] GripperOptimized:process_commands:418 - PGC指令執行成功
2025-07-21 17:42:39 [WARNING] GripperOptimized:fast_loop:492 - 主循環執行時間過長: 36.7ms
2025-07-21 17:42:42 [INFO] GripperOptimized:process_commands:412 - 收到PGC指令: 代碼=3, 參數1=300, 參數2=0, ID=32
2025-07-21 17:42:42 [INFO] GripperOptimized:process_commands:418 - PGC指令執行成功
2025-07-21 17:42:42 [WARNING] GripperOptimized:fast_loop:492 - 主循環執行時間過長: 36.7ms
2025-07-21 17:42:44 [INFO] GripperOptimized:fast_loop:484 - 性能統計: 循環=120000, 平均耗時=7.3ms, 最大耗時=49.0ms, 指令數=88
2025-07-21 17:42:53 [INFO] GripperOptimized:process_commands:412 - 收到PGC指令: 代碼=3, 參數1=460, 參數2=0, ID=33
2025-07-21 17:42:53 [INFO] GripperOptimized:process_commands:418 - PGC指令執行成功
2025-07-21 17:42:53 [WARNING] GripperOptimized:fast_loop:492 - 主循環執行時間過長: 34.5ms
2025-07-21 17:43:05 [INFO] GripperOptimized:fast_loop:484 - 性能統計: 循環=121000, 平均耗時=7.7ms, 最大耗時=49.0ms, 指令數=89
2025-07-21 17:43:26 [INFO] GripperOptimized:fast_loop:484 - 性能統計: 循環=122000, 平均耗時=7.4ms, 最大耗時=49.0ms, 指令數=89
2025-07-21 17:43:47 [INFO] GripperOptimized:fast_loop:484 - 性能統計: 循環=123000, 平均耗時=7.1ms, 最大耗時=49.0ms, 指令數=89
2025-07-21 17:44:01 [INFO] GripperOptimized:process_commands:412 - 收到PGC指令: 代碼=3, 參數1=300, 參數2=0, ID=34
2025-07-21 17:44:01 [INFO] GripperOptimized:process_commands:418 - PGC指令執行成功
2025-07-21 17:44:01 [WARNING] GripperOptimized:fast_loop:492 - 主循環執行時間過長: 35.4ms
2025-07-21 17:44:04 [INFO] GripperOptimized:process_commands:412 - 收到PGC指令: 代碼=3, 參數1=460, 參數2=0, ID=35
2025-07-21 17:44:04 [INFO] GripperOptimized:process_commands:418 - PGC指令執行成功
2025-07-21 17:44:04 [WARNING] GripperOptimized:fast_loop:492 - 主循環執行時間過長: 35.2ms
2025-07-21 17:44:07 [INFO] GripperOptimized:process_commands:412 - 收到PGC指令: 代碼=3, 參數1=300, 參數2=0, ID=36
2025-07-21 17:44:07 [INFO] GripperOptimized:process_commands:418 - PGC指令執行成功
2025-07-21 17:44:07 [INFO] GripperOptimized:fast_loop:484 - 性能統計: 循環=124000, 平均耗時=10.2ms, 最大耗時=49.0ms, 指令數=92
2025-07-21 17:44:07 [WARNING] GripperOptimized:fast_loop:492 - 主循環執行時間過長: 35.1ms
2025-07-21 17:44:09 [INFO] GripperOptimized:process_commands:412 - 收到PGC指令: 代碼=3, 參數1=460, 參數2=0, ID=37
2025-07-21 17:44:09 [INFO] GripperOptimized:process_commands:418 - PGC指令執行成功
2025-07-21 17:44:09 [WARNING] GripperOptimized:fast_loop:492 - 主循環執行時間過長: 36.3ms
2025-07-21 17:44:13 [INFO] GripperOptimized:process_commands:412 - 收到PGC指令: 代碼=3, 參數1=460, 參數2=0, ID=38
2025-07-21 17:44:13 [INFO] GripperOptimized:process_commands:418 - PGC指令執行成功
2025-07-21 17:44:13 [WARNING] GripperOptimized:fast_loop:492 - 主循環執行時間過長: 34.7ms
2025-07-21 17:44:15 [INFO] GripperOptimized:process_commands:412 - 收到PGC指令: 代碼=3, 參數1=300, 參數2=0, ID=39
2025-07-21 17:44:15 [INFO] GripperOptimized:process_commands:418 - PGC指令執行成功
2025-07-21 17:44:15 [WARNING] GripperOptimized:fast_loop:492 - 主循環執行時間過長: 37.5ms
2025-07-21 17:44:17 [INFO] GripperOptimized:process_commands:412 - 收到PGC指令: 代碼=3, 參數1=460, 參數2=0, ID=40
2025-07-21 17:44:17 [INFO] GripperOptimized:process_commands:418 - PGC指令執行成功
2025-07-21 17:44:17 [WARNING] GripperOptimized:fast_loop:492 - 主循環執行時間過長: 36.1ms
2025-07-21 17:44:28 [INFO] GripperOptimized:fast_loop:484 - 性能統計: 循環=125000, 平均耗時=7.2ms, 最大耗時=49.0ms, 指令數=96
2025-07-21 17:44:49 [INFO] GripperOptimized:fast_loop:484 - 性能統計: 循環=126000, 平均耗時=7.7ms, 最大耗時=49.0ms, 指令數=96
2025-07-21 17:45:10 [INFO] GripperOptimized:fast_loop:484 - 性能統計: 循環=127000, 平均耗時=7.3ms, 最大耗時=49.0ms, 指令數=96
2025-07-21 17:45:30 [INFO] GripperOptimized:fast_loop:484 - 性能統計: 循環=128000, 平均耗時=7.5ms, 最大耗時=49.0ms, 指令數=96
2025-07-21 17:45:51 [INFO] GripperOptimized:fast_loop:484 - 性能統計: 循環=129000, 平均耗時=7.7ms, 最大耗時=49.0ms, 指令數=96
2025-07-21 17:46:12 [INFO] GripperOptimized:fast_loop:484 - 性能統計: 循環=130000, 平均耗時=7.6ms, 最大耗時=49.0ms, 指令數=96
2025-07-21 17:46:33 [INFO] GripperOptimized:fast_loop:484 - 性能統計: 循環=131000, 平均耗時=7.6ms, 最大耗時=49.0ms, 指令數=96
2025-07-21 17:46:53 [INFO] GripperOptimized:fast_loop:484 - 性能統計: 循環=132000, 平均耗時=7.8ms, 最大耗時=49.0ms, 指令數=96
2025-07-21 17:47:14 [INFO] GripperOptimized:fast_loop:484 - 性能統計: 循環=133000, 平均耗時=7.6ms, 最大耗時=49.0ms, 指令數=96
2025-07-21 17:47:35 [INFO] GripperOptimized:fast_loop:484 - 性能統計: 循環=134000, 平均耗時=7.5ms, 最大耗時=49.0ms, 指令數=96
2025-07-21 17:47:55 [INFO] GripperOptimized:fast_loop:484 - 性能統計: 循環=135000, 平均耗時=7.6ms, 最大耗時=49.0ms, 指令數=96
2025-07-21 17:48:16 [INFO] GripperOptimized:fast_loop:484 - 性能統計: 循環=136000, 平均耗時=7.8ms, 最大耗時=49.0ms, 指令數=96
2025-07-21 17:48:37 [INFO] GripperOptimized:fast_loop:484 - 性能統計: 循環=137000, 平均耗時=7.5ms, 最大耗時=49.0ms, 指令數=96
2025-07-21 17:48:57 [INFO] GripperOptimized:fast_loop:484 - 性能統計: 循環=138000, 平均耗時=7.5ms, 最大耗時=49.0ms, 指令數=96
2025-07-21 17:49:18 [INFO] GripperOptimized:fast_loop:484 - 性能統計: 循環=139000, 平均耗時=7.4ms, 最大耗時=49.0ms, 指令數=96
2025-07-21 17:49:39 [INFO] GripperOptimized:fast_loop:484 - 性能統計: 循環=140000, 平均耗時=7.6ms, 最大耗時=49.0ms, 指令數=96
2025-07-21 17:50:00 [INFO] GripperOptimized:fast_loop:484 - 性能統計: 循環=141000, 平均耗時=7.5ms, 最大耗時=49.0ms, 指令數=96
2025-07-21 17:50:20 [INFO] GripperOptimized:fast_loop:484 - 性能統計: 循環=142000, 平均耗時=7.5ms, 最大耗時=49.0ms, 指令數=96
2025-07-21 17:50:41 [INFO] GripperOptimized:fast_loop:484 - 性能統計: 循環=143000, 平均耗時=7.5ms, 最大耗時=49.0ms, 指令數=96
2025-07-21 17:51:02 [INFO] GripperOptimized:fast_loop:484 - 性能統計: 循環=144000, 平均耗時=7.4ms, 最大耗時=49.0ms, 指令數=96
2025-07-21 17:51:22 [INFO] GripperOptimized:fast_loop:484 - 性能統計: 循環=145000, 平均耗時=7.7ms, 最大耗時=49.0ms, 指令數=96
2025-07-21 17:51:43 [INFO] GripperOptimized:fast_loop:484 - 性能統計: 循環=146000, 平均耗時=7.3ms, 最大耗時=49.0ms, 指令數=96
2025-07-21 17:52:04 [INFO] GripperOptimized:fast_loop:484 - 性能統計: 循環=147000, 平均耗時=7.6ms, 最大耗時=49.0ms, 指令數=96
2025-07-21 17:52:24 [INFO] GripperOptimized:fast_loop:484 - 性能統計: 循環=148000, 平均耗時=7.6ms, 最大耗時=49.0ms, 指令數=96
2025-07-21 17:52:45 [INFO] GripperOptimized:fast_loop:484 - 性能統計: 循環=149000, 平均耗時=7.5ms, 最大耗時=49.0ms, 指令數=96
2025-07-21 17:53:06 [INFO] GripperOptimized:fast_loop:484 - 性能統計: 循環=150000, 平均耗時=7.5ms, 最大耗時=49.0ms, 指令數=96
2025-07-21 17:53:27 [INFO] GripperOptimized:fast_loop:484 - 性能統計: 循環=151000, 平均耗時=7.7ms, 最大耗時=49.0ms, 指令數=96
2025-07-21 17:53:47 [INFO] GripperOptimized:fast_loop:484 - 性能統計: 循環=152000, 平均耗時=7.5ms, 最大耗時=49.0ms, 指令數=96
2025-07-21 17:54:08 [INFO] GripperOptimized:fast_loop:484 - 性能統計: 循環=153000, 平均耗時=7.7ms, 最大耗時=49.0ms, 指令數=96
2025-07-21 17:54:29 [INFO] GripperOptimized:fast_loop:484 - 性能統計: 循環=154000, 平均耗時=7.6ms, 最大耗時=49.0ms, 指令數=96
2025-07-21 17:54:49 [INFO] GripperOptimized:fast_loop:484 - 性能統計: 循環=155000, 平均耗時=7.4ms, 最大耗時=49.0ms, 指令數=96
2025-07-21 17:55:10 [INFO] GripperOptimized:fast_loop:484 - 性能統計: 循環=156000, 平均耗時=7.4ms, 最大耗時=49.0ms, 指令數=96
2025-07-21 17:55:31 [INFO] GripperOptimized:fast_loop:484 - 性能統計: 循環=157000, 平均耗時=7.4ms, 最大耗時=49.0ms, 指令數=96
2025-07-21 17:55:52 [INFO] GripperOptimized:fast_loop:484 - 性能統計: 循環=158000, 平均耗時=7.6ms, 最大耗時=49.0ms, 指令數=96
2025-07-21 17:56:12 [INFO] GripperOptimized:fast_loop:484 - 性能統計: 循環=159000, 平均耗時=7.5ms, 最大耗時=49.0ms, 指令數=96
2025-07-21 17:56:33 [INFO] GripperOptimized:fast_loop:484 - 性能統計: 循環=160000, 平均耗時=7.5ms, 最大耗時=49.0ms, 指令數=96
2025-07-21 17:56:54 [INFO] GripperOptimized:fast_loop:484 - 性能統計: 循環=161000, 平均耗時=7.5ms, 最大耗時=49.0ms, 指令數=96
2025-07-21 17:57:14 [INFO] GripperOptimized:fast_loop:484 - 性能統計: 循環=162000, 平均耗時=7.5ms, 最大耗時=49.0ms, 指令數=96
2025-07-21 17:57:35 [INFO] GripperOptimized:fast_loop:484 - 性能統計: 循環=163000, 平均耗時=7.5ms, 最大耗時=49.0ms, 指令數=96
2025-07-21 17:57:56 [INFO] GripperOptimized:fast_loop:484 - 性能統計: 循環=164000, 平均耗時=7.6ms, 最大耗時=49.0ms, 指令數=96
2025-07-21 17:58:16 [INFO] GripperOptimized:fast_loop:484 - 性能統計: 循環=165000, 平均耗時=7.5ms, 最大耗時=49.0ms, 指令數=96
2025-07-21 17:58:37 [INFO] GripperOptimized:fast_loop:484 - 性能統計: 循環=166000, 平均耗時=7.7ms, 最大耗時=49.0ms, 指令數=96
2025-07-21 17:58:58 [INFO] GripperOptimized:fast_loop:484 - 性能統計: 循環=167000, 平均耗時=7.6ms, 最大耗時=49.0ms, 指令數=96
2025-07-21 17:59:19 [INFO] GripperOptimized:fast_loop:484 - 性能統計: 循環=168000, 平均耗時=7.6ms, 最大耗時=49.0ms, 指令數=96
2025-07-21 17:59:39 [INFO] GripperOptimized:fast_loop:484 - 性能統計: 循環=169000, 平均耗時=7.9ms, 最大耗時=49.0ms, 指令數=96
2025-07-21 18:00:00 [INFO] GripperOptimized:fast_loop:484 - 性能統計: 循環=170000, 平均耗時=7.4ms, 最大耗時=49.0ms, 指令數=96
2025-07-21 18:00:21 [INFO] GripperOptimized:fast_loop:484 - 性能統計: 循環=171000, 平均耗時=7.3ms, 最大耗時=49.0ms, 指令數=96
2025-07-21 18:00:41 [INFO] GripperOptimized:fast_loop:484 - 性能統計: 循環=172000, 平均耗時=7.3ms, 最大耗時=49.0ms, 指令數=96
2025-07-21 18:01:02 [INFO] GripperOptimized:fast_loop:484 - 性能統計: 循環=173000, 平均耗時=7.8ms, 最大耗時=49.0ms, 指令數=96
2025-07-21 18:01:23 [INFO] GripperOptimized:fast_loop:484 - 性能統計: 循環=174000, 平均耗時=7.5ms, 最大耗時=49.0ms, 指令數=96
2025-07-21 18:01:26 [INFO] GripperOptimized:process_commands:412 - 收到PGC指令: 代碼=3, 參數1=300, 參數2=0, ID=41
2025-07-21 18:01:26 [INFO] GripperOptimized:process_commands:418 - PGC指令執行成功
2025-07-21 18:01:27 [WARNING] GripperOptimized:fast_loop:492 - 主循環執行時間過長: 37.5ms
2025-07-21 18:01:44 [INFO] GripperOptimized:fast_loop:484 - 性能統計: 循環=175000, 平均耗時=7.5ms, 最大耗時=49.0ms, 指令數=97
2025-07-21 18:02:05 [INFO] GripperOptimized:fast_loop:484 - 性能統計: 循環=176000, 平均耗時=7.1ms, 最大耗時=49.0ms, 指令數=97
2025-07-21 18:02:25 [INFO] GripperOptimized:fast_loop:484 - 性能統計: 循環=177000, 平均耗時=7.1ms, 最大耗時=49.0ms, 指令數=97
2025-07-21 18:02:46 [INFO] GripperOptimized:fast_loop:484 - 性能統計: 循環=178000, 平均耗時=7.4ms, 最大耗時=49.0ms, 指令數=97
2025-07-21 18:03:07 [INFO] GripperOptimized:fast_loop:484 - 性能統計: 循環=179000, 平均耗時=7.4ms, 最大耗時=49.0ms, 指令數=97
2025-07-21 18:03:28 [INFO] GripperOptimized:fast_loop:484 - 性能統計: 循環=180000, 平均耗時=7.5ms, 最大耗時=49.0ms, 指令數=97
2025-07-21 18:03:28 [INFO] GripperOptimized:process_commands:412 - 收到PGC指令: 代碼=3, 參數1=460, 參數2=0, ID=42
2025-07-21 18:03:28 [INFO] GripperOptimized:process_commands:418 - PGC指令執行成功
2025-07-21 18:03:28 [WARNING] GripperOptimized:fast_loop:492 - 主循環執行時間過長: 35.0ms
2025-07-21 18:03:30 [INFO] GripperOptimized:process_commands:412 - 收到PGC指令: 代碼=3, 參數1=300, 參數2=0, ID=43
2025-07-21 18:03:30 [INFO] GripperOptimized:process_commands:418 - PGC指令執行成功
2025-07-21 18:03:30 [WARNING] GripperOptimized:fast_loop:492 - 主循環執行時間過長: 35.0ms
2025-07-21 18:03:32 [INFO] GripperOptimized:process_commands:412 - 收到PGC指令: 代碼=3, 參數1=460, 參數2=0, ID=44
2025-07-21 18:03:32 [INFO] GripperOptimized:process_commands:418 - PGC指令執行成功
2025-07-21 18:03:32 [WARNING] GripperOptimized:fast_loop:492 - 主循環執行時間過長: 35.5ms
2025-07-21 18:03:46 [INFO] GripperOptimized:process_commands:412 - 收到PGC指令: 代碼=3, 參數1=300, 參數2=0, ID=45
2025-07-21 18:03:46 [INFO] GripperOptimized:process_commands:418 - PGC指令執行成功
2025-07-21 18:03:46 [WARNING] GripperOptimized:fast_loop:492 - 主循環執行時間過長: 35.6ms
2025-07-21 18:03:48 [INFO] GripperOptimized:fast_loop:484 - 性能統計: 循環=181000, 平均耗時=7.4ms, 最大耗時=49.0ms, 指令數=101
2025-07-21 18:04:09 [INFO] GripperOptimized:fast_loop:484 - 性能統計: 循環=182000, 平均耗時=7.6ms, 最大耗時=49.0ms, 指令數=101
2025-07-21 18:04:30 [INFO] GripperOptimized:fast_loop:484 - 性能統計: 循環=183000, 平均耗時=7.7ms, 最大耗時=49.0ms, 指令數=101
2025-07-21 18:04:51 [INFO] GripperOptimized:fast_loop:484 - 性能統計: 循環=184000, 平均耗時=7.7ms, 最大耗時=49.0ms, 指令數=101
2025-07-21 18:05:11 [INFO] GripperOptimized:fast_loop:484 - 性能統計: 循環=185000, 平均耗時=7.4ms, 最大耗時=49.0ms, 指令數=101
2025-07-21 18:05:32 [INFO] GripperOptimized:fast_loop:484 - 性能統計: 循環=186000, 平均耗時=7.5ms, 最大耗時=49.0ms, 指令數=101
2025-07-21 18:05:53 [INFO] GripperOptimized:fast_loop:484 - 性能統計: 循環=187000, 平均耗時=7.4ms, 最大耗時=49.0ms, 指令數=101
2025-07-21 18:06:14 [INFO] GripperOptimized:fast_loop:484 - 性能統計: 循環=188000, 平均耗時=7.7ms, 最大耗時=49.0ms, 指令數=101
2025-07-21 18:06:34 [INFO] GripperOptimized:fast_loop:484 - 性能統計: 循環=189000, 平均耗時=7.7ms, 最大耗時=49.0ms, 指令數=101
2025-07-21 18:06:55 [INFO] GripperOptimized:fast_loop:484 - 性能統計: 循環=190000, 平均耗時=7.8ms, 最大耗時=49.0ms, 指令數=101
2025-07-21 18:07:16 [INFO] GripperOptimized:fast_loop:484 - 性能統計: 循環=191000, 平均耗時=7.1ms, 最大耗時=49.0ms, 指令數=101
2025-07-21 18:07:37 [INFO] GripperOptimized:fast_loop:484 - 性能統計: 循環=192000, 平均耗時=7.2ms, 最大耗時=49.0ms, 指令數=101
2025-07-21 18:07:58 [INFO] GripperOptimized:fast_loop:484 - 性能統計: 循環=193000, 平均耗時=7.1ms, 最大耗時=49.0ms, 指令數=101
2025-07-21 18:08:19 [INFO] GripperOptimized:fast_loop:484 - 性能統計: 循環=194000, 平均耗時=7.5ms, 最大耗時=49.0ms, 指令數=101
2025-07-21 18:08:39 [INFO] GripperOptimized:fast_loop:484 - 性能統計: 循環=195000, 平均耗時=7.8ms, 最大耗時=49.0ms, 指令數=101
2025-07-21 18:09:00 [INFO] GripperOptimized:fast_loop:484 - 性能統計: 循環=196000, 平均耗時=7.4ms, 最大耗時=49.0ms, 指令數=101
2025-07-21 18:09:21 [INFO] GripperOptimized:fast_loop:484 - 性能統計: 循環=197000, 平均耗時=7.4ms, 最大耗時=49.0ms, 指令數=101
2025-07-21 18:09:42 [INFO] GripperOptimized:fast_loop:484 - 性能統計: 循環=198000, 平均耗時=7.5ms, 最大耗時=49.0ms, 指令數=101
2025-07-21 18:10:01 [INFO] GripperOptimized:process_commands:412 - 收到PGC指令: 代碼=8, 參數1=0, 參數2=0, ID=25991
2025-07-21 18:10:01 [INFO] GripperOptimized:process_commands:418 - PGC指令執行成功
2025-07-21 18:10:01 [WARNING] GripperOptimized:fast_loop:492 - 主循環執行時間過長: 35.2ms
2025-07-21 18:10:03 [INFO] GripperOptimized:fast_loop:484 - 性能統計: 循環=199000, 平均耗時=7.5ms, 最大耗時=49.0ms, 指令數=102
2025-07-21 18:10:17 [INFO] GripperOptimized:process_commands:412 - 收到PGC指令: 代碼=1, 參數1=0, 參數2=0, ID=1
2025-07-21 18:10:17 [INFO] GripperOptimized:process_commands:418 - PGC指令執行成功
2025-07-21 18:10:17 [WARNING] GripperOptimized:fast_loop:492 - 主循環執行時間過長: 37.5ms
2025-07-21 18:10:23 [INFO] GripperOptimized:fast_loop:484 - 性能統計: 循環=200000, 平均耗時=7.6ms, 最大耗時=49.0ms, 指令數=103
2025-07-21 18:10:39 [INFO] GripperOptimized:process_commands:412 - 收到PGC指令: 代碼=3, 參數1=460, 參數2=0, ID=2
2025-07-21 18:10:39 [INFO] GripperOptimized:process_commands:418 - PGC指令執行成功
2025-07-21 18:10:39 [WARNING] GripperOptimized:fast_loop:492 - 主循環執行時間過長: 36.1ms
2025-07-21 18:10:41 [INFO] GripperOptimized:process_commands:412 - 收到PGC指令: 代碼=3, 參數1=300, 參數2=0, ID=3
2025-07-21 18:10:41 [INFO] GripperOptimized:process_commands:418 - PGC指令執行成功
2025-07-21 18:10:41 [WARNING] GripperOptimized:fast_loop:492 - 主循環執行時間過長: 36.4ms
2025-07-21 18:10:44 [INFO] GripperOptimized:fast_loop:484 - 性能統計: 循環=201000, 平均耗時=7.3ms, 最大耗時=49.0ms, 指令數=105
2025-07-21 18:10:53 [INFO] GripperOptimized:process_commands:412 - 收到PGC指令: 代碼=3, 參數1=460, 參數2=0, ID=4
2025-07-21 18:10:53 [INFO] GripperOptimized:process_commands:418 - PGC指令執行成功
2025-07-21 18:10:53 [WARNING] GripperOptimized:fast_loop:492 - 主循環執行時間過長: 35.0ms
2025-07-21 18:11:05 [INFO] GripperOptimized:fast_loop:484 - 性能統計: 循環=202000, 平均耗時=7.5ms, 最大耗時=49.0ms, 指令數=106
2025-07-21 18:11:26 [INFO] GripperOptimized:fast_loop:484 - 性能統計: 循環=203000, 平均耗時=7.7ms, 最大耗時=49.0ms, 指令數=106
2025-07-21 18:11:46 [INFO] GripperOptimized:fast_loop:484 - 性能統計: 循環=204000, 平均耗時=7.6ms, 最大耗時=49.0ms, 指令數=106
2025-07-21 18:12:07 [INFO] GripperOptimized:fast_loop:484 - 性能統計: 循環=205000, 平均耗時=7.5ms, 最大耗時=49.0ms, 指令數=106
2025-07-21 18:12:20 [INFO] GripperOptimized:process_commands:412 - 收到PGC指令: 代碼=3, 參數1=300, 參數2=0, ID=5
2025-07-21 18:12:20 [INFO] GripperOptimized:process_commands:418 - PGC指令執行成功
2025-07-21 18:12:20 [WARNING] GripperOptimized:fast_loop:492 - 主循環執行時間過長: 36.1ms
2025-07-21 18:12:28 [INFO] GripperOptimized:fast_loop:484 - 性能統計: 循環=206000, 平均耗時=7.4ms, 最大耗時=49.0ms, 指令數=107
2025-07-21 18:12:49 [INFO] GripperOptimized:fast_loop:484 - 性能統計: 循環=207000, 平均耗時=7.4ms, 最大耗時=49.0ms, 指令數=107
2025-07-21 18:13:09 [INFO] GripperOptimized:fast_loop:484 - 性能統計: 循環=208000, 平均耗時=7.5ms, 最大耗時=49.0ms, 指令數=107
2025-07-21 18:13:30 [INFO] GripperOptimized:fast_loop:484 - 性能統計: 循環=209000, 平均耗時=7.3ms, 最大耗時=49.0ms, 指令數=107
2025-07-21 18:13:51 [INFO] GripperOptimized:fast_loop:484 - 性能統計: 循環=210000, 平均耗時=7.3ms, 最大耗時=49.0ms, 指令數=107
2025-07-21 18:14:12 [INFO] GripperOptimized:fast_loop:484 - 性能統計: 循環=211000, 平均耗時=7.2ms, 最大耗時=49.0ms, 指令數=107
2025-07-21 18:14:33 [INFO] GripperOptimized:fast_loop:484 - 性能統計: 循環=212000, 平均耗時=7.3ms, 最大耗時=49.0ms, 指令數=107
2025-07-21 18:14:54 [INFO] GripperOptimized:fast_loop:484 - 性能統計: 循環=213000, 平均耗時=7.5ms, 最大耗時=49.0ms, 指令數=107
2025-07-21 18:15:14 [INFO] GripperOptimized:fast_loop:484 - 性能統計: 循環=214000, 平均耗時=7.4ms, 最大耗時=49.0ms, 指令數=107
2025-07-21 18:15:26 [INFO] GripperOptimized:process_commands:412 - 收到PGC指令: 代碼=1, 參數1=0, 參數2=0, ID=1
2025-07-21 18:15:26 [INFO] GripperOptimized:process_commands:418 - PGC指令執行成功
2025-07-21 18:15:26 [WARNING] GripperOptimized:fast_loop:492 - 主循環執行時間過長: 34.9ms
2025-07-21 18:15:28 [INFO] GripperOptimized:process_commands:412 - 收到PGC指令: 代碼=3, 參數1=460, 參數2=0, ID=2
2025-07-21 18:15:28 [INFO] GripperOptimized:process_commands:418 - PGC指令執行成功
2025-07-21 18:15:28 [WARNING] GripperOptimized:fast_loop:492 - 主循環執行時間過長: 35.1ms
2025-07-21 18:15:31 [INFO] GripperOptimized:process_commands:412 - 收到PGC指令: 代碼=3, 參數1=300, 參數2=0, ID=3
2025-07-21 18:15:31 [INFO] GripperOptimized:process_commands:418 - PGC指令執行成功
2025-07-21 18:15:31 [WARNING] GripperOptimized:fast_loop:492 - 主循環執行時間過長: 36.4ms
2025-07-21 18:15:35 [INFO] GripperOptimized:fast_loop:484 - 性能統計: 循環=215000, 平均耗時=7.6ms, 最大耗時=49.0ms, 指令數=110
2025-07-21 18:15:42 [INFO] GripperOptimized:process_commands:412 - 收到PGC指令: 代碼=3, 參數1=460, 參數2=0, ID=4
2025-07-21 18:15:42 [INFO] GripperOptimized:process_commands:418 - PGC指令執行成功
2025-07-21 18:15:42 [WARNING] GripperOptimized:fast_loop:492 - 主循環執行時間過長: 35.6ms
2025-07-21 18:15:47 [INFO] GripperOptimized:process_commands:412 - 收到PGC指令: 代碼=3, 參數1=300, 參數2=0, ID=5
2025-07-21 18:15:47 [INFO] GripperOptimized:process_commands:418 - PGC指令執行成功
2025-07-21 18:15:47 [WARNING] GripperOptimized:fast_loop:492 - 主循環執行時間過長: 35.1ms
2025-07-21 18:15:55 [INFO] GripperOptimized:process_commands:412 - 收到PGC指令: 代碼=3, 參數1=460, 參數2=0, ID=6
2025-07-21 18:15:55 [INFO] GripperOptimized:process_commands:418 - PGC指令執行成功
2025-07-21 18:15:55 [WARNING] GripperOptimized:fast_loop:492 - 主循環執行時間過長: 35.3ms
2025-07-21 18:15:56 [INFO] GripperOptimized:fast_loop:484 - 性能統計: 循環=216000, 平均耗時=7.5ms, 最大耗時=49.0ms, 指令數=113
2025-07-21 18:15:57 [INFO] GripperOptimized:process_commands:412 - 收到PGC指令: 代碼=3, 參數1=300, 參數2=0, ID=7
2025-07-21 18:15:57 [INFO] GripperOptimized:process_commands:418 - PGC指令執行成功
2025-07-21 18:15:57 [WARNING] GripperOptimized:fast_loop:492 - 主循環執行時間過長: 38.0ms
2025-07-21 18:15:59 [INFO] GripperOptimized:process_commands:412 - 收到PGC指令: 代碼=3, 參數1=460, 參數2=0, ID=8
2025-07-21 18:15:59 [INFO] GripperOptimized:process_commands:418 - PGC指令執行成功
2025-07-21 18:15:59 [WARNING] GripperOptimized:fast_loop:492 - 主循環執行時間過長: 34.9ms
2025-07-21 18:16:09 [INFO] GripperOptimized:process_commands:412 - 收到PGC指令: 代碼=3, 參數1=300, 參數2=0, ID=9
2025-07-21 18:16:09 [INFO] GripperOptimized:process_commands:418 - PGC指令執行成功
2025-07-21 18:16:09 [WARNING] GripperOptimized:fast_loop:492 - 主循環執行時間過長: 37.3ms
2025-07-21 18:16:17 [INFO] GripperOptimized:fast_loop:484 - 性能統計: 循環=217000, 平均耗時=7.4ms, 最大耗時=49.0ms, 指令數=116
2025-07-21 18:16:38 [INFO] GripperOptimized:fast_loop:484 - 性能統計: 循環=218000, 平均耗時=7.3ms, 最大耗時=49.0ms, 指令數=116
2025-07-21 18:16:58 [INFO] GripperOptimized:fast_loop:484 - 性能統計: 循環=219000, 平均耗時=7.4ms, 最大耗時=49.0ms, 指令數=116
2025-07-21 18:17:19 [INFO] GripperOptimized:fast_loop:484 - 性能統計: 循環=220000, 平均耗時=7.5ms, 最大耗時=49.0ms, 指令數=116
2025-07-21 18:17:40 [INFO] GripperOptimized:fast_loop:484 - 性能統計: 循環=221000, 平均耗時=7.3ms, 最大耗時=49.0ms, 指令數=116
2025-07-21 18:18:00 [INFO] GripperOptimized:fast_loop:484 - 性能統計: 循環=222000, 平均耗時=7.7ms, 最大耗時=49.0ms, 指令數=116
2025-07-21 18:18:21 [INFO] GripperOptimized:fast_loop:484 - 性能統計: 循環=223000, 平均耗時=7.4ms, 最大耗時=49.0ms, 指令數=116
2025-07-21 18:18:42 [INFO] GripperOptimized:fast_loop:484 - 性能統計: 循環=224000, 平均耗時=7.8ms, 最大耗時=49.0ms, 指令數=116
2025-07-21 18:19:03 [INFO] GripperOptimized:fast_loop:484 - 性能統計: 循環=225000, 平均耗時=7.2ms, 最大耗時=49.0ms, 指令數=116
2025-07-21 18:19:24 [INFO] GripperOptimized:fast_loop:484 - 性能統計: 循環=226000, 平均耗時=7.2ms, 最大耗時=49.0ms, 指令數=116
2025-07-21 18:19:44 [INFO] GripperOptimized:fast_loop:484 - 性能統計: 循環=227000, 平均耗時=7.2ms, 最大耗時=49.0ms, 指令數=116
2025-07-21 18:20:05 [INFO] GripperOptimized:fast_loop:484 - 性能統計: 循環=228000, 平均耗時=7.3ms, 最大耗時=49.0ms, 指令數=116
2025-07-21 18:20:26 [INFO] GripperOptimized:fast_loop:484 - 性能統計: 循環=229000, 平均耗時=7.7ms, 最大耗時=49.0ms, 指令數=116
2025-07-21 18:20:35 [INFO] GripperOptimized:process_commands:412 - 收到PGC指令: 代碼=1, 參數1=0, 參數2=0, ID=1
2025-07-21 18:20:35 [INFO] GripperOptimized:process_commands:418 - PGC指令執行成功
2025-07-21 18:20:35 [WARNING] GripperOptimized:fast_loop:492 - 主循環執行時間過長: 35.7ms
2025-07-21 18:20:42 [INFO] GripperOptimized:process_commands:412 - 收到PGC指令: 代碼=3, 參數1=460, 參數2=0, ID=2
2025-07-21 18:20:42 [INFO] GripperOptimized:process_commands:418 - PGC指令執行成功
2025-07-21 18:20:42 [WARNING] GripperOptimized:fast_loop:492 - 主循環執行時間過長: 34.1ms
2025-07-21 18:20:45 [INFO] GripperOptimized:process_commands:412 - 收到PGC指令: 代碼=3, 參數1=300, 參數2=0, ID=3
2025-07-21 18:20:45 [INFO] GripperOptimized:process_commands:418 - PGC指令執行成功
2025-07-21 18:20:45 [WARNING] GripperOptimized:fast_loop:492 - 主循環執行時間過長: 36.4ms
2025-07-21 18:20:47 [INFO] GripperOptimized:fast_loop:484 - 性能統計: 循環=230000, 平均耗時=7.4ms, 最大耗時=49.0ms, 指令數=119
2025-07-21 18:20:56 [INFO] GripperOptimized:process_commands:412 - 收到PGC指令: 代碼=3, 參數1=460, 參數2=0, ID=4
2025-07-21 18:20:56 [INFO] GripperOptimized:process_commands:418 - PGC指令執行成功
2025-07-21 18:20:56 [WARNING] GripperOptimized:fast_loop:492 - 主循環執行時間過長: 35.4ms
2025-07-21 18:21:01 [INFO] GripperOptimized:process_commands:412 - 收到PGC指令: 代碼=3, 參數1=300, 參數2=0, ID=5
2025-07-21 18:21:01 [INFO] GripperOptimized:process_commands:418 - PGC指令執行成功
2025-07-21 18:21:01 [WARNING] GripperOptimized:fast_loop:492 - 主循環執行時間過長: 36.1ms
2025-07-21 18:21:04 [INFO] GripperOptimized:process_commands:412 - 收到PGC指令: 代碼=3, 參數1=460, 參數2=0, ID=6
2025-07-21 18:21:04 [INFO] GripperOptimized:process_commands:418 - PGC指令執行成功
2025-07-21 18:21:05 [WARNING] GripperOptimized:fast_loop:492 - 主循環執行時間過長: 39.0ms
2025-07-21 18:21:07 [INFO] GripperOptimized:process_commands:412 - 收到PGC指令: 代碼=3, 參數1=300, 參數2=0, ID=7
2025-07-21 18:21:07 [INFO] GripperOptimized:process_commands:418 - PGC指令執行成功
2025-07-21 18:21:07 [WARNING] GripperOptimized:fast_loop:492 - 主循環執行時間過長: 35.0ms
2025-07-21 18:21:08 [INFO] GripperOptimized:fast_loop:484 - 性能統計: 循環=231000, 平均耗時=7.3ms, 最大耗時=49.0ms, 指令數=123
2025-07-21 18:21:09 [INFO] GripperOptimized:process_commands:412 - 收到PGC指令: 代碼=3, 參數1=460, 參數2=0, ID=8
2025-07-21 18:21:09 [INFO] GripperOptimized:process_commands:418 - PGC指令執行成功
2025-07-21 18:21:09 [WARNING] GripperOptimized:fast_loop:492 - 主循環執行時間過長: 36.4ms
2025-07-21 18:21:19 [INFO] GripperOptimized:process_commands:412 - 收到PGC指令: 代碼=3, 參數1=300, 參數2=0, ID=9
2025-07-21 18:21:19 [INFO] GripperOptimized:process_commands:418 - PGC指令執行成功
2025-07-21 18:21:19 [WARNING] GripperOptimized:fast_loop:492 - 主循環執行時間過長: 36.6ms
2025-07-21 18:21:20 [WARNING] GripperOptimized:fast_loop:492 - 主循環執行時間過長: 48.7ms
2025-07-21 18:21:23 [INFO] GripperOptimized:process_commands:412 - 收到PGC指令: 代碼=3, 參數1=460, 參數2=0, ID=10
2025-07-21 18:21:23 [INFO] GripperOptimized:process_commands:418 - PGC指令執行成功
2025-07-21 18:21:23 [WARNING] GripperOptimized:fast_loop:492 - 主循環執行時間過長: 36.5ms
2025-07-21 18:21:25 [INFO] GripperOptimized:process_commands:412 - 收到PGC指令: 代碼=3, 參數1=300, 參數2=0, ID=11
2025-07-21 18:21:25 [INFO] GripperOptimized:process_commands:418 - PGC指令執行成功
2025-07-21 18:21:25 [WARNING] GripperOptimized:fast_loop:492 - 主循環執行時間過長: 36.1ms
2025-07-21 18:21:27 [INFO] GripperOptimized:process_commands:412 - 收到PGC指令: 代碼=3, 參數1=460, 參數2=0, ID=12
2025-07-21 18:21:27 [INFO] GripperOptimized:process_commands:418 - PGC指令執行成功
2025-07-21 18:21:27 [WARNING] GripperOptimized:fast_loop:492 - 主循環執行時間過長: 36.9ms
2025-07-21 18:21:28 [INFO] GripperOptimized:fast_loop:484 - 性能統計: 循環=232000, 平均耗時=7.8ms, 最大耗時=49.0ms, 指令數=128
2025-07-21 18:21:47 [INFO] GripperOptimized:process_commands:412 - 收到PGC指令: 代碼=3, 參數1=300, 參數2=0, ID=13
2025-07-21 18:21:47 [INFO] GripperOptimized:process_commands:418 - PGC指令執行成功
2025-07-21 18:21:47 [WARNING] GripperOptimized:fast_loop:492 - 主循環執行時間過長: 34.7ms
2025-07-21 18:21:49 [INFO] GripperOptimized:fast_loop:484 - 性能統計: 循環=233000, 平均耗時=7.5ms, 最大耗時=49.0ms, 指令數=129
2025-07-21 18:21:51 [INFO] GripperOptimized:process_commands:412 - 收到PGC指令: 代碼=3, 參數1=460, 參數2=0, ID=14
2025-07-21 18:21:51 [INFO] GripperOptimized:process_commands:418 - PGC指令執行成功
2025-07-21 18:21:51 [WARNING] GripperOptimized:fast_loop:492 - 主循環執行時間過長: 34.9ms
2025-07-21 18:21:53 [INFO] GripperOptimized:process_commands:412 - 收到PGC指令: 代碼=3, 參數1=300, 參數2=0, ID=15
2025-07-21 18:21:53 [INFO] GripperOptimized:process_commands:418 - PGC指令執行成功
2025-07-21 18:21:53 [WARNING] GripperOptimized:fast_loop:492 - 主循環執行時間過長: 37.1ms
2025-07-21 18:21:55 [INFO] GripperOptimized:process_commands:412 - 收到PGC指令: 代碼=3, 參數1=460, 參數2=0, ID=16
2025-07-21 18:21:55 [INFO] GripperOptimized:process_commands:418 - PGC指令執行成功
2025-07-21 18:21:55 [WARNING] GripperOptimized:fast_loop:492 - 主循環執行時間過長: 36.2ms
2025-07-21 18:22:10 [INFO] GripperOptimized:fast_loop:484 - 性能統計: 循環=234000, 平均耗時=7.7ms, 最大耗時=49.0ms, 指令數=132
2025-07-21 18:22:31 [INFO] GripperOptimized:fast_loop:484 - 性能統計: 循環=235000, 平均耗時=7.5ms, 最大耗時=49.0ms, 指令數=132
2025-07-21 18:22:52 [INFO] GripperOptimized:fast_loop:484 - 性能統計: 循環=236000, 平均耗時=7.3ms, 最大耗時=49.0ms, 指令數=132
2025-07-21 18:23:12 [INFO] GripperOptimized:fast_loop:484 - 性能統計: 循環=237000, 平均耗時=7.2ms, 最大耗時=49.0ms, 指令數=132
2025-07-21 18:23:33 [INFO] GripperOptimized:fast_loop:484 - 性能統計: 循環=238000, 平均耗時=7.5ms, 最大耗時=49.0ms, 指令數=132
2025-07-21 18:23:54 [INFO] GripperOptimized:fast_loop:484 - 性能統計: 循環=239000, 平均耗時=7.6ms, 最大耗時=49.0ms, 指令數=132
2025-07-21 18:24:15 [INFO] GripperOptimized:fast_loop:484 - 性能統計: 循環=240000, 平均耗時=7.7ms, 最大耗時=49.0ms, 指令數=132
2025-07-21 18:24:35 [INFO] GripperOptimized:fast_loop:484 - 性能統計: 循環=241000, 平均耗時=7.3ms, 最大耗時=49.0ms, 指令數=132
2025-07-21 18:24:56 [INFO] GripperOptimized:fast_loop:484 - 性能統計: 循環=242000, 平均耗時=7.2ms, 最大耗時=49.0ms, 指令數=132
2025-07-21 18:25:17 [INFO] GripperOptimized:fast_loop:484 - 性能統計: 循環=243000, 平均耗時=7.6ms, 最大耗時=49.0ms, 指令數=132
2025-07-21 18:25:22 [INFO] GripperOptimized:process_commands:412 - 收到PGC指令: 代碼=3, 參數1=300, 參數2=0, ID=17
2025-07-21 18:25:22 [INFO] GripperOptimized:process_commands:418 - PGC指令執行成功
2025-07-21 18:25:22 [WARNING] GripperOptimized:fast_loop:492 - 主循環執行時間過長: 36.6ms
2025-07-21 18:25:26 [INFO] GripperOptimized:process_commands:412 - 收到PGC指令: 代碼=3, 參數1=460, 參數2=0, ID=18
2025-07-21 18:25:26 [INFO] GripperOptimized:process_commands:418 - PGC指令執行成功
2025-07-21 18:25:26 [WARNING] GripperOptimized:fast_loop:492 - 主循環執行時間過長: 36.6ms
2025-07-21 18:25:28 [INFO] GripperOptimized:process_commands:412 - 收到PGC指令: 代碼=3, 參數1=300, 參數2=0, ID=19
2025-07-21 18:25:28 [INFO] GripperOptimized:process_commands:418 - PGC指令執行成功
2025-07-21 18:25:28 [WARNING] GripperOptimized:fast_loop:492 - 主循環執行時間過長: 35.9ms
2025-07-21 18:25:30 [INFO] GripperOptimized:process_commands:412 - 收到PGC指令: 代碼=3, 參數1=460, 參數2=0, ID=20
2025-07-21 18:25:30 [INFO] GripperOptimized:process_commands:418 - PGC指令執行成功
2025-07-21 18:25:30 [WARNING] GripperOptimized:fast_loop:492 - 主循環執行時間過長: 36.9ms
2025-07-21 18:25:38 [INFO] GripperOptimized:fast_loop:484 - 性能統計: 循環=244000, 平均耗時=7.5ms, 最大耗時=49.0ms, 指令數=136
2025-07-21 18:25:58 [INFO] GripperOptimized:fast_loop:484 - 性能統計: 循環=245000, 平均耗時=7.3ms, 最大耗時=49.0ms, 指令數=136
2025-07-21 18:26:19 [INFO] GripperOptimized:fast_loop:484 - 性能統計: 循環=246000, 平均耗時=7.6ms, 最大耗時=49.0ms, 指令數=136
2025-07-21 18:26:36 [INFO] GripperOptimized:process_commands:412 - 收到PGC指令: 代碼=3, 參數1=300, 參數2=0, ID=21
2025-07-21 18:26:36 [INFO] GripperOptimized:process_commands:418 - PGC指令執行成功
2025-07-21 18:26:36 [WARNING] GripperOptimized:fast_loop:492 - 主循環執行時間過長: 34.2ms
2025-07-21 18:26:39 [INFO] GripperOptimized:process_commands:412 - 收到PGC指令: 代碼=3, 參數1=460, 參數2=0, ID=22
2025-07-21 18:26:39 [INFO] GripperOptimized:process_commands:418 - PGC指令執行成功
2025-07-21 18:26:39 [WARNING] GripperOptimized:fast_loop:492 - 主循環執行時間過長: 36.2ms
2025-07-21 18:26:40 [INFO] GripperOptimized:fast_loop:484 - 性能統計: 循環=247000, 平均耗時=7.5ms, 最大耗時=49.0ms, 指令數=138
2025-07-21 18:26:42 [INFO] GripperOptimized:process_commands:412 - 收到PGC指令: 代碼=3, 參數1=300, 參數2=0, ID=23
2025-07-21 18:26:42 [INFO] GripperOptimized:process_commands:418 - PGC指令執行成功
2025-07-21 18:26:42 [WARNING] GripperOptimized:fast_loop:492 - 主循環執行時間過長: 37.2ms
2025-07-21 18:26:43 [INFO] GripperOptimized:process_commands:412 - 收到PGC指令: 代碼=3, 參數1=460, 參數2=0, ID=24
2025-07-21 18:26:43 [INFO] GripperOptimized:process_commands:418 - PGC指令執行成功
2025-07-21 18:26:43 [WARNING] GripperOptimized:fast_loop:492 - 主循環執行時間過長: 36.2ms
2025-07-21 18:27:01 [INFO] GripperOptimized:fast_loop:484 - 性能統計: 循環=248000, 平均耗時=7.4ms, 最大耗時=49.0ms, 指令數=140
2025-07-21 18:27:21 [INFO] GripperOptimized:fast_loop:484 - 性能統計: 循環=249000, 平均耗時=7.4ms, 最大耗時=49.0ms, 指令數=140
2025-07-21 18:27:42 [INFO] GripperOptimized:fast_loop:484 - 性能統計: 循環=250000, 平均耗時=7.2ms, 最大耗時=49.0ms, 指令數=140
2025-07-21 18:28:03 [INFO] GripperOptimized:fast_loop:484 - 性能統計: 循環=251000, 平均耗時=7.4ms, 最大耗時=49.0ms, 指令數=140
2025-07-21 18:28:24 [INFO] GripperOptimized:fast_loop:484 - 性能統計: 循環=252000, 平均耗時=7.5ms, 最大耗時=49.0ms, 指令數=140
2025-07-21 18:28:44 [INFO] GripperOptimized:fast_loop:484 - 性能統計: 循環=253000, 平均耗時=7.4ms, 最大耗時=49.0ms, 指令數=140
2025-07-21 18:29:05 [INFO] GripperOptimized:fast_loop:484 - 性能統計: 循環=254000, 平均耗時=7.5ms, 最大耗時=49.0ms, 指令數=140
2025-07-21 18:29:26 [INFO] GripperOptimized:fast_loop:484 - 性能統計: 循環=255000, 平均耗時=7.7ms, 最大耗時=49.0ms, 指令數=140
2025-07-21 18:29:46 [INFO] GripperOptimized:fast_loop:484 - 性能統計: 循環=256000, 平均耗時=7.3ms, 最大耗時=49.0ms, 指令數=140
2025-07-21 18:30:07 [INFO] GripperOptimized:fast_loop:484 - 性能統計: 循環=257000, 平均耗時=7.4ms, 最大耗時=49.0ms, 指令數=140
2025-07-21 18:30:28 [INFO] GripperOptimized:fast_loop:484 - 性能統計: 循環=258000, 平均耗時=7.7ms, 最大耗時=49.0ms, 指令數=140
2025-07-21 18:30:49 [INFO] GripperOptimized:fast_loop:484 - 性能統計: 循環=259000, 平均耗時=7.5ms, 最大耗時=49.0ms, 指令數=140
2025-07-21 18:31:10 [INFO] GripperOptimized:fast_loop:484 - 性能統計: 循環=260000, 平均耗時=7.3ms, 最大耗時=49.0ms, 指令數=140
2025-07-21 18:31:30 [INFO] GripperOptimized:fast_loop:484 - 性能統計: 循環=261000, 平均耗時=7.6ms, 最大耗時=49.0ms, 指令數=140
2025-07-21 18:31:51 [INFO] GripperOptimized:fast_loop:484 - 性能統計: 循環=262000, 平均耗時=7.2ms, 最大耗時=49.0ms, 指令數=140
2025-07-21 18:32:12 [INFO] GripperOptimized:fast_loop:484 - 性能統計: 循環=263000, 平均耗時=7.7ms, 最大耗時=49.0ms, 指令數=140
2025-07-21 18:32:33 [INFO] GripperOptimized:fast_loop:484 - 性能統計: 循環=264000, 平均耗時=7.5ms, 最大耗時=49.0ms, 指令數=140
2025-07-21 18:32:53 [INFO] GripperOptimized:fast_loop:484 - 性能統計: 循環=265000, 平均耗時=7.7ms, 最大耗時=49.0ms, 指令數=140
2025-07-21 18:33:14 [INFO] GripperOptimized:fast_loop:484 - 性能統計: 循環=266000, 平均耗時=7.3ms, 最大耗時=49.0ms, 指令數=140
2025-07-21 18:33:35 [INFO] GripperOptimized:fast_loop:484 - 性能統計: 循環=267000, 平均耗時=7.4ms, 最大耗時=49.0ms, 指令數=140
2025-07-21 18:33:56 [INFO] GripperOptimized:fast_loop:484 - 性能統計: 循環=268000, 平均耗時=7.7ms, 最大耗時=49.0ms, 指令數=140
2025-07-21 18:34:17 [INFO] GripperOptimized:fast_loop:484 - 性能統計: 循環=269000, 平均耗時=7.8ms, 最大耗時=49.0ms, 指令數=140
2025-07-21 18:34:37 [INFO] GripperOptimized:fast_loop:484 - 性能統計: 循環=270000, 平均耗時=7.6ms, 最大耗時=49.0ms, 指令數=140
2025-07-21 18:34:58 [INFO] GripperOptimized:fast_loop:484 - 性能統計: 循環=271000, 平均耗時=7.6ms, 最大耗時=49.0ms, 指令數=140
2025-07-21 18:35:19 [INFO] GripperOptimized:fast_loop:484 - 性能統計: 循環=272000, 平均耗時=7.2ms, 最大耗時=49.0ms, 指令數=140
2025-07-21 18:35:40 [INFO] GripperOptimized:fast_loop:484 - 性能統計: 循環=273000, 平均耗時=7.7ms, 最大耗時=49.0ms, 指令數=140
2025-07-21 18:36:00 [INFO] GripperOptimized:fast_loop:484 - 性能統計: 循環=274000, 平均耗時=7.6ms, 最大耗時=49.0ms, 指令數=140
2025-07-21 18:36:21 [INFO] GripperOptimized:fast_loop:484 - 性能統計: 循環=275000, 平均耗時=7.5ms, 最大耗時=49.0ms, 指令數=140
2025-07-21 18:36:42 [INFO] GripperOptimized:fast_loop:484 - 性能統計: 循環=276000, 平均耗時=7.6ms, 最大耗時=49.0ms, 指令數=140
2025-07-21 18:37:03 [INFO] GripperOptimized:fast_loop:484 - 性能統計: 循環=277000, 平均耗時=7.3ms, 最大耗時=49.0ms, 指令數=140
2025-07-21 18:37:23 [INFO] GripperOptimized:fast_loop:484 - 性能統計: 循環=278000, 平均耗時=7.6ms, 最大耗時=49.0ms, 指令數=140
2025-07-21 18:37:44 [INFO] GripperOptimized:fast_loop:484 - 性能統計: 循環=279000, 平均耗時=7.7ms, 最大耗時=49.0ms, 指令數=140
2025-07-21 18:38:05 [INFO] GripperOptimized:fast_loop:484 - 性能統計: 循環=280000, 平均耗時=7.5ms, 最大耗時=49.0ms, 指令數=140
2025-07-21 18:38:26 [INFO] GripperOptimized:fast_loop:484 - 性能統計: 循環=281000, 平均耗時=7.1ms, 最大耗時=49.0ms, 指令數=140
2025-07-21 18:38:46 [INFO] GripperOptimized:process_commands:412 - 收到PGC指令: 代碼=3, 參數1=300, 參數2=0, ID=25
2025-07-21 18:38:46 [INFO] GripperOptimized:process_commands:418 - PGC指令執行成功
2025-07-21 18:38:46 [INFO] GripperOptimized:fast_loop:484 - 性能統計: 循環=282000, 平均耗時=10.1ms, 最大耗時=49.0ms, 指令數=141
2025-07-21 18:38:46 [WARNING] GripperOptimized:fast_loop:492 - 主循環執行時間過長: 36.5ms
2025-07-21 18:39:07 [INFO] GripperOptimized:fast_loop:484 - 性能統計: 循環=283000, 平均耗時=7.2ms, 最大耗時=49.0ms, 指令數=141
2025-07-21 18:39:28 [INFO] GripperOptimized:fast_loop:484 - 性能統計: 循環=284000, 平均耗時=7.4ms, 最大耗時=49.0ms, 指令數=141
2025-07-21 18:39:49 [INFO] GripperOptimized:fast_loop:484 - 性能統計: 循環=285000, 平均耗時=7.5ms, 最大耗時=49.0ms, 指令數=141
2025-07-21 18:40:09 [INFO] GripperOptimized:fast_loop:484 - 性能統計: 循環=286000, 平均耗時=7.4ms, 最大耗時=49.0ms, 指令數=141
2025-07-21 18:40:30 [INFO] GripperOptimized:fast_loop:484 - 性能統計: 循環=287000, 平均耗時=7.1ms, 最大耗時=49.0ms, 指令數=141
2025-07-21 18:40:51 [INFO] GripperOptimized:fast_loop:484 - 性能統計: 循環=288000, 平均耗時=7.6ms, 最大耗時=49.0ms, 指令數=141
2025-07-21 18:41:12 [INFO] GripperOptimized:fast_loop:484 - 性能統計: 循環=289000, 平均耗時=7.5ms, 最大耗時=49.0ms, 指令數=141
2025-07-21 18:41:32 [INFO] GripperOptimized:fast_loop:484 - 性能統計: 循環=290000, 平均耗時=7.5ms, 最大耗時=49.0ms, 指令數=141
2025-07-21 18:41:53 [INFO] GripperOptimized:fast_loop:484 - 性能統計: 循環=291000, 平均耗時=7.1ms, 最大耗時=49.0ms, 指令數=141
2025-07-21 18:42:14 [INFO] GripperOptimized:fast_loop:484 - 性能統計: 循環=292000, 平均耗時=7.6ms, 最大耗時=49.0ms, 指令數=141
2025-07-21 18:42:35 [INFO] GripperOptimized:fast_loop:484 - 性能統計: 循環=293000, 平均耗時=7.4ms, 最大耗時=49.0ms, 指令數=141
2025-07-21 18:42:56 [INFO] GripperOptimized:fast_loop:484 - 性能統計: 循環=294000, 平均耗時=7.4ms, 最大耗時=49.0ms, 指令數=141
2025-07-21 18:43:16 [INFO] GripperOptimized:fast_loop:484 - 性能統計: 循環=295000, 平均耗時=7.7ms, 最大耗時=49.0ms, 指令數=141
2025-07-21 18:43:37 [INFO] GripperOptimized:fast_loop:484 - 性能統計: 循環=296000, 平均耗時=7.2ms, 最大耗時=49.0ms, 指令數=141
2025-07-21 18:43:58 [INFO] GripperOptimized:fast_loop:484 - 性能統計: 循環=297000, 平均耗時=7.1ms, 最大耗時=49.0ms, 指令數=141
2025-07-21 18:44:19 [INFO] GripperOptimized:fast_loop:484 - 性能統計: 循環=298000, 平均耗時=7.2ms, 最大耗時=49.0ms, 指令數=141
2025-07-21 18:44:39 [INFO] GripperOptimized:fast_loop:484 - 性能統計: 循環=299000, 平均耗時=7.2ms, 最大耗時=49.0ms, 指令數=141
2025-07-21 18:45:00 [INFO] GripperOptimized:fast_loop:484 - 性能統計: 循環=300000, 平均耗時=7.3ms, 最大耗時=49.0ms, 指令數=141
2025-07-21 18:45:21 [INFO] GripperOptimized:fast_loop:484 - 性能統計: 循環=301000, 平均耗時=7.2ms, 最大耗時=49.0ms, 指令數=141
2025-07-21 18:45:28 [INFO] GripperOptimized:process_commands:412 - 收到PGC指令: 代碼=3, 參數1=460, 參數2=0, ID=26
2025-07-21 18:45:28 [INFO] GripperOptimized:process_commands:418 - PGC指令執行成功
2025-07-21 18:45:29 [WARNING] GripperOptimized:fast_loop:492 - 主循環執行時間過長: 35.8ms
2025-07-21 18:45:31 [INFO] GripperOptimized:process_commands:412 - 收到PGC指令: 代碼=3, 參數1=300, 參數2=0, ID=27
2025-07-21 18:45:31 [INFO] GripperOptimized:process_commands:418 - PGC指令執行成功
2025-07-21 18:45:31 [WARNING] GripperOptimized:fast_loop:492 - 主循環執行時間過長: 35.7ms
2025-07-21 18:45:33 [INFO] GripperOptimized:process_commands:412 - 收到PGC指令: 代碼=3, 參數1=460, 參數2=0, ID=28
2025-07-21 18:45:33 [INFO] GripperOptimized:process_commands:418 - PGC指令執行成功
2025-07-21 18:45:33 [WARNING] GripperOptimized:fast_loop:492 - 主循環執行時間過長: 36.3ms
2025-07-21 18:45:42 [INFO] GripperOptimized:fast_loop:484 - 性能統計: 循環=302000, 平均耗時=7.6ms, 最大耗時=49.0ms, 指令數=144
2025-07-21 18:45:46 [INFO] GripperOptimized:process_commands:412 - 收到PGC指令: 代碼=3, 參數1=300, 參數2=0, ID=29
2025-07-21 18:45:46 [INFO] GripperOptimized:process_commands:418 - PGC指令執行成功
2025-07-21 18:45:46 [WARNING] GripperOptimized:fast_loop:492 - 主循環執行時間過長: 36.7ms
2025-07-21 18:45:50 [INFO] GripperOptimized:process_commands:412 - 收到PGC指令: 代碼=3, 參數1=460, 參數2=0, ID=30
2025-07-21 18:45:50 [INFO] GripperOptimized:process_commands:418 - PGC指令執行成功
2025-07-21 18:45:50 [WARNING] GripperOptimized:fast_loop:492 - 主循環執行時間過長: 36.3ms
2025-07-21 18:45:52 [INFO] GripperOptimized:process_commands:412 - 收到PGC指令: 代碼=3, 參數1=300, 參數2=0, ID=31
2025-07-21 18:45:52 [INFO] GripperOptimized:process_commands:418 - PGC指令執行成功
2025-07-21 18:45:52 [WARNING] GripperOptimized:fast_loop:492 - 主循環執行時間過長: 36.1ms
2025-07-21 18:45:54 [INFO] GripperOptimized:process_commands:412 - 收到PGC指令: 代碼=3, 參數1=460, 參數2=0, ID=32
2025-07-21 18:45:54 [INFO] GripperOptimized:process_commands:418 - PGC指令執行成功
2025-07-21 18:45:54 [WARNING] GripperOptimized:fast_loop:492 - 主循環執行時間過長: 35.4ms
2025-07-21 18:46:03 [INFO] GripperOptimized:fast_loop:484 - 性能統計: 循環=303000, 平均耗時=7.4ms, 最大耗時=49.0ms, 指令數=148
2025-07-21 18:46:23 [INFO] GripperOptimized:fast_loop:484 - 性能統計: 循環=304000, 平均耗時=7.7ms, 最大耗時=49.0ms, 指令數=148
2025-07-21 18:46:44 [INFO] GripperOptimized:fast_loop:484 - 性能統計: 循環=305000, 平均耗時=7.4ms, 最大耗時=49.0ms, 指令數=148
2025-07-21 18:47:05 [INFO] GripperOptimized:fast_loop:484 - 性能統計: 循環=306000, 平均耗時=7.4ms, 最大耗時=49.0ms, 指令數=148
2025-07-21 18:47:26 [INFO] GripperOptimized:fast_loop:484 - 性能統計: 循環=307000, 平均耗時=7.6ms, 最大耗時=49.0ms, 指令數=148
2025-07-21 18:47:46 [INFO] GripperOptimized:fast_loop:484 - 性能統計: 循環=308000, 平均耗時=7.4ms, 最大耗時=49.0ms, 指令數=148
2025-07-21 18:48:07 [INFO] GripperOptimized:fast_loop:484 - 性能統計: 循環=309000, 平均耗時=7.4ms, 最大耗時=49.0ms, 指令數=148
2025-07-21 18:48:28 [INFO] GripperOptimized:fast_loop:484 - 性能統計: 循環=310000, 平均耗時=7.4ms, 最大耗時=49.0ms, 指令數=148
2025-07-21 18:48:49 [INFO] GripperOptimized:fast_loop:484 - 性能統計: 循環=311000, 平均耗時=7.3ms, 最大耗時=49.0ms, 指令數=148
2025-07-21 18:49:09 [INFO] GripperOptimized:fast_loop:484 - 性能統計: 循環=312000, 平均耗時=7.3ms, 最大耗時=49.0ms, 指令數=148
2025-07-21 18:49:10 [INFO] GripperOptimized:process_commands:412 - 收到PGC指令: 代碼=3, 參數1=300, 參數2=0, ID=33
2025-07-21 18:49:10 [INFO] GripperOptimized:process_commands:418 - PGC指令執行成功
2025-07-21 18:49:10 [WARNING] GripperOptimized:fast_loop:492 - 主循環執行時間過長: 37.7ms
2025-07-21 18:49:14 [INFO] GripperOptimized:process_commands:412 - 收到PGC指令: 代碼=3, 參數1=460, 參數2=0, ID=34
2025-07-21 18:49:14 [INFO] GripperOptimized:process_commands:418 - PGC指令執行成功
2025-07-21 18:49:14 [WARNING] GripperOptimized:fast_loop:492 - 主循環執行時間過長: 35.6ms
2025-07-21 18:49:17 [INFO] GripperOptimized:process_commands:412 - 收到PGC指令: 代碼=3, 參數1=300, 參數2=0, ID=35
2025-07-21 18:49:17 [INFO] GripperOptimized:process_commands:418 - PGC指令執行成功
2025-07-21 18:49:17 [WARNING] GripperOptimized:fast_loop:492 - 主循環執行時間過長: 36.1ms
2025-07-21 18:49:18 [INFO] GripperOptimized:process_commands:412 - 收到PGC指令: 代碼=3, 參數1=460, 參數2=0, ID=36
2025-07-21 18:49:18 [INFO] GripperOptimized:process_commands:418 - PGC指令執行成功
2025-07-21 18:49:18 [WARNING] GripperOptimized:fast_loop:492 - 主循環執行時間過長: 36.0ms
2025-07-21 18:49:30 [INFO] GripperOptimized:fast_loop:484 - 性能統計: 循環=313000, 平均耗時=7.5ms, 最大耗時=49.0ms, 指令數=152
2025-07-21 18:49:51 [INFO] GripperOptimized:fast_loop:484 - 性能統計: 循環=314000, 平均耗時=7.5ms, 最大耗時=49.0ms, 指令數=152
2025-07-21 18:50:12 [INFO] GripperOptimized:fast_loop:484 - 性能統計: 循環=315000, 平均耗時=7.4ms, 最大耗時=49.0ms, 指令數=152
2025-07-21 18:50:33 [INFO] GripperOptimized:fast_loop:484 - 性能統計: 循環=316000, 平均耗時=7.4ms, 最大耗時=49.0ms, 指令數=152
2025-07-21 18:50:53 [INFO] GripperOptimized:fast_loop:484 - 性能統計: 循環=317000, 平均耗時=7.4ms, 最大耗時=49.0ms, 指令數=152
2025-07-21 18:51:14 [INFO] GripperOptimized:fast_loop:484 - 性能統計: 循環=318000, 平均耗時=7.6ms, 最大耗時=49.0ms, 指令數=152
2025-07-21 18:51:35 [INFO] GripperOptimized:fast_loop:484 - 性能統計: 循環=319000, 平均耗時=7.7ms, 最大耗時=49.0ms, 指令數=152
2025-07-21 18:51:55 [INFO] GripperOptimized:fast_loop:484 - 性能統計: 循環=320000, 平均耗時=7.4ms, 最大耗時=49.0ms, 指令數=152
2025-07-21 18:52:16 [INFO] GripperOptimized:fast_loop:484 - 性能統計: 循環=321000, 平均耗時=7.5ms, 最大耗時=49.0ms, 指令數=152
2025-07-21 18:52:37 [INFO] GripperOptimized:fast_loop:484 - 性能統計: 循環=322000, 平均耗時=7.6ms, 最大耗時=49.0ms, 指令數=152
2025-07-21 18:52:58 [INFO] GripperOptimized:fast_loop:484 - 性能統計: 循環=323000, 平均耗時=7.5ms, 最大耗時=49.0ms, 指令數=152
2025-07-21 18:53:19 [INFO] GripperOptimized:fast_loop:484 - 性能統計: 循環=324000, 平均耗時=7.5ms, 最大耗時=49.0ms, 指令數=152
2025-07-21 18:53:37 [INFO] GripperOptimized:process_commands:412 - 收到PGC指令: 代碼=3, 參數1=300, 參數2=0, ID=37
2025-07-21 18:53:37 [INFO] GripperOptimized:process_commands:418 - PGC指令執行成功
2025-07-21 18:53:37 [WARNING] GripperOptimized:fast_loop:492 - 主循環執行時間過長: 36.4ms
2025-07-21 18:53:39 [INFO] GripperOptimized:fast_loop:484 - 性能統計: 循環=325000, 平均耗時=7.5ms, 最大耗時=49.0ms, 指令數=153
2025-07-21 18:53:40 [INFO] GripperOptimized:process_commands:412 - 收到PGC指令: 代碼=3, 參數1=460, 參數2=0, ID=38
2025-07-21 18:53:40 [INFO] GripperOptimized:process_commands:418 - PGC指令執行成功
2025-07-21 18:53:40 [WARNING] GripperOptimized:fast_loop:492 - 主循環執行時間過長: 44.9ms
2025-07-21 18:53:43 [INFO] GripperOptimized:process_commands:412 - 收到PGC指令: 代碼=3, 參數1=300, 參數2=0, ID=39
2025-07-21 18:53:43 [INFO] GripperOptimized:process_commands:418 - PGC指令執行成功
2025-07-21 18:53:43 [WARNING] GripperOptimized:fast_loop:492 - 主循環執行時間過長: 36.3ms
2025-07-21 18:53:45 [INFO] GripperOptimized:process_commands:412 - 收到PGC指令: 代碼=3, 參數1=460, 參數2=0, ID=40
2025-07-21 18:53:45 [INFO] GripperOptimized:process_commands:418 - PGC指令執行成功
2025-07-21 18:53:45 [WARNING] GripperOptimized:fast_loop:492 - 主循環執行時間過長: 33.3ms
2025-07-21 18:53:48 [INFO] GripperOptimized:process_commands:412 - 收到PGC指令: 代碼=3, 參數1=300, 參數2=0, ID=41
2025-07-21 18:53:48 [INFO] GripperOptimized:process_commands:418 - PGC指令執行成功
2025-07-21 18:53:48 [WARNING] GripperOptimized:fast_loop:492 - 主循環執行時間過長: 36.3ms
2025-07-21 18:53:52 [INFO] GripperOptimized:process_commands:412 - 收到PGC指令: 代碼=3, 參數1=460, 參數2=0, ID=42
2025-07-21 18:53:52 [INFO] GripperOptimized:process_commands:418 - PGC指令執行成功
2025-07-21 18:53:52 [WARNING] GripperOptimized:fast_loop:492 - 主循環執行時間過長: 37.2ms
2025-07-21 18:53:55 [INFO] GripperOptimized:process_commands:412 - 收到PGC指令: 代碼=3, 參數1=300, 參數2=0, ID=43
2025-07-21 18:53:55 [INFO] GripperOptimized:process_commands:418 - PGC指令執行成功
2025-07-21 18:53:55 [WARNING] GripperOptimized:fast_loop:492 - 主循環執行時間過長: 36.7ms
2025-07-21 18:53:56 [INFO] GripperOptimized:process_commands:412 - 收到PGC指令: 代碼=3, 參數1=460, 參數2=0, ID=44
2025-07-21 18:53:56 [INFO] GripperOptimized:process_commands:418 - PGC指令執行成功
2025-07-21 18:53:56 [WARNING] GripperOptimized:fast_loop:492 - 主循環執行時間過長: 37.0ms
2025-07-21 18:54:00 [INFO] GripperOptimized:fast_loop:484 - 性能統計: 循環=326000, 平均耗時=7.7ms, 最大耗時=49.0ms, 指令數=160
2025-07-21 18:54:21 [INFO] GripperOptimized:fast_loop:484 - 性能統計: 循環=327000, 平均耗時=7.5ms, 最大耗時=49.0ms, 指令數=160
2025-07-21 18:54:42 [INFO] GripperOptimized:fast_loop:484 - 性能統計: 循環=328000, 平均耗時=7.5ms, 最大耗時=49.0ms, 指令數=160
2025-07-21 18:55:02 [INFO] GripperOptimized:fast_loop:484 - 性能統計: 循環=329000, 平均耗時=7.2ms, 最大耗時=49.0ms, 指令數=160
2025-07-21 18:55:23 [INFO] GripperOptimized:fast_loop:484 - 性能統計: 循環=330000, 平均耗時=7.5ms, 最大耗時=49.0ms, 指令數=160
2025-07-21 18:55:44 [INFO] GripperOptimized:fast_loop:484 - 性能統計: 循環=331000, 平均耗時=7.5ms, 最大耗時=49.0ms, 指令數=160
2025-07-21 18:55:55 [INFO] GripperOptimized:process_commands:412 - 收到PGC指令: 代碼=3, 參數1=300, 參數2=0, ID=45
2025-07-21 18:55:55 [INFO] GripperOptimized:process_commands:418 - PGC指令執行成功
2025-07-21 18:55:55 [WARNING] GripperOptimized:fast_loop:492 - 主循環執行時間過長: 36.1ms
2025-07-21 18:55:58 [INFO] GripperOptimized:process_commands:412 - 收到PGC指令: 代碼=3, 參數1=460, 參數2=0, ID=46
2025-07-21 18:55:58 [INFO] GripperOptimized:process_commands:418 - PGC指令執行成功
2025-07-21 18:55:58 [WARNING] GripperOptimized:fast_loop:492 - 主循環執行時間過長: 37.2ms
2025-07-21 18:56:01 [INFO] GripperOptimized:process_commands:412 - 收到PGC指令: 代碼=3, 參數1=300, 參數2=0, ID=47
2025-07-21 18:56:01 [INFO] GripperOptimized:process_commands:418 - PGC指令執行成功
2025-07-21 18:56:01 [WARNING] GripperOptimized:fast_loop:492 - 主循環執行時間過長: 37.2ms
2025-07-21 18:56:02 [INFO] GripperOptimized:process_commands:412 - 收到PGC指令: 代碼=3, 參數1=460, 參數2=0, ID=48
2025-07-21 18:56:02 [INFO] GripperOptimized:process_commands:418 - PGC指令執行成功
2025-07-21 18:56:02 [WARNING] GripperOptimized:fast_loop:492 - 主循環執行時間過長: 36.7ms
2025-07-21 18:56:05 [INFO] GripperOptimized:fast_loop:484 - 性能統計: 循環=332000, 平均耗時=7.6ms, 最大耗時=49.0ms, 指令數=164
2025-07-21 18:56:25 [INFO] GripperOptimized:fast_loop:484 - 性能統計: 循環=333000, 平均耗時=7.5ms, 最大耗時=49.0ms, 指令數=164
2025-07-21 18:56:46 [INFO] GripperOptimized:fast_loop:484 - 性能統計: 循環=334000, 平均耗時=7.4ms, 最大耗時=49.0ms, 指令數=164
2025-07-21 18:57:07 [INFO] GripperOptimized:fast_loop:484 - 性能統計: 循環=335000, 平均耗時=7.3ms, 最大耗時=49.0ms, 指令數=164
2025-07-21 18:57:28 [INFO] GripperOptimized:fast_loop:484 - 性能統計: 循環=336000, 平均耗時=7.5ms, 最大耗時=49.0ms, 指令數=164
2025-07-21 18:57:39 [INFO] GripperOptimized:process_commands:412 - 收到PGC指令: 代碼=3, 參數1=300, 參數2=0, ID=49
2025-07-21 18:57:39 [INFO] GripperOptimized:process_commands:418 - PGC指令執行成功
2025-07-21 18:57:39 [WARNING] GripperOptimized:fast_loop:492 - 主循環執行時間過長: 36.3ms
2025-07-21 18:57:43 [INFO] GripperOptimized:process_commands:412 - 收到PGC指令: 代碼=3, 參數1=460, 參數2=0, ID=50
2025-07-21 18:57:43 [INFO] GripperOptimized:process_commands:418 - PGC指令執行成功
2025-07-21 18:57:43 [WARNING] GripperOptimized:fast_loop:492 - 主循環執行時間過長: 33.4ms
2025-07-21 18:57:46 [INFO] GripperOptimized:process_commands:412 - 收到PGC指令: 代碼=3, 參數1=300, 參數2=0, ID=51
2025-07-21 18:57:46 [INFO] GripperOptimized:process_commands:418 - PGC指令執行成功
2025-07-21 18:57:46 [WARNING] GripperOptimized:fast_loop:492 - 主循環執行時間過長: 35.0ms
2025-07-21 18:57:47 [INFO] GripperOptimized:process_commands:412 - 收到PGC指令: 代碼=3, 參數1=460, 參數2=0, ID=52
2025-07-21 18:57:47 [INFO] GripperOptimized:process_commands:418 - PGC指令執行成功
2025-07-21 18:57:47 [WARNING] GripperOptimized:fast_loop:492 - 主循環執行時間過長: 35.6ms
2025-07-21 18:57:48 [INFO] GripperOptimized:fast_loop:484 - 性能統計: 循環=337000, 平均耗時=7.6ms, 最大耗時=49.0ms, 指令數=168
2025-07-21 18:57:51 [INFO] GripperOptimized:process_commands:412 - 收到PGC指令: 代碼=3, 參數1=300, 參數2=0, ID=53
2025-07-21 18:57:51 [INFO] GripperOptimized:process_commands:418 - PGC指令執行成功
2025-07-21 18:57:51 [WARNING] GripperOptimized:fast_loop:492 - 主循環執行時間過長: 37.5ms
2025-07-21 18:57:54 [INFO] GripperOptimized:process_commands:412 - 收到PGC指令: 代碼=3, 參數1=460, 參數2=0, ID=54
2025-07-21 18:57:54 [INFO] GripperOptimized:process_commands:418 - PGC指令執行成功
2025-07-21 18:57:54 [WARNING] GripperOptimized:fast_loop:492 - 主循環執行時間過長: 35.3ms
2025-07-21 18:57:57 [INFO] GripperOptimized:process_commands:412 - 收到PGC指令: 代碼=3, 參數1=300, 參數2=0, ID=55
2025-07-21 18:57:57 [INFO] GripperOptimized:process_commands:418 - PGC指令執行成功
2025-07-21 18:57:57 [WARNING] GripperOptimized:fast_loop:492 - 主循環執行時間過長: 34.3ms
2025-07-21 18:57:59 [INFO] GripperOptimized:process_commands:412 - 收到PGC指令: 代碼=3, 參數1=460, 參數2=0, ID=56
2025-07-21 18:57:59 [INFO] GripperOptimized:process_commands:418 - PGC指令執行成功
2025-07-21 18:57:59 [WARNING] GripperOptimized:fast_loop:492 - 主循環執行時間過長: 35.4ms
2025-07-21 18:58:03 [INFO] GripperOptimized:process_commands:412 - 收到PGC指令: 代碼=3, 參數1=300, 參數2=0, ID=57
2025-07-21 18:58:03 [INFO] GripperOptimized:process_commands:418 - PGC指令執行成功
2025-07-21 18:58:03 [WARNING] GripperOptimized:fast_loop:492 - 主循環執行時間過長: 36.7ms
2025-07-21 18:58:06 [INFO] GripperOptimized:process_commands:412 - 收到PGC指令: 代碼=3, 參數1=460, 參數2=0, ID=58
2025-07-21 18:58:06 [INFO] GripperOptimized:process_commands:418 - PGC指令執行成功
2025-07-21 18:58:06 [WARNING] GripperOptimized:fast_loop:492 - 主循環執行時間過長: 36.4ms
2025-07-21 18:58:09 [INFO] GripperOptimized:process_commands:412 - 收到PGC指令: 代碼=3, 參數1=300, 參數2=0, ID=59
2025-07-21 18:58:09 [INFO] GripperOptimized:process_commands:418 - PGC指令執行成功
2025-07-21 18:58:09 [WARNING] GripperOptimized:fast_loop:492 - 主循環執行時間過長: 35.6ms
2025-07-21 18:58:09 [INFO] GripperOptimized:fast_loop:484 - 性能統計: 循環=338000, 平均耗時=8.5ms, 最大耗時=49.0ms, 指令數=175
2025-07-21 18:58:11 [INFO] GripperOptimized:process_commands:412 - 收到PGC指令: 代碼=3, 參數1=460, 參數2=0, ID=60
2025-07-21 18:58:11 [INFO] GripperOptimized:process_commands:418 - PGC指令執行成功
2025-07-21 18:58:11 [WARNING] GripperOptimized:fast_loop:492 - 主循環執行時間過長: 34.9ms
2025-07-21 18:58:14 [INFO] GripperOptimized:process_commands:412 - 收到PGC指令: 代碼=3, 參數1=300, 參數2=0, ID=61
2025-07-21 18:58:14 [INFO] GripperOptimized:process_commands:418 - PGC指令執行成功
2025-07-21 18:58:14 [WARNING] GripperOptimized:fast_loop:492 - 主循環執行時間過長: 36.1ms
2025-07-21 18:58:18 [INFO] GripperOptimized:process_commands:412 - 收到PGC指令: 代碼=3, 參數1=460, 參數2=0, ID=62
2025-07-21 18:58:18 [INFO] GripperOptimized:process_commands:418 - PGC指令執行成功
2025-07-21 18:58:18 [WARNING] GripperOptimized:fast_loop:492 - 主循環執行時間過長: 36.4ms
2025-07-21 18:58:20 [INFO] GripperOptimized:process_commands:412 - 收到PGC指令: 代碼=3, 參數1=300, 參數2=0, ID=63
2025-07-21 18:58:20 [INFO] GripperOptimized:process_commands:418 - PGC指令執行成功
2025-07-21 18:58:20 [WARNING] GripperOptimized:fast_loop:492 - 主循環執行時間過長: 34.7ms
2025-07-21 18:58:22 [INFO] GripperOptimized:process_commands:412 - 收到PGC指令: 代碼=3, 參數1=460, 參數2=0, ID=64
2025-07-21 18:58:22 [INFO] GripperOptimized:process_commands:418 - PGC指令執行成功
2025-07-21 18:58:22 [WARNING] GripperOptimized:fast_loop:492 - 主循環執行時間過長: 37.8ms
2025-07-21 18:58:24 [INFO] GripperOptimized:process_commands:412 - 收到PGC指令: 代碼=3, 參數1=300, 參數2=0, ID=65
2025-07-21 18:58:25 [INFO] GripperOptimized:process_commands:418 - PGC指令執行成功
2025-07-21 18:58:25 [WARNING] GripperOptimized:fast_loop:492 - 主循環執行時間過長: 36.7ms
2025-07-21 18:58:28 [INFO] GripperOptimized:process_commands:412 - 收到PGC指令: 代碼=3, 參數1=460, 參數2=0, ID=66
2025-07-21 18:58:28 [INFO] GripperOptimized:process_commands:418 - PGC指令執行成功
2025-07-21 18:58:28 [WARNING] GripperOptimized:fast_loop:492 - 主循環執行時間過長: 35.9ms
2025-07-21 18:58:30 [INFO] GripperOptimized:fast_loop:484 - 性能統計: 循環=339000, 平均耗時=7.5ms, 最大耗時=49.0ms, 指令數=182
2025-07-21 18:58:30 [INFO] GripperOptimized:process_commands:412 - 收到PGC指令: 代碼=3, 參數1=300, 參數2=0, ID=67
2025-07-21 18:58:31 [INFO] GripperOptimized:process_commands:418 - PGC指令執行成功
2025-07-21 18:58:31 [WARNING] GripperOptimized:fast_loop:492 - 主循環執行時間過長: 37.2ms
2025-07-21 18:58:32 [INFO] GripperOptimized:process_commands:412 - 收到PGC指令: 代碼=3, 參數1=460, 參數2=0, ID=68
2025-07-21 18:58:32 [INFO] GripperOptimized:process_commands:418 - PGC指令執行成功
2025-07-21 18:58:32 [WARNING] GripperOptimized:fast_loop:492 - 主循環執行時間過長: 36.4ms
2025-07-21 18:58:35 [INFO] GripperOptimized:process_commands:412 - 收到PGC指令: 代碼=3, 參數1=300, 參數2=0, ID=69
2025-07-21 18:58:35 [INFO] GripperOptimized:process_commands:418 - PGC指令執行成功
2025-07-21 18:58:35 [WARNING] GripperOptimized:fast_loop:492 - 主循環執行時間過長: 36.9ms
2025-07-21 18:58:39 [INFO] GripperOptimized:process_commands:412 - 收到PGC指令: 代碼=3, 參數1=460, 參數2=0, ID=70
2025-07-21 18:58:39 [INFO] GripperOptimized:process_commands:418 - PGC指令執行成功
2025-07-21 18:58:39 [WARNING] GripperOptimized:fast_loop:492 - 主循環執行時間過長: 35.9ms
2025-07-21 18:58:42 [INFO] GripperOptimized:process_commands:412 - 收到PGC指令: 代碼=3, 參數1=300, 參數2=0, ID=71
2025-07-21 18:58:42 [INFO] GripperOptimized:process_commands:418 - PGC指令執行成功
2025-07-21 18:58:42 [WARNING] GripperOptimized:fast_loop:492 - 主循環執行時間過長: 34.7ms
2025-07-21 18:58:43 [INFO] GripperOptimized:process_commands:412 - 收到PGC指令: 代碼=3, 參數1=460, 參數2=0, ID=72
2025-07-21 18:58:43 [INFO] GripperOptimized:process_commands:418 - PGC指令執行成功
2025-07-21 18:58:43 [WARNING] GripperOptimized:fast_loop:492 - 主循環執行時間過長: 36.2ms
2025-07-21 18:58:47 [INFO] GripperOptimized:process_commands:412 - 收到PGC指令: 代碼=3, 參數1=300, 參數2=0, ID=73
2025-07-21 18:58:47 [INFO] GripperOptimized:process_commands:418 - PGC指令執行成功
2025-07-21 18:58:47 [WARNING] GripperOptimized:fast_loop:492 - 主循環執行時間過長: 36.5ms
2025-07-21 18:58:51 [INFO] GripperOptimized:fast_loop:484 - 性能統計: 循環=340000, 平均耗時=7.4ms, 最大耗時=49.0ms, 指令數=189
2025-07-21 18:58:55 [INFO] GripperOptimized:process_commands:412 - 收到PGC指令: 代碼=3, 參數1=460, 參數2=0, ID=74
2025-07-21 18:58:55 [INFO] GripperOptimized:process_commands:418 - PGC指令執行成功
2025-07-21 18:58:55 [WARNING] GripperOptimized:fast_loop:492 - 主循環執行時間過長: 35.2ms
2025-07-21 18:58:58 [INFO] GripperOptimized:process_commands:412 - 收到PGC指令: 代碼=3, 參數1=300, 參數2=0, ID=75
2025-07-21 18:58:58 [INFO] GripperOptimized:process_commands:418 - PGC指令執行成功
2025-07-21 18:58:58 [WARNING] GripperOptimized:fast_loop:492 - 主循環執行時間過長: 35.5ms
2025-07-21 18:58:59 [INFO] GripperOptimized:process_commands:412 - 收到PGC指令: 代碼=3, 參數1=460, 參數2=0, ID=76
2025-07-21 18:58:59 [INFO] GripperOptimized:process_commands:418 - PGC指令執行成功
2025-07-21 18:59:00 [WARNING] GripperOptimized:fast_loop:492 - 主循環執行時間過長: 35.8ms
2025-07-21 18:59:04 [INFO] GripperOptimized:process_commands:412 - 收到PGC指令: 代碼=3, 參數1=300, 參數2=0, ID=77
2025-07-21 18:59:04 [INFO] GripperOptimized:process_commands:418 - PGC指令執行成功
2025-07-21 18:59:04 [WARNING] GripperOptimized:fast_loop:492 - 主循環執行時間過長: 35.2ms
2025-07-21 18:59:07 [INFO] GripperOptimized:process_commands:412 - 收到PGC指令: 代碼=3, 參數1=460, 參數2=0, ID=78
2025-07-21 18:59:07 [INFO] GripperOptimized:process_commands:418 - PGC指令執行成功
2025-07-21 18:59:07 [WARNING] GripperOptimized:fast_loop:492 - 主循環執行時間過長: 34.9ms
2025-07-21 18:59:10 [INFO] GripperOptimized:process_commands:412 - 收到PGC指令: 代碼=3, 參數1=300, 參數2=0, ID=79
2025-07-21 18:59:10 [INFO] GripperOptimized:process_commands:418 - PGC指令執行成功
2025-07-21 18:59:10 [WARNING] GripperOptimized:fast_loop:492 - 主循環執行時間過長: 36.0ms
2025-07-21 18:59:12 [INFO] GripperOptimized:process_commands:412 - 收到PGC指令: 代碼=3, 參數1=460, 參數2=0, ID=80
2025-07-21 18:59:12 [INFO] GripperOptimized:process_commands:418 - PGC指令執行成功
2025-07-21 18:59:12 [WARNING] GripperOptimized:fast_loop:492 - 主循環執行時間過長: 35.7ms
2025-07-21 18:59:12 [INFO] GripperOptimized:fast_loop:484 - 性能統計: 循環=341000, 平均耗時=8.7ms, 最大耗時=49.0ms, 指令數=196
2025-07-21 18:59:18 [INFO] GripperOptimized:process_commands:412 - 收到PGC指令: 代碼=3, 參數1=300, 參數2=0, ID=81
2025-07-21 18:59:18 [INFO] GripperOptimized:process_commands:418 - PGC指令執行成功
2025-07-21 18:59:19 [WARNING] GripperOptimized:fast_loop:492 - 主循環執行時間過長: 35.9ms
2025-07-21 18:59:22 [INFO] GripperOptimized:process_commands:412 - 收到PGC指令: 代碼=3, 參數1=460, 參數2=0, ID=82
2025-07-21 18:59:22 [INFO] GripperOptimized:process_commands:418 - PGC指令執行成功
2025-07-21 18:59:22 [WARNING] GripperOptimized:fast_loop:492 - 主循環執行時間過長: 36.2ms
2025-07-21 18:59:25 [INFO] GripperOptimized:process_commands:412 - 收到PGC指令: 代碼=3, 參數1=300, 參數2=0, ID=83
2025-07-21 18:59:25 [INFO] GripperOptimized:process_commands:418 - PGC指令執行成功
2025-07-21 18:59:25 [WARNING] GripperOptimized:fast_loop:492 - 主循環執行時間過長: 35.1ms
2025-07-21 18:59:26 [INFO] GripperOptimized:process_commands:412 - 收到PGC指令: 代碼=3, 參數1=460, 參數2=0, ID=84
2025-07-21 18:59:26 [INFO] GripperOptimized:process_commands:418 - PGC指令執行成功
2025-07-21 18:59:26 [WARNING] GripperOptimized:fast_loop:492 - 主循環執行時間過長: 34.1ms
2025-07-21 18:59:29 [INFO] GripperOptimized:process_commands:412 - 收到PGC指令: 代碼=3, 參數1=300, 參數2=0, ID=85
2025-07-21 18:59:29 [INFO] GripperOptimized:process_commands:418 - PGC指令執行成功
2025-07-21 18:59:29 [WARNING] GripperOptimized:fast_loop:492 - 主循環執行時間過長: 35.4ms
2025-07-21 18:59:33 [INFO] GripperOptimized:fast_loop:484 - 性能統計: 循環=342000, 平均耗時=7.5ms, 最大耗時=49.0ms, 指令數=201
2025-07-21 18:59:33 [INFO] GripperOptimized:process_commands:412 - 收到PGC指令: 代碼=3, 參數1=460, 參數2=0, ID=86
2025-07-21 18:59:33 [INFO] GripperOptimized:process_commands:418 - PGC指令執行成功
2025-07-21 18:59:33 [WARNING] GripperOptimized:fast_loop:492 - 主循環執行時間過長: 35.5ms
2025-07-21 18:59:35 [INFO] GripperOptimized:process_commands:412 - 收到PGC指令: 代碼=3, 參數1=300, 參數2=0, ID=87
2025-07-21 18:59:35 [INFO] GripperOptimized:process_commands:418 - PGC指令執行成功
2025-07-21 18:59:36 [WARNING] GripperOptimized:fast_loop:492 - 主循環執行時間過長: 35.6ms
2025-07-21 18:59:37 [INFO] GripperOptimized:process_commands:412 - 收到PGC指令: 代碼=3, 參數1=460, 參數2=0, ID=88
2025-07-21 18:59:37 [INFO] GripperOptimized:process_commands:418 - PGC指令執行成功
2025-07-21 18:59:37 [WARNING] GripperOptimized:fast_loop:492 - 主循環執行時間過長: 35.9ms
2025-07-21 18:59:53 [INFO] GripperOptimized:fast_loop:484 - 性能統計: 循環=343000, 平均耗時=7.6ms, 最大耗時=49.0ms, 指令數=204
2025-07-21 19:00:14 [INFO] GripperOptimized:fast_loop:484 - 性能統計: 循環=344000, 平均耗時=7.5ms, 最大耗時=49.0ms, 指令數=204
2025-07-21 19:00:35 [INFO] GripperOptimized:fast_loop:484 - 性能統計: 循環=345000, 平均耗時=7.5ms, 最大耗時=49.0ms, 指令數=204
2025-07-21 19:00:53 [INFO] GripperOptimized:process_commands:412 - 收到PGC指令: 代碼=3, 參數1=300, 參數2=0, ID=89
2025-07-21 19:00:53 [INFO] GripperOptimized:process_commands:418 - PGC指令執行成功
2025-07-21 19:00:53 [WARNING] GripperOptimized:fast_loop:492 - 主循環執行時間過長: 37.1ms
2025-07-21 19:00:55 [INFO] GripperOptimized:fast_loop:484 - 性能統計: 循環=346000, 平均耗時=7.4ms, 最大耗時=49.0ms, 指令數=205
2025-07-21 19:00:56 [INFO] GripperOptimized:process_commands:412 - 收到PGC指令: 代碼=3, 參數1=460, 參數2=0, ID=90
2025-07-21 19:00:56 [INFO] GripperOptimized:process_commands:418 - PGC指令執行成功
2025-07-21 19:00:56 [WARNING] GripperOptimized:fast_loop:492 - 主循環執行時間過長: 36.3ms
2025-07-21 19:00:59 [INFO] GripperOptimized:process_commands:412 - 收到PGC指令: 代碼=3, 參數1=300, 參數2=0, ID=91
2025-07-21 19:00:59 [INFO] GripperOptimized:process_commands:418 - PGC指令執行成功
2025-07-21 19:00:59 [WARNING] GripperOptimized:fast_loop:492 - 主循環執行時間過長: 37.7ms
2025-07-21 19:01:01 [INFO] GripperOptimized:process_commands:412 - 收到PGC指令: 代碼=3, 參數1=460, 參數2=0, ID=92
2025-07-21 19:01:01 [INFO] GripperOptimized:process_commands:418 - PGC指令執行成功
2025-07-21 19:01:01 [WARNING] GripperOptimized:fast_loop:492 - 主循環執行時間過長: 36.1ms
2025-07-21 19:01:16 [INFO] GripperOptimized:fast_loop:484 - 性能統計: 循環=347000, 平均耗時=7.7ms, 最大耗時=49.0ms, 指令數=208
2025-07-21 19:01:24 [INFO] GripperOptimized:process_commands:412 - 收到PGC指令: 代碼=3, 參數1=300, 參數2=0, ID=93
2025-07-21 19:01:24 [INFO] GripperOptimized:process_commands:418 - PGC指令執行成功
2025-07-21 19:01:24 [WARNING] GripperOptimized:fast_loop:492 - 主循環執行時間過長: 35.0ms
2025-07-21 19:01:27 [INFO] GripperOptimized:process_commands:412 - 收到PGC指令: 代碼=3, 參數1=460, 參數2=0, ID=94
2025-07-21 19:01:27 [INFO] GripperOptimized:process_commands:418 - PGC指令執行成功
2025-07-21 19:01:28 [WARNING] GripperOptimized:fast_loop:492 - 主循環執行時間過長: 34.7ms
2025-07-21 19:01:30 [INFO] GripperOptimized:process_commands:412 - 收到PGC指令: 代碼=3, 參數1=300, 參數2=0, ID=95
2025-07-21 19:01:30 [INFO] GripperOptimized:process_commands:418 - PGC指令執行成功
2025-07-21 19:01:30 [WARNING] GripperOptimized:fast_loop:492 - 主循環執行時間過長: 36.0ms
2025-07-21 19:01:32 [INFO] GripperOptimized:process_commands:412 - 收到PGC指令: 代碼=3, 參數1=460, 參數2=0, ID=96
2025-07-21 19:01:32 [INFO] GripperOptimized:process_commands:418 - PGC指令執行成功
2025-07-21 19:01:32 [WARNING] GripperOptimized:fast_loop:492 - 主循環執行時間過長: 36.8ms
2025-07-21 19:01:34 [INFO] GripperOptimized:process_commands:412 - 收到PGC指令: 代碼=3, 參數1=300, 參數2=0, ID=97
2025-07-21 19:01:34 [INFO] GripperOptimized:process_commands:418 - PGC指令執行成功
2025-07-21 19:01:34 [WARNING] GripperOptimized:fast_loop:492 - 主循環執行時間過長: 36.8ms
2025-07-21 19:01:37 [INFO] GripperOptimized:fast_loop:484 - 性能統計: 循環=348000, 平均耗時=7.6ms, 最大耗時=49.0ms, 指令數=213
2025-07-21 19:01:37 [INFO] GripperOptimized:process_commands:412 - 收到PGC指令: 代碼=3, 參數1=460, 參數2=0, ID=98
2025-07-21 19:01:37 [INFO] GripperOptimized:process_commands:418 - PGC指令執行成功
2025-07-21 19:01:37 [WARNING] GripperOptimized:fast_loop:492 - 主循環執行時間過長: 33.7ms
2025-07-21 19:01:40 [INFO] GripperOptimized:process_commands:412 - 收到PGC指令: 代碼=3, 參數1=300, 參數2=0, ID=99
2025-07-21 19:01:40 [INFO] GripperOptimized:process_commands:418 - PGC指令執行成功
2025-07-21 19:01:40 [WARNING] GripperOptimized:fast_loop:492 - 主循環執行時間過長: 37.0ms
2025-07-21 19:01:42 [INFO] GripperOptimized:process_commands:412 - 收到PGC指令: 代碼=3, 參數1=460, 參數2=0, ID=100
2025-07-21 19:01:42 [INFO] GripperOptimized:process_commands:418 - PGC指令執行成功
2025-07-21 19:01:42 [WARNING] GripperOptimized:fast_loop:492 - 主循環執行時間過長: 37.8ms
2025-07-21 19:01:45 [INFO] GripperOptimized:process_commands:412 - 收到PGC指令: 代碼=3, 參數1=300, 參數2=0, ID=101
2025-07-21 19:01:45 [INFO] GripperOptimized:process_commands:418 - PGC指令執行成功
2025-07-21 19:01:45 [WARNING] GripperOptimized:fast_loop:492 - 主循環執行時間過長: 35.9ms
2025-07-21 19:01:48 [INFO] GripperOptimized:process_commands:412 - 收到PGC指令: 代碼=3, 參數1=460, 參數2=0, ID=102
2025-07-21 19:01:48 [INFO] GripperOptimized:process_commands:418 - PGC指令執行成功
2025-07-21 19:01:48 [WARNING] GripperOptimized:fast_loop:492 - 主循環執行時間過長: 36.4ms
2025-07-21 19:01:51 [INFO] GripperOptimized:process_commands:412 - 收到PGC指令: 代碼=3, 參數1=300, 參數2=0, ID=103
2025-07-21 19:01:51 [INFO] GripperOptimized:process_commands:418 - PGC指令執行成功
2025-07-21 19:01:51 [WARNING] GripperOptimized:fast_loop:492 - 主循環執行時間過長: 35.2ms
2025-07-21 19:01:53 [INFO] GripperOptimized:process_commands:412 - 收到PGC指令: 代碼=3, 參數1=460, 參數2=0, ID=104
2025-07-21 19:01:53 [INFO] GripperOptimized:process_commands:418 - PGC指令執行成功
2025-07-21 19:01:53 [WARNING] GripperOptimized:fast_loop:492 - 主循環執行時間過長: 36.8ms
2025-07-21 19:01:55 [INFO] GripperOptimized:process_commands:412 - 收到PGC指令: 代碼=3, 參數1=300, 參數2=0, ID=105
2025-07-21 19:01:55 [INFO] GripperOptimized:process_commands:418 - PGC指令執行成功
2025-07-21 19:01:55 [WARNING] GripperOptimized:fast_loop:492 - 主循環執行時間過長: 35.0ms
2025-07-21 19:01:58 [INFO] GripperOptimized:fast_loop:484 - 性能統計: 循環=349000, 平均耗時=7.6ms, 最大耗時=49.0ms, 指令數=221
2025-07-21 19:01:58 [INFO] GripperOptimized:process_commands:412 - 收到PGC指令: 代碼=3, 參數1=460, 參數2=0, ID=106
2025-07-21 19:01:58 [INFO] GripperOptimized:process_commands:418 - PGC指令執行成功
2025-07-21 19:01:58 [WARNING] GripperOptimized:fast_loop:492 - 主循環執行時間過長: 36.3ms
2025-07-21 19:02:01 [INFO] GripperOptimized:process_commands:412 - 收到PGC指令: 代碼=3, 參數1=300, 參數2=0, ID=107
2025-07-21 19:02:01 [INFO] GripperOptimized:process_commands:418 - PGC指令執行成功
2025-07-21 19:02:01 [WARNING] GripperOptimized:fast_loop:492 - 主循環執行時間過長: 35.8ms
2025-07-21 19:02:02 [INFO] GripperOptimized:process_commands:412 - 收到PGC指令: 代碼=3, 參數1=460, 參數2=0, ID=108
2025-07-21 19:02:02 [INFO] GripperOptimized:process_commands:418 - PGC指令執行成功
2025-07-21 19:02:02 [WARNING] GripperOptimized:fast_loop:492 - 主循環執行時間過長: 36.7ms
2025-07-21 19:02:05 [INFO] GripperOptimized:process_commands:412 - 收到PGC指令: 代碼=3, 參數1=300, 參數2=0, ID=109
2025-07-21 19:02:05 [INFO] GripperOptimized:process_commands:418 - PGC指令執行成功
2025-07-21 19:02:05 [WARNING] GripperOptimized:fast_loop:492 - 主循環執行時間過長: 33.5ms
2025-07-21 19:02:08 [INFO] GripperOptimized:process_commands:412 - 收到PGC指令: 代碼=3, 參數1=460, 參數2=0, ID=110
2025-07-21 19:02:08 [INFO] GripperOptimized:process_commands:418 - PGC指令執行成功
2025-07-21 19:02:08 [WARNING] GripperOptimized:fast_loop:492 - 主循環執行時間過長: 36.0ms
2025-07-21 19:02:11 [INFO] GripperOptimized:process_commands:412 - 收到PGC指令: 代碼=3, 參數1=300, 參數2=0, ID=111
2025-07-21 19:02:11 [INFO] GripperOptimized:process_commands:418 - PGC指令執行成功
2025-07-21 19:02:11 [WARNING] GripperOptimized:fast_loop:492 - 主循環執行時間過長: 36.6ms
2025-07-21 19:02:12 [INFO] GripperOptimized:process_commands:412 - 收到PGC指令: 代碼=3, 參數1=460, 參數2=0, ID=112
2025-07-21 19:02:12 [INFO] GripperOptimized:process_commands:418 - PGC指令執行成功
2025-07-21 19:02:12 [WARNING] GripperOptimized:fast_loop:492 - 主循環執行時間過長: 33.7ms
2025-07-21 19:02:14 [INFO] GripperOptimized:process_commands:412 - 收到PGC指令: 代碼=3, 參數1=300, 參數2=0, ID=113
2025-07-21 19:02:14 [INFO] GripperOptimized:process_commands:418 - PGC指令執行成功
2025-07-21 19:02:14 [WARNING] GripperOptimized:fast_loop:492 - 主循環執行時間過長: 36.2ms
2025-07-21 19:02:18 [INFO] GripperOptimized:process_commands:412 - 收到PGC指令: 代碼=3, 參數1=460, 參數2=0, ID=114
2025-07-21 19:02:18 [INFO] GripperOptimized:process_commands:418 - PGC指令執行成功
2025-07-21 19:02:18 [WARNING] GripperOptimized:fast_loop:492 - 主循環執行時間過長: 37.3ms
2025-07-21 19:02:19 [INFO] GripperOptimized:fast_loop:484 - 性能統計: 循環=350000, 平均耗時=7.4ms, 最大耗時=49.0ms, 指令數=230
2025-07-21 19:02:21 [INFO] GripperOptimized:process_commands:412 - 收到PGC指令: 代碼=3, 參數1=300, 參數2=0, ID=115
2025-07-21 19:02:21 [INFO] GripperOptimized:process_commands:418 - PGC指令執行成功
2025-07-21 19:02:21 [WARNING] GripperOptimized:fast_loop:492 - 主循環執行時間過長: 35.5ms
2025-07-21 19:02:22 [INFO] GripperOptimized:process_commands:412 - 收到PGC指令: 代碼=3, 參數1=460, 參數2=0, ID=116
2025-07-21 19:02:22 [INFO] GripperOptimized:process_commands:418 - PGC指令執行成功
2025-07-21 19:02:22 [WARNING] GripperOptimized:fast_loop:492 - 主循環執行時間過長: 36.3ms
2025-07-21 19:02:24 [INFO] GripperOptimized:process_commands:412 - 收到PGC指令: 代碼=3, 參數1=300, 參數2=0, ID=117
2025-07-21 19:02:24 [INFO] GripperOptimized:process_commands:418 - PGC指令執行成功
2025-07-21 19:02:25 [WARNING] GripperOptimized:fast_loop:492 - 主循環執行時間過長: 34.8ms
2025-07-21 19:02:28 [INFO] GripperOptimized:process_commands:412 - 收到PGC指令: 代碼=3, 參數1=460, 參數2=0, ID=118
2025-07-21 19:02:28 [INFO] GripperOptimized:process_commands:418 - PGC指令執行成功
2025-07-21 19:02:28 [WARNING] GripperOptimized:fast_loop:492 - 主循環執行時間過長: 36.4ms
2025-07-21 19:02:31 [INFO] GripperOptimized:process_commands:412 - 收到PGC指令: 代碼=3, 參數1=300, 參數2=0, ID=119
2025-07-21 19:02:31 [INFO] GripperOptimized:process_commands:418 - PGC指令執行成功
2025-07-21 19:02:31 [WARNING] GripperOptimized:fast_loop:492 - 主循環執行時間過長: 35.9ms
2025-07-21 19:02:33 [INFO] GripperOptimized:process_commands:412 - 收到PGC指令: 代碼=3, 參數1=460, 參數2=0, ID=120
2025-07-21 19:02:33 [INFO] GripperOptimized:process_commands:418 - PGC指令執行成功
2025-07-21 19:02:33 [WARNING] GripperOptimized:fast_loop:492 - 主循環執行時間過長: 35.8ms
2025-07-21 19:02:35 [INFO] GripperOptimized:process_commands:412 - 收到PGC指令: 代碼=3, 參數1=300, 參數2=0, ID=121
2025-07-21 19:02:35 [INFO] GripperOptimized:process_commands:418 - PGC指令執行成功
2025-07-21 19:02:35 [WARNING] GripperOptimized:fast_loop:492 - 主循環執行時間過長: 36.7ms
2025-07-21 19:02:39 [INFO] GripperOptimized:process_commands:412 - 收到PGC指令: 代碼=3, 參數1=460, 參數2=0, ID=122
2025-07-21 19:02:39 [INFO] GripperOptimized:process_commands:418 - PGC指令執行成功
2025-07-21 19:02:39 [WARNING] GripperOptimized:fast_loop:492 - 主循環執行時間過長: 36.2ms
2025-07-21 19:02:39 [INFO] GripperOptimized:fast_loop:484 - 性能統計: 循環=351000, 平均耗時=7.6ms, 最大耗時=49.0ms, 指令數=238
2025-07-21 19:02:41 [INFO] GripperOptimized:process_commands:412 - 收到PGC指令: 代碼=3, 參數1=300, 參數2=0, ID=123
2025-07-21 19:02:41 [INFO] GripperOptimized:process_commands:418 - PGC指令執行成功
2025-07-21 19:02:41 [WARNING] GripperOptimized:fast_loop:492 - 主循環執行時間過長: 36.8ms
2025-07-21 19:02:43 [INFO] GripperOptimized:process_commands:412 - 收到PGC指令: 代碼=3, 參數1=460, 參數2=0, ID=124
2025-07-21 19:02:43 [INFO] GripperOptimized:process_commands:418 - PGC指令執行成功
2025-07-21 19:02:43 [WARNING] GripperOptimized:fast_loop:492 - 主循環執行時間過長: 36.2ms
2025-07-21 19:02:45 [INFO] GripperOptimized:process_commands:412 - 收到PGC指令: 代碼=3, 參數1=300, 參數2=0, ID=125
2025-07-21 19:02:45 [INFO] GripperOptimized:process_commands:418 - PGC指令執行成功
2025-07-21 19:02:45 [WARNING] GripperOptimized:fast_loop:492 - 主循環執行時間過長: 37.8ms
2025-07-21 19:02:49 [INFO] GripperOptimized:process_commands:412 - 收到PGC指令: 代碼=3, 參數1=460, 參數2=0, ID=126
2025-07-21 19:02:49 [INFO] GripperOptimized:process_commands:418 - PGC指令執行成功
2025-07-21 19:02:49 [WARNING] GripperOptimized:fast_loop:492 - 主循環執行時間過長: 35.8ms
2025-07-21 19:02:52 [INFO] GripperOptimized:process_commands:412 - 收到PGC指令: 代碼=3, 參數1=300, 參數2=0, ID=127
2025-07-21 19:02:52 [INFO] GripperOptimized:process_commands:418 - PGC指令執行成功
2025-07-21 19:02:52 [WARNING] GripperOptimized:fast_loop:492 - 主循環執行時間過長: 35.9ms
2025-07-21 19:02:53 [INFO] GripperOptimized:process_commands:412 - 收到PGC指令: 代碼=3, 參數1=460, 參數2=0, ID=128
2025-07-21 19:02:53 [INFO] GripperOptimized:process_commands:418 - PGC指令執行成功
2025-07-21 19:02:53 [WARNING] GripperOptimized:fast_loop:492 - 主循環執行時間過長: 36.2ms
2025-07-21 19:02:55 [INFO] GripperOptimized:process_commands:412 - 收到PGC指令: 代碼=3, 參數1=300, 參數2=0, ID=129
2025-07-21 19:02:55 [INFO] GripperOptimized:process_commands:418 - PGC指令執行成功
2025-07-21 19:02:55 [WARNING] GripperOptimized:fast_loop:492 - 主循環執行時間過長: 36.8ms
2025-07-21 19:02:59 [INFO] GripperOptimized:process_commands:412 - 收到PGC指令: 代碼=3, 參數1=460, 參數2=0, ID=130
2025-07-21 19:02:59 [INFO] GripperOptimized:process_commands:418 - PGC指令執行成功
2025-07-21 19:02:59 [WARNING] GripperOptimized:fast_loop:492 - 主循環執行時間過長: 34.1ms
2025-07-21 19:03:00 [INFO] GripperOptimized:fast_loop:484 - 性能統計: 循環=352000, 平均耗時=7.1ms, 最大耗時=49.0ms, 指令數=246
2025-07-21 19:03:01 [INFO] GripperOptimized:process_commands:412 - 收到PGC指令: 代碼=3, 參數1=300, 參數2=0, ID=131
2025-07-21 19:03:01 [INFO] GripperOptimized:process_commands:418 - PGC指令執行成功
2025-07-21 19:03:01 [WARNING] GripperOptimized:fast_loop:492 - 主循環執行時間過長: 35.3ms
2025-07-21 19:03:03 [INFO] GripperOptimized:process_commands:412 - 收到PGC指令: 代碼=3, 參數1=460, 參數2=0, ID=132
2025-07-21 19:03:03 [INFO] GripperOptimized:process_commands:418 - PGC指令執行成功
2025-07-21 19:03:03 [WARNING] GripperOptimized:fast_loop:492 - 主循環執行時間過長: 36.7ms
2025-07-21 19:03:21 [INFO] GripperOptimized:fast_loop:484 - 性能統計: 循環=353000, 平均耗時=7.8ms, 最大耗時=49.0ms, 指令數=248
2025-07-21 19:03:42 [INFO] GripperOptimized:fast_loop:484 - 性能統計: 循環=354000, 平均耗時=7.5ms, 最大耗時=49.0ms, 指令數=248
2025-07-21 19:04:02 [INFO] GripperOptimized:fast_loop:484 - 性能統計: 循環=355000, 平均耗時=7.4ms, 最大耗時=49.0ms, 指令數=248
2025-07-21 19:04:23 [INFO] GripperOptimized:fast_loop:484 - 性能統計: 循環=356000, 平均耗時=7.4ms, 最大耗時=49.0ms, 指令數=248
2025-07-21 19:04:44 [INFO] GripperOptimized:fast_loop:484 - 性能統計: 循環=357000, 平均耗時=7.5ms, 最大耗時=49.0ms, 指令數=248
2025-07-21 19:05:05 [INFO] GripperOptimized:fast_loop:484 - 性能統計: 循環=358000, 平均耗時=7.8ms, 最大耗時=49.0ms, 指令數=248
2025-07-21 19:05:25 [INFO] GripperOptimized:fast_loop:484 - 性能統計: 循環=359000, 平均耗時=7.5ms, 最大耗時=49.0ms, 指令數=248
2025-07-21 19:05:46 [INFO] GripperOptimized:fast_loop:484 - 性能統計: 循環=360000, 平均耗時=7.5ms, 最大耗時=49.0ms, 指令數=248
2025-07-21 19:06:07 [INFO] GripperOptimized:fast_loop:484 - 性能統計: 循環=361000, 平均耗時=7.4ms, 最大耗時=49.0ms, 指令數=248
2025-07-21 19:06:27 [INFO] GripperOptimized:fast_loop:484 - 性能統計: 循環=362000, 平均耗時=7.6ms, 最大耗時=49.0ms, 指令數=248
2025-07-21 19:06:48 [INFO] GripperOptimized:fast_loop:484 - 性能統計: 循環=363000, 平均耗時=7.7ms, 最大耗時=49.0ms, 指令數=248
2025-07-21 19:07:09 [INFO] GripperOptimized:fast_loop:484 - 性能統計: 循環=364000, 平均耗時=7.2ms, 最大耗時=49.0ms, 指令數=248
2025-07-21 19:07:30 [INFO] GripperOptimized:fast_loop:484 - 性能統計: 循環=365000, 平均耗時=7.4ms, 最大耗時=49.0ms, 指令數=248
2025-07-21 19:07:50 [INFO] GripperOptimized:fast_loop:484 - 性能統計: 循環=366000, 平均耗時=7.5ms, 最大耗時=49.0ms, 指令數=248
2025-07-21 19:08:11 [INFO] GripperOptimized:fast_loop:484 - 性能統計: 循環=367000, 平均耗時=7.5ms, 最大耗時=49.0ms, 指令數=248
2025-07-21 19:08:32 [INFO] GripperOptimized:fast_loop:484 - 性能統計: 循環=368000, 平均耗時=7.6ms, 最大耗時=49.0ms, 指令數=248
2025-07-21 19:08:52 [INFO] GripperOptimized:fast_loop:484 - 性能統計: 循環=369000, 平均耗時=7.2ms, 最大耗時=49.0ms, 指令數=248
2025-07-21 19:09:13 [INFO] GripperOptimized:fast_loop:484 - 性能統計: 循環=370000, 平均耗時=7.5ms, 最大耗時=49.0ms, 指令數=248
2025-07-21 19:09:34 [INFO] GripperOptimized:fast_loop:484 - 性能統計: 循環=371000, 平均耗時=7.4ms, 最大耗時=49.0ms, 指令數=248
2025-07-21 19:09:54 [INFO] GripperOptimized:fast_loop:484 - 性能統計: 循環=372000, 平均耗時=7.3ms, 最大耗時=49.0ms, 指令數=248
2025-07-21 19:10:15 [INFO] GripperOptimized:fast_loop:484 - 性能統計: 循環=373000, 平均耗時=7.6ms, 最大耗時=49.0ms, 指令數=248
2025-07-21 19:10:36 [INFO] GripperOptimized:fast_loop:484 - 性能統計: 循環=374000, 平均耗時=7.5ms, 最大耗時=49.0ms, 指令數=248
2025-07-21 19:10:57 [INFO] GripperOptimized:fast_loop:484 - 性能統計: 循環=375000, 平均耗時=7.7ms, 最大耗時=49.0ms, 指令數=248
2025-07-21 19:11:17 [INFO] GripperOptimized:fast_loop:484 - 性能統計: 循環=376000, 平均耗時=7.5ms, 最大耗時=49.0ms, 指令數=248
2025-07-21 19:11:38 [INFO] GripperOptimized:fast_loop:484 - 性能統計: 循環=377000, 平均耗時=7.7ms, 最大耗時=49.0ms, 指令數=248
2025-07-21 19:11:59 [INFO] GripperOptimized:fast_loop:484 - 性能統計: 循環=378000, 平均耗時=7.5ms, 最大耗時=49.0ms, 指令數=248
2025-07-21 19:12:19 [INFO] GripperOptimized:fast_loop:484 - 性能統計: 循環=379000, 平均耗時=7.5ms, 最大耗時=49.0ms, 指令數=248
2025-07-21 19:12:40 [INFO] GripperOptimized:fast_loop:484 - 性能統計: 循環=380000, 平均耗時=7.6ms, 最大耗時=49.0ms, 指令數=248
2025-07-21 19:13:01 [INFO] GripperOptimized:fast_loop:484 - 性能統計: 循環=381000, 平均耗時=7.4ms, 最大耗時=49.0ms, 指令數=248
2025-07-21 19:13:22 [INFO] GripperOptimized:fast_loop:484 - 性能統計: 循環=382000, 平均耗時=7.3ms, 最大耗時=49.0ms, 指令數=248
2025-07-21 19:13:42 [INFO] GripperOptimized:fast_loop:484 - 性能統計: 循環=383000, 平均耗時=7.5ms, 最大耗時=49.0ms, 指令數=248
2025-07-21 19:14:03 [INFO] GripperOptimized:fast_loop:484 - 性能統計: 循環=384000, 平均耗時=7.1ms, 最大耗時=49.0ms, 指令數=248
2025-07-21 19:14:24 [INFO] GripperOptimized:fast_loop:484 - 性能統計: 循環=385000, 平均耗時=7.0ms, 最大耗時=49.0ms, 指令數=248
2025-07-21 19:14:44 [INFO] GripperOptimized:fast_loop:484 - 性能統計: 循環=386000, 平均耗時=7.3ms, 最大耗時=49.0ms, 指令數=248
2025-07-21 19:15:05 [INFO] GripperOptimized:fast_loop:484 - 性能統計: 循環=387000, 平均耗時=7.5ms, 最大耗時=49.0ms, 指令數=248
2025-07-21 19:15:26 [INFO] GripperOptimized:fast_loop:484 - 性能統計: 循環=388000, 平均耗時=7.4ms, 最大耗時=49.0ms, 指令數=248
2025-07-21 19:15:46 [INFO] GripperOptimized:fast_loop:484 - 性能統計: 循環=389000, 平均耗時=7.3ms, 最大耗時=49.0ms, 指令數=248
2025-07-21 19:16:07 [INFO] GripperOptimized:fast_loop:484 - 性能統計: 循環=390000, 平均耗時=7.4ms, 最大耗時=49.0ms, 指令數=248
2025-07-21 19:16:28 [INFO] GripperOptimized:fast_loop:484 - 性能統計: 循環=391000, 平均耗時=7.2ms, 最大耗時=49.0ms, 指令數=248
2025-07-21 19:16:49 [INFO] GripperOptimized:fast_loop:484 - 性能統計: 循環=392000, 平均耗時=7.5ms, 最大耗時=49.0ms, 指令數=248
2025-07-21 19:17:09 [INFO] GripperOptimized:fast_loop:484 - 性能統計: 循環=393000, 平均耗時=7.6ms, 最大耗時=49.0ms, 指令數=248
2025-07-21 19:17:30 [INFO] GripperOptimized:fast_loop:484 - 性能統計: 循環=394000, 平均耗時=7.6ms, 最大耗時=49.0ms, 指令數=248
2025-07-21 19:17:51 [INFO] GripperOptimized:fast_loop:484 - 性能統計: 循環=395000, 平均耗時=7.7ms, 最大耗時=49.0ms, 指令數=248
2025-07-21 19:18:11 [INFO] GripperOptimized:fast_loop:484 - 性能統計: 循環=396000, 平均耗時=7.6ms, 最大耗時=49.0ms, 指令數=248
2025-07-21 19:18:32 [INFO] GripperOptimized:fast_loop:484 - 性能統計: 循環=397000, 平均耗時=7.3ms, 最大耗時=49.0ms, 指令數=248
2025-07-21 19:18:53 [INFO] GripperOptimized:fast_loop:484 - 性能統計: 循環=398000, 平均耗時=7.6ms, 最大耗時=49.0ms, 指令數=248
2025-07-21 19:19:14 [INFO] GripperOptimized:fast_loop:484 - 性能統計: 循環=399000, 平均耗時=7.4ms, 最大耗時=49.0ms, 指令數=248
2025-07-21 19:19:34 [INFO] GripperOptimized:fast_loop:484 - 性能統計: 循環=400000, 平均耗時=7.2ms, 最大耗時=49.0ms, 指令數=248
2025-07-21 19:19:55 [INFO] GripperOptimized:fast_loop:484 - 性能統計: 循環=401000, 平均耗時=7.3ms, 最大耗時=49.0ms, 指令數=248
2025-07-21 19:20:16 [INFO] GripperOptimized:fast_loop:484 - 性能統計: 循環=402000, 平均耗時=7.3ms, 最大耗時=49.0ms, 指令數=248
2025-07-21 19:20:36 [INFO] GripperOptimized:fast_loop:484 - 性能統計: 循環=403000, 平均耗時=7.6ms, 最大耗時=49.0ms, 指令數=248
2025-07-21 19:20:57 [INFO] GripperOptimized:fast_loop:484 - 性能統計: 循環=404000, 平均耗時=7.5ms, 最大耗時=49.0ms, 指令數=248
2025-07-21 19:21:18 [INFO] GripperOptimized:fast_loop:484 - 性能統計: 循環=405000, 平均耗時=7.2ms, 最大耗時=49.0ms, 指令數=248
2025-07-21 19:21:39 [INFO] GripperOptimized:fast_loop:484 - 性能統計: 循環=406000, 平均耗時=7.6ms, 最大耗時=49.0ms, 指令數=248
2025-07-21 19:21:59 [INFO] GripperOptimized:fast_loop:484 - 性能統計: 循環=407000, 平均耗時=7.2ms, 最大耗時=49.0ms, 指令數=248
2025-07-21 19:22:20 [INFO] GripperOptimized:fast_loop:484 - 性能統計: 循環=408000, 平均耗時=7.6ms, 最大耗時=49.0ms, 指令數=248
2025-07-21 19:22:41 [INFO] GripperOptimized:fast_loop:484 - 性能統計: 循環=409000, 平均耗時=7.6ms, 最大耗時=49.0ms, 指令數=248
2025-07-21 19:23:01 [INFO] GripperOptimized:fast_loop:484 - 性能統計: 循環=410000, 平均耗時=7.5ms, 最大耗時=49.0ms, 指令數=248
2025-07-21 19:23:22 [INFO] GripperOptimized:fast_loop:484 - 性能統計: 循環=411000, 平均耗時=7.8ms, 最大耗時=49.0ms, 指令數=248
2025-07-21 19:23:43 [INFO] GripperOptimized:fast_loop:484 - 性能統計: 循環=412000, 平均耗時=7.5ms, 最大耗時=49.0ms, 指令數=248
2025-07-21 19:24:04 [INFO] GripperOptimized:fast_loop:484 - 性能統計: 循環=413000, 平均耗時=7.4ms, 最大耗時=49.0ms, 指令數=248
2025-07-21 19:24:24 [INFO] GripperOptimized:fast_loop:484 - 性能統計: 循環=414000, 平均耗時=7.4ms, 最大耗時=49.0ms, 指令數=248
2025-07-21 19:24:45 [INFO] GripperOptimized:fast_loop:484 - 性能統計: 循環=415000, 平均耗時=7.3ms, 最大耗時=49.0ms, 指令數=248
2025-07-21 19:25:06 [INFO] GripperOptimized:fast_loop:484 - 性能統計: 循環=416000, 平均耗時=7.4ms, 最大耗時=49.0ms, 指令數=248
2025-07-21 19:25:26 [INFO] GripperOptimized:fast_loop:484 - 性能統計: 循環=417000, 平均耗時=7.3ms, 最大耗時=49.0ms, 指令數=248
2025-07-21 19:25:47 [INFO] GripperOptimized:fast_loop:484 - 性能統計: 循環=418000, 平均耗時=7.5ms, 最大耗時=49.0ms, 指令數=248
2025-07-21 19:26:08 [INFO] GripperOptimized:fast_loop:484 - 性能統計: 循環=419000, 平均耗時=7.3ms, 最大耗時=49.0ms, 指令數=248
2025-07-21 19:26:28 [INFO] GripperOptimized:fast_loop:484 - 性能統計: 循環=420000, 平均耗時=7.6ms, 最大耗時=49.0ms, 指令數=248
2025-07-21 19:26:49 [INFO] GripperOptimized:fast_loop:484 - 性能統計: 循環=421000, 平均耗時=7.5ms, 最大耗時=49.0ms, 指令數=248
2025-07-21 19:27:10 [INFO] GripperOptimized:fast_loop:484 - 性能統計: 循環=422000, 平均耗時=7.6ms, 最大耗時=49.0ms, 指令數=248
2025-07-21 19:27:31 [INFO] GripperOptimized:fast_loop:484 - 性能統計: 循環=423000, 平均耗時=7.5ms, 最大耗時=49.0ms, 指令數=248
2025-07-21 19:27:51 [INFO] GripperOptimized:fast_loop:484 - 性能統計: 循環=424000, 平均耗時=7.6ms, 最大耗時=49.0ms, 指令數=248
2025-07-21 19:28:12 [INFO] GripperOptimized:fast_loop:484 - 性能統計: 循環=425000, 平均耗時=7.5ms, 最大耗時=49.0ms, 指令數=248
2025-07-21 19:28:33 [INFO] GripperOptimized:fast_loop:484 - 性能統計: 循環=426000, 平均耗時=7.7ms, 最大耗時=49.0ms, 指令數=248
2025-07-21 19:28:53 [INFO] GripperOptimized:fast_loop:484 - 性能統計: 循環=427000, 平均耗時=7.5ms, 最大耗時=49.0ms, 指令數=248
2025-07-21 19:29:14 [INFO] GripperOptimized:fast_loop:484 - 性能統計: 循環=428000, 平均耗時=7.5ms, 最大耗時=49.0ms, 指令數=248
2025-07-21 19:29:35 [INFO] GripperOptimized:fast_loop:484 - 性能統計: 循環=429000, 平均耗時=7.2ms, 最大耗時=49.0ms, 指令數=248
2025-07-21 19:29:56 [INFO] GripperOptimized:fast_loop:484 - 性能統計: 循環=430000, 平均耗時=7.3ms, 最大耗時=49.0ms, 指令數=248
2025-07-21 19:30:16 [INFO] GripperOptimized:fast_loop:484 - 性能統計: 循環=431000, 平均耗時=7.2ms, 最大耗時=49.0ms, 指令數=248
2025-07-21 19:30:37 [INFO] GripperOptimized:fast_loop:484 - 性能統計: 循環=432000, 平均耗時=7.3ms, 最大耗時=49.0ms, 指令數=248
2025-07-21 19:30:58 [INFO] GripperOptimized:fast_loop:484 - 性能統計: 循環=433000, 平均耗時=7.4ms, 最大耗時=49.0ms, 指令數=248
2025-07-21 19:31:18 [INFO] GripperOptimized:fast_loop:484 - 性能統計: 循環=434000, 平均耗時=7.7ms, 最大耗時=49.0ms, 指令數=248
2025-07-21 19:31:39 [INFO] GripperOptimized:fast_loop:484 - 性能統計: 循環=435000, 平均耗時=7.3ms, 最大耗時=49.0ms, 指令數=248
2025-07-21 19:32:00 [INFO] GripperOptimized:fast_loop:484 - 性能統計: 循環=436000, 平均耗時=7.7ms, 最大耗時=49.0ms, 指令數=248
2025-07-21 19:32:20 [INFO] GripperOptimized:fast_loop:484 - 性能統計: 循環=437000, 平均耗時=7.4ms, 最大耗時=49.0ms, 指令數=248
2025-07-21 19:32:41 [INFO] GripperOptimized:fast_loop:484 - 性能統計: 循環=438000, 平均耗時=7.8ms, 最大耗時=49.0ms, 指令數=248
2025-07-21 19:33:02 [INFO] GripperOptimized:fast_loop:484 - 性能統計: 循環=439000, 平均耗時=7.7ms, 最大耗時=49.0ms, 指令數=248
2025-07-21 19:33:23 [INFO] GripperOptimized:fast_loop:484 - 性能統計: 循環=440000, 平均耗時=7.4ms, 最大耗時=49.0ms, 指令數=248
2025-07-21 19:33:43 [INFO] GripperOptimized:fast_loop:484 - 性能統計: 循環=441000, 平均耗時=7.7ms, 最大耗時=49.0ms, 指令數=248
2025-07-21 19:34:04 [INFO] GripperOptimized:fast_loop:484 - 性能統計: 循環=442000, 平均耗時=7.8ms, 最大耗時=49.0ms, 指令數=248
2025-07-21 19:34:25 [INFO] GripperOptimized:fast_loop:484 - 性能統計: 循環=443000, 平均耗時=7.4ms, 最大耗時=49.0ms, 指令數=248
2025-07-21 19:34:45 [INFO] GripperOptimized:fast_loop:484 - 性能統計: 循環=444000, 平均耗時=7.2ms, 最大耗時=49.0ms, 指令數=248
2025-07-21 19:35:06 [INFO] GripperOptimized:fast_loop:484 - 性能統計: 循環=445000, 平均耗時=7.4ms, 最大耗時=49.0ms, 指令數=248
2025-07-21 19:35:27 [INFO] GripperOptimized:fast_loop:484 - 性能統計: 循環=446000, 平均耗時=7.4ms, 最大耗時=49.0ms, 指令數=248
2025-07-21 19:35:48 [INFO] GripperOptimized:fast_loop:484 - 性能統計: 循環=447000, 平均耗時=7.4ms, 最大耗時=49.0ms, 指令數=248
2025-07-21 19:36:08 [INFO] GripperOptimized:fast_loop:484 - 性能統計: 循環=448000, 平均耗時=7.5ms, 最大耗時=49.0ms, 指令數=248
2025-07-21 19:36:29 [INFO] GripperOptimized:fast_loop:484 - 性能統計: 循環=449000, 平均耗時=7.4ms, 最大耗時=49.0ms, 指令數=248
2025-07-21 19:36:50 [INFO] GripperOptimized:fast_loop:484 - 性能統計: 循環=450000, 平均耗時=7.6ms, 最大耗時=49.0ms, 指令數=248
2025-07-21 19:37:10 [INFO] GripperOptimized:fast_loop:484 - 性能統計: 循環=451000, 平均耗時=7.7ms, 最大耗時=49.0ms, 指令數=248
2025-07-21 19:37:31 [INFO] GripperOptimized:fast_loop:484 - 性能統計: 循環=452000, 平均耗時=7.5ms, 最大耗時=49.0ms, 指令數=248
2025-07-21 19:37:52 [INFO] GripperOptimized:fast_loop:484 - 性能統計: 循環=453000, 平均耗時=7.5ms, 最大耗時=49.0ms, 指令數=248
2025-07-21 19:38:12 [INFO] GripperOptimized:fast_loop:484 - 性能統計: 循環=454000, 平均耗時=7.5ms, 最大耗時=49.0ms, 指令數=248
2025-07-21 19:38:33 [INFO] GripperOptimized:fast_loop:484 - 性能統計: 循環=455000, 平均耗時=7.7ms, 最大耗時=49.0ms, 指令數=248
2025-07-21 19:38:54 [INFO] GripperOptimized:fast_loop:484 - 性能統計: 循環=456000, 平均耗時=7.6ms, 最大耗時=49.0ms, 指令數=248
2025-07-21 19:39:15 [INFO] GripperOptimized:fast_loop:484 - 性能統計: 循環=457000, 平均耗時=7.4ms, 最大耗時=49.0ms, 指令數=248
2025-07-21 19:39:35 [INFO] GripperOptimized:fast_loop:484 - 性能統計: 循環=458000, 平均耗時=7.7ms, 最大耗時=49.0ms, 指令數=248
2025-07-21 19:39:56 [INFO] GripperOptimized:fast_loop:484 - 性能統計: 循環=459000, 平均耗時=7.3ms, 最大耗時=49.0ms, 指令數=248
2025-07-21 19:40:17 [INFO] GripperOptimized:fast_loop:484 - 性能統計: 循環=460000, 平均耗時=7.3ms, 最大耗時=49.0ms, 指令數=248
2025-07-21 19:40:37 [INFO] GripperOptimized:fast_loop:484 - 性能統計: 循環=461000, 平均耗時=7.3ms, 最大耗時=49.0ms, 指令數=248
2025-07-21 19:40:58 [INFO] GripperOptimized:fast_loop:484 - 性能統計: 循環=462000, 平均耗時=7.5ms, 最大耗時=49.0ms, 指令數=248
2025-07-21 19:41:19 [INFO] GripperOptimized:fast_loop:484 - 性能統計: 循環=463000, 平均耗時=7.4ms, 最大耗時=49.0ms, 指令數=248
2025-07-21 19:41:40 [INFO] GripperOptimized:fast_loop:484 - 性能統計: 循環=464000, 平均耗時=7.3ms, 最大耗時=49.0ms, 指令數=248
2025-07-21 19:42:00 [INFO] GripperOptimized:fast_loop:484 - 性能統計: 循環=465000, 平均耗時=7.3ms, 最大耗時=49.0ms, 指令數=248
2025-07-21 19:42:21 [INFO] GripperOptimized:fast_loop:484 - 性能統計: 循環=466000, 平均耗時=7.5ms, 最大耗時=49.0ms, 指令數=248
2025-07-21 19:42:42 [INFO] GripperOptimized:fast_loop:484 - 性能統計: 循環=467000, 平均耗時=7.5ms, 最大耗時=49.0ms, 指令數=248
2025-07-21 19:43:02 [INFO] GripperOptimized:fast_loop:484 - 性能統計: 循環=468000, 平均耗時=7.3ms, 最大耗時=49.0ms, 指令數=248
2025-07-21 19:43:23 [INFO] GripperOptimized:fast_loop:484 - 性能統計: 循環=469000, 平均耗時=7.7ms, 最大耗時=49.0ms, 指令數=248
2025-07-21 19:43:44 [INFO] GripperOptimized:fast_loop:484 - 性能統計: 循環=470000, 平均耗時=7.8ms, 最大耗時=49.0ms, 指令數=248
2025-07-21 19:44:05 [INFO] GripperOptimized:fast_loop:484 - 性能統計: 循環=471000, 平均耗時=7.6ms, 最大耗時=49.0ms, 指令數=248
2025-07-21 19:44:25 [INFO] GripperOptimized:fast_loop:484 - 性能統計: 循環=472000, 平均耗時=7.6ms, 最大耗時=49.0ms, 指令數=248
2025-07-21 19:44:46 [INFO] GripperOptimized:fast_loop:484 - 性能統計: 循環=473000, 平均耗時=7.6ms, 最大耗時=49.0ms, 指令數=248
2025-07-21 19:45:07 [INFO] GripperOptimized:fast_loop:484 - 性能統計: 循環=474000, 平均耗時=7.4ms, 最大耗時=49.0ms, 指令數=248
2025-07-21 19:45:27 [INFO] GripperOptimized:fast_loop:484 - 性能統計: 循環=475000, 平均耗時=7.4ms, 最大耗時=49.0ms, 指令數=248
2025-07-21 19:45:48 [INFO] GripperOptimized:fast_loop:484 - 性能統計: 循環=476000, 平均耗時=7.1ms, 最大耗時=49.0ms, 指令數=248
2025-07-21 19:46:09 [INFO] GripperOptimized:fast_loop:484 - 性能統計: 循環=477000, 平均耗時=7.1ms, 最大耗時=49.0ms, 指令數=248
2025-07-21 19:46:30 [INFO] GripperOptimized:fast_loop:484 - 性能統計: 循環=478000, 平均耗時=7.4ms, 最大耗時=49.0ms, 指令數=248
2025-07-21 19:46:50 [INFO] GripperOptimized:fast_loop:484 - 性能統計: 循環=479000, 平均耗時=7.3ms, 最大耗時=49.0ms, 指令數=248
2025-07-21 19:47:11 [INFO] GripperOptimized:fast_loop:484 - 性能統計: 循環=480000, 平均耗時=7.0ms, 最大耗時=49.0ms, 指令數=248
2025-07-21 19:47:32 [INFO] GripperOptimized:fast_loop:484 - 性能統計: 循環=481000, 平均耗時=7.3ms, 最大耗時=49.0ms, 指令數=248
2025-07-21 19:47:52 [INFO] GripperOptimized:fast_loop:484 - 性能統計: 循環=482000, 平均耗時=7.6ms, 最大耗時=49.0ms, 指令數=248
2025-07-21 19:48:13 [INFO] GripperOptimized:fast_loop:484 - 性能統計: 循環=483000, 平均耗時=7.6ms, 最大耗時=49.0ms, 指令數=248
2025-07-21 19:48:34 [INFO] GripperOptimized:fast_loop:484 - 性能統計: 循環=484000, 平均耗時=7.5ms, 最大耗時=49.0ms, 指令數=248
2025-07-21 19:48:54 [INFO] GripperOptimized:fast_loop:484 - 性能統計: 循環=485000, 平均耗時=7.7ms, 最大耗時=49.0ms, 指令數=248
2025-07-21 19:49:15 [INFO] GripperOptimized:fast_loop:484 - 性能統計: 循環=486000, 平均耗時=7.5ms, 最大耗時=49.0ms, 指令數=248
2025-07-21 19:49:36 [INFO] GripperOptimized:fast_loop:484 - 性能統計: 循環=487000, 平均耗時=7.5ms, 最大耗時=49.0ms, 指令數=248
2025-07-21 19:49:57 [INFO] GripperOptimized:fast_loop:484 - 性能統計: 循環=488000, 平均耗時=7.6ms, 最大耗時=49.0ms, 指令數=248
2025-07-21 19:50:17 [INFO] GripperOptimized:fast_loop:484 - 性能統計: 循環=489000, 平均耗時=7.7ms, 最大耗時=49.0ms, 指令數=248
2025-07-21 19:50:38 [INFO] GripperOptimized:fast_loop:484 - 性能統計: 循環=490000, 平均耗時=7.5ms, 最大耗時=49.0ms, 指令數=248
2025-07-21 19:50:59 [INFO] GripperOptimized:fast_loop:484 - 性能統計: 循環=491000, 平均耗時=7.5ms, 最大耗時=49.0ms, 指令數=248
2025-07-21 19:51:19 [INFO] GripperOptimized:fast_loop:484 - 性能統計: 循環=492000, 平均耗時=7.2ms, 最大耗時=49.0ms, 指令數=248
2025-07-21 19:51:40 [INFO] GripperOptimized:fast_loop:484 - 性能統計: 循環=493000, 平均耗時=7.2ms, 最大耗時=49.0ms, 指令數=248
2025-07-21 19:52:01 [INFO] GripperOptimized:fast_loop:484 - 性能統計: 循環=494000, 平均耗時=7.4ms, 最大耗時=49.0ms, 指令數=248
2025-07-21 19:52:22 [INFO] GripperOptimized:fast_loop:484 - 性能統計: 循環=495000, 平均耗時=7.6ms, 最大耗時=49.0ms, 指令數=248
2025-07-21 19:52:42 [INFO] GripperOptimized:fast_loop:484 - 性能統計: 循環=496000, 平均耗時=7.1ms, 最大耗時=49.0ms, 指令數=248
2025-07-21 19:53:03 [INFO] GripperOptimized:fast_loop:484 - 性能統計: 循環=497000, 平均耗時=7.4ms, 最大耗時=49.0ms, 指令數=248
2025-07-21 19:53:24 [INFO] GripperOptimized:fast_loop:484 - 性能統計: 循環=498000, 平均耗時=7.5ms, 最大耗時=49.0ms, 指令數=248
2025-07-21 19:53:44 [INFO] GripperOptimized:fast_loop:484 - 性能統計: 循環=499000, 平均耗時=7.7ms, 最大耗時=49.0ms, 指令數=248
2025-07-21 19:54:05 [INFO] GripperOptimized:fast_loop:484 - 性能統計: 循環=500000, 平均耗時=7.6ms, 最大耗時=49.0ms, 指令數=248
2025-07-21 19:54:26 [INFO] GripperOptimized:fast_loop:484 - 性能統計: 循環=501000, 平均耗時=7.6ms, 最大耗時=49.0ms, 指令數=248
2025-07-21 19:54:47 [INFO] GripperOptimized:fast_loop:484 - 性能統計: 循環=502000, 平均耗時=7.5ms, 最大耗時=49.0ms, 指令數=248
2025-07-21 19:55:07 [INFO] GripperOptimized:fast_loop:484 - 性能統計: 循環=503000, 平均耗時=7.6ms, 最大耗時=49.0ms, 指令數=248
2025-07-21 19:55:28 [INFO] GripperOptimized:fast_loop:484 - 性能統計: 循環=504000, 平均耗時=7.6ms, 最大耗時=49.0ms, 指令數=248
2025-07-21 19:55:49 [INFO] GripperOptimized:fast_loop:484 - 性能統計: 循環=505000, 平均耗時=7.7ms, 最大耗時=49.0ms, 指令數=248
2025-07-21 19:56:09 [INFO] GripperOptimized:fast_loop:484 - 性能統計: 循環=506000, 平均耗時=7.4ms, 最大耗時=49.0ms, 指令數=248
2025-07-21 19:56:30 [INFO] GripperOptimized:fast_loop:484 - 性能統計: 循環=507000, 平均耗時=7.2ms, 最大耗時=49.0ms, 指令數=248
2025-07-21 19:56:51 [INFO] GripperOptimized:fast_loop:484 - 性能統計: 循環=508000, 平均耗時=7.2ms, 最大耗時=49.0ms, 指令數=248
2025-07-21 19:57:12 [INFO] GripperOptimized:fast_loop:484 - 性能統計: 循環=509000, 平均耗時=7.5ms, 最大耗時=49.0ms, 指令數=248
2025-07-21 19:57:32 [INFO] GripperOptimized:fast_loop:484 - 性能統計: 循環=510000, 平均耗時=7.4ms, 最大耗時=49.0ms, 指令數=248
2025-07-21 19:57:53 [INFO] GripperOptimized:fast_loop:484 - 性能統計: 循環=511000, 平均耗時=7.5ms, 最大耗時=49.0ms, 指令數=248
2025-07-21 19:58:14 [INFO] GripperOptimized:fast_loop:484 - 性能統計: 循環=512000, 平均耗時=7.8ms, 最大耗時=49.0ms, 指令數=248
2025-07-21 19:58:34 [INFO] GripperOptimized:fast_loop:484 - 性能統計: 循環=513000, 平均耗時=7.3ms, 最大耗時=49.0ms, 指令數=248
2025-07-21 19:58:55 [INFO] GripperOptimized:fast_loop:484 - 性能統計: 循環=514000, 平均耗時=7.5ms, 最大耗時=49.0ms, 指令數=248
2025-07-21 19:59:16 [INFO] GripperOptimized:fast_loop:484 - 性能統計: 循環=515000, 平均耗時=7.5ms, 最大耗時=49.0ms, 指令數=248
2025-07-21 19:59:36 [INFO] GripperOptimized:fast_loop:484 - 性能統計: 循環=516000, 平均耗時=7.6ms, 最大耗時=49.0ms, 指令數=248
2025-07-21 19:59:57 [INFO] GripperOptimized:fast_loop:484 - 性能統計: 循環=517000, 平均耗時=7.4ms, 最大耗時=49.0ms, 指令數=248
2025-07-21 20:00:18 [INFO] GripperOptimized:fast_loop:484 - 性能統計: 循環=518000, 平均耗時=7.5ms, 最大耗時=49.0ms, 指令數=248
2025-07-21 20:00:39 [INFO] GripperOptimized:fast_loop:484 - 性能統計: 循環=519000, 平均耗時=7.6ms, 最大耗時=49.0ms, 指令數=248
2025-07-21 20:00:59 [INFO] GripperOptimized:fast_loop:484 - 性能統計: 循環=520000, 平均耗時=7.4ms, 最大耗時=49.0ms, 指令數=248
2025-07-21 20:01:20 [INFO] GripperOptimized:fast_loop:484 - 性能統計: 循環=521000, 平均耗時=7.5ms, 最大耗時=49.0ms, 指令數=248
2025-07-21 20:01:41 [INFO] GripperOptimized:fast_loop:484 - 性能統計: 循環=522000, 平均耗時=7.4ms, 最大耗時=49.0ms, 指令數=248
2025-07-21 20:02:01 [INFO] GripperOptimized:fast_loop:484 - 性能統計: 循環=523000, 平均耗時=7.4ms, 最大耗時=49.0ms, 指令數=248
2025-07-21 20:02:22 [INFO] GripperOptimized:fast_loop:484 - 性能統計: 循環=524000, 平均耗時=7.3ms, 最大耗時=49.0ms, 指令數=248
2025-07-21 20:02:43 [INFO] GripperOptimized:fast_loop:484 - 性能統計: 循環=525000, 平均耗時=7.3ms, 最大耗時=49.0ms, 指令數=248
2025-07-21 20:03:04 [INFO] GripperOptimized:fast_loop:484 - 性能統計: 循環=526000, 平均耗時=7.8ms, 最大耗時=49.0ms, 指令數=248
2025-07-21 20:03:24 [INFO] GripperOptimized:fast_loop:484 - 性能統計: 循環=527000, 平均耗時=7.6ms, 最大耗時=49.0ms, 指令數=248
2025-07-21 20:03:45 [INFO] GripperOptimized:fast_loop:484 - 性能統計: 循環=528000, 平均耗時=7.5ms, 最大耗時=49.0ms, 指令數=248
2025-07-21 20:04:06 [INFO] GripperOptimized:fast_loop:484 - 性能統計: 循環=529000, 平均耗時=7.5ms, 最大耗時=49.0ms, 指令數=248
2025-07-21 20:04:26 [INFO] GripperOptimized:fast_loop:484 - 性能統計: 循環=530000, 平均耗時=7.6ms, 最大耗時=49.0ms, 指令數=248
2025-07-21 20:04:47 [INFO] GripperOptimized:fast_loop:484 - 性能統計: 循環=531000, 平均耗時=7.6ms, 最大耗時=49.0ms, 指令數=248
2025-07-21 20:05:08 [INFO] GripperOptimized:fast_loop:484 - 性能統計: 循環=532000, 平均耗時=7.7ms, 最大耗時=49.0ms, 指令數=248
2025-07-21 20:05:29 [INFO] GripperOptimized:fast_loop:484 - 性能統計: 循環=533000, 平均耗時=7.8ms, 最大耗時=49.0ms, 指令數=248
2025-07-21 20:05:49 [INFO] GripperOptimized:fast_loop:484 - 性能統計: 循環=534000, 平均耗時=7.6ms, 最大耗時=49.0ms, 指令數=248
2025-07-21 20:06:10 [INFO] GripperOptimized:fast_loop:484 - 性能統計: 循環=535000, 平均耗時=7.6ms, 最大耗時=49.0ms, 指令數=248
2025-07-21 20:06:31 [INFO] GripperOptimized:fast_loop:484 - 性能統計: 循環=536000, 平均耗時=7.4ms, 最大耗時=49.0ms, 指令數=248
2025-07-21 20:06:51 [INFO] GripperOptimized:fast_loop:484 - 性能統計: 循環=537000, 平均耗時=7.5ms, 最大耗時=49.0ms, 指令數=248
2025-07-21 20:07:12 [INFO] GripperOptimized:fast_loop:484 - 性能統計: 循環=538000, 平均耗時=7.7ms, 最大耗時=49.0ms, 指令數=248
2025-07-21 20:07:33 [INFO] GripperOptimized:fast_loop:484 - 性能統計: 循環=539000, 平均耗時=7.6ms, 最大耗時=49.0ms, 指令數=248
2025-07-21 20:07:53 [INFO] GripperOptimized:fast_loop:484 - 性能統計: 循環=540000, 平均耗時=8.0ms, 最大耗時=49.0ms, 指令數=248
2025-07-21 20:08:14 [INFO] GripperOptimized:fast_loop:484 - 性能統計: 循環=541000, 平均耗時=7.6ms, 最大耗時=49.0ms, 指令數=248
2025-07-21 20:08:35 [INFO] GripperOptimized:fast_loop:484 - 性能統計: 循環=542000, 平均耗時=7.6ms, 最大耗時=49.0ms, 指令數=248
2025-07-21 20:08:56 [INFO] GripperOptimized:fast_loop:484 - 性能統計: 循環=543000, 平均耗時=7.9ms, 最大耗時=49.0ms, 指令數=248
2025-07-21 20:09:17 [INFO] GripperOptimized:fast_loop:484 - 性能統計: 循環=544000, 平均耗時=7.3ms, 最大耗時=49.0ms, 指令數=248
2025-07-21 20:09:38 [INFO] GripperOptimized:fast_loop:484 - 性能統計: 循環=545000, 平均耗時=7.6ms, 最大耗時=49.0ms, 指令數=248
2025-07-21 20:09:58 [INFO] GripperOptimized:fast_loop:484 - 性能統計: 循環=546000, 平均耗時=7.8ms, 最大耗時=49.0ms, 指令數=248
2025-07-21 20:10:19 [INFO] GripperOptimized:fast_loop:484 - 性能統計: 循環=547000, 平均耗時=7.6ms, 最大耗時=49.0ms, 指令數=248
2025-07-21 20:10:40 [INFO] GripperOptimized:fast_loop:484 - 性能統計: 循環=548000, 平均耗時=7.8ms, 最大耗時=49.0ms, 指令數=248
2025-07-21 20:11:01 [INFO] GripperOptimized:fast_loop:484 - 性能統計: 循環=549000, 平均耗時=7.5ms, 最大耗時=49.0ms, 指令數=248
2025-07-21 20:11:22 [INFO] GripperOptimized:fast_loop:484 - 性能統計: 循環=550000, 平均耗時=7.7ms, 最大耗時=49.0ms, 指令數=248
2025-07-21 20:11:43 [INFO] GripperOptimized:fast_loop:484 - 性能統計: 循環=551000, 平均耗時=7.8ms, 最大耗時=49.0ms, 指令數=248
2025-07-21 20:12:03 [INFO] GripperOptimized:fast_loop:484 - 性能統計: 循環=552000, 平均耗時=7.7ms, 最大耗時=49.0ms, 指令數=248
2025-07-21 20:12:24 [INFO] GripperOptimized:fast_loop:484 - 性能統計: 循環=553000, 平均耗時=7.9ms, 最大耗時=49.0ms, 指令數=248
2025-07-21 20:12:45 [INFO] GripperOptimized:fast_loop:484 - 性能統計: 循環=554000, 平均耗時=7.4ms, 最大耗時=49.0ms, 指令數=248
2025-07-21 20:13:06 [INFO] GripperOptimized:fast_loop:484 - 性能統計: 循環=555000, 平均耗時=7.8ms, 最大耗時=49.0ms, 指令數=248
2025-07-21 20:13:27 [INFO] GripperOptimized:fast_loop:484 - 性能統計: 循環=556000, 平均耗時=8.1ms, 最大耗時=49.0ms, 指令數=248
2025-07-21 20:13:48 [INFO] GripperOptimized:fast_loop:484 - 性能統計: 循環=557000, 平均耗時=7.4ms, 最大耗時=49.0ms, 指令數=248
2025-07-21 20:14:08 [INFO] GripperOptimized:fast_loop:484 - 性能統計: 循環=558000, 平均耗時=7.7ms, 最大耗時=49.0ms, 指令數=248
2025-07-21 20:14:29 [INFO] GripperOptimized:fast_loop:484 - 性能統計: 循環=559000, 平均耗時=7.8ms, 最大耗時=49.0ms, 指令數=248
2025-07-21 20:14:50 [INFO] GripperOptimized:fast_loop:484 - 性能統計: 循環=560000, 平均耗時=7.4ms, 最大耗時=49.0ms, 指令數=248
2025-07-21 20:15:11 [INFO] GripperOptimized:fast_loop:484 - 性能統計: 循環=561000, 平均耗時=7.8ms, 最大耗時=49.0ms, 指令數=248
2025-07-21 20:15:32 [INFO] GripperOptimized:fast_loop:484 - 性能統計: 循環=562000, 平均耗時=7.7ms, 最大耗時=49.0ms, 指令數=248
2025-07-21 20:15:52 [INFO] GripperOptimized:fast_loop:484 - 性能統計: 循環=563000, 平均耗時=7.4ms, 最大耗時=49.0ms, 指令數=248
2025-07-21 20:16:13 [INFO] GripperOptimized:fast_loop:484 - 性能統計: 循環=564000, 平均耗時=7.8ms, 最大耗時=49.0ms, 指令數=248
2025-07-21 20:16:34 [INFO] GripperOptimized:fast_loop:484 - 性能統計: 循環=565000, 平均耗時=7.6ms, 最大耗時=49.0ms, 指令數=248
2025-07-21 20:16:55 [INFO] GripperOptimized:fast_loop:484 - 性能統計: 循環=566000, 平均耗時=7.5ms, 最大耗時=49.0ms, 指令數=248
2025-07-21 20:17:15 [INFO] GripperOptimized:fast_loop:484 - 性能統計: 循環=567000, 平均耗時=7.7ms, 最大耗時=49.0ms, 指令數=248
2025-07-21 20:17:36 [INFO] GripperOptimized:fast_loop:484 - 性能統計: 循環=568000, 平均耗時=7.2ms, 最大耗時=49.0ms, 指令數=248
2025-07-21 20:17:57 [INFO] GripperOptimized:fast_loop:484 - 性能統計: 循環=569000, 平均耗時=7.6ms, 最大耗時=49.0ms, 指令數=248
2025-07-21 20:18:18 [INFO] GripperOptimized:fast_loop:484 - 性能統計: 循環=570000, 平均耗時=7.5ms, 最大耗時=49.0ms, 指令數=248
2025-07-21 20:18:38 [INFO] GripperOptimized:fast_loop:484 - 性能統計: 循環=571000, 平均耗時=7.7ms, 最大耗時=49.0ms, 指令數=248
2025-07-21 20:18:59 [INFO] GripperOptimized:fast_loop:484 - 性能統計: 循環=572000, 平均耗時=7.8ms, 最大耗時=49.0ms, 指令數=248
2025-07-21 20:19:20 [INFO] GripperOptimized:fast_loop:484 - 性能統計: 循環=573000, 平均耗時=7.5ms, 最大耗時=49.0ms, 指令數=248
2025-07-21 20:19:41 [INFO] GripperOptimized:fast_loop:484 - 性能統計: 循環=574000, 平均耗時=7.7ms, 最大耗時=49.0ms, 指令數=248
2025-07-21 20:20:01 [INFO] GripperOptimized:fast_loop:484 - 性能統計: 循環=575000, 平均耗時=7.6ms, 最大耗時=49.0ms, 指令數=248
2025-07-21 20:20:22 [INFO] GripperOptimized:fast_loop:484 - 性能統計: 循環=576000, 平均耗時=7.6ms, 最大耗時=49.0ms, 指令數=248
2025-07-21 20:20:43 [INFO] GripperOptimized:fast_loop:484 - 性能統計: 循環=577000, 平均耗時=7.6ms, 最大耗時=49.0ms, 指令數=248
2025-07-21 20:21:04 [INFO] GripperOptimized:fast_loop:484 - 性能統計: 循環=578000, 平均耗時=7.6ms, 最大耗時=49.0ms, 指令數=248
2025-07-21 20:21:24 [INFO] GripperOptimized:fast_loop:484 - 性能統計: 循環=579000, 平均耗時=7.8ms, 最大耗時=49.0ms, 指令數=248
2025-07-21 20:21:45 [INFO] GripperOptimized:fast_loop:484 - 性能統計: 循環=580000, 平均耗時=7.8ms, 最大耗時=49.0ms, 指令數=248
2025-07-21 20:22:06 [INFO] GripperOptimized:fast_loop:484 - 性能統計: 循環=581000, 平均耗時=7.4ms, 最大耗時=49.0ms, 指令數=248
2025-07-21 20:22:27 [INFO] GripperOptimized:fast_loop:484 - 性能統計: 循環=582000, 平均耗時=7.6ms, 最大耗時=49.0ms, 指令數=248
2025-07-21 20:22:48 [INFO] GripperOptimized:fast_loop:484 - 性能統計: 循環=583000, 平均耗時=7.5ms, 最大耗時=49.0ms, 指令數=248
2025-07-21 20:23:08 [INFO] GripperOptimized:fast_loop:484 - 性能統計: 循環=584000, 平均耗時=7.1ms, 最大耗時=49.0ms, 指令數=248
2025-07-21 20:23:29 [INFO] GripperOptimized:fast_loop:484 - 性能統計: 循環=585000, 平均耗時=7.6ms, 最大耗時=49.0ms, 指令數=248
2025-07-21 20:23:50 [INFO] GripperOptimized:fast_loop:484 - 性能統計: 循環=586000, 平均耗時=7.5ms, 最大耗時=49.0ms, 指令數=248
2025-07-21 20:24:11 [INFO] GripperOptimized:fast_loop:484 - 性能統計: 循環=587000, 平均耗時=7.7ms, 最大耗時=49.0ms, 指令數=248
2025-07-21 20:24:32 [INFO] GripperOptimized:fast_loop:484 - 性能統計: 循環=588000, 平均耗時=7.4ms, 最大耗時=49.0ms, 指令數=248
2025-07-21 20:24:52 [INFO] GripperOptimized:fast_loop:484 - 性能統計: 循環=589000, 平均耗時=7.5ms, 最大耗時=49.0ms, 指令數=248
2025-07-21 20:25:13 [INFO] GripperOptimized:fast_loop:484 - 性能統計: 循環=590000, 平均耗時=7.6ms, 最大耗時=49.0ms, 指令數=248
2025-07-21 20:25:34 [INFO] GripperOptimized:fast_loop:484 - 性能統計: 循環=591000, 平均耗時=7.3ms, 最大耗時=49.0ms, 指令數=248
2025-07-21 20:25:55 [INFO] GripperOptimized:fast_loop:484 - 性能統計: 循環=592000, 平均耗時=7.5ms, 最大耗時=49.0ms, 指令數=248
2025-07-21 20:26:16 [INFO] GripperOptimized:fast_loop:484 - 性能統計: 循環=593000, 平均耗時=7.5ms, 最大耗時=49.0ms, 指令數=248
2025-07-21 20:26:36 [INFO] GripperOptimized:fast_loop:484 - 性能統計: 循環=594000, 平均耗時=7.6ms, 最大耗時=49.0ms, 指令數=248
2025-07-21 20:26:57 [INFO] GripperOptimized:fast_loop:484 - 性能統計: 循環=595000, 平均耗時=7.2ms, 最大耗時=49.0ms, 指令數=248
2025-07-21 20:27:18 [INFO] GripperOptimized:fast_loop:484 - 性能統計: 循環=596000, 平均耗時=7.4ms, 最大耗時=49.0ms, 指令數=248
2025-07-21 20:27:39 [INFO] GripperOptimized:fast_loop:484 - 性能統計: 循環=597000, 平均耗時=7.5ms, 最大耗時=49.0ms, 指令數=248
2025-07-21 20:28:00 [INFO] GripperOptimized:fast_loop:484 - 性能統計: 循環=598000, 平均耗時=7.6ms, 最大耗時=49.0ms, 指令數=248
2025-07-21 20:28:21 [INFO] GripperOptimized:fast_loop:484 - 性能統計: 循環=599000, 平均耗時=7.6ms, 最大耗時=49.0ms, 指令數=248
2025-07-21 20:28:41 [INFO] GripperOptimized:fast_loop:484 - 性能統計: 循環=600000, 平均耗時=7.5ms, 最大耗時=49.0ms, 指令數=248
2025-07-21 20:29:02 [INFO] GripperOptimized:fast_loop:484 - 性能統計: 循環=601000, 平均耗時=7.1ms, 最大耗時=49.0ms, 指令數=248
2025-07-21 20:29:23 [INFO] GripperOptimized:fast_loop:484 - 性能統計: 循環=602000, 平均耗時=7.2ms, 最大耗時=49.0ms, 指令數=248
2025-07-21 20:29:44 [INFO] GripperOptimized:fast_loop:484 - 性能統計: 循環=603000, 平均耗時=7.8ms, 最大耗時=49.0ms, 指令數=248
2025-07-21 20:30:04 [INFO] GripperOptimized:fast_loop:484 - 性能統計: 循環=604000, 平均耗時=7.7ms, 最大耗時=49.0ms, 指令數=248
2025-07-21 20:30:25 [INFO] GripperOptimized:fast_loop:484 - 性能統計: 循環=605000, 平均耗時=7.7ms, 最大耗時=49.0ms, 指令數=248
2025-07-21 20:30:46 [INFO] GripperOptimized:fast_loop:484 - 性能統計: 循環=606000, 平均耗時=7.8ms, 最大耗時=49.0ms, 指令數=248
2025-07-21 20:31:07 [INFO] GripperOptimized:fast_loop:484 - 性能統計: 循環=607000, 平均耗時=7.7ms, 最大耗時=49.0ms, 指令數=248
2025-07-21 20:31:27 [INFO] GripperOptimized:fast_loop:484 - 性能統計: 循環=608000, 平均耗時=7.5ms, 最大耗時=49.0ms, 指令數=248
2025-07-21 20:31:48 [INFO] GripperOptimized:fast_loop:484 - 性能統計: 循環=609000, 平均耗時=7.8ms, 最大耗時=49.0ms, 指令數=248
2025-07-21 20:32:09 [INFO] GripperOptimized:fast_loop:484 - 性能統計: 循環=610000, 平均耗時=7.7ms, 最大耗時=49.0ms, 指令數=248
2025-07-21 20:32:29 [INFO] GripperOptimized:fast_loop:484 - 性能統計: 循環=611000, 平均耗時=7.9ms, 最大耗時=49.0ms, 指令數=248
2025-07-21 20:32:50 [INFO] GripperOptimized:fast_loop:484 - 性能統計: 循環=612000, 平均耗時=7.2ms, 最大耗時=49.0ms, 指令數=248
2025-07-21 20:33:11 [INFO] GripperOptimized:fast_loop:484 - 性能統計: 循環=613000, 平均耗時=7.4ms, 最大耗時=49.0ms, 指令數=248
2025-07-21 20:33:32 [INFO] GripperOptimized:fast_loop:484 - 性能統計: 循環=614000, 平均耗時=7.6ms, 最大耗時=49.0ms, 指令數=248
2025-07-21 20:33:53 [INFO] GripperOptimized:fast_loop:484 - 性能統計: 循環=615000, 平均耗時=7.7ms, 最大耗時=49.0ms, 指令數=248
2025-07-21 20:34:13 [INFO] GripperOptimized:fast_loop:484 - 性能統計: 循環=616000, 平均耗時=7.7ms, 最大耗時=49.0ms, 指令數=248
2025-07-21 20:34:34 [INFO] GripperOptimized:fast_loop:484 - 性能統計: 循環=617000, 平均耗時=7.7ms, 最大耗時=49.0ms, 指令數=248
2025-07-21 20:34:55 [INFO] GripperOptimized:fast_loop:484 - 性能統計: 循環=618000, 平均耗時=7.3ms, 最大耗時=49.0ms, 指令數=248
2025-07-21 20:35:16 [INFO] GripperOptimized:fast_loop:484 - 性能統計: 循環=619000, 平均耗時=7.8ms, 最大耗時=49.0ms, 指令數=248
2025-07-21 20:35:36 [INFO] GripperOptimized:fast_loop:484 - 性能統計: 循環=620000, 平均耗時=7.6ms, 最大耗時=49.0ms, 指令數=248
2025-07-21 20:35:57 [INFO] GripperOptimized:fast_loop:484 - 性能統計: 循環=621000, 平均耗時=7.7ms, 最大耗時=49.0ms, 指令數=248
2025-07-21 20:36:18 [INFO] GripperOptimized:fast_loop:484 - 性能統計: 循環=622000, 平均耗時=7.3ms, 最大耗時=49.0ms, 指令數=248
2025-07-21 20:36:39 [INFO] GripperOptimized:fast_loop:484 - 性能統計: 循環=623000, 平均耗時=7.4ms, 最大耗時=49.0ms, 指令數=248
2025-07-21 20:36:59 [INFO] GripperOptimized:fast_loop:484 - 性能統計: 循環=624000, 平均耗時=7.3ms, 最大耗時=49.0ms, 指令數=248
2025-07-21 20:37:20 [INFO] GripperOptimized:fast_loop:484 - 性能統計: 循環=625000, 平均耗時=7.5ms, 最大耗時=49.0ms, 指令數=248
2025-07-21 20:37:41 [INFO] GripperOptimized:fast_loop:484 - 性能統計: 循環=626000, 平均耗時=7.6ms, 最大耗時=49.0ms, 指令數=248
2025-07-21 20:38:01 [INFO] GripperOptimized:fast_loop:484 - 性能統計: 循環=627000, 平均耗時=7.8ms, 最大耗時=49.0ms, 指令數=248
2025-07-21 20:38:22 [INFO] GripperOptimized:fast_loop:484 - 性能統計: 循環=628000, 平均耗時=7.8ms, 最大耗時=49.0ms, 指令數=248
2025-07-21 20:38:43 [INFO] GripperOptimized:fast_loop:484 - 性能統計: 循環=629000, 平均耗時=7.7ms, 最大耗時=49.0ms, 指令數=248
2025-07-21 20:39:04 [INFO] GripperOptimized:fast_loop:484 - 性能統計: 循環=630000, 平均耗時=7.7ms, 最大耗時=49.0ms, 指令數=248
2025-07-21 20:39:24 [INFO] GripperOptimized:fast_loop:484 - 性能統計: 循環=631000, 平均耗時=7.6ms, 最大耗時=49.0ms, 指令數=248
2025-07-21 20:39:45 [INFO] GripperOptimized:fast_loop:484 - 性能統計: 循環=632000, 平均耗時=7.6ms, 最大耗時=49.0ms, 指令數=248
2025-07-21 20:40:06 [INFO] GripperOptimized:fast_loop:484 - 性能統計: 循環=633000, 平均耗時=7.6ms, 最大耗時=49.0ms, 指令數=248
2025-07-21 20:40:27 [INFO] GripperOptimized:fast_loop:484 - 性能統計: 循環=634000, 平均耗時=7.5ms, 最大耗時=49.0ms, 指令數=248
2025-07-21 20:40:47 [INFO] GripperOptimized:fast_loop:484 - 性能統計: 循環=635000, 平均耗時=7.7ms, 最大耗時=49.0ms, 指令數=248
2025-07-21 20:41:08 [INFO] GripperOptimized:fast_loop:484 - 性能統計: 循環=636000, 平均耗時=7.6ms, 最大耗時=49.0ms, 指令數=248
2025-07-21 20:41:29 [INFO] GripperOptimized:fast_loop:484 - 性能統計: 循環=637000, 平均耗時=7.5ms, 最大耗時=49.0ms, 指令數=248
2025-07-21 20:41:50 [INFO] GripperOptimized:fast_loop:484 - 性能統計: 循環=638000, 平均耗時=7.9ms, 最大耗時=49.0ms, 指令數=248
2025-07-21 20:42:10 [INFO] GripperOptimized:fast_loop:484 - 性能統計: 循環=639000, 平均耗時=7.9ms, 最大耗時=49.0ms, 指令數=248
2025-07-21 20:42:31 [INFO] GripperOptimized:fast_loop:484 - 性能統計: 循環=640000, 平均耗時=7.7ms, 最大耗時=49.0ms, 指令數=248
2025-07-21 20:42:52 [INFO] GripperOptimized:fast_loop:484 - 性能統計: 循環=641000, 平均耗時=7.7ms, 最大耗時=49.0ms, 指令數=248
2025-07-21 20:43:13 [INFO] GripperOptimized:fast_loop:484 - 性能統計: 循環=642000, 平均耗時=7.8ms, 最大耗時=49.0ms, 指令數=248
2025-07-21 20:43:33 [INFO] GripperOptimized:fast_loop:484 - 性能統計: 循環=643000, 平均耗時=7.5ms, 最大耗時=49.0ms, 指令數=248
2025-07-21 20:43:54 [INFO] GripperOptimized:fast_loop:484 - 性能統計: 循環=644000, 平均耗時=7.2ms, 最大耗時=49.0ms, 指令數=248
2025-07-21 20:44:15 [INFO] GripperOptimized:fast_loop:484 - 性能統計: 循環=645000, 平均耗時=7.8ms, 最大耗時=49.0ms, 指令數=248
2025-07-21 20:44:36 [INFO] GripperOptimized:fast_loop:484 - 性能統計: 循環=646000, 平均耗時=7.6ms, 最大耗時=49.0ms, 指令數=248
2025-07-21 20:44:56 [INFO] GripperOptimized:fast_loop:484 - 性能統計: 循環=647000, 平均耗時=7.4ms, 最大耗時=49.0ms, 指令數=248
2025-07-21 20:45:17 [INFO] GripperOptimized:fast_loop:484 - 性能統計: 循環=648000, 平均耗時=7.6ms, 最大耗時=49.0ms, 指令數=248
2025-07-21 20:45:38 [INFO] GripperOptimized:fast_loop:484 - 性能統計: 循環=649000, 平均耗時=7.5ms, 最大耗時=49.0ms, 指令數=248
2025-07-21 20:45:58 [INFO] GripperOptimized:fast_loop:484 - 性能統計: 循環=650000, 平均耗時=7.5ms, 最大耗時=49.0ms, 指令數=248
2025-07-21 20:46:19 [INFO] GripperOptimized:fast_loop:484 - 性能統計: 循環=651000, 平均耗時=7.8ms, 最大耗時=49.0ms, 指令數=248
2025-07-21 20:46:40 [INFO] GripperOptimized:fast_loop:484 - 性能統計: 循環=652000, 平均耗時=7.5ms, 最大耗時=49.0ms, 指令數=248
2025-07-21 20:47:01 [INFO] GripperOptimized:fast_loop:484 - 性能統計: 循環=653000, 平均耗時=7.7ms, 最大耗時=49.0ms, 指令數=248
2025-07-21 20:47:21 [INFO] GripperOptimized:fast_loop:484 - 性能統計: 循環=654000, 平均耗時=7.7ms, 最大耗時=49.0ms, 指令數=248
2025-07-21 20:47:42 [INFO] GripperOptimized:fast_loop:484 - 性能統計: 循環=655000, 平均耗時=7.2ms, 最大耗時=49.0ms, 指令數=248
2025-07-21 20:48:03 [INFO] GripperOptimized:fast_loop:484 - 性能統計: 循環=656000, 平均耗時=7.3ms, 最大耗時=49.0ms, 指令數=248
2025-07-21 20:48:24 [INFO] GripperOptimized:fast_loop:484 - 性能統計: 循環=657000, 平均耗時=7.5ms, 最大耗時=49.0ms, 指令數=248
2025-07-21 20:48:44 [INFO] GripperOptimized:fast_loop:484 - 性能統計: 循環=658000, 平均耗時=7.4ms, 最大耗時=49.0ms, 指令數=248
2025-07-21 20:49:05 [INFO] GripperOptimized:fast_loop:484 - 性能統計: 循環=659000, 平均耗時=7.5ms, 最大耗時=49.0ms, 指令數=248
2025-07-21 20:49:26 [INFO] GripperOptimized:fast_loop:484 - 性能統計: 循環=660000, 平均耗時=7.5ms, 最大耗時=49.0ms, 指令數=248
2025-07-21 20:49:47 [INFO] GripperOptimized:fast_loop:484 - 性能統計: 循環=661000, 平均耗時=7.8ms, 最大耗時=49.0ms, 指令數=248
2025-07-21 20:50:07 [INFO] GripperOptimized:fast_loop:484 - 性能統計: 循環=662000, 平均耗時=7.8ms, 最大耗時=49.0ms, 指令數=248
2025-07-21 20:50:28 [INFO] GripperOptimized:fast_loop:484 - 性能統計: 循環=663000, 平均耗時=7.8ms, 最大耗時=49.0ms, 指令數=248
2025-07-21 20:50:49 [INFO] GripperOptimized:fast_loop:484 - 性能統計: 循環=664000, 平均耗時=7.3ms, 最大耗時=49.0ms, 指令數=248
2025-07-21 20:51:10 [INFO] GripperOptimized:fast_loop:484 - 性能統計: 循環=665000, 平均耗時=7.3ms, 最大耗時=49.0ms, 指令數=248
2025-07-21 20:51:30 [INFO] GripperOptimized:fast_loop:484 - 性能統計: 循環=666000, 平均耗時=7.6ms, 最大耗時=49.0ms, 指令數=248
2025-07-21 20:51:51 [INFO] GripperOptimized:fast_loop:484 - 性能統計: 循環=667000, 平均耗時=7.7ms, 最大耗時=49.0ms, 指令數=248
2025-07-21 20:52:12 [INFO] GripperOptimized:fast_loop:484 - 性能統計: 循環=668000, 平均耗時=7.5ms, 最大耗時=49.0ms, 指令數=248
2025-07-21 20:52:33 [INFO] GripperOptimized:fast_loop:484 - 性能統計: 循環=669000, 平均耗時=7.5ms, 最大耗時=49.0ms, 指令數=248
2025-07-21 20:52:53 [INFO] GripperOptimized:fast_loop:484 - 性能統計: 循環=670000, 平均耗時=7.6ms, 最大耗時=49.0ms, 指令數=248
2025-07-21 20:53:14 [INFO] GripperOptimized:fast_loop:484 - 性能統計: 循環=671000, 平均耗時=7.4ms, 最大耗時=49.0ms, 指令數=248
2025-07-21 20:53:35 [INFO] GripperOptimized:fast_loop:484 - 性能統計: 循環=672000, 平均耗時=7.7ms, 最大耗時=49.0ms, 指令數=248
2025-07-21 20:53:55 [INFO] GripperOptimized:fast_loop:484 - 性能統計: 循環=673000, 平均耗時=7.7ms, 最大耗時=49.0ms, 指令數=248
2025-07-21 20:54:16 [INFO] GripperOptimized:fast_loop:484 - 性能統計: 循環=674000, 平均耗時=7.8ms, 最大耗時=49.0ms, 指令數=248
2025-07-21 20:54:37 [INFO] GripperOptimized:fast_loop:484 - 性能統計: 循環=675000, 平均耗時=7.8ms, 最大耗時=49.0ms, 指令數=248
2025-07-21 20:54:58 [INFO] GripperOptimized:fast_loop:484 - 性能統計: 循環=676000, 平均耗時=7.6ms, 最大耗時=49.0ms, 指令數=248
2025-07-21 20:55:18 [INFO] GripperOptimized:fast_loop:484 - 性能統計: 循環=677000, 平均耗時=7.8ms, 最大耗時=49.0ms, 指令數=248
2025-07-21 20:55:39 [INFO] GripperOptimized:fast_loop:484 - 性能統計: 循環=678000, 平均耗時=7.7ms, 最大耗時=49.0ms, 指令數=248
2025-07-21 20:56:00 [INFO] GripperOptimized:fast_loop:484 - 性能統計: 循環=679000, 平均耗時=7.4ms, 最大耗時=49.0ms, 指令數=248
2025-07-21 20:56:21 [INFO] GripperOptimized:fast_loop:484 - 性能統計: 循環=680000, 平均耗時=7.6ms, 最大耗時=49.0ms, 指令數=248
2025-07-21 20:56:41 [INFO] GripperOptimized:fast_loop:484 - 性能統計: 循環=681000, 平均耗時=7.4ms, 最大耗時=49.0ms, 指令數=248
2025-07-21 20:57:02 [INFO] GripperOptimized:fast_loop:484 - 性能統計: 循環=682000, 平均耗時=7.7ms, 最大耗時=49.0ms, 指令數=248
2025-07-21 20:57:23 [INFO] GripperOptimized:fast_loop:484 - 性能統計: 循環=683000, 平均耗時=7.6ms, 最大耗時=49.0ms, 指令數=248
2025-07-21 20:57:44 [INFO] GripperOptimized:fast_loop:484 - 性能統計: 循環=684000, 平均耗時=7.8ms, 最大耗時=49.0ms, 指令數=248
2025-07-21 20:58:04 [INFO] GripperOptimized:fast_loop:484 - 性能統計: 循環=685000, 平均耗時=7.7ms, 最大耗時=49.0ms, 指令數=248
2025-07-21 20:58:25 [INFO] GripperOptimized:fast_loop:484 - 性能統計: 循環=686000, 平均耗時=7.7ms, 最大耗時=49.0ms, 指令數=248
2025-07-21 20:58:46 [INFO] GripperOptimized:fast_loop:484 - 性能統計: 循環=687000, 平均耗時=7.7ms, 最大耗時=49.0ms, 指令數=248
2025-07-21 20:59:07 [INFO] GripperOptimized:fast_loop:484 - 性能統計: 循環=688000, 平均耗時=7.5ms, 最大耗時=49.0ms, 指令數=248
2025-07-21 20:59:27 [INFO] GripperOptimized:fast_loop:484 - 性能統計: 循環=689000, 平均耗時=7.7ms, 最大耗時=49.0ms, 指令數=248
2025-07-21 20:59:48 [INFO] GripperOptimized:fast_loop:484 - 性能統計: 循環=690000, 平均耗時=7.8ms, 最大耗時=49.0ms, 指令數=248
2025-07-21 21:00:09 [INFO] GripperOptimized:fast_loop:484 - 性能統計: 循環=691000, 平均耗時=7.9ms, 最大耗時=49.0ms, 指令數=248
2025-07-21 21:00:30 [INFO] GripperOptimized:fast_loop:484 - 性能統計: 循環=692000, 平均耗時=7.7ms, 最大耗時=49.0ms, 指令數=248
2025-07-21 21:00:50 [INFO] GripperOptimized:fast_loop:484 - 性能統計: 循環=693000, 平均耗時=7.5ms, 最大耗時=49.0ms, 指令數=248
2025-07-21 21:01:11 [INFO] GripperOptimized:fast_loop:484 - 性能統計: 循環=694000, 平均耗時=7.8ms, 最大耗時=49.0ms, 指令數=248
2025-07-21 21:01:32 [INFO] GripperOptimized:fast_loop:484 - 性能統計: 循環=695000, 平均耗時=7.8ms, 最大耗時=49.0ms, 指令數=248
2025-07-21 21:01:53 [INFO] GripperOptimized:fast_loop:484 - 性能統計: 循環=696000, 平均耗時=7.6ms, 最大耗時=49.0ms, 指令數=248
2025-07-21 21:02:13 [INFO] GripperOptimized:fast_loop:484 - 性能統計: 循環=697000, 平均耗時=7.8ms, 最大耗時=49.0ms, 指令數=248
2025-07-21 21:02:34 [INFO] GripperOptimized:fast_loop:484 - 性能統計: 循環=698000, 平均耗時=7.9ms, 最大耗時=49.0ms, 指令數=248
2025-07-21 21:02:55 [INFO] GripperOptimized:fast_loop:484 - 性能統計: 循環=699000, 平均耗時=7.5ms, 最大耗時=49.0ms, 指令數=248
2025-07-21 21:03:16 [INFO] GripperOptimized:fast_loop:484 - 性能統計: 循環=700000, 平均耗時=7.2ms, 最大耗時=49.0ms, 指令數=248
2025-07-21 21:03:36 [INFO] GripperOptimized:fast_loop:484 - 性能統計: 循環=701000, 平均耗時=7.3ms, 最大耗時=49.0ms, 指令數=248
2025-07-21 21:03:57 [INFO] GripperOptimized:fast_loop:484 - 性能統計: 循環=702000, 平均耗時=7.4ms, 最大耗時=49.0ms, 指令數=248
2025-07-21 21:04:18 [INFO] GripperOptimized:fast_loop:484 - 性能統計: 循環=703000, 平均耗時=7.4ms, 最大耗時=49.0ms, 指令數=248
2025-07-21 21:04:38 [INFO] GripperOptimized:fast_loop:484 - 性能統計: 循環=704000, 平均耗時=7.5ms, 最大耗時=49.0ms, 指令數=248
2025-07-21 21:04:59 [INFO] GripperOptimized:fast_loop:484 - 性能統計: 循環=705000, 平均耗時=7.6ms, 最大耗時=49.0ms, 指令數=248
2025-07-21 21:05:20 [INFO] GripperOptimized:fast_loop:484 - 性能統計: 循環=706000, 平均耗時=7.7ms, 最大耗時=49.0ms, 指令數=248
2025-07-21 21:05:41 [INFO] GripperOptimized:fast_loop:484 - 性能統計: 循環=707000, 平均耗時=7.7ms, 最大耗時=49.0ms, 指令數=248
2025-07-21 21:06:01 [INFO] GripperOptimized:fast_loop:484 - 性能統計: 循環=708000, 平均耗時=7.8ms, 最大耗時=49.0ms, 指令數=248
2025-07-21 21:06:22 [INFO] GripperOptimized:fast_loop:484 - 性能統計: 循環=709000, 平均耗時=7.8ms, 最大耗時=49.0ms, 指令數=248
2025-07-21 21:06:43 [INFO] GripperOptimized:fast_loop:484 - 性能統計: 循環=710000, 平均耗時=7.8ms, 最大耗時=49.0ms, 指令數=248
2025-07-21 21:07:04 [INFO] GripperOptimized:fast_loop:484 - 性能統計: 循環=711000, 平均耗時=7.7ms, 最大耗時=49.0ms, 指令數=248
2025-07-21 21:07:24 [INFO] GripperOptimized:fast_loop:484 - 性能統計: 循環=712000, 平均耗時=7.4ms, 最大耗時=49.0ms, 指令數=248
2025-07-21 21:07:45 [INFO] GripperOptimized:fast_loop:484 - 性能統計: 循環=713000, 平均耗時=7.5ms, 最大耗時=49.0ms, 指令數=248
2025-07-21 21:08:06 [INFO] GripperOptimized:fast_loop:484 - 性能統計: 循環=714000, 平均耗時=7.4ms, 最大耗時=49.0ms, 指令數=248
2025-07-21 21:08:27 [INFO] GripperOptimized:fast_loop:484 - 性能統計: 循環=715000, 平均耗時=7.8ms, 最大耗時=49.0ms, 指令數=248
2025-07-21 21:08:47 [INFO] GripperOptimized:fast_loop:484 - 性能統計: 循環=716000, 平均耗時=7.6ms, 最大耗時=49.0ms, 指令數=248
2025-07-21 21:09:08 [INFO] GripperOptimized:fast_loop:484 - 性能統計: 循環=717000, 平均耗時=7.6ms, 最大耗時=49.0ms, 指令數=248
2025-07-21 21:09:29 [INFO] GripperOptimized:fast_loop:484 - 性能統計: 循環=718000, 平均耗時=7.7ms, 最大耗時=49.0ms, 指令數=248
2025-07-21 21:09:50 [INFO] GripperOptimized:fast_loop:484 - 性能統計: 循環=719000, 平均耗時=7.6ms, 最大耗時=49.0ms, 指令數=248
2025-07-21 21:10:10 [INFO] GripperOptimized:fast_loop:484 - 性能統計: 循環=720000, 平均耗時=7.7ms, 最大耗時=49.0ms, 指令數=248
2025-07-21 21:10:31 [INFO] GripperOptimized:fast_loop:484 - 性能統計: 循環=721000, 平均耗時=7.6ms, 最大耗時=49.0ms, 指令數=248
2025-07-21 21:10:52 [INFO] GripperOptimized:fast_loop:484 - 性能統計: 循環=722000, 平均耗時=7.5ms, 最大耗時=49.0ms, 指令數=248
2025-07-21 21:11:12 [INFO] GripperOptimized:fast_loop:484 - 性能統計: 循環=723000, 平均耗時=7.5ms, 最大耗時=49.0ms, 指令數=248
2025-07-21 21:11:33 [INFO] GripperOptimized:fast_loop:484 - 性能統計: 循環=724000, 平均耗時=7.4ms, 最大耗時=49.0ms, 指令數=248
2025-07-21 21:11:54 [INFO] GripperOptimized:fast_loop:484 - 性能統計: 循環=725000, 平均耗時=7.8ms, 最大耗時=49.0ms, 指令數=248
2025-07-21 21:12:15 [INFO] GripperOptimized:fast_loop:484 - 性能統計: 循環=726000, 平均耗時=7.5ms, 最大耗時=49.0ms, 指令數=248
2025-07-21 21:12:35 [INFO] GripperOptimized:fast_loop:484 - 性能統計: 循環=727000, 平均耗時=7.7ms, 最大耗時=49.0ms, 指令數=248
2025-07-21 21:12:56 [INFO] GripperOptimized:fast_loop:484 - 性能統計: 循環=728000, 平均耗時=7.8ms, 最大耗時=49.0ms, 指令數=248
2025-07-21 21:13:17 [INFO] GripperOptimized:fast_loop:484 - 性能統計: 循環=729000, 平均耗時=7.5ms, 最大耗時=49.0ms, 指令數=248
2025-07-21 21:13:38 [INFO] GripperOptimized:fast_loop:484 - 性能統計: 循環=730000, 平均耗時=7.7ms, 最大耗時=49.0ms, 指令數=248
2025-07-21 21:13:58 [INFO] GripperOptimized:fast_loop:484 - 性能統計: 循環=731000, 平均耗時=7.7ms, 最大耗時=49.0ms, 指令數=248
2025-07-21 21:14:19 [INFO] GripperOptimized:fast_loop:484 - 性能統計: 循環=732000, 平均耗時=7.6ms, 最大耗時=49.0ms, 指令數=248
2025-07-21 21:14:40 [INFO] GripperOptimized:fast_loop:484 - 性能統計: 循環=733000, 平均耗時=7.8ms, 最大耗時=49.0ms, 指令數=248
2025-07-21 21:15:01 [INFO] GripperOptimized:fast_loop:484 - 性能統計: 循環=734000, 平均耗時=7.6ms, 最大耗時=49.0ms, 指令數=248
2025-07-21 21:15:21 [INFO] GripperOptimized:fast_loop:484 - 性能統計: 循環=735000, 平均耗時=7.5ms, 最大耗時=49.0ms, 指令數=248
2025-07-21 21:15:42 [INFO] GripperOptimized:fast_loop:484 - 性能統計: 循環=736000, 平均耗時=7.3ms, 最大耗時=49.0ms, 指令數=248
2025-07-21 21:16:03 [INFO] GripperOptimized:fast_loop:484 - 性能統計: 循環=737000, 平均耗時=7.2ms, 最大耗時=49.0ms, 指令數=248
2025-07-21 21:16:24 [INFO] GripperOptimized:fast_loop:484 - 性能統計: 循環=738000, 平均耗時=7.4ms, 最大耗時=49.0ms, 指令數=248
2025-07-21 21:16:44 [INFO] GripperOptimized:fast_loop:484 - 性能統計: 循環=739000, 平均耗時=7.7ms, 最大耗時=49.0ms, 指令數=248
2025-07-21 21:17:05 [INFO] GripperOptimized:fast_loop:484 - 性能統計: 循環=740000, 平均耗時=7.6ms, 最大耗時=49.0ms, 指令數=248
2025-07-21 21:17:26 [INFO] GripperOptimized:fast_loop:484 - 性能統計: 循環=741000, 平均耗時=7.7ms, 最大耗時=49.0ms, 指令數=248
2025-07-21 21:17:47 [INFO] GripperOptimized:fast_loop:484 - 性能統計: 循環=742000, 平均耗時=7.8ms, 最大耗時=49.0ms, 指令數=248
2025-07-21 21:18:07 [INFO] GripperOptimized:fast_loop:484 - 性能統計: 循環=743000, 平均耗時=7.6ms, 最大耗時=49.0ms, 指令數=248
2025-07-21 21:18:28 [INFO] GripperOptimized:fast_loop:484 - 性能統計: 循環=744000, 平均耗時=7.5ms, 最大耗時=49.0ms, 指令數=248
2025-07-21 21:18:49 [INFO] GripperOptimized:fast_loop:484 - 性能統計: 循環=745000, 平均耗時=7.6ms, 最大耗時=49.0ms, 指令數=248
2025-07-21 21:19:09 [INFO] GripperOptimized:fast_loop:484 - 性能統計: 循環=746000, 平均耗時=7.8ms, 最大耗時=49.0ms, 指令數=248
2025-07-21 21:19:30 [INFO] GripperOptimized:fast_loop:484 - 性能統計: 循環=747000, 平均耗時=7.4ms, 最大耗時=49.0ms, 指令數=248
2025-07-21 21:19:51 [INFO] GripperOptimized:fast_loop:484 - 性能統計: 循環=748000, 平均耗時=7.2ms, 最大耗時=49.0ms, 指令數=248
2025-07-21 21:20:12 [INFO] GripperOptimized:fast_loop:484 - 性能統計: 循環=749000, 平均耗時=7.7ms, 最大耗時=49.0ms, 指令數=248
2025-07-21 21:20:32 [INFO] GripperOptimized:fast_loop:484 - 性能統計: 循環=750000, 平均耗時=7.6ms, 最大耗時=49.0ms, 指令數=248
2025-07-21 21:20:53 [INFO] GripperOptimized:fast_loop:484 - 性能統計: 循環=751000, 平均耗時=7.5ms, 最大耗時=49.0ms, 指令數=248
2025-07-21 21:21:14 [INFO] GripperOptimized:fast_loop:484 - 性能統計: 循環=752000, 平均耗時=7.8ms, 最大耗時=49.0ms, 指令數=248
2025-07-21 21:21:35 [INFO] GripperOptimized:fast_loop:484 - 性能統計: 循環=753000, 平均耗時=7.6ms, 最大耗時=49.0ms, 指令數=248
2025-07-21 21:21:55 [INFO] GripperOptimized:fast_loop:484 - 性能統計: 循環=754000, 平均耗時=7.6ms, 最大耗時=49.0ms, 指令數=248
2025-07-21 21:22:16 [INFO] GripperOptimized:fast_loop:484 - 性能統計: 循環=755000, 平均耗時=7.6ms, 最大耗時=49.0ms, 指令數=248
2025-07-21 21:22:37 [INFO] GripperOptimized:fast_loop:484 - 性能統計: 循環=756000, 平均耗時=7.8ms, 最大耗時=49.0ms, 指令數=248
2025-07-21 21:22:58 [INFO] GripperOptimized:fast_loop:484 - 性能統計: 循環=757000, 平均耗時=7.7ms, 最大耗時=49.0ms, 指令數=248
2025-07-21 21:23:18 [INFO] GripperOptimized:fast_loop:484 - 性能統計: 循環=758000, 平均耗時=7.8ms, 最大耗時=49.0ms, 指令數=248
2025-07-21 21:23:39 [INFO] GripperOptimized:fast_loop:484 - 性能統計: 循環=759000, 平均耗時=7.5ms, 最大耗時=49.0ms, 指令數=248
2025-07-21 21:24:00 [INFO] GripperOptimized:fast_loop:484 - 性能統計: 循環=760000, 平均耗時=7.2ms, 最大耗時=49.0ms, 指令數=248
2025-07-21 21:24:21 [INFO] GripperOptimized:fast_loop:484 - 性能統計: 循環=761000, 平均耗時=7.6ms, 最大耗時=49.0ms, 指令數=248
2025-07-21 21:24:41 [INFO] GripperOptimized:fast_loop:484 - 性能統計: 循環=762000, 平均耗時=7.5ms, 最大耗時=49.0ms, 指令數=248
2025-07-21 21:25:02 [INFO] GripperOptimized:fast_loop:484 - 性能統計: 循環=763000, 平均耗時=7.5ms, 最大耗時=49.0ms, 指令數=248
2025-07-21 21:25:23 [INFO] GripperOptimized:fast_loop:484 - 性能統計: 循環=764000, 平均耗時=7.7ms, 最大耗時=49.0ms, 指令數=248
2025-07-21 21:25:44 [INFO] GripperOptimized:fast_loop:484 - 性能統計: 循環=765000, 平均耗時=7.5ms, 最大耗時=49.0ms, 指令數=248
2025-07-21 21:26:04 [INFO] GripperOptimized:fast_loop:484 - 性能統計: 循環=766000, 平均耗時=7.8ms, 最大耗時=49.0ms, 指令數=248
2025-07-21 21:26:25 [INFO] GripperOptimized:fast_loop:484 - 性能統計: 循環=767000, 平均耗時=7.7ms, 最大耗時=49.0ms, 指令數=248
2025-07-21 21:26:46 [INFO] GripperOptimized:fast_loop:484 - 性能統計: 循環=768000, 平均耗時=7.8ms, 最大耗時=49.0ms, 指令數=248
2025-07-21 21:27:06 [INFO] GripperOptimized:fast_loop:484 - 性能統計: 循環=769000, 平均耗時=7.6ms, 最大耗時=49.0ms, 指令數=248
2025-07-21 21:27:27 [INFO] GripperOptimized:fast_loop:484 - 性能統計: 循環=770000, 平均耗時=7.6ms, 最大耗時=49.0ms, 指令數=248
2025-07-21 21:27:48 [INFO] GripperOptimized:fast_loop:484 - 性能統計: 循環=771000, 平均耗時=7.7ms, 最大耗時=49.0ms, 指令數=248
2025-07-21 21:28:09 [INFO] GripperOptimized:fast_loop:484 - 性能統計: 循環=772000, 平均耗時=7.5ms, 最大耗時=49.0ms, 指令數=248
2025-07-21 21:28:29 [INFO] GripperOptimized:fast_loop:484 - 性能統計: 循環=773000, 平均耗時=7.1ms, 最大耗時=49.0ms, 指令數=248
2025-07-21 21:28:50 [INFO] GripperOptimized:fast_loop:484 - 性能統計: 循環=774000, 平均耗時=7.6ms, 最大耗時=49.0ms, 指令數=248
2025-07-21 21:29:11 [INFO] GripperOptimized:fast_loop:484 - 性能統計: 循環=775000, 平均耗時=7.6ms, 最大耗時=49.0ms, 指令數=248
2025-07-21 21:29:32 [INFO] GripperOptimized:fast_loop:484 - 性能統計: 循環=776000, 平均耗時=7.6ms, 最大耗時=49.0ms, 指令數=248
2025-07-21 21:29:52 [INFO] GripperOptimized:fast_loop:484 - 性能統計: 循環=777000, 平均耗時=7.8ms, 最大耗時=49.0ms, 指令數=248
2025-07-21 21:30:13 [INFO] GripperOptimized:fast_loop:484 - 性能統計: 循環=778000, 平均耗時=7.8ms, 最大耗時=49.0ms, 指令數=248
2025-07-21 21:30:34 [INFO] GripperOptimized:fast_loop:484 - 性能統計: 循環=779000, 平均耗時=7.8ms, 最大耗時=49.0ms, 指令數=248
2025-07-21 21:30:55 [INFO] GripperOptimized:fast_loop:484 - 性能統計: 循環=780000, 平均耗時=7.4ms, 最大耗時=49.0ms, 指令數=248
2025-07-21 21:31:15 [INFO] GripperOptimized:fast_loop:484 - 性能統計: 循環=781000, 平均耗時=7.7ms, 最大耗時=49.0ms, 指令數=248
2025-07-21 21:31:36 [INFO] GripperOptimized:fast_loop:484 - 性能統計: 循環=782000, 平均耗時=7.7ms, 最大耗時=49.0ms, 指令數=248
2025-07-21 21:31:57 [INFO] GripperOptimized:fast_loop:484 - 性能統計: 循環=783000, 平均耗時=7.6ms, 最大耗時=49.0ms, 指令數=248
2025-07-21 21:32:18 [INFO] GripperOptimized:fast_loop:484 - 性能統計: 循環=784000, 平均耗時=7.4ms, 最大耗時=49.0ms, 指令數=248
2025-07-21 21:32:38 [INFO] GripperOptimized:fast_loop:484 - 性能統計: 循環=785000, 平均耗時=7.6ms, 最大耗時=49.0ms, 指令數=248
2025-07-21 21:32:59 [INFO] GripperOptimized:fast_loop:484 - 性能統計: 循環=786000, 平均耗時=7.7ms, 最大耗時=49.0ms, 指令數=248
2025-07-21 21:33:20 [INFO] GripperOptimized:fast_loop:484 - 性能統計: 循環=787000, 平均耗時=7.6ms, 最大耗時=49.0ms, 指令數=248
2025-07-21 21:33:41 [INFO] GripperOptimized:fast_loop:484 - 性能統計: 循環=788000, 平均耗時=7.5ms, 最大耗時=49.0ms, 指令數=248
2025-07-21 21:34:01 [INFO] GripperOptimized:fast_loop:484 - 性能統計: 循環=789000, 平均耗時=7.5ms, 最大耗時=49.0ms, 指令數=248
2025-07-21 21:34:22 [INFO] GripperOptimized:fast_loop:484 - 性能統計: 循環=790000, 平均耗時=7.5ms, 最大耗時=49.0ms, 指令數=248
2025-07-21 21:34:43 [INFO] GripperOptimized:fast_loop:484 - 性能統計: 循環=791000, 平均耗時=7.6ms, 最大耗時=49.0ms, 指令數=248
2025-07-21 21:35:04 [INFO] GripperOptimized:fast_loop:484 - 性能統計: 循環=792000, 平均耗時=7.4ms, 最大耗時=49.0ms, 指令數=248
2025-07-21 21:35:24 [INFO] GripperOptimized:fast_loop:484 - 性能統計: 循環=793000, 平均耗時=7.5ms, 最大耗時=49.0ms, 指令數=248
2025-07-21 21:35:45 [INFO] GripperOptimized:fast_loop:484 - 性能統計: 循環=794000, 平均耗時=7.6ms, 最大耗時=49.0ms, 指令數=248
2025-07-21 21:36:06 [INFO] GripperOptimized:fast_loop:484 - 性能統計: 循環=795000, 平均耗時=7.5ms, 最大耗時=49.0ms, 指令數=248
2025-07-21 21:36:27 [INFO] GripperOptimized:fast_loop:484 - 性能統計: 循環=796000, 平均耗時=7.3ms, 最大耗時=49.0ms, 指令數=248
2025-07-21 21:36:47 [INFO] GripperOptimized:fast_loop:484 - 性能統計: 循環=797000, 平均耗時=7.4ms, 最大耗時=49.0ms, 指令數=248
2025-07-21 21:37:08 [INFO] GripperOptimized:fast_loop:484 - 性能統計: 循環=798000, 平均耗時=7.4ms, 最大耗時=49.0ms, 指令數=248
2025-07-21 21:37:29 [INFO] GripperOptimized:fast_loop:484 - 性能統計: 循環=799000, 平均耗時=7.7ms, 最大耗時=49.0ms, 指令數=248
2025-07-21 21:37:49 [INFO] GripperOptimized:fast_loop:484 - 性能統計: 循環=800000, 平均耗時=7.7ms, 最大耗時=49.0ms, 指令數=248
2025-07-21 21:38:10 [INFO] GripperOptimized:fast_loop:484 - 性能統計: 循環=801000, 平均耗時=7.7ms, 最大耗時=49.0ms, 指令數=248
2025-07-21 21:38:31 [INFO] GripperOptimized:fast_loop:484 - 性能統計: 循環=802000, 平均耗時=7.8ms, 最大耗時=49.0ms, 指令數=248
2025-07-21 21:38:52 [INFO] GripperOptimized:fast_loop:484 - 性能統計: 循環=803000, 平均耗時=7.7ms, 最大耗時=49.0ms, 指令數=248
2025-07-21 21:39:12 [INFO] GripperOptimized:fast_loop:484 - 性能統計: 循環=804000, 平均耗時=7.4ms, 最大耗時=49.0ms, 指令數=248
2025-07-21 21:39:33 [INFO] GripperOptimized:fast_loop:484 - 性能統計: 循環=805000, 平均耗時=7.4ms, 最大耗時=49.0ms, 指令數=248
2025-07-21 21:39:54 [INFO] GripperOptimized:fast_loop:484 - 性能統計: 循環=806000, 平均耗時=7.5ms, 最大耗時=49.0ms, 指令數=248
